{"type":"FeatureCollection","bbox":[70,10,142,56],"metadata":{"source":"Natural Earth 1:10m","commit":"ca96624a56bd078437bca8184e78163e5039ad19","modernBackgroundOnly":true,"simplificationDegrees":0.006,"sourceManifest":"natural-geography-sources.json"},"features":[{"type":"Feature","id":"ne_10m_lakes-473","properties":{"name":"巴尔喀什湖","nameEn":"Balkhash","nameOrigin":"natural-earth-name_zh","sourceName":"Lake Balkhash","sourceDataset":"ne_10m_lakes","sourceFeatureIndex":473,"sourceId":1159113111,"scalerank":0,"minZoom":1,"min_zoom":1,"featurecla":"Lake"},"geometry":{"type":"Polygon","coordinates":[[[79.025733,46.4337],[78.953026,46.38513],[78.884144,46.365113],[78.731075,46.396316],[78.655129,46.374827],[78.622749,46.374533],[78.546803,46.40603],[78.472035,46.406913],[78.440832,46.395138],[78.417872,46.367468],[78.421698,46.34804],[78.477039,46.320075],[78.471151,46.294466],[78.440832,46.287401],[78.404625,46.295054],[78.380193,46.313305],[78.387846,46.313305],[78.366947,46.339798],[78.306896,46.362169],[78.278932,46.354222],[78.292178,46.34804],[78.261859,46.330967],[78.14794,46.345979],[78.107317,46.34127],[78.107317,46.333616],[78.142641,46.34127],[78.18238,46.327434],[78.164424,46.312422],[78.042852,46.324785],[77.871237,46.425752],[77.811481,46.438704],[77.757613,46.423103],[77.757613,46.415449],[77.799118,46.423986],[77.839152,46.415449],[77.76144,46.402497],[77.713753,46.375416],[77.695502,46.382186],[77.737302,46.409268],[77.595124,46.41957],[77.485032,46.460487],[77.411735,46.506113],[77.364342,46.499049],[77.253661,46.451067],[77.179776,46.483742],[77.156521,46.483742],[77.118254,46.459604],[77.073216,46.449596],[76.928978,46.478443],[76.9278,46.457249],[76.912493,46.457838],[76.752065,46.532606],[76.397356,46.540848],[76.281082,46.579116],[76.263126,46.573817],[76.28432,46.560276],[76.256945,46.566458],[76.257828,46.545264],[76.208374,46.553506],[76.214556,46.532312],[76.199249,46.527308],[76.061781,46.547324],[76.061781,46.533195],[76.079737,46.517299],[76.068551,46.506408],[75.941681,46.506408],[75.969351,46.51936],[75.960814,46.531429],[75.873977,46.547619],[75.859553,46.52613],[75.777131,46.506408],[75.762707,46.522598],[75.710016,46.53084],[75.695298,46.525542],[75.667333,46.484625],[75.643195,46.498754],[75.594036,46.478149],[75.537519,46.47079],[75.585206,46.515828],[75.52074,46.556744],[75.475996,46.603842],[75.470698,46.626803],[75.510143,46.662715],[75.515736,46.626803],[75.533103,46.620916],[75.556358,46.624154],[75.571665,46.635339],[75.563423,46.647997],[75.585206,46.655945],[75.573137,46.670957],[75.552531,46.676845],[75.491598,46.675667],[75.401522,46.626214],[75.411531,46.581765],[75.43979,46.549679],[75.445088,46.524953],[75.475996,46.506408],[75.460101,46.494045],[75.435669,46.495222],[75.434491,46.478443],[75.41418,46.498754],[75.38857,46.46608],[75.371497,46.455483],[75.352658,46.457249],[75.35884,46.47079],[75.340883,46.474617],[75.332641,46.489335],[75.332936,46.504936],[75.356779,46.515828],[75.352364,46.522892],[75.318217,46.532901],[75.278478,46.529074],[75.256401,46.509352],[75.283482,46.491984],[75.242566,46.478443],[75.276123,46.449007],[75.227259,46.418687],[75.163382,46.415449],[75.139833,46.428107],[75.132768,46.415449],[75.084492,46.437527],[75.127175,46.479032],[75.146603,46.484625],[75.132768,46.49846],[75.074484,46.460781],[75.037983,46.401909],[75.0162,46.388957],[74.972045,46.386896],[74.910229,46.415155],[74.896394,46.403969],[74.866074,46.331556],[74.853416,46.267679],[74.785124,46.191438],[74.811617,46.139041],[74.801314,46.120496],[74.763047,46.094592],[74.708295,46.073693],[74.691222,46.090766],[74.655898,46.082524],[74.628228,46.059563],[74.632643,46.032776],[74.560524,46.008638],[74.551104,46.013348],[74.521079,45.98921],[74.459263,46.028949],[74.423939,46.038663],[74.353292,46.021296],[74.290003,46.018352],[74.231425,45.988621],[74.239667,45.944761],[74.279112,45.890304],[74.293241,45.834375],[74.32415,45.789042],[74.28706,45.753424],[74.276168,45.751658],[74.281467,45.762255],[74.26822,45.774913],[74.245849,45.774619],[74.228481,45.751658],[74.230542,45.731641],[74.239667,45.721044],[74.255268,45.72075],[74.276168,45.731641],[74.327388,45.701911],[74.339162,45.690725],[74.331509,45.683071],[74.339162,45.676301],[74.322972,45.660111],[74.249676,45.683071],[74.27087,45.650103],[74.27087,45.630675],[74.256446,45.608009],[74.23584,45.595351],[74.1596,45.580927],[74.084537,45.539127],[74.071585,45.520877],[74.070408,45.504687],[74.098078,45.477017],[74.070113,45.426386],[74.091308,45.374872],[74.072763,45.349851],[74.095134,45.328363],[74.113091,45.32483],[74.145765,45.333956],[74.142233,45.346319],[74.1596,45.354267],[74.167842,45.318649],[74.139878,45.205024],[74.148709,45.133788],[74.17373,45.087278],[74.140172,45.062552],[74.069819,45.042829],[74.081005,45.021635],[74.132224,45.039003],[74.111913,45.004856],[74.140172,44.98484],[74.144293,44.970416],[74.136051,44.96394],[74.098078,44.991021],[74.080711,44.986017],[74.001821,44.998086],[74.009474,45.011038],[73.98828,45.024579],[74.035967,45.053132],[73.998877,45.083746],[73.988575,45.105529],[73.994167,45.137615],[74.035967,45.14203],[74.007414,45.159398],[74.00447,45.186479],[73.98151,45.196487],[74.007119,45.207085],[74.003293,45.215916],[73.98828,45.223863],[73.925875,45.212678],[73.896144,45.220625],[73.858466,45.25801],[73.813134,45.281264],[73.811367,45.29245],[73.824319,45.30658],[73.728357,45.354267],[73.762503,45.361037],[73.697448,45.396655],[73.635632,45.501449],[73.537903,45.557084],[73.455187,45.572685],[73.425162,45.60742],[73.437231,45.676301],[73.506112,45.675418],[73.52083,45.73223],[73.559392,45.750186],[73.523185,45.76726],[73.443707,45.782272],[73.424279,45.795518],[73.433404,45.813475],[73.468139,45.826721],[73.487861,45.847032],[73.522596,45.813475],[73.57411,45.809942],[73.590006,45.829665],[73.593538,45.867638],[73.612083,45.874997],[73.604724,45.895602],[73.645935,45.908554],[73.652116,45.925627],[73.63887,45.943878],[73.672722,45.973314],[73.653588,45.981557],[73.707457,45.998041],[73.700981,45.978024],[73.756027,45.978024],[73.738071,45.985678],[73.727179,46.026594],[73.640636,46.073104],[73.637398,46.091649],[73.65977,46.115198],[73.641225,46.122263],[73.632688,46.138747],[73.655649,46.147578],[73.668601,46.179369],[73.689206,46.188495],[73.735127,46.18349],[73.739248,46.207334],[73.769273,46.230883],[73.783403,46.204685],[73.83109,46.162296],[73.847574,46.192321],[73.879071,46.204685],[73.929996,46.203507],[73.973562,46.184668],[74.001821,46.190261],[74.03214,46.207923],[74.050391,46.231177],[74.030963,46.221169],[73.995934,46.227351],[73.997111,46.265029],[73.960904,46.259142],[73.940593,46.29947],[73.982393,46.322725],[73.974739,46.34127],[74.070113,46.415449],[74.13399,46.441353],[74.2014,46.429873],[74.249381,46.471673],[74.379196,46.498754],[74.399801,46.56322],[74.519902,46.600016],[74.534326,46.597072],[74.559935,46.722177],[74.571121,46.738956],[74.587606,46.748081],[74.637942,46.743077],[74.611449,46.772513],[74.763047,46.779872],[74.849001,46.772513],[74.886385,46.821083],[74.947024,46.80401],[74.964686,46.830503],[74.983231,46.834918],[74.998244,46.827853],[74.995594,46.806659],[74.969985,46.793119],[74.986175,46.771924],[74.998832,46.772219],[75.041221,46.804599],[75.069774,46.81078],[75.064475,46.840806],[75.084787,46.849931],[75.108924,46.793707],[75.285837,46.721294],[75.489537,46.734246],[75.628477,46.770158],[75.684701,46.793707],[75.712077,46.786348],[75.769772,46.799889],[75.821874,46.786348],[75.924607,46.835213],[75.961992,46.821083],[75.93962,46.810192],[75.957282,46.783405],[75.94904,46.765743],[76.003203,46.77369],[76.043825,46.798711],[76.058249,46.800478],[76.076499,46.781344],[76.100637,46.803716],[76.148619,46.801949],[76.22898,46.786348],[76.328769,46.744548],[76.362916,46.738956],[76.371452,46.730419],[76.372924,46.673312],[76.390291,46.646231],[76.402066,46.644759],[76.40707,46.662715],[76.510392,46.615323],[76.5204,46.613556],[76.525993,46.646231],[76.548071,46.660949],[76.597229,46.675667],[76.682006,46.665953],[76.722334,46.683909],[76.729988,46.665659],[76.715564,46.649469],[76.729988,46.631513],[76.935454,46.560276],[76.832721,46.652707],[76.825362,46.683909],[76.84008,46.690974],[76.920441,46.636811],[77.019348,46.64682],[77.062619,46.635634],[77.100886,46.610613],[77.133855,46.573817],[77.13415,46.554095],[77.148279,46.547324],[77.227757,46.55851],[77.26367,46.601193],[77.306941,46.617972],[77.389069,46.623565],[77.462954,46.64211],[77.619262,46.631807],[77.647815,46.64211],[77.614552,46.656534],[77.614258,46.665953],[77.634863,46.670074],[77.669009,46.655945],[77.709926,46.670074],[77.729943,46.655356],[77.767032,46.648586],[77.893609,46.657711],[77.958958,46.627097],[78.058453,46.597072],[78.118503,46.611201],[78.149117,46.606786],[78.18238,46.560276],[78.19651,46.551151],[78.217115,46.560276],[78.231833,46.545264],[78.258032,46.478443],[78.309546,46.457249],[78.326619,46.461665],[78.331034,46.47285],[78.326619,46.502581],[78.367241,46.532901],[78.346047,46.57735],[78.3537,46.66301],[78.367241,46.683909],[78.387846,46.653001],[78.380193,46.615028],[78.402565,46.604137],[78.418755,46.659183],[78.459671,46.676256],[78.464087,46.67184],[78.435533,46.64211],[78.456139,46.601193],[78.488519,46.633868],[78.493818,46.666542],[78.573296,46.717173],[78.590958,46.748375],[78.627459,46.748964],[78.68957,46.731596],[78.744027,46.738956],[78.792891,46.708342],[78.817912,46.662126],[78.819679,46.64211],[78.792597,46.621799],[78.923,46.630041],[78.93242,46.635928],[78.919174,46.652707],[78.847643,46.676256],[78.798484,46.730419],[78.768459,46.747492],[78.779645,46.785171],[78.887971,46.806659],[78.924178,46.793119],[78.987172,46.749553],[79.031915,46.745137],[79.018669,46.811958],[79.031915,46.821083],[79.118753,46.816079],[79.138475,46.809897],[79.179686,46.77634],[79.197937,46.74867],[79.225607,46.736012],[79.258576,46.662715],[79.222074,46.604137],[79.183218,46.612673],[79.075481,46.593834],[79.061352,46.479621],[79.025733,46.4337]]]}},{"type":"Feature","id":"ne_10m_lakes-474","properties":{"name":"贝加尔湖","nameEn":"Baikal","nameOrigin":"natural-earth-name_zh","sourceName":"Lake Baikal","sourceDataset":"ne_10m_lakes","sourceFeatureIndex":474,"sourceId":1159113127,"scalerank":0,"minZoom":1,"min_zoom":1,"featurecla":"Lake"},"geometry":{"type":"Polygon","coordinates":[[[109.944564,55.688214],[109.958988,55.667019],[109.927785,55.650241],[109.901292,55.608735],[109.854783,55.577533],[109.827996,55.54427],[109.875977,55.537205],[109.85596,55.50924],[109.853311,55.489224],[109.903942,55.468324],[109.849779,55.450367],[109.841537,55.438004],[109.821225,55.358526],[109.803269,55.346751],[109.773538,55.293766],[109.801797,55.269922],[109.804447,55.237837],[109.731739,55.167778],[109.731444,55.152765],[109.759703,55.125684],[109.747046,55.107139],[109.780309,55.054448],[109.77295,55.035903],[109.718198,54.995575],[109.714077,54.972615],[109.724968,54.931109],[109.715254,54.910504],[109.663446,54.876063],[109.690233,54.841328],[109.674926,54.826021],[109.639308,54.814541],[109.630772,54.795702],[109.649905,54.742127],[109.638425,54.699445],[109.527156,54.632918],[109.512732,54.605542],[109.527156,54.542843],[109.498897,54.478672],[109.512732,54.440993],[109.482707,54.391245],[109.510671,54.347385],[109.478586,54.310295],[109.476819,54.287924],[109.552471,54.184013],[109.561302,54.16694],[109.556886,54.143685],[109.540696,54.12514],[109.520091,54.11837],[109.481235,54.033887],[109.260462,53.88906],[109.235735,53.844022],[109.193935,53.807227],[109.184221,53.786621],[109.211303,53.749237],[109.184221,53.700667],[109.21042,53.671231],[109.170092,53.639145],[109.166854,53.626487],[109.125643,53.618245],[109.046753,53.625604],[108.984937,53.643266],[109.042044,53.679179],[109.056467,53.71774],[109.0809,53.741584],[109.018789,53.765722],[109.044693,53.795452],[109.067064,53.796335],[109.062649,53.811054],[109.074424,53.817235],[109.040866,53.864922],[109.019377,53.871987],[108.965214,53.857563],[108.918705,53.859329],[108.808318,53.789859],[108.711473,53.692719],[108.698226,53.660045],[108.649362,53.60441],[108.596376,53.571147],[108.564879,53.532585],[108.526023,53.516395],[108.55075,53.504621],[108.677326,53.562905],[108.794483,53.579683],[108.855417,53.598228],[108.896628,53.594402],[108.929008,53.573502],[108.992296,53.478717],[109.001716,53.434562],[108.998183,53.393057],[108.97905,53.364798],[108.787124,53.282964],[108.709118,53.276194],[108.683508,53.305042],[108.607856,53.282964],[108.39768,53.150795],[108.29377,53.111056],[108.286411,53.104874],[108.299363,53.077498],[108.33763,53.059836],[108.341457,53.04659],[108.31467,53.010678],[108.225772,52.953571],[108.207227,52.924135],[108.019717,52.852604],[107.968498,52.790199],[107.792762,52.713664],[107.722409,52.701595],[107.530484,52.701007],[107.434227,52.672159],[107.31913,52.607987],[107.129854,52.557062],[106.955002,52.488476],[106.914085,52.464338],[106.887887,52.432546],[106.854918,52.358661],[106.828131,52.330991],[106.785448,52.316567],[106.739822,52.321277],[106.620899,52.378089],[106.552312,52.38692],[106.486374,52.382505],[106.38894,52.346592],[106.336248,52.343649],[106.246762,52.261521],[106.263541,52.186458],[106.292094,52.138477],[106.263835,52.099032],[106.250294,52.089907],[106.236753,52.097266],[106.229983,52.064886],[106.1664,51.996888],[106.190833,51.973633],[106.193188,51.943019],[106.114004,51.906812],[106.075147,51.86148],[106.011859,51.820858],[105.918546,51.729899],[105.873802,51.733726],[105.801683,51.710177],[105.748403,51.70429],[105.4352,51.614509],[104.941551,51.538268],[104.787893,51.473508],[104.628053,51.487049],[104.522377,51.480573],[104.257449,51.508243],[104.187685,51.532087],[104.138526,51.538268],[104.07877,51.562995],[103.993993,51.574769],[103.951605,51.601262],[103.853581,51.616863],[103.708754,51.685745],[103.727299,51.719302],[103.790588,51.731665],[103.913926,51.733726],[103.994876,51.752271],[104.111444,51.758158],[104.246558,51.782002],[104.633058,51.784651],[104.705177,51.823801],[104.750215,51.870311],[104.811442,51.877081],[104.937136,51.864129],[104.997186,51.870311],[105.086673,51.901808],[105.220903,51.917704],[105.250634,51.933011],[105.307446,51.998948],[105.4561,52.040453],[105.455805,52.04899],[105.607403,52.130823],[105.672163,52.196761],[105.723382,52.267997],[105.839656,52.36131],[105.87704,52.412824],[105.943861,52.471991],[105.9836,52.494657],[106.340958,52.617996],[106.408662,52.631831],[106.580276,52.730443],[106.58793,52.748694],[106.573212,52.775186],[106.607063,52.781662],[106.651218,52.81522],[106.744532,52.850838],[106.768669,52.871149],[106.796045,52.924429],[106.909375,52.989189],[106.90025,53.01421],[106.8611,53.042763],[106.744532,53.015387],[106.803404,53.055421],[106.829014,53.087212],[106.869636,53.100753],[106.887887,53.131956],[106.955002,53.158154],[107.031831,53.228213],[107.109249,53.254117],[107.133092,53.277666],[107.444529,53.39865],[107.481031,53.420138],[107.528423,53.432207],[107.553444,53.459289],[107.550206,53.516395],[107.565513,53.525226],[107.60172,53.584688],[107.652645,53.642677],[107.972913,53.793981],[107.997051,53.816647],[108.07388,53.837841],[108.198985,53.917908],[108.231659,53.995326],[108.269338,54.019463],[108.289943,54.050077],[108.306722,54.090994],[108.299952,54.132499],[108.320557,54.163113],[108.375603,54.17636],[108.467445,54.293811],[108.505418,54.310295],[108.512188,54.351801],[108.560169,54.468369],[108.586662,54.498394],[108.690867,54.564626],[108.817444,54.708276],[108.827452,54.756551],[108.855417,54.776862],[108.848646,54.814541],[108.856594,54.830142],[108.913406,54.862522],[108.936956,54.909621],[108.957855,54.920218],[108.903398,54.961134],[108.964626,54.983212],[109.030563,55.031193],[109.102683,55.049738],[109.101211,55.088888],[109.112691,55.115675],[109.166854,55.162774],[109.184221,55.188383],[109.190697,55.219586],[109.204827,55.303774],[109.19423,55.323497],[109.218368,55.38649],[109.188343,55.442714],[109.197468,55.462142],[109.170092,55.468324],[109.197468,55.50924],[109.201295,55.558105],[109.25899,55.591957],[109.311387,55.601965],[109.350832,55.624631],[109.374381,55.658777],[109.417358,55.674379],[109.519502,55.753857],[109.559241,55.766515],[109.696121,55.764748],[109.821225,55.742671],[109.723202,55.776229],[109.615759,55.782999],[109.615759,55.790358],[109.814455,55.776817],[109.807685,55.770047],[109.847424,55.760333],[109.862142,55.725892],[109.944564,55.688214]],[[107.786581,53.387169],[107.782754,53.410424],[107.738305,53.398944],[107.648818,53.309752],[107.513116,53.27796],[107.468373,53.244991],[107.364462,53.217321],[107.329727,53.197893],[107.25908,53.186707],[107.196969,53.151972],[107.162234,53.161686],[107.053025,53.118415],[106.990914,53.113411],[106.922033,53.070139],[106.957357,53.070139],[106.929392,53.042763],[106.970603,53.050122],[106.936163,53.022158],[106.96766,53.010678],[107.107777,53.042763],[107.391838,53.077498],[107.491628,53.145791],[107.551972,53.171106],[107.626152,53.220265],[107.752434,53.244991],[107.77304,53.282964],[107.765386,53.317111],[107.786581,53.387169]]]}},{"type":"Feature","id":"ne_10m_lakes-488","properties":{"name":"洪泽湖","nameEn":"Hongze Lake","nameOrigin":"natural-earth-name_zh","sourceName":"Hongze Hu","sourceDataset":"ne_10m_lakes","sourceFeatureIndex":488,"sourceId":1159113359,"scalerank":3,"minZoom":3,"min_zoom":3,"featurecla":"Lake"},"geometry":{"type":"Polygon","coordinates":[[[118.652149,33.190552],[118.614176,33.172596],[118.593276,33.185548],[118.578558,33.183782],[118.558247,33.152874],[118.565312,33.118727],[118.544412,33.087525],[118.544412,33.046608],[118.52469,33.056617],[118.481124,32.98538],[118.409593,32.970957],[118.333647,32.937988],[118.319223,32.93681],[118.323344,32.953],[118.315397,32.955944],[118.294791,32.950351],[118.288315,32.932984],[118.260645,32.933278],[118.250048,32.882059],[118.229442,32.887063],[118.222966,32.909434],[118.174691,32.861747],[118.160855,32.906196],[118.191175,32.934161],[118.18882,32.950351],[118.229148,32.95771],[118.134951,33.029535],[118.116112,32.97184],[118.081966,32.960948],[118.05459,32.926508],[118.003076,32.895894],[117.985709,32.860276],[117.9757,32.895305],[117.982765,32.903253],[117.975406,32.895894],[117.990419,32.91856],[118.051058,32.970957],[118.100216,33.0366],[118.126709,33.046608],[118.17263,33.034245],[118.242689,32.972428],[118.291259,32.970957],[118.291259,32.977727],[118.255052,32.988618],[118.230914,33.026297],[118.198534,33.15464],[118.157617,33.163176],[118.062243,33.1358],[117.907408,33.136095],[117.907408,33.050435],[117.896811,33.038072],[117.84412,33.021293],[117.807324,33.023648],[117.757282,33.060149],[117.837644,33.045431],[117.877088,33.050435],[117.893867,33.087525],[117.877972,33.147575],[117.884153,33.166709],[117.92036,33.193201],[117.965692,33.197323],[118.051058,33.183782],[118.116406,33.22411],[118.173219,33.226759],[118.210603,33.206154],[118.236507,33.163176],[118.228559,33.11755],[118.237685,33.064859],[118.260056,33.018349],[118.291259,32.991268],[118.343067,32.979493],[118.394286,32.985086],[118.415186,33.000099],[118.456397,33.060149],[118.403117,33.031301],[118.368971,33.025708],[118.338946,33.032479],[118.382806,33.058971],[118.456986,33.081343],[118.472293,33.095767],[118.469643,33.10607],[118.442562,33.10136],[118.485245,33.137567],[118.490543,33.149636],[118.48289,33.16612],[118.43167,33.170241],[118.393697,33.1567],[118.23268,33.20792],[118.222378,33.224404],[118.229148,33.280039],[118.209131,33.313596],[118.197945,33.405144],[118.209131,33.423394],[118.210014,33.394547],[118.255052,33.269147],[118.3048,33.238534],[118.330704,33.275918],[118.36014,33.285337],[118.409004,33.327432],[118.396641,33.389542],[118.411654,33.403377],[118.456397,33.396607],[118.476708,33.444588],[118.488777,33.445766],[118.494664,33.433991],[118.489955,33.373058],[118.510266,33.368937],[118.518214,33.385127],[118.537347,33.391603],[118.556775,33.387776],[118.575026,33.357751],[118.618886,33.353924],[118.633899,33.368937],[118.615354,33.370409],[118.585917,33.403377],[118.542057,33.412503],[118.54088,33.433991],[118.496725,33.48786],[118.469938,33.553798],[118.461696,33.618852],[118.469055,33.639457],[118.564723,33.658297],[118.578558,33.622679],[118.558247,33.602073],[118.583268,33.596186],[118.578558,33.567338],[118.606817,33.577935],[118.615648,33.563217],[118.606523,33.512881],[118.622124,33.507877],[118.606523,33.451359],[118.613293,33.451359],[118.618003,33.474025],[118.633016,33.477557],[118.781669,33.44606],[118.819937,33.399551],[118.88087,33.358928],[118.836127,33.306826],[118.815816,33.235001],[118.78844,33.214984],[118.774605,33.166709],[118.744285,33.129619],[118.743696,33.087525],[118.685707,33.079871],[118.688356,33.060149],[118.668045,33.076633],[118.660686,33.105775],[118.669222,33.132562],[118.695715,33.142276],[118.695715,33.149636],[118.652149,33.190552]]]}},{"type":"Feature","id":"ne_10m_lakes-489","properties":{"name":"库苏古尔湖","nameEn":"Khövsgöl Nuur","nameOrigin":"natural-earth-name_zh","sourceName":"Khövsgöl Nuur","sourceDataset":"ne_10m_lakes","sourceFeatureIndex":489,"sourceId":1159113373,"scalerank":3,"minZoom":3,"min_zoom":3,"featurecla":"Lake"},"geometry":{"type":"Polygon","coordinates":[[[100.766879,51.44731],[100.796021,51.41228],[100.795138,51.389614],[100.780714,51.343105],[100.788957,51.316318],[100.769234,51.302483],[100.776004,51.254501],[100.740092,51.205342],[100.708301,51.128219],[100.723902,51.082887],[100.741858,51.069052],[100.682397,51.039321],[100.672388,51.02107],[100.702119,51.011062],[100.711539,50.995755],[100.691816,50.978976],[100.657081,50.919515],[100.51196,50.844452],[100.494004,50.800003],[100.519025,50.802064],[100.529033,50.790583],[100.510194,50.765268],[100.459563,50.750255],[100.439841,50.733477],[100.440135,50.685201],[100.423062,50.632215],[100.446905,50.630155],[100.445728,50.646051],[100.460446,50.650466],[100.494887,50.637514],[100.481052,50.593065],[100.446905,50.596597],[100.43307,50.589238],[100.474281,50.562451],[100.422768,50.555092],[100.388621,50.527716],[100.322095,50.542729],[100.296191,50.541846],[100.262928,50.525656],[100.228487,50.53537],[100.193164,50.47944],[100.193164,50.452653],[100.166965,50.489154],[100.159017,50.534487],[100.165199,50.561862],[100.206704,50.603368],[100.196402,50.613082],[100.202878,50.63457],[100.262045,50.678431],[100.24085,50.699036],[100.249976,50.712871],[100.24085,50.764091],[100.247032,50.894494],[100.296191,51.014889],[100.315619,51.106142],[100.335341,51.135578],[100.266755,51.268925],[100.266755,51.328387],[100.291481,51.35017],[100.309732,51.35017],[100.323567,51.329564],[100.405106,51.346637],[100.431893,51.366654],[100.467511,51.425232],[100.458386,51.4426],[100.437191,51.449959],[100.366544,51.432003],[100.360362,51.456141],[100.431598,51.520312],[100.505484,51.545922],[100.508427,51.582717],[100.527267,51.601851],[100.522851,51.610682],[100.549638,51.619807],[100.615282,51.590371],[100.645601,51.514719],[100.67857,51.480279],[100.699764,51.465855],[100.766879,51.44731]]]}},{"type":"Feature","id":"ne_10m_lakes-492","properties":{"name":"兴凯湖","nameEn":"Khanka","nameOrigin":"natural-earth-name_zh","sourceName":"Lake Khanka","sourceDataset":"ne_10m_lakes","sourceFeatureIndex":492,"sourceId":1159113423,"scalerank":3,"minZoom":3,"min_zoom":3,"featurecla":"Lake"},"geometry":{"type":"Polygon","coordinates":[[[132.836085,45.10759],[132.838145,45.066967],[132.819012,45.024579],[132.742477,44.924495],[132.648575,44.854731],[132.627086,44.795564],[132.640921,44.751703],[132.631207,44.710492],[132.60442,44.683411],[132.491384,44.626304],[132.418382,44.603933],[132.394244,44.552419],[132.353622,44.527987],[132.282386,44.548298],[132.236171,44.573319],[132.232344,44.585093],[132.247356,44.609525],[132.216448,44.638079],[132.224985,44.643672],[132.284446,44.634252],[132.232049,44.663688],[132.107533,44.693714],[132.065439,44.72992],[132.044245,44.775841],[132.037475,44.816758],[132.120191,44.867683],[132.1093,44.905656],[132.114304,44.991316],[132.086045,45.024579],[132.012454,45.045479],[132.003329,45.069322],[132.012454,45.090516],[132.041302,45.112888],[132.003329,45.161753],[132.000091,45.202964],[131.983017,45.2115],[132.030704,45.26478],[132.151099,45.32483],[132.195843,45.333956],[132.420148,45.337194],[132.57204,45.307757],[132.722166,45.250356],[132.7987,45.189717],[132.836085,45.10759]]]}},{"type":"Feature","id":"ne_10m_lakes-493","properties":{"name":"洞里萨湖","nameEn":"Tonlé Sap","nameOrigin":"natural-earth-name_zh","sourceName":"Tonlé Sap","sourceDataset":"ne_10m_lakes","sourceFeatureIndex":493,"sourceId":1159113439,"scalerank":3,"minZoom":3,"min_zoom":3,"featurecla":"Lake"},"geometry":{"type":"Polygon","coordinates":[[[104.60421,12.433171],[104.6204,12.379008],[104.609803,12.384013],[104.595968,12.418453],[104.534151,12.457604],[104.496178,12.510884],[104.441721,12.522952],[104.407575,12.509412],[104.353412,12.525602],[104.288063,12.562692],[104.212411,12.580648],[104.148534,12.66307],[104.151184,12.692801],[104.133227,12.693684],[104.139998,12.741959],[104.119687,12.748141],[104.117037,12.760504],[104.127046,12.7973],[104.11115,12.789352],[104.092311,12.824676],[104.07877,12.80407],[104.02343,12.78317],[104.009889,12.810841],[103.98634,12.801715],[103.955726,12.844987],[103.940713,12.834095],[103.923934,12.844104],[103.900385,12.878544],[103.889199,12.873246],[103.859469,12.906509],[103.852698,12.865004],[103.841218,12.877073],[103.850638,12.900327],[103.845928,12.913279],[103.810016,12.919167],[103.777341,12.999528],[103.749671,13.009536],[103.777635,13.036912],[103.727005,13.078418],[103.714347,13.109915],[103.688738,13.228543],[103.704633,13.260923],[103.719646,13.268282],[103.782345,13.245616],[103.825911,13.249149],[103.839746,13.228543],[103.851521,13.234136],[103.887433,13.221184],[103.902446,13.224717],[103.985457,13.197929],[104.011361,13.179679],[104.073766,13.108737],[104.127046,12.961849],[104.169434,12.902388],[104.173261,12.87825],[104.208879,12.824676],[104.225952,12.763742],[104.239493,12.745492],[104.27776,12.735778],[104.391385,12.756678],[104.424353,12.751968],[104.45585,12.729007],[104.472335,12.703398],[104.476456,12.663364],[104.44908,12.605374],[104.484109,12.577704],[104.490291,12.560631],[104.468802,12.550034],[104.441721,12.557099],[104.44702,12.541497],[104.462621,12.529723],[104.492057,12.543558],[104.500299,12.529134],[104.517373,12.564458],[104.525026,12.564458],[104.521199,12.526779],[104.579189,12.499698],[104.593907,12.46614],[104.525026,12.495577],[104.533563,12.480858],[104.566826,12.447007],[104.60421,12.433171]]]}},{"type":"Feature","id":"ne_10m_lakes-497","properties":{"name":"钱尼湖","nameEn":"Chany","nameOrigin":"natural-earth-name_zh","sourceName":"Lake Chany","sourceDataset":"ne_10m_lakes","sourceFeatureIndex":497,"sourceId":1159113497,"scalerank":4,"minZoom":4,"min_zoom":4,"featurecla":"Lake"},"geometry":{"type":"Polygon","coordinates":[[[76.735875,54.81248],[76.715564,54.817779],[76.787094,54.85428],[76.810349,54.889015],[76.912788,54.894902],[76.942224,54.907266],[77.004041,54.913447],[77.052022,54.934642],[77.113544,54.934642],[77.113544,54.927871],[77.140037,54.934347],[77.178599,54.918746],[77.16182,54.907266],[77.107657,54.915508],[77.124141,54.896374],[77.180659,54.863994],[77.243359,54.80365],[77.26367,54.797468],[77.269557,54.816013],[77.302232,54.835146],[77.297816,54.844566],[77.326075,54.874297],[77.346092,54.913447],[77.28457,54.907266],[77.291634,54.954364],[77.313712,54.972615],[77.393779,55.02089],[77.542138,55.043851],[77.61985,55.067105],[77.647815,55.05798],[77.631331,55.057686],[77.62721,55.043851],[77.703155,55.064162],[77.689615,55.050621],[77.709926,55.043851],[77.68255,55.03031],[77.755847,55.023834],[77.819135,54.995575],[77.836208,55.00941],[77.894492,55.009704],[77.941296,55.030899],[78.012238,55.017652],[78.046678,55.001757],[78.06905,54.977913],[78.072288,54.948182],[78.05286,54.915214],[78.021657,54.901378],[77.890371,54.894314],[77.786755,54.853103],[77.765266,54.851925],[77.791759,54.879301],[77.744072,54.878712],[77.721406,54.860462],[77.709926,54.824844],[77.687849,54.809242],[77.553913,54.760672],[77.543316,54.748309],[77.585115,54.74772],[77.655174,54.790109],[77.647815,54.748898],[77.703155,54.728587],[77.730237,54.742127],[77.738185,54.684432],[77.712869,54.657056],[77.755258,54.666181],[77.765266,54.659705],[77.750842,54.646459],[77.798529,54.646459],[77.753197,54.626442],[77.661356,54.632918],[77.60366,54.598183],[77.545376,54.605542],[77.556562,54.623204],[77.531247,54.626148],[77.593358,54.646459],[77.576579,54.668536],[77.554796,54.672657],[77.503871,54.659705],[77.414679,54.684138],[77.407614,54.707981],[77.363165,54.701211],[77.340499,54.68767],[77.332551,54.701211],[77.323131,54.68296],[77.309885,54.6809],[77.28457,54.701211],[77.320482,54.715635],[77.428808,54.721816],[77.401727,54.730647],[77.205386,54.72005],[77.209801,54.735357],[77.127379,54.730647],[77.088523,54.715635],[77.038776,54.748898],[77.01611,54.748309],[76.945462,54.708276],[76.88865,54.705921],[76.866278,54.693852],[76.866278,54.714752],[76.847439,54.717106],[76.792098,54.68767],[76.769432,54.687376],[76.722334,54.714752],[76.730282,54.731825],[76.722334,54.748898],[76.748827,54.739478],[76.75648,54.711514],[76.804167,54.721816],[76.764134,54.758023],[76.735875,54.81248]]]}},{"type":"Feature","id":"ne_10m_lakes-498","properties":{"name":"呼倫湖","nameEn":"Hulun","nameOrigin":"natural-earth-name_zh","sourceName":"Hulun Nuur","sourceDataset":"ne_10m_lakes","sourceFeatureIndex":498,"sourceId":1159113513,"scalerank":4,"minZoom":4,"min_zoom":4,"featurecla":"Lake"},"geometry":{"type":"Polygon","coordinates":[[[117.291893,48.597865],[117.189159,48.566074],[117.160901,48.571667],[117.069353,48.543702],[117.051103,48.568134],[117.107621,48.574905],[117.119984,48.58874],[117.114391,48.607285],[117.133525,48.615821],[117.126166,48.629656],[117.153541,48.629068],[117.169731,48.641431],[117.170615,48.657032],[117.153247,48.664391],[117.133525,48.657621],[117.078479,48.677932],[117.106738,48.70884],[117.109092,48.731801],[117.071414,48.76006],[117.036679,48.767419],[117.030497,48.788024],[116.97604,48.800976],[116.995174,48.812162],[116.97604,48.841893],[116.977512,48.855728],[117.002533,48.876628],[117.005182,48.895467],[117.057873,48.896645],[117.126166,48.923726],[117.11233,48.937561],[117.126166,48.951691],[117.308966,49.038234],[117.325744,49.054129],[117.339285,49.096223],[117.557409,49.303161],[117.570361,49.325533],[117.63571,49.332598],[117.701059,49.377636],[117.709007,49.36645],[117.702531,49.331126],[117.722547,49.314936],[117.706652,49.310815],[117.681631,49.280201],[117.666912,49.221917],[117.70047,49.205433],[117.729612,49.157157],[117.725491,49.16746],[117.739032,49.183944],[117.787896,49.172464],[117.798493,49.154213],[117.784069,49.119478],[117.79084,49.11418],[117.879149,49.10005],[118.010435,49.130075],[118.048114,49.126543],[118.056062,49.112708],[118.053413,49.067964],[118.026037,49.035879],[117.983354,49.023516],[117.904464,49.033818],[117.836761,49.024987],[117.826163,49.041177],[117.842942,49.045593],[117.844708,49.060017],[117.826163,49.061783],[117.787896,49.092102],[117.769646,49.091514],[117.709007,49.027637],[117.727551,49.026754],[117.743741,48.972296],[117.667207,48.972296],[117.599503,48.893995],[117.509428,48.819816],[117.457914,48.788319],[117.304256,48.725913],[117.304256,48.718849],[117.346939,48.715611],[117.348116,48.698243],[117.328394,48.647024],[117.291893,48.597865]]]}},{"type":"Feature","id":"ne_10m_lakes-504","properties":{"name":"太湖","nameEn":"Tai","nameOrigin":"natural-earth-name_zh","sourceName":"Tai Hu","sourceDataset":"ne_10m_lakes","sourceFeatureIndex":504,"sourceId":1159113611,"scalerank":4,"minZoom":4,"min_zoom":4,"featurecla":"Lake"},"geometry":{"type":"Polygon","coordinates":[[[120.576996,31.172686],[120.601428,31.086437],[120.589654,31.077018],[120.389192,30.959861],[120.304121,30.93013],[120.213162,30.920416],[120.128385,30.943082],[120.050968,30.994596],[119.942642,31.086437],[119.935871,31.138246],[119.912911,31.172097],[119.898193,31.248043],[119.984441,31.396992],[120.018587,31.429077],[120.009168,31.447622],[120.014466,31.460869],[120.042431,31.471466],[120.09159,31.468816],[120.105425,31.490599],[120.148991,31.504729],[120.182548,31.54123],[120.203448,31.54594],[120.196089,31.531516],[120.229058,31.538286],[120.240538,31.53446],[120.237594,31.518564],[120.278511,31.518564],[120.263793,31.496487],[120.264382,31.471466],[120.23259,31.51356],[120.216695,31.518564],[120.225231,31.499725],[120.208747,31.412887],[120.224054,31.40229],[120.285281,31.42319],[120.336795,31.460574],[120.402144,31.443501],[120.380067,31.369027],[120.326492,31.361374],[120.292346,31.306327],[120.331497,31.330465],[120.357401,31.329582],[120.361227,31.321634],[120.340033,31.313098],[120.345037,31.299557],[120.32973,31.281601],[120.340033,31.265411],[120.38772,31.244217],[120.353868,31.223611],[120.470436,31.216841],[120.474558,31.192703],[120.427754,31.143838],[120.434818,31.109103],[120.384482,31.109987],[120.330908,31.057884],[120.331791,31.038456],[120.367409,31.011375],[120.385071,31.016084],[120.402144,31.004604],[120.462489,31.111458],[120.491336,31.116168],[120.546088,31.107043],[120.552564,31.153847],[120.562867,31.173275],[120.576996,31.172686]]]}},{"type":"Feature","id":"ne_10m_lakes-506","properties":{"name":"纳木错","nameEn":"Namtso","nameOrigin":"natural-earth-name_zh","sourceName":"Nam Co","sourceDataset":"ne_10m_lakes","sourceFeatureIndex":506,"sourceId":1159113637,"scalerank":4,"minZoom":4,"min_zoom":4,"featurecla":"Lake"},"geometry":{"type":"Polygon","coordinates":[[[90.384068,30.523319],[90.337558,30.50448],[90.325489,30.51125],[90.337558,30.539803],[90.298113,30.583075],[90.315186,30.614277],[90.277508,30.627818],[90.304295,30.713478],[90.271915,30.835639],[90.284867,30.869785],[90.314598,30.887447],[90.400552,30.874201],[90.428222,30.883326],[90.496809,30.819449],[90.582763,30.812679],[90.623386,30.840055],[90.68167,30.840055],[90.658121,30.865664],[90.67019,30.888036],[90.705513,30.912174],[90.743486,30.90717],[90.749962,30.894806],[90.77881,30.888036],[90.80442,30.901577],[90.832679,30.880383],[90.845336,30.887447],[90.887136,30.86066],[90.884192,30.918944],[90.894789,30.922477],[90.92923,30.894806],[90.938944,30.932191],[90.967792,30.936017],[90.998111,30.926303],[91.025487,30.88627],[91.030491,30.862132],[90.995168,30.787952],[90.846219,30.784714],[90.864176,30.714361],[90.798827,30.657843],[90.633394,30.593083],[90.555388,30.579248],[90.523008,30.558643],[90.498575,30.566296],[90.399375,30.542158],[90.384068,30.523319]]]}},{"type":"Feature","id":"ne_10m_lakes-511","properties":{"name":"","nameEn":"","nameOrigin":"natural-earth-original","sourceName":null,"sourceDataset":"ne_10m_lakes","sourceFeatureIndex":511,"sourceId":1159113715,"scalerank":4,"minZoom":4,"min_zoom":4,"featurecla":"Lake"},"geometry":{"type":"Polygon","coordinates":[[[114.435972,30.067054],[114.436855,30.067054],[114.433617,30.066171],[114.435972,30.067054]]]}},{"type":"Feature","id":"ne_10m_lakes-512","properties":{"name":"","nameEn":"","nameOrigin":"natural-earth-original","sourceName":null,"sourceDataset":"ne_10m_lakes","sourceFeatureIndex":512,"sourceId":1159113731,"scalerank":4,"minZoom":4,"min_zoom":4,"featurecla":"Lake"},"geometry":{"type":"Polygon","coordinates":[[[114.436855,30.067054],[114.440976,30.068526],[114.440093,30.067349],[114.436855,30.067054]]]}},{"type":"Feature","id":"ne_10m_lakes-517","properties":{"name":"","nameEn":"","nameOrigin":"natural-earth-original","sourceName":null,"sourceDataset":"ne_10m_lakes","sourceFeatureIndex":517,"sourceId":1159113813,"scalerank":4,"minZoom":4,"min_zoom":4,"featurecla":"Lake"},"geometry":{"type":"Polygon","coordinates":[[[81.37417,46.096359],[81.375642,46.087233],[81.368872,46.101657],[81.37417,46.096359]]]}},{"type":"Feature","id":"ne_10m_lakes-524","properties":{"name":"博斯腾湖","nameEn":"Bosten","nameOrigin":"natural-earth-name_zh","sourceName":"Bosten Hu","sourceDataset":"ne_10m_lakes","sourceFeatureIndex":524,"sourceId":1159113927,"scalerank":4,"minZoom":4,"min_zoom":4,"featurecla":"Lake"},"geometry":{"type":"Polygon","coordinates":[[[87.416877,41.839265],[87.310023,41.866052],[87.316499,41.872822],[87.296482,41.893428],[87.28147,41.884302],[87.133993,41.921981],[87.049511,41.911973],[86.844339,41.865757],[86.753381,41.82543],[86.737485,41.833966],[86.698334,41.833377],[86.680084,41.845446],[86.734247,41.858987],[86.721295,41.889601],[86.763095,41.972612],[86.844339,42.002637],[86.850815,42.034134],[86.829621,42.060038],[86.837569,42.069163],[86.809898,42.092418],[86.814314,42.106547],[86.803128,42.119794],[86.816669,42.133629],[86.857585,42.115378],[86.93412,42.11008],[87.073943,42.060921],[87.187273,42.051501],[87.337399,42.023537],[87.354472,42.002931],[87.351234,41.913739],[87.377433,41.91315],[87.398332,41.881359],[87.42718,41.858693],[87.433656,41.848979],[87.416877,41.839265]]]}},{"type":"Feature","id":"ne_10m_lakes-525","properties":{"name":"","nameEn":"","nameOrigin":"natural-earth-original","sourceName":null,"sourceDataset":"ne_10m_lakes","sourceFeatureIndex":525,"sourceId":1159113939,"scalerank":4,"minZoom":4,"min_zoom":4,"featurecla":"Lake"},"geometry":{"type":"Polygon","coordinates":[[[84.213018,47.73214],[84.220672,47.729196],[84.226559,47.724781],[84.213018,47.73214]]]}},{"type":"Feature","id":"ne_10m_lakes-529","properties":{"name":"鄱阳湖","nameEn":"Poyang","nameOrigin":"natural-earth-name_zh","sourceName":"Poyang Hu","sourceDataset":"ne_10m_lakes","sourceFeatureIndex":529,"sourceId":1159114015,"scalerank":4,"minZoom":4,"min_zoom":4,"featurecla":"Lake"},"geometry":{"type":"Polygon","coordinates":[[[116.674611,29.172776],[116.715233,29.137158],[116.70758,29.082995],[116.688446,29.07858],[116.684325,29.127739],[116.656655,29.12715],[116.6334,29.072398],[116.618976,29.07858],[116.627513,29.103601],[116.615444,29.135686],[116.607202,29.117436],[116.564519,29.140691],[116.537143,29.119496],[116.506823,29.160707],[116.47621,29.152171],[116.488573,29.140691],[116.483274,29.124501],[116.492694,29.112137],[116.523308,29.099774],[116.516537,29.085939],[116.537143,29.07858],[116.485629,29.0462],[116.461197,29.051204],[116.459725,29.036486],[116.468556,29.017058],[116.482391,29.017058],[116.480036,28.998807],[116.52213,28.940523],[116.509178,28.894308],[116.544796,28.898135],[116.558043,28.886654],[116.550684,28.880473],[116.558043,28.873702],[116.530961,28.856335],[116.543325,28.825427],[116.526546,28.782449],[116.516537,28.776856],[116.523308,28.790692],[116.509178,28.798051],[116.46208,28.794224],[116.448245,28.825427],[116.423224,28.850153],[116.424107,28.874291],[116.454721,28.894308],[116.426168,28.899606],[116.372593,28.818362],[116.365823,28.825427],[116.424696,28.929926],[116.420575,28.966133],[116.40674,28.935224],[116.393199,28.938462],[116.386134,28.921389],[116.393199,28.900489],[116.381424,28.894013],[116.358464,28.850153],[116.342274,28.841322],[116.331088,28.853391],[116.333737,28.863988],[116.359053,28.894308],[116.353754,28.904611],[116.331088,28.911381],[116.359053,28.976141],[116.2678,28.980262],[116.260735,28.985855],[116.269566,29.004106],[116.252198,29.031481],[116.206572,29.033248],[116.194503,29.051204],[116.174192,29.038841],[116.155647,29.047083],[116.142989,29.066216],[116.145933,29.085939],[116.10325,29.078285],[116.093536,29.114492],[116.057329,29.140691],[116.035841,29.181313],[116.040256,29.188378],[116.084117,29.186906],[116.077935,29.202213],[116.158885,29.203096],[116.123856,29.220758],[116.088238,29.219874],[116.005816,29.239891],[115.980795,29.280219],[115.967843,29.264029],[115.980795,29.215459],[115.975202,29.195737],[115.907498,29.216931],[115.927809,29.273449],[116.009642,29.311127],[116.024066,29.327906],[116.029954,29.352927],[116.00405,29.410328],[115.975202,29.42122],[115.975202,29.428579],[116.023183,29.455955],[116.046144,29.448007],[116.060862,29.463314],[116.077935,29.49746],[116.063217,29.509529],[116.098246,29.538376],[116.090298,29.56222],[116.112081,29.579587],[116.126211,29.66878],[116.098246,29.681732],[116.105605,29.695567],[116.060862,29.692035],[116.102073,29.730302],[116.173603,29.73354],[116.187733,29.750907],[116.229238,29.743843],[116.193326,29.718527],[116.188027,29.702632],[116.204806,29.695567],[116.256908,29.709696],[116.269566,29.695567],[116.247783,29.691151],[116.243073,29.661421],[116.232182,29.651412],[116.217758,29.670252],[116.204806,29.664953],[116.205689,29.613439],[116.187733,29.598427],[116.215697,29.552212],[116.195681,29.556627],[116.167127,29.585769],[116.152115,29.554272],[116.145639,29.533667],[116.17066,29.500698],[116.145933,29.469495],[116.152998,29.452422],[116.145933,29.43476],[116.115614,29.443886],[116.08029,29.418276],[116.061745,29.383835],[116.081467,29.366468],[116.150643,29.373533],[116.184789,29.387956],[116.208044,29.415038],[116.223056,29.380892],[116.221879,29.346157],[116.214225,29.358226],[116.187733,29.339386],[116.132981,29.339386],[116.120323,29.324962],[116.123561,29.312305],[116.166244,29.273743],[116.126211,29.264029],[116.12415,29.24725],[116.174192,29.250488],[116.196858,29.242246],[116.229238,29.264029],[116.255142,29.223112],[116.296059,29.209572],[116.310483,29.216342],[116.303712,29.236948],[116.316664,29.232238],[116.338447,29.243129],[116.359053,29.216342],[116.372299,29.238714],[116.379658,29.229294],[116.369944,29.196325],[116.324023,29.156881],[116.324906,29.140691],[116.33933,29.139807],[116.364646,29.166889],[116.365823,29.147461],[116.379658,29.15482],[116.393199,29.140691],[116.393199,29.188378],[116.422047,29.176014],[116.434999,29.183962],[116.445596,29.215165],[116.435587,29.244307],[116.440886,29.264029],[116.427345,29.277864],[116.445596,29.280808],[116.463552,29.269622],[116.488573,29.202507],[116.500053,29.204568],[116.50594,29.223112],[116.495638,29.250488],[116.510356,29.24519],[116.523308,29.208983],[116.536554,29.213987],[116.541853,29.229294],[116.537143,29.257259],[116.555394,29.252255],[116.558043,29.271094],[116.570406,29.248133],[116.606613,29.24725],[116.618976,29.236948],[116.605435,29.236948],[116.618976,29.202213],[116.629573,29.232238],[116.626335,29.264029],[116.65636,29.249017],[116.665191,29.239303],[116.660776,29.229294],[116.688446,29.216342],[116.667546,29.202213],[116.651356,29.207511],[116.618976,29.168066],[116.623686,29.150405],[116.674611,29.172776]]]}},{"type":"Feature","id":"ne_10m_lakes-530","properties":{"name":"大官湖","nameEn":"Daguan Lake","nameOrigin":"natural-earth-name_zh","sourceName":"Daguan Hu","sourceDataset":"ne_10m_lakes","sourceFeatureIndex":530,"sourceId":1159114031,"scalerank":4,"minZoom":4,"min_zoom":4,"featurecla":"Lake"},"geometry":{"type":"Polygon","coordinates":[[[116.461197,30.093547],[116.436765,30.050864],[116.494755,30.038795],[116.530961,29.983455],[116.509178,29.96285],[116.442358,29.948131],[116.40674,29.956079],[116.365823,29.989637],[116.354932,29.981983],[116.349339,29.958434],[116.331088,29.94872],[116.309011,29.963733],[116.303712,29.989637],[116.281635,29.989637],[116.269566,30.004061],[116.289288,30.017601],[116.270155,30.0229],[116.257203,30.010831],[116.247194,30.036441],[116.25632,30.042622],[116.255142,30.066171],[116.240424,30.05999],[116.234831,30.072059],[116.243073,30.107088],[116.255142,30.093547],[116.2469,30.139174],[116.269566,30.120629],[116.286639,30.059695],[116.303712,30.058812],[116.289288,30.099435],[116.291938,30.117391],[116.310483,30.12681],[116.320491,30.081184],[116.331088,30.072942],[116.339625,30.085305],[116.386134,30.058812],[116.38113,30.044683],[116.387606,30.039973],[116.399381,30.038207],[116.407328,30.058224],[116.420869,30.058812],[116.410861,30.076474],[116.444124,30.101201],[116.461197,30.093547]]]}},{"type":"Feature","id":"ne_10m_lakes-531","properties":{"name":"龙感湖","nameEn":"Longgan","nameOrigin":"natural-earth-name_zh","sourceName":"Long Hu","sourceDataset":"ne_10m_lakes","sourceFeatureIndex":531,"sourceId":1159114049,"scalerank":4,"minZoom":4,"min_zoom":4,"featurecla":"Lake"},"geometry":{"type":"Polygon","coordinates":[[[116.257203,30.010831],[116.24896,29.983455],[116.269566,29.983455],[116.263384,29.927526],[116.200685,29.89338],[116.180962,29.901622],[116.158885,29.893674],[116.11738,29.90486],[116.091476,29.901622],[116.040256,29.866887],[116.001989,29.893968],[115.992275,29.953136],[115.936346,29.993169],[115.933991,30.044977],[115.97373,29.996701],[115.995807,29.983455],[116.016413,29.989637],[115.995807,30.021134],[115.998751,30.038795],[116.01288,30.044977],[116.061156,29.973741],[116.081467,29.973741],[116.091476,29.983455],[116.071459,29.989637],[116.085883,29.996996],[116.108843,29.976685],[116.148288,29.979334],[116.160357,29.983455],[116.152703,29.996113],[116.11944,29.989637],[116.10796,29.996996],[116.132981,30.01142],[116.141223,30.085011],[116.185967,30.062639],[116.193031,30.016129],[116.218052,29.990814],[116.230416,29.987576],[116.236008,30.000528],[116.215697,30.044977],[116.247194,30.036441],[116.257203,30.010831]]]}},{"type":"Feature","id":"ne_10m_lakes-532","properties":{"name":"梁子湖","nameEn":"Liangzi","nameOrigin":"natural-earth-name_zh","sourceName":"Liangzi Hu","sourceDataset":"ne_10m_lakes","sourceFeatureIndex":532,"sourceId":1159114069,"scalerank":4,"minZoom":4,"min_zoom":4,"featurecla":"Lake"},"geometry":{"type":"Polygon","coordinates":[[[114.382692,30.182151],[114.330589,30.188921],[114.357965,30.223656],[114.383281,30.205994],[114.399471,30.229838],[114.412423,30.223656],[114.385636,30.250443],[114.389462,30.274876],[114.371506,30.29136],[114.428613,30.264278],[114.440387,30.271343],[114.467469,30.264867],[114.443037,30.282823],[114.433617,30.305784],[114.447158,30.29136],[114.453928,30.298719],[114.501615,30.278702],[114.515156,30.299602],[114.546064,30.294304],[114.556367,30.305784],[114.513978,30.315792],[114.502498,30.329922],[114.453928,30.326095],[114.421254,30.342579],[114.42773,30.366128],[114.438327,30.366423],[114.453928,30.3467],[114.46011,30.374665],[114.47836,30.366717],[114.485131,30.374665],[114.522809,30.374371],[114.543415,30.332277],[114.594045,30.322857],[114.631724,30.298719],[114.604348,30.278408],[114.604642,30.268105],[114.639083,30.229838],[114.652624,30.195692],[114.613179,30.215414],[114.597578,30.216297],[114.597578,30.209527],[114.617006,30.200696],[114.62201,30.158013],[114.643793,30.140057],[114.652624,30.079712],[114.643204,30.061756],[114.631724,30.064405],[114.577561,30.17538],[114.548713,30.134758],[114.537822,30.133875],[114.529874,30.16184],[114.550185,30.229838],[114.504559,30.213648],[114.472767,30.232487],[114.481598,30.185389],[114.476888,30.119451],[114.464819,30.087954],[114.440976,30.068526],[114.422137,30.082067],[114.440093,30.114741],[114.426258,30.12681],[114.438915,30.140351],[114.439504,30.158602],[114.42979,30.173026],[114.412423,30.17538],[114.364736,30.107088],[114.362381,30.147121],[114.382692,30.182151]]]}},{"type":"Feature","id":"ne_10m_lakes-533","properties":{"name":"色林错","nameEn":"Siling","nameOrigin":"natural-earth-name_zh","sourceName":"Siling Co","sourceDataset":"ne_10m_lakes","sourceFeatureIndex":533,"sourceId":1159114083,"scalerank":4,"minZoom":4,"min_zoom":4,"featurecla":"Lake"},"geometry":{"type":"Polygon","coordinates":[[[89.342607,31.816166],[89.331127,31.783197],[89.296981,31.777899],[89.269899,31.792028],[89.276964,31.827058],[89.248411,31.80292],[89.235459,31.676049],[89.188361,31.622474],[89.158335,31.606579],[89.12625,31.559481],[89.087688,31.578909],[89.064139,31.611289],[88.975241,31.600397],[88.941095,31.622769],[88.924316,31.652205],[88.95964,31.702836],[88.980245,31.709901],[88.937857,31.735805],[88.840717,31.73551],[88.780372,31.696654],[88.683526,31.710784],[88.653795,31.72403],[88.653795,31.717848],[88.650263,31.786141],[88.61229,31.779076],[88.601987,31.787024],[88.601693,31.809984],[88.558716,31.818521],[88.557244,31.840598],[88.571373,31.869152],[88.604931,31.881515],[88.730624,31.882692],[88.749464,31.870918],[88.7371,31.835594],[88.749464,31.819404],[88.76742,31.810868],[88.806865,31.813517],[88.824527,31.819404],[88.798328,31.849429],[88.80451,31.866502],[88.824527,31.881515],[88.845721,31.874156],[89.009682,31.936855],[89.029993,31.916839],[89.136553,31.929496],[89.155392,31.924198],[89.191304,31.895939],[89.285795,31.873273],[89.342607,31.816166]]]}},{"type":"Feature","id":"ne_10m_lakes-534","properties":{"name":"哈尔乌苏湖","nameEn":"Khar-Us","nameOrigin":"natural-earth-name_zh","sourceName":"Har Us Nuur","sourceDataset":"ne_10m_lakes","sourceFeatureIndex":534,"sourceId":1159114107,"scalerank":4,"minZoom":4,"min_zoom":4,"featurecla":"Lake"},"geometry":{"type":"Polygon","coordinates":[[[92.82052,48.266411],[92.827584,48.207833],[92.816987,48.187816],[92.695709,48.088026],[92.679814,48.08155],[92.532043,48.095091],[92.514381,48.070953],[92.489066,48.061828],[92.442556,48.020028],[92.351303,47.985293],[92.268587,47.865781],[92.261228,47.846648],[92.272119,47.787481],[92.227965,47.763931],[92.199117,47.761576],[92.157317,47.776295],[92.073129,47.759516],[92.059294,47.771585],[92.050463,47.807792],[91.962154,47.979995],[91.965686,48.012375],[92.011018,48.033863],[92.191758,48.062122],[92.209714,48.068304],[92.223549,48.092736],[92.251808,48.109221],[92.281245,48.158674],[92.278595,48.208421],[92.299201,48.239624],[92.265643,48.288783],[92.196762,48.335292],[92.252102,48.36885],[92.273591,48.368555],[92.302733,48.347361],[92.349243,48.335292],[92.350126,48.36885],[92.402228,48.369733],[92.456686,48.348539],[92.497602,48.349716],[92.545583,48.33176],[92.527333,48.319985],[92.45904,48.327933],[92.439612,48.32234],[92.410765,48.290549],[92.393397,48.243745],[92.381034,48.139834],[92.391925,48.127765],[92.463162,48.101861],[92.506433,48.100978],[92.524684,48.109515],[92.541757,48.136008],[92.637131,48.189876],[92.662152,48.232265],[92.724263,48.198118],[92.594448,48.311154],[92.600924,48.341768],[92.731327,48.335292],[92.756937,48.325284],[92.82052,48.266411]]]}},{"type":"Feature","id":"ne_10m_lakes-540","properties":{"name":"阿雅克库木湖","nameEn":"Ayakum","nameOrigin":"natural-earth-name_zh","sourceName":"Ayakkum Hu","sourceDataset":"ne_10m_lakes","sourceFeatureIndex":540,"sourceId":1159114215,"scalerank":5,"minZoom":4.7,"min_zoom":4.7,"featurecla":"Lake"},"geometry":{"type":"Polygon","coordinates":[[[89.670235,37.499749],[89.598704,37.498571],[89.612834,37.484147],[89.579276,37.491506],[89.550428,37.474728],[89.440042,37.4762],[89.281968,37.531834],[89.164517,37.525653],[89.076797,37.56392],[89.071498,37.587764],[89.08445,37.603365],[89.108294,37.606603],[89.194542,37.587764],[89.249883,37.601599],[89.341724,37.641632],[89.544247,37.625737],[89.654339,37.582759],[89.649924,37.550085],[89.639032,37.546553],[89.61931,37.560093],[89.609301,37.556855],[89.611068,37.542431],[89.674356,37.512112],[89.670235,37.499749]]]}},{"type":"Feature","id":"ne_10m_lakes-545","properties":{"name":"鄂陵湖","nameEn":"Ngoring","nameOrigin":"natural-earth-name_zh","sourceName":"Ngoring Hu","sourceDataset":"ne_10m_lakes","sourceFeatureIndex":545,"sourceId":1159114305,"scalerank":5,"minZoom":4.7,"min_zoom":4.7,"featurecla":"Lake"},"geometry":{"type":"Polygon","coordinates":[[[97.855324,34.887267],[97.901539,34.821624],[97.850025,34.8281],[97.85709,34.808377],[97.845315,34.806611],[97.779672,34.829572],[97.760833,34.849],[97.754945,34.817208],[97.734929,34.808377],[97.712263,34.818386],[97.698428,34.842229],[97.678705,34.815148],[97.69725,34.799841],[97.688419,34.786006],[97.60482,34.784534],[97.565964,34.814853],[97.545358,34.889328],[97.591573,34.946434],[97.61159,34.957914],[97.671935,34.965274],[97.632784,34.970572],[97.623953,34.986173],[97.64397,35.013549],[97.634551,35.025618],[97.650446,35.042397],[97.72963,35.085963],[97.768486,35.087729],[97.771135,35.051228],[97.808225,35.010017],[97.788503,34.978814],[97.800278,34.914643],[97.808225,34.903751],[97.855324,34.887267]]]}},{"type":"Feature","id":"ne_10m_lakes-546","properties":{"name":"高邮湖","nameEn":"Gaoyou","nameOrigin":"natural-earth-name_zh","sourceName":"Gaoyou Hu","sourceDataset":"ne_10m_lakes","sourceFeatureIndex":546,"sourceId":1159114321,"scalerank":5,"minZoom":4.7,"min_zoom":4.7,"featurecla":"Lake"},"geometry":{"type":"Polygon","coordinates":[[[119.411903,32.819653],[119.408371,32.766079],[119.380406,32.732227],[119.351853,32.740764],[119.319178,32.779031],[119.306521,32.741058],[119.2815,32.717803],[119.227337,32.759309],[119.216445,32.748712],[119.207614,32.690428],[119.177,32.667173],[119.172585,32.692488],[119.154629,32.703968],[119.17494,32.717803],[119.141971,32.738115],[119.120777,32.785802],[119.133435,32.801108],[119.129019,32.818182],[119.099288,32.820831],[119.082215,32.832311],[119.06367,32.864691],[119.044831,32.875877],[119.066614,32.883825],[119.113418,32.847912],[119.129019,32.894716],[119.144915,32.910023],[119.16081,32.88147],[119.226454,32.851445],[119.284738,32.875877],[119.250886,32.868518],[119.239406,32.877349],[119.237051,32.93681],[119.264427,32.93004],[119.276496,32.951234],[119.22351,32.998921],[119.264427,33.019232],[119.267959,33.046019],[119.277967,33.053967],[119.31594,33.019232],[119.328304,33.034245],[119.298573,33.111957],[119.229692,33.142276],[119.243232,33.166709],[119.236462,33.176128],[119.195545,33.170241],[119.170524,33.155817],[119.158455,33.134329],[119.154629,33.073984],[119.195545,33.087525],[119.158455,33.0575],[119.075739,33.019232],[118.970357,33.046608],[118.921787,33.039838],[118.896766,33.049846],[118.839954,33.10136],[118.888818,33.09665],[118.900298,33.069569],[118.945925,33.073984],[119.052484,33.046608],[119.122249,33.069274],[119.139027,33.094001],[119.156984,33.165826],[119.237051,33.204976],[119.23499,33.220872],[119.244999,33.227642],[119.257951,33.221755],[119.268548,33.169358],[119.31594,33.139038],[119.328598,33.086347],[119.346849,33.060149],[119.341844,33.019232],[119.305343,32.991268],[119.331542,32.994211],[119.379523,33.02041],[119.38806,33.002159],[119.411903,32.819653]]]}},{"type":"Feature","id":"ne_10m_lakes-554","properties":{"name":"扎陵湖","nameEn":"Gyaring","nameOrigin":"natural-earth-name_zh","sourceName":"Gyaring Hu","sourceDataset":"ne_10m_lakes","sourceFeatureIndex":554,"sourceId":1159114475,"scalerank":5,"minZoom":4.7,"min_zoom":4.7,"featurecla":"Lake"},"geometry":{"type":"Polygon","coordinates":[[[97.413189,35.000008],[97.48678,34.983818],[97.486191,34.96704],[97.472062,34.956148],[97.452045,34.965274],[97.445863,34.93672],[97.396116,34.90905],[97.378748,34.872843],[97.304274,34.829277],[97.248345,34.836048],[97.069371,34.935248],[97.055831,34.997948],[97.074376,35.012077],[97.085856,35.009723],[97.095864,34.986173],[97.122946,35.027973],[97.162979,35.012961],[97.250111,35.013549],[97.317226,35.034155],[97.413189,35.000008]]]}},{"type":"Feature","id":"ne_10m_lakes-557","properties":{"name":"拉昂错","nameEn":"Rakshastal","nameOrigin":"natural-earth-name_zh","sourceName":"Langa Co","sourceDataset":"ne_10m_lakes","sourceFeatureIndex":557,"sourceId":1159114537,"scalerank":5,"minZoom":4.7,"min_zoom":4.7,"featurecla":"Lake"},"geometry":{"type":"Polygon","coordinates":[[[81.30735,30.68257],[81.327955,30.641653],[81.299108,30.608096],[81.235525,30.599854],[81.218158,30.621048],[81.183423,30.614866],[81.143683,30.628996],[81.125138,30.665791],[81.108654,30.676094],[81.135441,30.68934],[81.159579,30.676094],[81.183717,30.692578],[81.176652,30.709651],[81.189899,30.724075],[81.203734,30.782654],[81.203439,30.812679],[81.189899,30.846825],[81.224045,30.857422],[81.273204,30.841821],[81.296164,30.82151],[81.299991,30.799138],[81.291749,30.787658],[81.259663,30.784714],[81.242884,30.766758],[81.240824,30.745858],[81.262606,30.706413],[81.30735,30.68257]]]}},{"type":"Feature","id":"ne_10m_lakes-558","properties":{"name":"玛旁雍错","nameEn":"Manasarovar","nameOrigin":"natural-earth-name_zh","sourceName":"Mapam Yumco","sourceDataset":"ne_10m_lakes","sourceFeatureIndex":558,"sourceId":1159114553,"scalerank":5,"minZoom":4.7,"min_zoom":4.7,"featurecla":"Lake"},"geometry":{"type":"Polygon","coordinates":[[[81.602891,30.722603],[81.60348,30.690223],[81.574338,30.655783],[81.451294,30.566296],[81.445407,30.565413],[81.424212,30.566296],[81.430394,30.566296],[81.377409,30.592494],[81.362102,30.614277],[81.378586,30.641359],[81.369166,30.724075],[81.375642,30.764403],[81.406551,30.788541],[81.450411,30.787658],[81.53401,30.764403],[81.57787,30.748507],[81.602891,30.722603]]]}},{"type":"Feature","id":"ne_10m_lakes-566","properties":{"name":"鄱湖","nameEn":"Poyang Lake","nameOrigin":"natural-earth-name_zh","sourceName":"Po Hu","sourceDataset":"ne_10m_lakes","sourceFeatureIndex":566,"sourceId":1159114699,"scalerank":5,"minZoom":4.7,"min_zoom":4.7,"featurecla":"Lake"},"geometry":{"type":"Polygon","coordinates":[[[116.454721,30.117391],[116.445596,30.124161],[116.393199,30.093547],[116.398497,30.10856],[116.384074,30.112975],[116.40674,30.134464],[116.365823,30.154775],[116.379658,30.16184],[116.393199,30.154775],[116.384662,30.168021],[116.354932,30.175675],[116.338447,30.16861],[116.319608,30.177441],[116.321668,30.214531],[116.316075,30.223656],[116.296942,30.223656],[116.325789,30.240729],[116.344629,30.223656],[116.351399,30.229838],[116.344629,30.250443],[116.359053,30.244262],[116.360524,30.261629],[116.372593,30.271343],[116.369061,30.223656],[116.39732,30.210704],[116.40674,30.223656],[116.418809,30.181268],[116.434704,30.17538],[116.427345,30.209527],[116.461197,30.203345],[116.475621,30.209527],[116.485629,30.188921],[116.50388,30.195692],[116.543325,30.236608],[116.530961,30.16861],[116.543325,30.154775],[116.503585,30.137407],[116.506529,30.125044],[116.549801,30.111209],[116.551272,30.095902],[116.52007,30.08972],[116.482391,30.066171],[116.486807,30.084716],[116.503585,30.099435],[116.461197,30.093547],[116.444124,30.101201],[116.454721,30.117391]]]}},{"type":"Feature","id":"ne_10m_lakes-567","properties":{"name":"贝尔湖","nameEn":"Buir","nameOrigin":"natural-earth-name_zh","sourceName":"Buyr Nuur","sourceDataset":"ne_10m_lakes","sourceFeatureIndex":567,"sourceId":1159114715,"scalerank":5,"minZoom":4.7,"min_zoom":4.7,"featurecla":"Lake"},"geometry":{"type":"Polygon","coordinates":[[[117.571833,47.656489],[117.592438,47.697405],[117.54063,47.709768],[117.50354,47.759516],[117.512371,47.785714],[117.685163,47.954679],[117.739326,47.977345],[117.773472,47.980289],[117.798788,47.970869],[117.831756,47.91023],[117.872967,47.889036],[117.882093,47.83399],[117.868846,47.809558],[117.802614,47.747447],[117.673388,47.677094],[117.604802,47.654722],[117.571833,47.656489]]]}},{"type":"Feature","id":"ne_10m_lakes-568","properties":{"name":"昂拉仁错","nameEn":"Ang Laren","nameOrigin":"natural-earth-name_zh","sourceName":"Ngangla Ringeo","sourceDataset":"ne_10m_lakes","sourceFeatureIndex":568,"sourceId":1159114735,"scalerank":5,"minZoom":4.7,"min_zoom":4.7,"featurecla":"Lake"},"geometry":{"type":"Polygon","coordinates":[[[83.316385,31.443795],[83.260161,31.471466],[83.253097,31.459102],[83.178328,31.463812],[83.144182,31.449683],[83.097378,31.490894],[83.080894,31.518858],[83.042921,31.53652],[83.03409,31.535343],[83.027908,31.518564],[82.979632,31.525334],[82.958733,31.501491],[82.939599,31.499725],[82.832745,31.545351],[82.823325,31.57361],[82.939599,31.581264],[82.972273,31.573021],[82.954023,31.588034],[82.941659,31.617765],[82.917522,31.621003],[82.928413,31.634838],[82.979632,31.641314],[83.034679,31.619825],[83.050574,31.643963],[83.072652,31.65456],[83.115923,31.655738],[83.125048,31.642197],[83.120339,31.631894],[83.089136,31.605696],[83.10091,31.600692],[83.130641,31.615115],[83.14065,31.586856],[83.201289,31.57361],[83.21689,31.553299],[83.247209,31.54594],[83.305788,31.502963],[83.324038,31.474704],[83.37673,31.436436],[83.316385,31.443795]]]}},{"type":"Feature","id":"ne_10m_lakes-569","properties":{"name":"当惹雍错","nameEn":"Tangra Yumco","nameOrigin":"natural-earth-name_zh","sourceName":"Tangra Yumco","sourceDataset":"ne_10m_lakes","sourceFeatureIndex":569,"sourceId":1159114759,"scalerank":5,"minZoom":4.7,"min_zoom":4.7,"featurecla":"Lake"},"geometry":{"type":"Polygon","coordinates":[[[86.77899,31.180928],[86.796063,31.141778],[86.773986,31.122939],[86.686854,31.121172],[86.634752,31.099389],[86.614146,31.078784],[86.597368,31.052291],[86.609142,31.026387],[86.606787,31.001955],[86.552035,30.913646],[86.521716,30.88156],[86.524954,30.824159],[86.451069,30.769113],[86.429874,30.770585],[86.412507,30.784714],[86.376006,30.871257],[86.416039,30.878028],[86.426636,30.89304],[86.454012,30.999894],[86.519067,31.05965],[86.570875,31.08997],[86.615029,31.211248],[86.631514,31.29573],[86.625627,31.339885],[86.647704,31.368733],[86.689798,31.368438],[86.734247,31.34695],[86.761917,31.313098],[86.77899,31.180928]]]}},{"type":"Feature","id":"ne_10m_lakes-570","properties":{"name":"庫倫達湖","nameEn":"Kulundinskoe","nameOrigin":"natural-earth-name_zh","sourceName":"Ozero Kulundinskoye","sourceDataset":"ne_10m_lakes","sourceFeatureIndex":570,"sourceId":1159114777,"scalerank":5,"minZoom":4.7,"min_zoom":4.7,"featurecla":"Lake"},"geometry":{"type":"Polygon","coordinates":[[[79.767237,53.025101],[79.820222,53.001258],[79.808742,52.97241],[79.745454,52.97506],[79.710424,52.960047],[79.720138,52.944151],[79.703654,52.888811],[79.712485,52.860846],[79.730147,52.85437],[79.743393,52.864379],[79.738389,52.884984],[79.763116,52.878508],[79.764587,52.85702],[79.734562,52.823462],[79.594445,52.830527],[79.489063,52.864379],[79.436666,52.894109],[79.401342,52.930611],[79.377204,52.987128],[79.400459,53.060425],[79.487591,53.123713],[79.542048,53.131073],[79.662737,53.104874],[79.651257,53.125774],[79.573839,53.138432],[79.5968,53.146968],[79.665975,53.138432],[79.686287,53.129895],[79.713957,53.092216],[79.77283,53.074849],[79.767237,53.025101]]]}},{"type":"Feature","id":"ne_10m_lakes-571","properties":{"name":"谢列特田吉兹湖","nameEn":"Siletiteniz","nameOrigin":"natural-earth-name_zh","sourceName":"Siletitengiz Kli","sourceDataset":"ne_10m_lakes","sourceFeatureIndex":571,"sourceId":1159114787,"scalerank":5,"minZoom":4.7,"min_zoom":4.7,"featurecla":"Lake"},"geometry":{"type":"Polygon","coordinates":[[[73.432521,53.068079],[73.412798,53.056304],[73.376297,53.055715],[73.297113,53.128129],[73.296819,53.151972],[73.169654,53.22733],[73.090764,53.26177],[73.059856,53.336244],[73.039545,53.336244],[72.984499,53.292973],[72.974784,53.242048],[72.952707,53.258827],[72.933574,53.248229],[72.922093,53.254117],[72.912674,53.289146],[72.931513,53.286202],[72.988325,53.337716],[73.008931,53.330063],[72.988325,53.351846],[72.95359,53.346547],[72.95359,53.358027],[72.994801,53.364209],[73.014229,53.388936],[73.044254,53.396],[73.264439,53.402182],[73.405439,53.366858],[73.435759,53.340954],[73.440174,53.296505],[73.412798,53.238515],[73.4075,53.17405],[73.433404,53.111056],[73.41221,53.118121],[73.379535,53.099576],[73.432521,53.068079]]]}},{"type":"Feature","id":"ne_10m_lakes-572","properties":{"name":"乌宾斯科耶湖","nameEn":"Ubinskoye","nameOrigin":"natural-earth-name_zh","sourceName":"Ubinskoye Lake","sourceDataset":"ne_10m_lakes","sourceFeatureIndex":572,"sourceId":1159114805,"scalerank":5,"minZoom":4.7,"min_zoom":4.7,"featurecla":"Lake"},"geometry":{"type":"Polygon","coordinates":[[[80.313577,55.564581],[80.340952,55.529846],[80.317698,55.502176],[80.231155,55.462142],[80.173754,55.420048],[79.906177,55.372655],[79.820222,55.406802],[79.820222,55.400031],[79.803149,55.465086],[79.810214,55.475683],[79.858195,55.489518],[79.941206,55.485102],[79.957985,55.4957],[79.967993,55.526313],[80.00891,55.541915],[80.26118,55.579593],[80.313577,55.564581]]]}},{"type":"Feature","id":"ne_10m_lakes-577","properties":{"name":"羊卓雍错","nameEn":"Yamdrok","nameOrigin":"natural-earth-name_zh","sourceName":"Yamzho Yumco","sourceDataset":"ne_10m_lakes","sourceFeatureIndex":577,"sourceId":1159114885,"scalerank":5,"minZoom":4.7,"min_zoom":4.7,"featurecla":"Lake"},"geometry":{"type":"Polygon","coordinates":[[[91.002232,28.876057],[90.915101,28.93964],[90.899205,28.935813],[90.893906,28.952886],[90.877716,28.927277],[90.85299,28.911675],[90.85976,28.93964],[90.811484,28.926099],[90.805303,28.952886],[90.775278,28.925216],[90.757616,28.922567],[90.749962,28.936402],[90.763503,28.956419],[90.729357,28.974375],[90.722586,28.952886],[90.764386,28.896957],[90.766152,28.87223],[90.729357,28.857218],[90.733772,28.874291],[90.702275,28.905788],[90.656649,28.905788],[90.647524,28.891953],[90.682259,28.88842],[90.680198,28.878706],[90.604252,28.8216],[90.593066,28.785687],[90.507406,28.782155],[90.496809,28.792163],[90.50358,28.823072],[90.456187,28.846032],[90.437348,28.893719],[90.45236,28.898135],[90.490333,28.884299],[90.496809,28.851036],[90.510939,28.854274],[90.520064,28.871347],[90.529189,28.867815],[90.524774,28.813063],[90.551855,28.809531],[90.544496,28.823072],[90.56569,28.836612],[90.553621,28.845443],[90.558626,28.876057],[90.551855,28.891953],[90.573049,28.891953],[90.58659,28.907849],[90.641342,28.919623],[90.599248,28.93964],[90.600425,28.959068],[90.661653,28.966427],[90.694622,28.982028],[90.690501,29.022062],[90.647524,29.076225],[90.665774,29.086822],[90.656649,29.139807],[90.628684,29.169244],[90.572461,29.186317],[90.435876,29.130977],[90.39437,29.097419],[90.396725,29.078874],[90.361107,29.111548],[90.366406,29.124795],[90.380535,29.111843],[90.423512,29.147461],[90.548323,29.199858],[90.661064,29.179252],[90.741131,29.142162],[90.722586,29.130977],[90.73701,29.11096],[90.729357,29.103601],[90.715816,29.11096],[90.719937,29.056797],[90.753789,29.028538],[90.791468,29.035308],[90.773806,29.016469],[90.743192,29.015586],[90.759088,28.99969],[90.832384,28.967016],[90.818255,28.980851],[90.846219,29.015586],[90.839449,29.015586],[90.846219,29.028538],[90.861821,29.019118],[90.932762,29.028243],[90.94542,29.024417],[90.941888,29.015586],[90.963376,28.993803],[91.013418,28.967604],[91.022838,28.957302],[91.017539,28.946705],[90.969852,28.960245],[90.951896,28.94435],[91.041972,28.874585],[91.002232,28.876057]]]}},{"type":"Feature","id":"ne_10m_lakes-583","properties":{"name":"石臼湖","nameEn":"Shijiu","nameOrigin":"natural-earth-name_zh","sourceName":"Shijiu Hu","sourceDataset":"ne_10m_lakes","sourceFeatureIndex":583,"sourceId":1159115009,"scalerank":5,"minZoom":4.7,"min_zoom":4.7,"featurecla":"Lake"},"geometry":{"type":"Polygon","coordinates":[[[118.82288,31.401996],[118.764302,31.484418],[118.791383,31.429077],[118.794916,31.400818],[118.784024,31.389338],[118.773427,31.39287],[118.777843,31.408766],[118.751056,31.434376],[118.732216,31.488539],[118.736043,31.504729],[118.757237,31.504729],[118.688356,31.538875],[118.722502,31.559481],[118.750172,31.542113],[118.801981,31.532105],[118.82288,31.54594],[118.839954,31.538875],[118.903242,31.547706],[118.939154,31.565662],[118.976538,31.484418],[118.956522,31.448211],[118.907952,31.439969],[118.894411,31.40229],[118.857615,31.381685],[118.82288,31.401996]]]}},{"type":"Feature","id":"ne_10m_lakes-584","properties":{"name":"洪湖","nameEn":"Hong","nameOrigin":"natural-earth-name_zh","sourceName":"Hong Hu","sourceDataset":"ne_10m_lakes","sourceFeatureIndex":584,"sourceId":1159115027,"scalerank":5,"minZoom":4.7,"min_zoom":4.7,"featurecla":"Lake"},"geometry":{"type":"Polygon","coordinates":[[[113.453384,29.956079],[113.466336,29.931353],[113.461921,29.899856],[113.445731,29.872185],[113.39039,29.851286],[113.392157,29.803304],[113.368607,29.79153],[113.356244,29.763271],[113.320037,29.736484],[113.279415,29.760621],[113.269995,29.799772],[113.246152,29.810663],[113.22172,29.861294],[113.218187,29.886021],[113.227018,29.907803],[113.271173,29.91634],[113.295311,29.906626],[113.30944,29.887492],[113.2959,29.887492],[113.305614,29.87454],[113.35124,29.846281],[113.357127,29.866887],[113.337699,29.880722],[113.35124,29.907803],[113.345647,29.925171],[113.353301,29.943127],[113.381559,29.963144],[113.436311,29.949014],[113.453384,29.956079]]]}},{"type":"Feature","id":"ne_10m_lakes-586","properties":{"name":"巢湖","nameEn":"Chao","nameOrigin":"natural-earth-name_zh","sourceName":"Chao Hu","sourceDataset":"ne_10m_lakes","sourceFeatureIndex":586,"sourceId":1159115069,"scalerank":5,"minZoom":4.7,"min_zoom":4.7,"featurecla":"Lake"},"geometry":{"type":"Polygon","coordinates":[[[117.95274,31.526806],[117.955389,31.497958],[117.925659,31.524157],[117.928602,31.538875],[117.84618,31.583324],[117.768174,31.591272],[117.749923,31.559481],[117.685163,31.508556],[117.647484,31.46234],[117.612749,31.443501],[117.547989,31.438497],[117.442018,31.484123],[117.383734,31.542996],[117.304256,31.573021],[117.288066,31.611583],[117.288949,31.661036],[117.306316,31.704308],[117.338991,31.72403],[117.360479,31.720498],[117.438192,31.690178],[117.427594,31.635132],[117.434954,31.611583],[117.452027,31.596865],[117.545929,31.580086],[117.585374,31.600397],[117.645424,31.657504],[117.706652,31.659859],[117.84618,31.607756],[117.880621,31.571844],[117.936256,31.548295],[117.95274,31.526806]]]}},{"type":"Feature","id":"ne_10m_lakes-589","properties":{"name":"","nameEn":"","nameOrigin":"natural-earth-original","sourceName":null,"sourceDataset":"ne_10m_lakes","sourceFeatureIndex":589,"sourceId":1159115135,"scalerank":5,"minZoom":4.7,"min_zoom":4.7,"featurecla":"Lake"},"geometry":{"type":"Polygon","coordinates":[[[114.857501,30.313143],[114.859267,30.301074],[114.838368,30.291654],[114.837779,30.271343],[114.796568,30.298719],[114.785088,30.292537],[114.796568,30.264867],[114.781555,30.258097],[114.773019,30.278702],[114.720916,30.313143],[114.739756,30.27988],[114.734751,30.244262],[114.752708,30.243967],[114.789209,30.223656],[114.775668,30.209527],[114.761833,30.223656],[114.755063,30.209527],[114.748881,30.223656],[114.732985,30.213648],[114.727687,30.195692],[114.679411,30.233076],[114.665576,30.229838],[114.650269,30.241024],[114.649091,30.253681],[114.700605,30.264867],[114.700605,30.271343],[114.673229,30.271343],[114.68677,30.29136],[114.679411,30.298719],[114.662338,30.29136],[114.668814,30.313143],[114.717384,30.322563],[114.748881,30.360241],[114.783027,30.332277],[114.778023,30.346406],[114.785088,30.352882],[114.809814,30.339636],[114.821883,30.345817],[114.830714,30.326095],[114.857501,30.313143]]]}},{"type":"Feature","id":"ne_10m_lakes-590","properties":{"name":"","nameEn":"","nameOrigin":"natural-earth-original","sourceName":null,"sourceDataset":"ne_10m_lakes","sourceFeatureIndex":590,"sourceId":1159115153,"scalerank":5,"minZoom":4.7,"min_zoom":4.7,"featurecla":"Lake"},"geometry":{"type":"Polygon","coordinates":[[[114.589041,30.672856],[114.613473,30.649307],[114.611118,30.634],[114.673229,30.627818],[114.642027,30.672561],[114.628192,30.717305],[114.673229,30.730257],[114.697367,30.709651],[114.707376,30.724075],[114.694718,30.729668],[114.697956,30.73585],[114.720916,30.743798],[114.709142,30.767641],[114.720916,30.784714],[114.730042,30.743798],[114.773019,30.714656],[114.783616,30.670207],[114.803633,30.655783],[114.776257,30.644597],[114.748881,30.648129],[114.717678,30.621636],[114.675584,30.609273],[114.631724,30.6131],[114.595517,30.636355],[114.570202,30.668735],[114.589041,30.672856]]]}},{"type":"Feature","id":"ne_10m_lakes-591","properties":{"name":"微山湖","nameEn":"Nansi","nameOrigin":"natural-earth-name_zh","sourceName":"Weishan Hu","sourceDataset":"ne_10m_lakes","sourceFeatureIndex":591,"sourceId":1159115165,"scalerank":5,"minZoom":4.7,"min_zoom":4.7,"featurecla":"Lake"},"geometry":{"type":"Polygon","coordinates":[[[117.338991,34.612331],[117.340463,34.579951],[117.306316,34.559051],[117.260101,34.499589],[117.201817,34.472508],[117.195047,34.527554],[117.180329,34.524022],[117.169143,34.536091],[117.129109,34.637352],[117.134113,34.723601],[117.117923,34.738024],[117.134996,34.755981],[117.147654,34.734492],[117.256569,34.68445],[117.338991,34.612331]]]}},{"type":"Feature","id":"ne_10m_lakes-592","properties":{"name":"","nameEn":"","nameOrigin":"natural-earth-original","sourceName":null,"sourceDataset":"ne_10m_lakes","sourceFeatureIndex":592,"sourceId":1159115185,"scalerank":5,"minZoom":4.7,"min_zoom":4.7,"featurecla":"Lake"},"geometry":{"type":"Polygon","coordinates":[[[114.673229,30.360241],[114.63349,30.333748],[114.617889,30.339636],[114.624659,30.3467],[114.586098,30.348761],[114.557544,30.361713],[114.550479,30.368778],[114.55725,30.385851],[114.536056,30.394976],[114.515744,30.419114],[114.467469,30.422352],[114.501909,30.449728],[114.52222,30.435893],[114.52222,30.449728],[114.558427,30.42088],[114.563726,30.435893],[114.580505,30.425296],[114.588158,30.405279],[114.590513,30.360241],[114.606409,30.369072],[114.613473,30.387911],[114.611118,30.428534],[114.638789,30.412344],[114.658805,30.435893],[114.645265,30.428534],[114.652624,30.456498],[114.601993,30.473866],[114.604348,30.51125],[114.673229,30.463269],[114.69354,30.490644],[114.666459,30.500358],[114.652624,30.524202],[114.68677,30.524202],[114.688536,30.508601],[114.700311,30.503891],[114.743582,30.509778],[114.753296,30.49506],[114.741522,30.477104],[114.778612,30.476809],[114.761833,30.464152],[114.735634,30.460914],[114.727687,30.449728],[114.755063,30.449728],[114.756534,30.415582],[114.727392,30.417936],[114.707376,30.449728],[114.68677,30.408222],[114.665576,30.387617],[114.673229,30.360241]]]}},{"type":"Feature","id":"ne_10m_lakes-593","properties":{"name":"黄塘湖","nameEn":"Futou Lake","nameOrigin":"natural-earth-name_zh","sourceName":"Huangtang Hu","sourceDataset":"ne_10m_lakes","sourceFeatureIndex":593,"sourceId":1159115205,"scalerank":5,"minZoom":4.7,"min_zoom":4.7,"featurecla":"Lake"},"geometry":{"type":"Polygon","coordinates":[[[114.305274,30.036441],[114.306452,30.012303],[114.28879,29.989342],[114.241691,29.983455],[114.244929,29.968442],[114.227562,29.969914],[114.201364,29.951958],[114.275838,29.921933],[114.25641,29.893968],[114.199597,29.900739],[114.162802,29.92105],[114.15191,29.935179],[114.158681,29.928998],[114.137192,30.008182],[114.138075,30.032025],[114.15191,30.044977],[114.145434,30.092958],[114.15191,30.113858],[114.158681,30.099435],[114.201658,30.144767],[114.229623,30.154481],[114.261708,30.140645],[114.22403,30.102673],[114.227562,30.079712],[114.243163,30.075297],[114.250817,30.034674],[114.255527,30.044977],[114.261708,30.024372],[114.289673,30.058812],[114.289673,30.032025],[114.305274,30.036441]]]}},{"type":"Feature","id":"ne_10m_lakes-594","properties":{"name":"","nameEn":"","nameOrigin":"natural-earth-original","sourceName":null,"sourceDataset":"ne_10m_lakes","sourceFeatureIndex":594,"sourceId":1159115225,"scalerank":5,"minZoom":4.7,"min_zoom":4.7,"featurecla":"Lake"},"geometry":{"type":"Polygon","coordinates":[[[114.157798,29.886904],[114.160741,29.85158],[114.138075,29.873657],[114.117764,29.846281],[114.115998,29.905743],[114.097159,29.921933],[114.075081,29.969914],[114.056242,29.976685],[114.070077,29.934296],[114.039758,29.89544],[113.967933,29.866887],[113.953803,29.901622],[114.002962,29.916929],[114.015031,29.928998],[113.992071,29.976685],[113.947033,29.94872],[113.953803,29.969914],[113.932904,29.976979],[113.926427,29.99729],[113.985006,29.983455],[114.006495,30.005827],[114.028277,29.989637],[114.058597,30.019662],[114.098042,30.035852],[114.090388,30.024372],[114.117764,29.99052],[114.131305,29.926937],[114.157798,29.886904]]]}},{"type":"Feature","id":"ne_10m_lakes-595","properties":{"name":"可可西里湖","nameEn":"Hoh Xil Hu","nameOrigin":"natural-earth-name_zh","sourceName":"Hoh Xil Hu","sourceDataset":"ne_10m_lakes","sourceFeatureIndex":595,"sourceId":1159115243,"scalerank":5,"minZoom":4.7,"min_zoom":4.7,"featurecla":"Lake"},"geometry":{"type":"Polygon","coordinates":[[[91.283056,35.630242],[91.338985,35.579906],[91.270692,35.565482],[91.300129,35.528686],[91.233014,35.526626],[91.160012,35.551353],[91.072291,35.557534],[91.003704,35.599923],[90.941888,35.614641],[90.932174,35.63142],[90.935412,35.647904],[90.956606,35.654969],[91.011946,35.628182],[91.028136,35.648787],[91.094368,35.646726],[91.149709,35.62671],[91.223005,35.634658],[91.223005,35.662328],[91.283056,35.630242]]]}},{"type":"Feature","id":"ne_10m_lakes-596","properties":{"name":"","nameEn":"","nameOrigin":"natural-earth-original","sourceName":null,"sourceDataset":"ne_10m_lakes","sourceFeatureIndex":596,"sourceId":1159115267,"scalerank":5,"minZoom":4.7,"min_zoom":4.7,"featurecla":"Lake"},"geometry":{"type":"Polygon","coordinates":[[[85.900019,30.944554],[85.898841,30.922477],[85.885889,30.913646],[85.873232,30.926009],[85.878236,30.936312],[85.841735,30.931308],[85.856453,30.91394],[85.861752,30.85595],[85.843501,30.777355],[85.815536,30.747624],[85.761373,30.758221],[85.770793,30.770585],[85.788749,30.771762],[85.771676,30.782065],[85.772854,30.795606],[85.791693,30.800315],[85.809944,30.819449],[85.785806,30.817683],[85.761962,30.830929],[85.733998,30.874201],[85.718985,30.868019],[85.675419,30.88156],[85.610659,30.86066],[85.598001,30.871257],[85.574452,30.819744],[85.522055,30.846825],[85.413435,30.87008],[85.377817,30.888625],[85.331307,30.957212],[85.353973,31.008137],[85.405193,31.045521],[85.3996,31.070247],[85.411963,31.081139],[85.446698,31.073485],[85.497034,31.041694],[85.629204,30.999011],[85.638035,31.004604],[85.627732,31.02727],[85.651576,31.03875],[85.67483,31.019028],[85.685133,31.037573],[85.747244,31.02727],[85.802879,30.996951],[85.880591,30.984293],[85.900019,30.944554]]]}},{"type":"Feature","id":"ne_10m_lakes-612","properties":{"name":"","nameEn":"","nameOrigin":"natural-earth-original","sourceName":null,"sourceDataset":"ne_10m_lakes","sourceFeatureIndex":612,"sourceId":1159115599,"scalerank":6,"minZoom":5,"min_zoom":5,"featurecla":"Lake"},"geometry":{"type":"Polygon","coordinates":[[[139.822228,53.371568],[139.843423,53.330063],[139.769537,53.332123],[139.671514,53.37304],[139.657679,53.385403],[139.651497,53.426908],[139.626182,53.441921],[139.624416,53.453696],[139.665038,53.495201],[139.727738,53.532291],[139.819579,53.567615],[139.911421,53.577034],[139.973532,53.536118],[139.959991,53.514335],[139.90465,53.501971],[139.828999,53.457228],[139.788082,53.388936],[139.822228,53.371568]]]}},{"type":"Feature","id":"ne_10m_lakes-614","properties":{"name":"琵琶湖","nameEn":"Biwa","nameOrigin":"natural-earth-name_zh","sourceName":"Biwa Ko","sourceDataset":"ne_10m_lakes","sourceFeatureIndex":614,"sourceId":1159115641,"scalerank":6,"minZoom":5,"min_zoom":5,"featurecla":"Lake"},"geometry":{"type":"Polygon","coordinates":[[[136.220978,35.385037],[136.278673,35.364726],[136.276613,35.336761],[136.252769,35.28407],[136.163282,35.225786],[136.077917,35.190462],[136.060255,35.164558],[136.078506,35.158671],[136.073796,35.149251],[135.99991,35.131884],[135.970768,35.115988],[135.964587,35.123347],[135.945159,35.056821],[135.919255,35.038865],[135.919255,34.995299],[135.909541,34.978814],[135.884814,34.990294],[135.86833,35.023558],[135.928085,35.119226],[135.936916,35.186341],[135.957227,35.219015],[136.016395,35.266702],[136.034057,35.292312],[136.067908,35.307619],[136.074384,35.321454],[136.042887,35.386509],[136.070852,35.454212],[136.09499,35.444204],[136.122366,35.486592],[136.134729,35.443321],[136.152685,35.438022],[136.163282,35.499544],[136.177706,35.495129],[136.19684,35.474818],[136.205376,35.406231],[136.220978,35.385037]]]}},{"type":"Feature","id":"ne_10m_lakes-615","properties":{"name":"烏雷格湖","nameEn":"Üüreg","nameOrigin":"natural-earth-name_zh","sourceName":"Reg Nuur","sourceDataset":"ne_10m_lakes","sourceFeatureIndex":615,"sourceId":1159115657,"scalerank":6,"minZoom":5,"min_zoom":5,"featurecla":"Lake"},"geometry":{"type":"Polygon","coordinates":[[[90.96632,50.082638],[90.868885,50.122966],[90.92923,50.192435],[90.939533,50.220694],[90.975445,50.214218],[91.051686,50.219811],[91.089659,50.209803],[91.120567,50.192435],[91.141467,50.142982],[91.130575,50.103243],[91.090542,50.089702],[90.96632,50.082638]]]}},{"type":"Feature","id":"ne_10m_lakes-616","properties":{"name":"","nameEn":"","nameOrigin":"natural-earth-original","sourceName":null,"sourceDataset":"ne_10m_lakes","sourceFeatureIndex":616,"sourceId":1159115681,"scalerank":6,"minZoom":5,"min_zoom":5,"featurecla":"Lake"},"geometry":{"type":"Polygon","coordinates":[[[90.290754,33.313596],[90.213337,33.349803],[90.160351,33.389837],[90.124144,33.357751],[90.085877,33.362461],[89.99639,33.403377],[90.016996,33.433991],[89.99639,33.45754],[89.994918,33.475202],[90.052908,33.453714],[90.137979,33.403672],[90.181251,33.396607],[90.207449,33.402789],[90.294287,33.45754],[90.302823,33.479912],[90.270149,33.602073],[90.286928,33.599424],[90.293404,33.612965],[90.298113,33.725117],[90.318719,33.680668],[90.341679,33.66389],[90.325489,33.656825],[90.344034,33.608549],[90.402024,33.530543],[90.407911,33.419862],[90.352865,33.409853],[90.339619,33.375707],[90.311654,33.361872],[90.310771,33.319189],[90.290754,33.313596]]]}},{"type":"Feature","id":"ne_10m_lakes-617","properties":{"name":"","nameEn":"","nameOrigin":"natural-earth-original","sourceName":null,"sourceDataset":"ne_10m_lakes","sourceFeatureIndex":617,"sourceId":1159115701,"scalerank":6,"minZoom":5,"min_zoom":5,"featurecla":"Lake"},"geometry":{"type":"Polygon","coordinates":[[[89.973135,33.492275],[89.972841,33.471964],[89.948703,33.45754],[89.946937,33.38601],[89.902488,33.35834],[89.870402,33.292991],[89.832429,33.27268],[89.848325,33.260317],[89.843321,33.247364],[89.82507,33.242949],[89.793573,33.266498],[89.811529,33.280039],[89.784154,33.313596],[89.777678,33.347743],[89.777383,33.383361],[89.788863,33.41162],[89.8183,33.423394],[89.728813,33.436935],[89.661404,33.492275],[89.667585,33.499046],[89.739116,33.464605],[89.788569,33.453419],[89.838022,33.470198],[89.847442,33.509349],[89.863043,33.519063],[89.929569,33.525244],[89.948703,33.519063],[89.973135,33.492275]]]}},{"type":"Feature","id":"ne_10m_lakes-618","properties":{"name":"","nameEn":"","nameOrigin":"natural-earth-original","sourceName":null,"sourceDataset":"ne_10m_lakes","sourceFeatureIndex":618,"sourceId":1159115721,"scalerank":6,"minZoom":5,"min_zoom":5,"featurecla":"Lake"},"geometry":{"type":"Polygon","coordinates":[[[75.913716,32.102877],[75.91872,32.12672],[75.945507,32.135257],[75.931083,32.166165],[75.937265,32.177645],[75.974355,32.168226],[76.006146,32.132902],[76.042353,32.167048],[76.045591,32.099933],[76.070612,32.101111],[76.080326,32.085804],[76.11094,32.081094],[76.104758,32.047536],[76.12242,32.017511],[76.172756,32.013684],[76.157449,31.980127],[76.1966,31.906242],[76.197777,31.873567],[76.18247,31.869446],[76.155389,31.887402],[76.123598,31.873273],[76.108585,31.893878],[76.08327,31.898588],[76.071201,31.923903],[75.93491,31.964526],[75.954338,32.000438],[75.958165,32.036939],[75.931378,32.055778],[75.936676,32.089042],[75.913716,32.102877]]]}},{"type":"Feature","id":"ne_10m_lakes-619","properties":{"name":"","nameEn":"","nameOrigin":"natural-earth-original","sourceName":null,"sourceDataset":"ne_10m_lakes","sourceFeatureIndex":619,"sourceId":1159115741,"scalerank":6,"minZoom":5,"min_zoom":5,"featurecla":"Lake"},"geometry":{"type":"Polygon","coordinates":[[[91.527084,32.119067],[91.532088,32.046653],[91.511482,31.971296],[91.518253,31.950396],[91.463207,31.929496],[91.463501,31.952457],[91.431415,31.980716],[91.421996,32.07344],[91.455847,32.118772],[91.483812,32.135257],[91.510894,32.135551],[91.527084,32.119067]]]}},{"type":"Feature","id":"ne_10m_lakes-620","properties":{"name":"","nameEn":"","nameOrigin":"natural-earth-original","sourceName":null,"sourceDataset":"ne_10m_lakes","sourceFeatureIndex":620,"sourceId":1159115757,"scalerank":6,"minZoom":5,"min_zoom":5,"featurecla":"Lake"},"geometry":{"type":"Polygon","coordinates":[[[87.604976,31.957461],[87.617045,31.922137],[87.610863,31.903887],[87.555228,31.850901],[87.447197,31.833239],[87.417466,31.843542],[87.409224,31.877099],[87.418938,31.912718],[87.499888,31.962465],[87.539038,31.979244],[87.604976,31.957461]]]}},{"type":"Feature","id":"ne_10m_lakes-621","properties":{"name":"班公错","nameEn":"Pangong Tso","nameOrigin":"natural-earth-name_zh","sourceName":"Banggong Co","sourceDataset":"ne_10m_lakes","sourceFeatureIndex":621,"sourceId":1159115773,"scalerank":6,"minZoom":5,"min_zoom":5,"featurecla":"Lake"},"geometry":{"type":"Polygon","coordinates":[[[78.980401,33.735715],[78.984817,33.720996],[78.970393,33.711577],[78.861773,33.689499],[78.8238,33.698919],[78.758157,33.669777],[78.727543,33.678019],[78.656307,33.738364],[78.590958,33.826967],[78.456728,33.92087],[78.435533,33.951483],[78.435533,33.978859],[78.447897,33.967674],[78.49735,33.977682],[78.511185,33.937943],[78.545331,33.896437],[78.559461,33.905857],[78.576534,33.886429],[78.61068,33.869945],[78.618334,33.846101],[78.679561,33.783107],[78.75904,33.728944],[78.785532,33.725117],[78.813497,33.746017],[78.855885,33.730416],[78.895625,33.746017],[78.913286,33.734243],[78.980401,33.735715]]]}},{"type":"Feature","id":"ne_10m_lakes-625","properties":{"name":"下查干湖","nameEn":"Dood Tsagaan","nameOrigin":"natural-earth-name_zh","sourceName":"Dood-Tsagaan Nuur","sourceDataset":"ne_10m_lakes","sourceFeatureIndex":625,"sourceId":1159115863,"scalerank":7,"minZoom":5.7,"min_zoom":5.7,"featurecla":"Lake"},"geometry":{"type":"Polygon","coordinates":[[[99.517303,51.482633],[99.508473,51.45879],[99.492871,51.450253],[99.432821,51.438479],[99.364528,51.404333],[99.436353,51.37313],[99.401913,51.311608],[99.369533,51.285998],[99.355698,51.285998],[99.350399,51.304837],[99.371299,51.339278],[99.309777,51.410514],[99.388961,51.43112],[99.476681,51.493231],[99.517303,51.482633]]]}},{"type":"Feature","id":"ne_10m_lakes-627","properties":{"name":"","nameEn":"","nameOrigin":"natural-earth-original","sourceName":null,"sourceDataset":"ne_10m_lakes","sourceFeatureIndex":627,"sourceId":1159115903,"scalerank":7,"minZoom":5.7,"min_zoom":5.7,"featurecla":"Lake"},"geometry":{"type":"Polygon","coordinates":[[[140.747415,51.658369],[140.768904,51.623928],[140.71739,51.626872],[140.644682,51.651598],[140.611419,51.630699],[140.617895,51.608916],[140.608769,51.600379],[140.558728,51.582423],[140.4139,51.557108],[140.38417,51.559757],[140.356794,51.576536],[140.332656,51.566233],[140.291739,51.603911],[140.267307,51.602145],[140.186063,51.569176],[140.178115,51.535913],[140.16163,51.52826],[140.121891,51.539151],[140.097165,51.569176],[140.187829,51.617747],[140.199603,51.637469],[140.156332,51.655425],[140.052421,51.653953],[139.941446,51.590076],[139.889049,51.571237],[139.855786,51.580657],[139.905828,51.615097],[139.942329,51.662196],[140.079797,51.763162],[140.113943,51.763751],[140.035054,51.672204],[140.111,51.680152],[140.155743,51.66926],[140.193716,51.676914],[140.179292,51.70635],[140.185768,51.746678],[140.308518,51.765223],[140.348846,51.792304],[140.373867,51.836459],[140.387408,51.925063],[140.384464,51.946551],[140.338249,51.995121],[140.339721,52.011311],[140.356205,52.02132],[140.41861,51.973338],[140.427441,51.955088],[140.427441,51.935071],[140.402715,51.894154],[140.408896,51.875904],[140.427441,51.864718],[140.452756,51.864129],[140.509274,51.893566],[140.608181,51.877081],[140.652041,51.850883],[140.480721,51.823801],[140.414489,51.839403],[140.385641,51.788183],[140.350318,51.761691],[140.287324,51.742851],[140.207257,51.73873],[140.204902,51.725778],[140.230806,51.686333],[140.250823,51.675736],[140.291151,51.687805],[140.317938,51.685156],[140.334422,51.676619],[140.322648,51.665434],[140.36062,51.624223],[140.423614,51.620101],[140.665287,51.678386],[140.725926,51.671026],[140.747415,51.658369]]]}},{"type":"Feature","id":"ne_10m_lakes-628","properties":{"name":"","nameEn":"","nameOrigin":"natural-earth-original","sourceName":null,"sourceDataset":"ne_10m_lakes","sourceFeatureIndex":628,"sourceId":1159115919,"scalerank":7,"minZoom":5.7,"min_zoom":5.7,"featurecla":"Lake"},"geometry":{"type":"Polygon","coordinates":[[[137.418451,50.371998],[137.47232,50.35934],[137.410798,50.339323],[137.377534,50.301939],[137.403438,50.287515],[137.390192,50.274563],[137.39343,50.256607],[137.424633,50.232763],[137.419923,50.214807],[137.436702,50.205682],[137.404322,50.181838],[137.393724,50.178895],[137.358106,50.270442],[137.266854,50.287515],[137.225348,50.281333],[137.139983,50.31548],[137.114667,50.308709],[137.110252,50.292519],[137.142337,50.223638],[137.133212,50.196851],[137.126147,50.192141],[137.112901,50.207742],[137.02312,50.147398],[136.991034,50.144748],[136.903019,50.110014],[136.913617,50.091469],[136.904491,50.073512],[136.853272,50.044665],[136.83561,49.973429],[136.765846,49.856566],[136.799698,49.816532],[136.786746,49.80152],[136.817065,49.760015],[136.790278,49.759131],[136.758487,49.782386],[136.746123,49.80152],[136.746123,49.842437],[136.696081,49.874817],[136.629555,49.856566],[136.581574,49.869812],[136.529471,49.863631],[136.364922,49.777676],[136.350204,49.751184],[136.295746,49.712328],[136.27308,49.664346],[136.214796,49.626962],[136.146798,49.598409],[136.104998,49.594582],[136.08086,49.609594],[136.142677,49.630789],[136.153274,49.618425],[136.171819,49.61872],[136.197429,49.63697],[136.187715,49.668762],[136.27308,49.705263],[136.22245,49.703497],[136.22451,49.718804],[136.197429,49.739409],[136.190658,49.777676],[136.198606,49.790923],[136.252769,49.822714],[136.193013,49.830662],[136.177118,49.842437],[136.329892,49.855683],[136.409665,49.897777],[136.404072,49.915733],[136.416436,49.924858],[136.404072,49.942815],[136.416141,49.955767],[136.464711,49.966658],[136.518874,49.958416],[136.560674,49.931334],[136.592465,49.88247],[136.618958,49.877171],[136.735821,49.888357],[136.769672,49.941637],[136.78027,50.014345],[136.805585,50.043782],[136.817654,50.097061],[136.852978,50.138567],[136.862103,50.172124],[136.951295,50.232763],[137.012817,50.253958],[137.077872,50.312242],[137.057855,50.350215],[137.026652,50.32225],[137.013995,50.321661],[137.058738,50.381417],[137.055794,50.434403],[137.06963,50.452065],[137.122909,50.383772],[137.146164,50.332258],[137.176484,50.348448],[137.222699,50.327843],[137.379006,50.354924],[137.418451,50.371998]],[[137.094062,50.24601],[137.074634,50.267498],[137.080815,50.285455],[137.072279,50.282805],[137.009579,50.237473],[136.935988,50.209803],[136.905669,50.1577],[136.928629,50.152402],[137.006636,50.173302],[137.079344,50.223638],[137.094062,50.24601]]]}},{"type":"Feature","id":"ne_10m_lakes-644","properties":{"name":"","nameEn":"","nameOrigin":"natural-earth-original","sourceName":null,"sourceDataset":"ne_10m_lakes","sourceFeatureIndex":644,"sourceId":1159116233,"scalerank":7,"minZoom":5.7,"min_zoom":5.7,"featurecla":"Lake"},"geometry":{"type":"Polygon","coordinates":[[[113.069239,29.393844],[113.055698,29.284635],[113.008895,29.205156],[112.993588,29.147461],[112.986228,29.170421],[112.987406,29.254021],[113.016254,29.278159],[113.021552,29.294643],[113.015665,29.322019],[112.997414,29.339386],[112.944429,29.31937],[112.816086,29.202213],[112.822268,29.250194],[112.886145,29.365585],[112.861124,29.394727],[112.846994,29.387662],[112.845522,29.367057],[112.83522,29.359403],[112.829627,29.370295],[112.827861,29.409445],[112.870543,29.442414],[112.826094,29.475088],[112.795775,29.483919],[112.774286,29.477149],[112.774286,29.483919],[112.811376,29.495105],[112.844051,29.483919],[112.979752,29.374121],[113.015076,29.357637],[113.033915,29.361169],[113.05246,29.393255],[113.069239,29.393844]]]}},{"type":"Feature","id":"ne_10m_lakes-648","properties":{"name":"","nameEn":"","nameOrigin":"natural-earth-original","sourceName":null,"sourceDataset":"ne_10m_lakes","sourceFeatureIndex":648,"sourceId":1159116317,"scalerank":7,"minZoom":5.7,"min_zoom":5.7,"featurecla":"Lake"},"geometry":{"type":"Polygon","coordinates":[[[118.839954,29.630218],[118.834361,29.628452],[118.826118,29.627274],[118.839954,29.630218]]]}},{"type":"Feature","id":"ne_10m_lakes-649","properties":{"name":"烏梁素海","nameEn":"Ulansuhai Nur","nameOrigin":"natural-earth-name_zh","sourceName":"Ulansuhai Nur","sourceDataset":"ne_10m_lakes","sourceFeatureIndex":649,"sourceId":1159116335,"scalerank":7,"minZoom":5.7,"min_zoom":5.7,"featurecla":"Lake"},"geometry":{"type":"Polygon","coordinates":[[[108.951085,40.994145],[108.944903,40.971774],[108.8772,40.90613],[108.714122,40.801042],[108.708235,40.811934],[108.732078,40.872278],[108.717654,40.920554],[108.74032,40.917905],[108.751801,40.899654],[108.800371,40.939099],[108.861598,40.93174],[108.858949,40.967064],[108.831279,40.98502],[108.821859,41.00592],[108.829218,41.027114],[108.858655,41.036828],[108.880143,41.013868],[108.897805,41.030352],[108.932834,41.030646],[108.944903,41.023582],[108.951085,40.994145]]]}},{"type":"Feature","id":"ne_10m_lakes-650","properties":{"name":"洞庭湖","nameEn":"Dongting","nameOrigin":"natural-earth-name_zh","sourceName":"Dongting Hu","sourceDataset":"ne_10m_lakes","sourceFeatureIndex":650,"sourceId":1159116351,"scalerank":7,"minZoom":5.7,"min_zoom":5.7,"featurecla":"Lake"},"geometry":{"type":"Polygon","coordinates":[[[112.885262,29.016175],[112.90469,29.031481],[112.857297,28.915796],[112.864362,28.880473],[112.846994,28.8425],[112.781351,28.817184],[112.766338,28.832786],[112.78194,28.853391],[112.842579,28.866638],[112.850232,28.883711],[112.842284,28.908732],[112.823151,28.90932],[112.78194,28.886654],[112.711292,28.867226],[112.696869,28.848093],[112.659779,28.848093],[112.658307,28.811591],[112.61062,28.776856],[112.600317,28.81012],[112.582655,28.815124],[112.575591,28.838379],[112.536734,28.793047],[112.473446,28.781272],[112.456079,28.787454],[112.360116,28.881356],[112.336861,28.886654],[112.343043,28.811591],[112.331563,28.815713],[112.319494,28.839556],[112.302715,28.811591],[112.329208,28.770675],[112.302715,28.798051],[112.295062,28.780683],[112.302715,28.763904],[112.280343,28.773618],[112.26121,28.756545],[112.26327,28.773324],[112.283581,28.795401],[112.287408,28.824543],[112.26798,28.811591],[112.26121,28.825427],[112.233245,28.790692],[112.240604,28.832197],[112.227358,28.840145],[112.214111,28.835141],[112.192917,28.811591],[112.185264,28.853391],[112.192917,28.866343],[112.159065,28.890187],[112.001875,28.931398],[111.96243,28.950826],[111.966257,28.982911],[111.978326,28.987916],[112.013649,28.975258],[112.029545,28.954358],[112.151412,28.938168],[112.157593,28.956124],[112.199099,28.976141],[112.194389,29.072398],[112.220293,29.085939],[112.252673,29.076814],[112.281521,29.004106],[112.26798,28.951709],[112.282993,28.865754],[112.294178,28.860162],[112.31655,28.873702],[112.303892,28.889598],[112.307425,28.908732],[112.319199,28.924627],[112.333329,28.924922],[112.411335,28.880473],[112.418106,28.845738],[112.428997,28.834552],[112.476684,28.845738],[112.472857,28.880473],[112.483455,28.896368],[112.525843,28.912853],[112.586482,28.914619],[112.624161,28.886654],[112.665666,28.894308],[112.703345,28.880473],[112.745733,28.889304],[112.857591,28.95583],[112.885262,29.016175]]]}},{"type":"Feature","id":"ne_10m_lakes-655","properties":{"name":"捷列茨科耶湖","nameEn":"Teletskoe","nameOrigin":"natural-earth-name_zh","sourceName":"Ozero Teletskoye","sourceDataset":"ne_10m_lakes","sourceFeatureIndex":655,"sourceId":1159116449,"scalerank":7,"minZoom":5.7,"min_zoom":5.7,"featurecla":"Lake"},"geometry":{"type":"Polygon","coordinates":[[[87.80426,51.398445],[87.844588,51.357529],[87.836346,51.346637],[87.820156,51.344282],[87.777768,51.353996],[87.74215,51.377545],[87.72802,51.428765],[87.681216,51.492936],[87.68416,51.534147],[87.652369,51.581245],[87.641477,51.689866],[87.632057,51.70635],[87.639122,51.718713],[87.418938,51.746972],[87.391856,51.761691],[87.545809,51.755509],[87.647364,51.769933],[87.72596,51.801135],[87.728315,51.788183],[87.683866,51.763162],[87.697406,51.58154],[87.721544,51.555636],[87.80426,51.398445]]]}},{"type":"Feature","id":"ne_10m_lakes-656","properties":{"name":"","nameEn":"","nameOrigin":"natural-earth-original","sourceName":null,"sourceDataset":"ne_10m_lakes","sourceFeatureIndex":656,"sourceId":1159116473,"scalerank":7,"minZoom":5.7,"min_zoom":5.7,"featurecla":"Lake"},"geometry":{"type":"Polygon","coordinates":[[[119.600002,31.648967],[119.600885,31.621297],[119.562617,31.587151],[119.552315,31.563013],[119.517874,31.555654],[119.500212,31.512088],[119.481373,31.547412],[119.496974,31.631894],[119.511692,31.651911],[119.544367,31.663097],[119.579396,31.662802],[119.600002,31.648967]]]}},{"type":"Feature","id":"ne_10m_lakes-657","properties":{"name":"滆湖","nameEn":"Ge","nameOrigin":"natural-earth-name_zh","sourceName":"Ge Hu","sourceDataset":"ne_10m_lakes","sourceFeatureIndex":657,"sourceId":1159116495,"scalerank":7,"minZoom":5.7,"min_zoom":5.7,"featurecla":"Lake"},"geometry":{"type":"Polygon","coordinates":[[[119.853155,31.703425],[119.85757,31.597748],[119.832844,31.559481],[119.844913,31.542407],[119.798992,31.512382],[119.791927,31.491188],[119.766612,31.474704],[119.72599,31.477942],[119.732171,31.540936],[119.812533,31.704013],[119.839908,31.715199],[119.853155,31.703425]]]}},{"type":"Feature","id":"ne_10m_lakes-658","properties":{"name":"","nameEn":"","nameOrigin":"natural-earth-original","sourceName":null,"sourceDataset":"ne_10m_lakes","sourceFeatureIndex":658,"sourceId":1159116521,"scalerank":7,"minZoom":5.7,"min_zoom":5.7,"featurecla":"Lake"},"geometry":{"type":"Polygon","coordinates":[[[115.2075,30.137996],[115.220452,30.107088],[115.181007,30.107088],[115.153043,30.072942],[115.136558,30.067054],[115.08475,30.079712],[115.072976,30.072942],[115.050604,30.086482],[115.009099,30.079712],[114.988493,30.086482],[114.967593,30.072942],[114.905188,30.087071],[114.892825,30.107088],[114.917846,30.125044],[114.919612,30.140645],[114.947577,30.140645],[114.954936,30.108854],[114.974953,30.134464],[114.988493,30.113858],[115.012925,30.135347],[115.112126,30.134464],[115.176592,30.146238],[115.2075,30.137996]]]}},{"type":"Feature","id":"ne_10m_lakes-660","properties":{"name":"萨瑟克湖","nameEn":"Sasykkol","nameOrigin":"natural-earth-name_zh","sourceName":"Lake Sasykkol","sourceDataset":"ne_10m_lakes","sourceFeatureIndex":660,"sourceId":1159116559,"scalerank":7,"minZoom":5.7,"min_zoom":5.7,"featurecla":"Lake"},"geometry":{"type":"Polygon","coordinates":[[[80.635317,46.621799],[80.639143,46.625625],[80.642676,46.621799],[80.635317,46.621799]]]}},{"type":"Feature","id":"ne_10m_lakes-661","properties":{"name":"萨瑟克湖","nameEn":"Sasykkol","nameOrigin":"natural-earth-name_zh","sourceName":"Lake Sasykkol","sourceDataset":"ne_10m_lakes","sourceFeatureIndex":661,"sourceId":1159116577,"scalerank":7,"minZoom":5.7,"min_zoom":5.7,"featurecla":"Lake"},"geometry":{"type":"Polygon","coordinates":[[[81.002389,46.486391],[80.933802,46.506408],[80.882288,46.491984],[80.847553,46.492573],[80.759244,46.566458],[80.741288,46.592362],[80.668874,46.607375],[80.639143,46.625625],[80.610884,46.666542],[80.615889,46.700394],[80.802221,46.686264],[80.871985,46.649469],[80.902599,46.670074],[80.975013,46.649469],[81.072153,46.649469],[81.119251,46.657122],[81.156047,46.676256],[81.202262,46.65565],[81.237586,46.612085],[81.240529,46.57264],[81.199613,46.516711],[81.17518,46.50317],[81.152809,46.509352],[81.138974,46.539671],[81.122489,46.527896],[81.128671,46.506408],[81.170176,46.491984],[81.157519,46.457838],[81.067149,46.498754],[81.002389,46.486391]]]}},{"type":"Feature","id":"ne_10m_lakes-669","properties":{"name":"","nameEn":"","nameOrigin":"natural-earth-original","sourceName":null,"sourceDataset":"ne_10m_lakes","sourceFeatureIndex":669,"sourceId":1159116737,"scalerank":7,"minZoom":5.7,"min_zoom":5.7,"featurecla":"Lake"},"geometry":{"type":"Polygon","coordinates":[[[136.396713,51.979814],[136.462356,52.054583],[136.488555,52.062825],[136.533887,52.057821],[136.492087,51.994238],[136.51387,51.996888],[136.581574,52.028385],[136.57863,52.049873],[136.598353,52.06989],[136.679891,52.107568],[136.701969,52.104625],[136.746123,52.069595],[136.697553,52.021614],[136.753188,52.021614],[136.779681,51.994533],[136.773794,51.980698],[136.723457,51.948023],[136.616603,51.957443],[136.606889,51.948317],[136.61572,51.925357],[136.575981,51.915937],[136.53477,51.887678],[136.487083,51.88238],[136.459413,51.887384],[136.444694,51.902985],[136.450582,51.933011],[136.406427,51.957737],[136.396713,51.979814]]]}},{"type":"Feature","id":"ne_10m_lakes-670","properties":{"name":"","nameEn":"","nameOrigin":"natural-earth-original","sourceName":null,"sourceDataset":"ne_10m_lakes","sourceFeatureIndex":670,"sourceId":1159116763,"scalerank":7,"minZoom":5.7,"min_zoom":5.7,"featurecla":"Lake"},"geometry":{"type":"Polygon","coordinates":[[[84.091446,30.462974],[84.089091,30.361419],[84.08026,30.333748],[84.072312,30.332277],[84.062009,30.342874],[84.051412,30.408222],[84.034339,30.425884],[84.034633,30.456498],[84.006963,30.508012],[84.03169,30.515665],[84.062009,30.504774],[84.091446,30.462974]]]}},{"type":"Feature","id":"ne_10m_lakes-678","properties":{"name":"","nameEn":"","nameOrigin":"natural-earth-original","sourceName":null,"sourceDataset":"ne_10m_lakes","sourceFeatureIndex":678,"sourceId":1159116893,"scalerank":8,"minZoom":6,"min_zoom":6,"featurecla":"Lake"},"geometry":{"type":"Polygon","coordinates":[[[91.215941,24.37052],[91.238901,24.336962],[91.183266,24.308998],[91.153241,24.256307],[91.094368,24.23629],[91.09378,24.206853],[91.065815,24.218039],[91.032846,24.175945],[91.003704,24.165937],[91.00812,24.146214],[91.049036,24.124137],[91.059045,24.107358],[91.057867,24.081749],[91.051686,24.062615],[91.017539,24.038771],[90.976328,23.960471],[90.970147,23.98137],[90.982216,24.032295],[91.029608,24.072035],[91.036967,24.092934],[91.017539,24.103826],[91.024604,24.117955],[91.006942,24.141505],[90.98251,24.151219],[90.962788,24.124726],[90.957195,24.15063],[90.949247,24.130907],[90.937472,24.13915],[90.941888,24.15063],[90.990752,24.169175],[90.996934,24.213624],[91.017539,24.180066],[91.053157,24.219511],[91.059045,24.295457],[91.075823,24.297518],[91.127631,24.263666],[91.148826,24.267198],[91.155007,24.289275],[91.134696,24.316062],[91.134696,24.339317],[91.164427,24.355213],[91.181794,24.344027],[91.215941,24.37052]]]}},{"type":"Feature","id":"ne_10m_lakes-688","properties":{"name":"贝湖","nameEn":"Bay","nameOrigin":"natural-earth-name_zh","sourceName":"Laguna de Bay","sourceDataset":"ne_10m_lakes","sourceFeatureIndex":688,"sourceId":1159117069,"scalerank":8,"minZoom":6,"min_zoom":6,"featurecla":"Lake"},"geometry":{"type":"Polygon","coordinates":[[[121.477456,14.358902],[121.475396,14.321223],[121.435362,14.344478],[121.426531,14.299734],[121.36442,14.263528],[121.306431,14.194941],[121.190157,14.18817],[121.190157,14.222317],[121.167196,14.26912],[121.066229,14.377741],[121.059459,14.404234],[121.066818,14.483123],[121.09125,14.518447],[121.125985,14.524629],[121.161603,14.508144],[121.224597,14.421012],[121.222537,14.457808],[121.248735,14.504612],[121.281704,14.513148],[121.301426,14.485184],[121.335573,14.460752],[121.34146,14.442501],[121.347053,14.408355],[121.324387,14.35478],[121.319088,14.305916],[121.388558,14.341534],[121.42918,14.398052],[121.46627,14.385689],[121.477456,14.358902]]]}},{"type":"Feature","id":"ne_10m_lakes-693","properties":{"name":"","nameEn":"","nameOrigin":"natural-earth-original","sourceName":null,"sourceDataset":"ne_10m_lakes","sourceFeatureIndex":693,"sourceId":1159117157,"scalerank":8,"minZoom":6,"min_zoom":6,"featurecla":"Lake"},"geometry":{"type":"Polygon","coordinates":[[[87.358888,34.622339],[87.360948,34.593492],[87.324447,34.569943],[87.282059,34.589665],[87.244969,34.591725],[87.214649,34.589665],[87.198165,34.569354],[87.188745,34.576713],[87.194044,34.597024],[87.180797,34.589665],[87.191983,34.615863],[87.268518,34.609976],[87.29295,34.631465],[87.358888,34.622339]]]}},{"type":"Feature","id":"ne_10m_lakes-696","properties":{"name":"多尔改错湖","nameEn":"Elsen Nur","nameOrigin":"natural-earth-name_zh","sourceName":"Elsen Nur","sourceDataset":"ne_10m_lakes","sourceFeatureIndex":696,"sourceId":1159117201,"scalerank":8,"minZoom":6,"min_zoom":6,"featurecla":"Lake"},"geometry":{"type":"Polygon","coordinates":[[[92.035745,35.211068],[91.963331,35.221665],[91.935661,35.21666],[91.944786,35.233734],[92.038688,35.271118],[92.120816,35.278183],[92.190875,35.253456],[92.233852,35.264347],[92.298612,35.222842],[92.272119,35.199587],[92.234441,35.183986],[92.194113,35.178982],[92.162027,35.189579],[92.162027,35.161614],[92.081666,35.217838],[92.035745,35.211068]]]}},{"type":"Feature","id":"ne_10m_lakes-709","properties":{"name":"","nameEn":"","nameOrigin":"natural-earth-original","sourceName":null,"sourceDataset":"ne_10m_lakes","sourceFeatureIndex":709,"sourceId":1159117431,"scalerank":8,"minZoom":6,"min_zoom":6,"featurecla":"Lake"},"geometry":{"type":"Polygon","coordinates":[[[74.660608,34.3998],[74.663257,34.375368],[74.652954,34.369481],[74.605267,34.389792],[74.587311,34.376545],[74.571121,34.382433],[74.563762,34.365654],[74.574654,34.332391],[74.557286,34.301188],[74.525495,34.305604],[74.515781,34.32091],[74.522845,34.389792],[74.541096,34.413635],[74.569944,34.419817],[74.660608,34.3998]]]}},{"type":"Feature","id":"ne_10m_lakes-710","properties":{"name":"","nameEn":"","nameOrigin":"natural-earth-original","sourceName":null,"sourceDataset":"ne_10m_lakes","sourceFeatureIndex":710,"sourceId":1159117449,"scalerank":8,"minZoom":6,"min_zoom":6,"featurecla":"Lake"},"geometry":{"type":"Polygon","coordinates":[[[73.865825,33.149636],[73.864059,33.123143],[73.823142,33.131679],[73.817549,33.149636],[73.704219,33.209686],[73.702453,33.184959],[73.714522,33.155817],[73.650056,33.132268],[73.63887,33.149636],[73.652116,33.172007],[73.646818,33.194085],[73.618559,33.211158],[73.612083,33.231469],[73.57882,33.228231],[73.577348,33.238534],[73.597953,33.245893],[73.590889,33.303588],[73.597953,33.320956],[73.614438,33.296818],[73.604724,33.27268],[73.658887,33.22146],[73.676549,33.231174],[73.680375,33.272974],[73.698626,33.293874],[73.69421,33.306826],[73.748668,33.320956],[73.753378,33.297701],[73.741603,33.270619],[73.700981,33.231469],[73.817549,33.204976],[73.810779,33.180838],[73.865825,33.149636]]]}},{"type":"Feature","id":"ne_10m_lakes-717","properties":{"name":"","nameEn":"","nameOrigin":"natural-earth-original","sourceName":null,"sourceDataset":"ne_10m_lakes","sourceFeatureIndex":717,"sourceId":1159117563,"scalerank":8,"minZoom":6,"min_zoom":6,"featurecla":"Lake"},"geometry":{"type":"Polygon","coordinates":[[[75.573137,24.836204],[75.577846,24.854454],[75.564306,24.885068],[75.571665,24.918626],[75.599041,24.926279],[75.593742,24.90273],[75.633776,24.823252],[75.639369,24.792638],[75.629949,24.765262],[75.591976,24.730527],[75.585206,24.744951],[75.555475,24.75702],[75.418301,24.7267],[75.379739,24.754959],[75.457157,24.764379],[75.530748,24.795876],[75.573137,24.836204]]]}},{"type":"Feature","id":"ne_10m_lakes-718","properties":{"name":"查干湖","nameEn":"Chagan","nameOrigin":"natural-earth-name_zh","sourceName":"Qagan Nur","sourceDataset":"ne_10m_lakes","sourceFeatureIndex":718,"sourceId":1159117583,"scalerank":8,"minZoom":6,"min_zoom":6,"featurecla":"Lake"},"geometry":{"type":"Polygon","coordinates":[[[124.363402,45.249767],[124.433461,45.232106],[124.414327,45.197665],[124.39431,45.185007],[124.345446,45.175588],[124.283629,45.178826],[124.251249,45.187068],[124.232116,45.202964],[124.246834,45.216504],[124.205034,45.247707],[124.190905,45.295983],[124.174715,45.313644],[124.102007,45.308935],[124.081401,45.32012],[124.134387,45.34102],[124.188844,45.339843],[124.321897,45.285091],[124.363402,45.249767]]]}},{"type":"Feature","id":"ne_10m_lakes-720","properties":{"name":"","nameEn":"","nameOrigin":"natural-earth-original","sourceName":null,"sourceDataset":"ne_10m_lakes","sourceFeatureIndex":720,"sourceId":1159117625,"scalerank":8,"minZoom":6,"min_zoom":6,"featurecla":"Lake"},"geometry":{"type":"Polygon","coordinates":[[[119.014806,31.138246],[119.020987,31.120584],[119.011862,31.103805],[118.944453,31.060828],[118.853494,31.101744],[118.834361,31.119995],[118.853494,31.141778],[118.894705,31.144427],[118.904419,31.157379],[118.921787,31.141778],[118.921787,31.107043],[118.933856,31.117934],[118.942098,31.154436],[118.9733,31.173864],[119.014806,31.138246]]]}},{"type":"Feature","id":"ne_10m_lakes-721","properties":{"name":"","nameEn":"","nameOrigin":"natural-earth-original","sourceName":null,"sourceDataset":"ne_10m_lakes","sourceFeatureIndex":721,"sourceId":1159117639,"scalerank":8,"minZoom":6,"min_zoom":6,"featurecla":"Lake"},"geometry":{"type":"Polygon","coordinates":[[[120.860763,31.429077],[120.862824,31.392282],[120.757441,31.375797],[120.754792,31.389927],[120.785112,31.408766],[120.764506,31.406117],[120.717408,31.375209],[120.641462,31.354014],[120.641462,31.361374],[120.690326,31.38139],[120.685322,31.401701],[120.717408,31.457042],[120.737425,31.470877],[120.748905,31.464107],[120.749199,31.445267],[120.719174,31.393165],[120.775692,31.443795],[120.783345,31.463224],[120.765389,31.477353],[120.777458,31.48324],[120.813076,31.477353],[120.802774,31.457336],[120.805423,31.436436],[120.833387,31.477353],[120.833387,31.40229],[120.860763,31.429077]]]}},{"type":"Feature","id":"ne_10m_lakes-722","properties":{"name":"","nameEn":"","nameOrigin":"natural-earth-original","sourceName":null,"sourceDataset":"ne_10m_lakes","sourceFeatureIndex":722,"sourceId":1159117663,"scalerank":8,"minZoom":6,"min_zoom":6,"featurecla":"Lake"},"geometry":{"type":"Polygon","coordinates":[[[116.289288,28.571979],[116.269566,28.55785],[116.27928,28.620549],[116.326084,28.621727],[116.336092,28.607597],[116.338447,28.55785],[116.351399,28.565209],[116.365823,28.551668],[116.393199,28.585225],[116.386134,28.544014],[116.410272,28.553434],[116.434704,28.5343],[116.45531,28.501332],[116.461197,28.468952],[116.442358,28.479254],[116.440886,28.503098],[116.420869,28.496327],[116.404679,28.522526],[116.372593,28.516933],[116.352282,28.530179],[116.342863,28.521348],[116.347867,28.496327],[116.389667,28.477194],[116.386134,28.462181],[116.359347,28.464536],[116.344629,28.441576],[116.372593,28.406841],[116.331088,28.406841],[116.313721,28.421265],[116.331088,28.462181],[116.30018,28.46954],[116.283107,28.496327],[116.276336,28.489557],[116.27251,28.508102],[116.289288,28.571979]]]}},{"type":"Feature","id":"ne_10m_lakes-723","properties":{"name":"","nameEn":"","nameOrigin":"natural-earth-original","sourceName":null,"sourceDataset":"ne_10m_lakes","sourceFeatureIndex":723,"sourceId":1159117685,"scalerank":8,"minZoom":6,"min_zoom":6,"featurecla":"Lake"},"geometry":{"type":"Polygon","coordinates":[[[116.107077,28.451584],[116.132981,28.523703],[116.12209,28.535478],[116.091476,28.475133],[116.094419,28.528413],[116.105605,28.549313],[116.169482,28.56933],[116.208044,28.592585],[116.243073,28.571979],[116.243073,28.523703],[116.202451,28.560793],[116.160357,28.523703],[116.160651,28.512812],[116.194503,28.434805],[116.23277,28.434805],[116.24896,28.400659],[116.201273,28.413317],[116.187733,28.406841],[116.145933,28.462181],[116.12886,28.45806],[116.139751,28.406841],[116.112081,28.428624],[116.107077,28.451584]]]}},{"type":"Feature","id":"ne_10m_lakes-724","properties":{"name":"","nameEn":"","nameOrigin":"natural-earth-original","sourceName":null,"sourceDataset":"ne_10m_lakes","sourceFeatureIndex":724,"sourceId":1159117701,"scalerank":8,"minZoom":6,"min_zoom":6,"featurecla":"Lake"},"geometry":{"type":"Polygon","coordinates":[[[114.405652,30.576304],[114.440387,30.524202],[114.391817,30.559526],[114.361498,30.514488],[114.371506,30.483285],[114.357965,30.46945],[114.313222,30.502125],[114.33736,30.51125],[114.319109,30.553344],[114.398882,30.602503],[114.405652,30.576304]]]}},{"type":"Feature","id":"ne_10m_lakes-725","properties":{"name":"","nameEn":"","nameOrigin":"natural-earth-original","sourceName":null,"sourceDataset":"ne_10m_lakes","sourceFeatureIndex":725,"sourceId":1159117719,"scalerank":8,"minZoom":6,"min_zoom":6,"featurecla":"Lake"},"geometry":{"type":"Polygon","coordinates":[[[112.548509,29.271094],[112.557929,29.255493],[112.547037,29.179252],[112.500822,29.168655],[112.523194,29.118025],[112.509653,29.091826],[112.494052,29.085939],[112.505532,29.114198],[112.497878,29.125972],[112.417811,29.160119],[112.411335,29.171304],[112.442244,29.223112],[112.522311,29.271683],[112.548509,29.271094]]]}},{"type":"Feature","id":"ne_10m_lakes-726","properties":{"name":"","nameEn":"","nameOrigin":"natural-earth-original","sourceName":null,"sourceDataset":"ne_10m_lakes","sourceFeatureIndex":726,"sourceId":1159117733,"scalerank":8,"minZoom":6,"min_zoom":6,"featurecla":"Lake"},"geometry":{"type":"Polygon","coordinates":[[[114.132482,30.188921],[114.111288,30.208349],[114.115409,30.225717],[114.158681,30.250443],[114.19371,30.306078],[114.219909,30.322857],[114.225501,30.30284],[114.210195,30.25427],[114.241691,30.229838],[114.227562,30.223656],[114.261708,30.223656],[114.244341,30.20099],[114.220792,30.195692],[114.241691,30.17538],[114.172222,30.177147],[114.132482,30.188921]]]}},{"type":"Feature","id":"ne_10m_lakes-727","properties":{"name":"东平湖","nameEn":"Dongping","nameOrigin":"natural-earth-name_zh","sourceName":"Dongping Hu","sourceDataset":"ne_10m_lakes","sourceFeatureIndex":727,"sourceId":1159117745,"scalerank":8,"minZoom":6,"min_zoom":6,"featurecla":"Lake"},"geometry":{"type":"Polygon","coordinates":[[[116.145933,36.020863],[116.165655,36.036465],[116.187733,36.116532],[116.207749,36.082974],[116.208044,36.020863],[116.240718,35.989366],[116.229238,35.979947],[116.24896,35.95051],[116.244839,35.920779],[116.225411,35.904589],[116.109432,35.944623],[116.105605,35.979947],[116.122678,35.972588],[116.143872,35.980241],[116.156236,35.997903],[116.145933,36.020863]]]}},{"type":"Feature","id":"ne_10m_lakes-747","properties":{"name":"艾比湖","nameEn":"Lake Ebinur","nameOrigin":"natural-earth-name_zh","sourceName":"Ebinur Hu","sourceDataset":"ne_10m_lakes","sourceFeatureIndex":747,"sourceId":1159118103,"scalerank":9,"minZoom":7,"min_zoom":7,"featurecla":"Lake"},"geometry":{"type":"Polygon","coordinates":[[[83.153896,44.87828],[83.164493,44.840307],[83.148597,44.802334],[83.11504,44.772309],[83.072063,44.754353],[83.027319,44.751703],[82.932829,44.785555],[82.86954,44.833537],[82.766513,44.843545],[82.68468,44.887994],[82.777404,44.953048],[82.803014,44.985428],[82.834805,44.992788],[82.972862,44.973654],[83.121516,44.907716],[83.153896,44.87828]]]}},{"type":"Feature","id":"ne_10m_lakes-766","properties":{"name":"马尔卡湖","nameEn":"Markakol","nameOrigin":"natural-earth-name_zh","sourceName":"Marqakol","sourceDataset":"ne_10m_lakes","sourceFeatureIndex":766,"sourceId":1159118445,"scalerank":9,"minZoom":7,"min_zoom":7,"featurecla":"Lake"},"geometry":{"type":"Polygon","coordinates":[[[86.001869,48.827175],[86.02218,48.811868],[86.02012,48.788907],[86.002752,48.768007],[85.953004,48.753289],[85.855864,48.677343],[85.805822,48.662919],[85.75372,48.662036],[85.67483,48.679404],[85.570037,48.688235],[85.535596,48.710312],[85.530886,48.734744],[85.544133,48.752995],[85.580928,48.796855],[85.606244,48.804509],[85.658346,48.806569],[85.758135,48.833945],[85.850271,48.806569],[85.878236,48.833945],[85.92504,48.807747],[86.001869,48.827175]]]}},{"type":"Feature","id":"ne_10m_lakes-767","properties":{"name":"贝洛耶湖","nameEn":"Ozero Beloye","nameOrigin":"natural-earth-name_zh","sourceName":"Ozero Beloye","sourceDataset":"ne_10m_lakes","sourceFeatureIndex":767,"sourceId":1159118459,"scalerank":9,"minZoom":7,"min_zoom":7,"featurecla":"Lake"},"geometry":{"type":"Polygon","coordinates":[[[89.619015,55.585186],[89.630496,55.546919],[89.610479,55.529846],[89.578982,55.533673],[89.564558,55.54427],[89.523936,55.622865],[89.483019,55.660249],[89.563381,55.641999],[89.619015,55.585186]]]}},{"type":"Feature","id":"ne_10m_lakes-768","properties":{"name":"","nameEn":"","nameOrigin":"natural-earth-original","sourceName":null,"sourceDataset":"ne_10m_lakes","sourceFeatureIndex":768,"sourceId":1159118473,"scalerank":9,"minZoom":7,"min_zoom":7,"featurecla":"Lake"},"geometry":{"type":"Polygon","coordinates":[[[88.564014,48.522213],[88.495722,48.539875],[88.448624,48.587562],[88.464225,48.5908],[88.521626,48.561658],[88.608758,48.578437],[88.708547,48.566368],[88.680877,48.541641],[88.564014,48.522213]]]}},{"type":"Feature","id":"ne_10m_lakes-769","properties":{"name":"阿奇特湖","nameEn":"Achit","nameOrigin":"natural-earth-name_zh","sourceName":"Achit Nuur","sourceDataset":"ne_10m_lakes","sourceFeatureIndex":769,"sourceId":1159118491,"scalerank":9,"minZoom":7,"min_zoom":7,"featurecla":"Lake"},"geometry":{"type":"Polygon","coordinates":[[[90.62368,49.522168],[90.613377,49.503329],[90.619853,49.483901],[90.653705,49.461529],[90.672545,49.425911],[90.667835,49.387055],[90.645169,49.369393],[90.633394,49.384995],[90.650173,49.40089],[90.647524,49.417375],[90.592772,49.396769],[90.540081,49.410016],[90.515648,49.430327],[90.44559,49.434153],[90.414093,49.506567],[90.558626,49.589283],[90.600425,49.598114],[90.658415,49.594582],[90.700804,49.576331],[90.695211,49.540713],[90.62368,49.522168]]]}},{"type":"Feature","id":"ne_10m_lakes-770","properties":{"name":"","nameEn":"","nameOrigin":"natural-earth-original","sourceName":null,"sourceDataset":"ne_10m_lakes","sourceFeatureIndex":770,"sourceId":1159118507,"scalerank":9,"minZoom":7,"min_zoom":7,"featurecla":"Lake"},"geometry":{"type":"Polygon","coordinates":[[[89.736467,50.495336],[89.771202,50.473553],[89.747947,50.459718],[89.667585,50.473553],[89.6564,50.504461],[89.68878,50.508877],[89.736467,50.495336]]]}},{"type":"Feature","id":"ne_10m_lakes-784","properties":{"name":"","nameEn":"","nameOrigin":"natural-earth-original","sourceName":null,"sourceDataset":"ne_10m_lakes","sourceFeatureIndex":784,"sourceId":1159118741,"scalerank":9,"minZoom":7,"min_zoom":7,"featurecla":"Lake"},"geometry":{"type":"Polygon","coordinates":[[[140.120714,52.212951],[140.115415,52.168207],[140.078914,52.140537],[140.035054,52.145247],[139.963229,52.128763],[139.945567,52.10433],[139.915542,52.09285],[139.905828,52.096088],[139.911715,52.11169],[139.895231,52.114928],[139.840773,52.110218],[139.828999,52.100798],[139.856963,52.073128],[139.835769,52.038982],[139.824289,52.027796],[139.760118,52.028385],[139.74746,52.014844],[139.788082,51.973927],[139.760118,51.959503],[139.767477,51.929184],[139.757468,51.921236],[139.719201,51.914466],[139.719201,51.933011],[139.685055,51.939192],[139.699184,51.946551],[139.672103,51.959503],[139.693297,51.960386],[139.70566,51.971867],[139.712136,52.011311],[139.630597,52.042808],[139.647376,52.061648],[139.725971,52.076955],[139.772187,52.124936],[139.815458,52.130823],[139.801623,52.172034],[139.817224,52.166441],[139.843423,52.179393],[139.894642,52.165558],[139.978241,52.207652],[140.026812,52.219427],[140.120714,52.212951]]]}},{"type":"Feature","id":"ne_10m_lakes-785","properties":{"name":"","nameEn":"","nameOrigin":"natural-earth-original","sourceName":null,"sourceDataset":"ne_10m_lakes","sourceFeatureIndex":785,"sourceId":1159118755,"scalerank":9,"minZoom":7,"min_zoom":7,"featurecla":"Lake"},"geometry":{"type":"Polygon","coordinates":[[[136.608361,51.473508],[136.601591,51.435241],[136.550077,51.391969],[136.509455,51.380783],[136.485022,51.387554],[136.4653,51.403744],[136.464711,51.440834],[136.437924,51.453491],[136.443811,51.508243],[136.424383,51.523256],[136.4235,51.53503],[136.433803,51.550926],[136.471187,51.571826],[136.517402,51.581834],[136.540657,51.563289],[136.510632,51.545922],[136.585106,51.507654],[136.608361,51.473508]]]}},{"type":"Feature","id":"ne_10m_lakes-786","properties":{"name":"駱馬湖","nameEn":"Luoma","nameOrigin":"natural-earth-name_zh","sourceName":"Luoma Hu","sourceDataset":"ne_10m_lakes","sourceFeatureIndex":786,"sourceId":1159118773,"scalerank":9,"minZoom":7,"min_zoom":7,"featurecla":"Lake"},"geometry":{"type":"Polygon","coordinates":[[[118.26506,34.098077],[118.247693,34.040381],[118.23739,34.023308],[118.2212,34.018304],[118.156146,34.050095],[118.126709,34.088068],[118.14025,34.094839],[118.160855,34.136639],[118.173513,34.138405],[118.202361,34.116033],[118.238568,34.112795],[118.26506,34.098077]]]}},{"type":"Feature","id":"ne_10m_lakes-787","properties":{"name":"","nameEn":"","nameOrigin":"natural-earth-original","sourceName":null,"sourceDataset":"ne_10m_lakes","sourceFeatureIndex":787,"sourceId":1159118791,"scalerank":9,"minZoom":7,"min_zoom":7,"featurecla":"Lake"},"geometry":{"type":"Polygon","coordinates":[[[116.915401,32.411076],[116.968386,32.381934],[116.92747,32.374869],[116.921288,32.364272],[116.941305,32.344255],[116.905981,32.315996],[116.898622,32.261539],[116.863887,32.253886],[116.828563,32.210614],[116.830918,32.24005],[116.879783,32.306871],[116.87625,32.341017],[116.892735,32.374869],[116.870363,32.391942],[116.858589,32.423439],[116.889791,32.481429],[116.867125,32.507627],[116.811785,32.469654],[116.777344,32.464356],[116.868597,32.533826],[116.912457,32.482606],[116.905098,32.443162],[116.915401,32.411076]]]}},{"type":"Feature","id":"ne_10m_lakes-788","properties":{"name":"","nameEn":"","nameOrigin":"natural-earth-original","sourceName":null,"sourceDataset":"ne_10m_lakes","sourceFeatureIndex":788,"sourceId":1159118809,"scalerank":9,"minZoom":7,"min_zoom":7,"featurecla":"Lake"},"geometry":{"type":"Polygon","coordinates":[[[116.298708,32.235929],[116.30018,32.262128],[116.32108,32.275963],[116.324906,32.300101],[116.347867,32.287737],[116.36494,32.333953],[116.400852,32.37222],[116.414687,32.378402],[116.430877,32.371631],[116.434704,32.352792],[116.33462,32.228865],[116.356698,32.217973],[116.356992,32.203549],[116.338447,32.176468],[116.337858,32.193247],[116.298708,32.235929]]]}},{"type":"Feature","id":"ne_10m_lakes-789","properties":{"name":"武昌湖","nameEn":"Wuchang","nameOrigin":"natural-earth-name_zh","sourceName":"Wuchang Hu","sourceDataset":"ne_10m_lakes","sourceFeatureIndex":789,"sourceId":1159118831,"scalerank":9,"minZoom":7,"min_zoom":7,"featurecla":"Lake"},"geometry":{"type":"Polygon","coordinates":[[[116.825031,30.311082],[116.840927,30.285473],[116.82562,30.25898],[116.774695,30.271049],[116.723475,30.244262],[116.668724,30.241907],[116.646941,30.229838],[116.5916,30.244262],[116.5916,30.250443],[116.64959,30.255447],[116.613383,30.298719],[116.550684,30.29136],[116.545974,30.30078],[116.550095,30.314909],[116.5707,30.326095],[116.613972,30.324623],[116.626335,30.339636],[116.640759,30.326095],[116.6334,30.313143],[116.677849,30.298425],[116.701398,30.271343],[116.708463,30.29136],[116.719943,30.277525],[116.739665,30.302251],[116.780876,30.329333],[116.825031,30.311082]]]}},{"type":"Feature","id":"ne_10m_lakes-790","properties":{"name":"","nameEn":"","nameOrigin":"natural-earth-original","sourceName":null,"sourceDataset":"ne_10m_lakes","sourceFeatureIndex":790,"sourceId":1159118849,"scalerank":9,"minZoom":7,"min_zoom":7,"featurecla":"Lake"},"geometry":{"type":"Polygon","coordinates":[[[117.11233,30.394976],[117.160312,30.394976],[117.160312,30.387617],[117.141178,30.382318],[117.126166,30.367895],[117.133525,30.360241],[117.124399,30.358181],[117.069942,30.371721],[117.064643,30.394976],[117.057873,30.394976],[117.051103,30.379669],[117.002533,30.354059],[117.009892,30.320208],[117.004004,30.308433],[116.98752,30.312554],[116.974274,30.351999],[116.978983,30.384085],[117.133525,30.456498],[117.13588,30.432949],[117.146771,30.422352],[117.11233,30.394976]]]}},{"type":"Feature","id":"ne_10m_lakes-791","properties":{"name":"","nameEn":"","nameOrigin":"natural-earth-original","sourceName":null,"sourceDataset":"ne_10m_lakes","sourceFeatureIndex":791,"sourceId":1159118857,"scalerank":9,"minZoom":7,"min_zoom":7,"featurecla":"Lake"},"geometry":{"type":"Polygon","coordinates":[[[114.947577,30.257802],[114.949932,30.256919],[114.953758,30.250443],[114.947577,30.257802]]]}},{"type":"Feature","id":"ne_10m_lakes-792","properties":{"name":"","nameEn":"","nameOrigin":"natural-earth-original","sourceName":null,"sourceDataset":"ne_10m_lakes","sourceFeatureIndex":792,"sourceId":1159118887,"scalerank":9,"minZoom":7,"min_zoom":7,"featurecla":"Lake"},"geometry":{"type":"Polygon","coordinates":[[[114.979368,30.246911],[114.919612,30.271343],[115.004683,30.281646],[115.015575,30.326095],[114.999385,30.348761],[114.995264,30.380847],[115.046777,30.339636],[115.033531,30.257214],[115.009982,30.245439],[114.979368,30.246911]]]}},{"type":"Feature","id":"ne_10m_lakes-793","properties":{"name":"","nameEn":"","nameOrigin":"natural-earth-original","sourceName":null,"sourceDataset":"ne_10m_lakes","sourceFeatureIndex":793,"sourceId":1159118893,"scalerank":9,"minZoom":7,"min_zoom":7,"featurecla":"Lake"},"geometry":{"type":"Polygon","coordinates":[[[114.645265,30.244262],[114.650269,30.241024],[114.652624,30.236608],[114.645265,30.244262]]]}},{"type":"Feature","id":"ne_10m_lakes-794","properties":{"name":"","nameEn":"","nameOrigin":"natural-earth-original","sourceName":null,"sourceDataset":"ne_10m_lakes","sourceFeatureIndex":794,"sourceId":1159118911,"scalerank":9,"minZoom":7,"min_zoom":7,"featurecla":"Lake"},"geometry":{"type":"Polygon","coordinates":[[[114.410362,30.458853],[114.405652,30.387617],[114.385636,30.401158],[114.378571,30.374665],[114.357965,30.422352],[114.34413,30.387617],[114.330884,30.392032],[114.316754,30.377903],[114.309984,30.387617],[114.303214,30.380847],[114.316166,30.477104],[114.362381,30.441486],[114.38799,30.435893],[114.401531,30.46474],[114.410362,30.458853]]]}},{"type":"Feature","id":"ne_10m_lakes-795","properties":{"name":"","nameEn":"","nameOrigin":"natural-earth-original","sourceName":null,"sourceDataset":"ne_10m_lakes","sourceFeatureIndex":795,"sourceId":1159118929,"scalerank":9,"minZoom":7,"min_zoom":7,"featurecla":"Lake"},"geometry":{"type":"Polygon","coordinates":[[[114.309984,30.504774],[114.313222,30.502125],[114.309984,30.497415],[114.309984,30.504774]]]}},{"type":"Feature","id":"ne_10m_lakes-796","properties":{"name":"","nameEn":"","nameOrigin":"natural-earth-original","sourceName":null,"sourceDataset":"ne_10m_lakes","sourceFeatureIndex":796,"sourceId":1159118947,"scalerank":9,"minZoom":7,"min_zoom":7,"featurecla":"Lake"},"geometry":{"type":"Polygon","coordinates":[[[114.590513,30.641653],[114.595517,30.636355],[114.597578,30.634],[114.590513,30.641653]]]}},{"type":"Feature","id":"ne_10m_lakes-797","properties":{"name":"","nameEn":"","nameOrigin":"natural-earth-original","sourceName":null,"sourceDataset":"ne_10m_lakes","sourceFeatureIndex":797,"sourceId":1159118965,"scalerank":9,"minZoom":7,"min_zoom":7,"featurecla":"Lake"},"geometry":{"type":"Polygon","coordinates":[[[114.453928,30.743798],[114.46011,30.743798],[114.437738,30.757044],[114.426258,30.784714],[114.434794,30.808852],[114.450984,30.780887],[114.481598,30.771762],[114.453634,30.82622],[114.46011,30.846825],[114.481598,30.819449],[114.488369,30.840055],[114.495728,30.840055],[114.501909,30.819449],[114.52487,30.828574],[114.560782,30.819449],[114.577855,30.830929],[114.590513,30.827103],[114.579327,30.810324],[114.517805,30.797077],[114.543415,30.792368],[114.529874,30.778533],[114.556367,30.784714],[114.536056,30.758221],[114.576383,30.771173],[114.590513,30.764403],[114.522809,30.734084],[114.488957,30.728785],[114.453928,30.743798]]]}},{"type":"Feature","id":"ne_10m_lakes-798","properties":{"name":"","nameEn":"","nameOrigin":"natural-earth-original","sourceName":null,"sourceDataset":"ne_10m_lakes","sourceFeatureIndex":798,"sourceId":1159118983,"scalerank":9,"minZoom":7,"min_zoom":7,"featurecla":"Lake"},"geometry":{"type":"Polygon","coordinates":[[[114.268479,32.956238],[114.204307,33.037483],[114.213727,33.053967],[114.245518,33.070452],[114.269362,33.055733],[114.280548,33.023059],[114.268479,32.956238]]]}},{"type":"Feature","id":"ne_10m_lakes-799","properties":{"name":"","nameEn":"","nameOrigin":"natural-earth-original","sourceName":null,"sourceDataset":"ne_10m_lakes","sourceFeatureIndex":799,"sourceId":1159119001,"scalerank":9,"minZoom":7,"min_zoom":7,"featurecla":"Lake"},"geometry":{"type":"Polygon","coordinates":[[[112.637996,33.35569],[112.629459,33.282983],[112.607087,33.27268],[112.563227,33.313302],[112.541739,33.306826],[112.484043,33.354513],[112.474329,33.3813],[112.480217,33.396607],[112.499939,33.3604],[112.534968,33.334496],[112.548509,33.35569],[112.548509,33.341561],[112.555868,33.341561],[112.562933,33.361872],[112.582655,33.327137],[112.61062,33.313596],[112.617979,33.313596],[112.62004,33.340384],[112.637996,33.35569]]]}},{"type":"Feature","id":"ne_10m_lakes-800","properties":{"name":"达里诺尔","nameEn":"Dalai Nur","nameOrigin":"natural-earth-name_zh","sourceName":"Dalai Nur","sourceDataset":"ne_10m_lakes","sourceFeatureIndex":800,"sourceId":1159119011,"scalerank":9,"minZoom":7,"min_zoom":7,"featurecla":"Lake"},"geometry":{"type":"Polygon","coordinates":[[[116.573055,43.223953],[116.46885,43.228958],[116.510945,43.268108],[116.582769,43.301371],[116.5916,43.319033],[116.570995,43.319033],[116.616327,43.37349],[116.667252,43.38762],[116.736427,43.37349],[116.701987,43.353474],[116.75615,43.315795],[116.756739,43.278116],[116.740843,43.2581],[116.674317,43.236611],[116.573055,43.223953]]]}},{"type":"Feature","id":"ne_10m_lakes-803","properties":{"name":"塔阿爾湖","nameEn":"Taal","nameOrigin":"natural-earth-name_zh","sourceName":"Lake Taal","sourceDataset":"ne_10m_lakes","sourceFeatureIndex":803,"sourceId":1159119059,"scalerank":9,"minZoom":7,"min_zoom":7,"featurecla":"Lake"},"geometry":{"type":"Polygon","coordinates":[[[121.021486,14.063066],[121.050039,14.052468],[121.031789,13.983293],[121.007062,13.962099],[120.965557,13.957389],[120.944951,13.986825],[120.932294,14.070425],[120.978215,14.070425],[120.99411,14.058356],[121.021486,14.063066]]]}},{"type":"Feature","id":"ne_10m_lakes-804","properties":{"name":"","nameEn":"","nameOrigin":"natural-earth-original","sourceName":null,"sourceDataset":"ne_10m_lakes","sourceFeatureIndex":804,"sourceId":1159119079,"scalerank":9,"minZoom":7,"min_zoom":7,"featurecla":"Lake"},"geometry":{"type":"Polygon","coordinates":[[[114.111288,30.208349],[114.110699,30.204817],[114.110699,30.209232],[114.111288,30.208349]]]}},{"type":"Feature","id":"ne_10m_lakes-806","properties":{"name":"古西諾耶湖","nameEn":"Gusinoe","nameOrigin":"natural-earth-name_zh","sourceName":"Ozero Gusinoye","sourceDataset":"ne_10m_lakes","sourceFeatureIndex":806,"sourceId":1159119111,"scalerank":9,"minZoom":7,"min_zoom":7,"featurecla":"Lake"},"geometry":{"type":"Polygon","coordinates":[[[106.501975,51.269219],[106.499621,51.226831],[106.474011,51.192685],[106.441336,51.181205],[106.365391,51.12292],[106.32153,51.114678],[106.294154,51.126158],[106.305635,51.163543],[106.370395,51.202988],[106.402775,51.263627],[106.441631,51.284526],[106.479309,51.291002],[106.501975,51.269219]]]}},{"type":"Feature","id":"ne_10m_lakes-807","properties":{"name":"","nameEn":"","nameOrigin":"natural-earth-original","sourceName":null,"sourceDataset":"ne_10m_lakes","sourceFeatureIndex":807,"sourceId":1159119127,"scalerank":9,"minZoom":7,"min_zoom":7,"featurecla":"Lake"},"geometry":{"type":"Polygon","coordinates":[[[111.232407,55.857179],[111.280683,55.866304],[111.251246,55.838634],[111.205914,55.831569],[111.232407,55.857179]]]}},{"type":"Feature","id":"ne_10m_lakes-808","properties":{"name":"","nameEn":"","nameOrigin":"natural-earth-original","sourceName":null,"sourceDataset":"ne_10m_lakes","sourceFeatureIndex":808,"sourceId":1159119137,"scalerank":9,"minZoom":7,"min_zoom":7,"featurecla":"Lake"},"geometry":{"type":"Polygon","coordinates":[[[111.811716,55.297004],[111.749016,55.298476],[111.723995,55.312311],[111.80524,55.317609],[111.811716,55.297004]]]}},{"type":"Feature","id":"ne_10m_lakes-809","properties":{"name":"布薩尼湖","nameEn":"Busani","nameOrigin":"natural-earth-name_zh","sourceName":"Ozero Busani","sourceDataset":"ne_10m_lakes","sourceFeatureIndex":809,"sourceId":1159119161,"scalerank":9,"minZoom":7,"min_zoom":7,"featurecla":"Lake"},"geometry":{"type":"Polygon","coordinates":[[[113.594385,55.384724],[113.610575,55.362353],[113.605276,55.345574],[113.592324,55.339687],[113.482232,55.330856],[113.460449,55.338509],[113.556706,55.381781],[113.594385,55.384724]]]}},{"type":"Feature","id":"ne_10m_lakes-810","properties":{"name":"巴溫特湖","nameEn":"Baunt","nameOrigin":"natural-earth-name_zh","sourceName":"Ozero Baunt","sourceDataset":"ne_10m_lakes","sourceFeatureIndex":810,"sourceId":1159119183,"scalerank":9,"minZoom":7,"min_zoom":7,"featurecla":"Lake"},"geometry":{"type":"Polygon","coordinates":[[[113.07807,55.158358],[113.035093,55.153648],[112.882024,55.169838],[112.864362,55.181024],[112.918525,55.2084],[113.027734,55.235482],[113.097204,55.276693],[113.11516,55.271688],[113.116043,55.260797],[113.103385,55.235482],[113.094849,55.173076],[113.07807,55.158358]]]}},{"type":"Feature","id":"ne_10m_lakes-811","properties":{"name":"基匹柳什湖","nameEn":"Ozero Kapyluchikan","nameOrigin":"natural-earth-name_zh","sourceName":"Ozero Kipylyushi","sourceDataset":"ne_10m_lakes","sourceFeatureIndex":811,"sourceId":1159119195,"scalerank":9,"minZoom":7,"min_zoom":7,"featurecla":"Lake"},"geometry":{"type":"Polygon","coordinates":[[[112.418106,54.824844],[112.370419,54.83603],[112.383959,54.851631],[112.406626,54.841328],[112.413985,54.857518],[112.406626,54.871942],[112.418989,54.87989],[112.446365,54.87047],[112.452841,54.845155],[112.441655,54.828376],[112.418106,54.824844]]]}},{"type":"Feature","id":"ne_10m_lakes-812","properties":{"name":"基匹柳什湖","nameEn":"Ozero Oron","nameOrigin":"natural-earth-name_zh","sourceName":"Ozero Kipylyushi","sourceDataset":"ne_10m_lakes","sourceFeatureIndex":812,"sourceId":1159119217,"scalerank":9,"minZoom":7,"min_zoom":7,"featurecla":"Lake"},"geometry":{"type":"Polygon","coordinates":[[[112.343043,54.851925],[112.34893,54.827493],[112.338922,54.811892],[112.317139,54.804238],[112.225592,54.806888],[112.195861,54.814247],[112.178493,54.831614],[112.188207,54.848687],[112.21264,54.85899],[112.26121,54.844566],[112.324204,54.871648],[112.343043,54.851925]]]}},{"type":"Feature","id":"ne_10m_lakes-813","properties":{"name":"伊辛加湖","nameEn":"Ozero Isinginskoye","nameOrigin":"natural-earth-name_zh","sourceName":"Ozero Isinginskoye","sourceDataset":"ne_10m_lakes","sourceFeatureIndex":813,"sourceId":1159119231,"scalerank":9,"minZoom":7,"min_zoom":7,"featurecla":"Lake"},"geometry":{"type":"Polygon","coordinates":[[[112.007468,52.939736],[112.000403,52.912949],[111.975382,52.901469],[111.916804,52.908533],[111.906206,52.920897],[111.954482,52.952394],[111.994516,52.949156],[112.007468,52.939736]]]}},{"type":"Feature","id":"ne_10m_lakes-814","properties":{"name":"大哈尔加湖","nameEn":"Ozero Bolshaya Kharga","nameOrigin":"natural-earth-name_zh","sourceName":"Ozero Bolshaya Kharga","sourceDataset":"ne_10m_lakes","sourceFeatureIndex":814,"sourceId":1159119255,"scalerank":9,"minZoom":7,"min_zoom":7,"featurecla":"Lake"},"geometry":{"type":"Polygon","coordinates":[[[111.880597,52.889988],[111.897376,52.878214],[111.894432,52.849955],[111.86735,52.837592],[111.811421,52.846422],[111.854693,52.883218],[111.880597,52.889988]]]}},{"type":"Feature","id":"ne_10m_lakes-815","properties":{"name":"大耶拉夫諾耶湖","nameEn":"Ozero Bolshoye Yeravnoye","nameOrigin":"natural-earth-name_zh","sourceName":"Ozero Bolshoye Yeravnoye","sourceDataset":"ne_10m_lakes","sourceFeatureIndex":815,"sourceId":1159119273,"scalerank":9,"minZoom":7,"min_zoom":7,"featurecla":"Lake"},"geometry":{"type":"Polygon","coordinates":[[[111.510581,52.564716],[111.448765,52.566777],[111.444938,52.587971],[111.41403,52.60681],[111.422566,52.640368],[111.557974,52.663622],[111.573869,52.649787],[111.57593,52.617407],[111.563861,52.592681],[111.510581,52.564716]]]}},{"type":"Feature","id":"ne_10m_lakes-816","properties":{"name":"","nameEn":"","nameOrigin":"natural-earth-original","sourceName":null,"sourceDataset":"ne_10m_lakes","sourceFeatureIndex":816,"sourceId":1159119295,"scalerank":9,"minZoom":7,"min_zoom":7,"featurecla":"Lake"},"geometry":{"type":"Polygon","coordinates":[[[111.702801,52.682462],[111.692204,52.635658],[111.671304,52.619173],[111.62921,52.616524],[111.596535,52.632714],[111.603306,52.665977],[111.634214,52.690998],[111.657469,52.695119],[111.702801,52.682462]]]}},{"type":"Feature","id":"ne_10m_lakes-817","properties":{"name":"","nameEn":"","nameOrigin":"natural-earth-original","sourceName":null,"sourceDataset":"ne_10m_lakes","sourceFeatureIndex":817,"sourceId":1159119309,"scalerank":9,"minZoom":7,"min_zoom":7,"featurecla":"Lake"},"geometry":{"type":"Polygon","coordinates":[[[111.479673,52.542344],[111.582112,52.559123],[111.580345,52.550292],[111.557385,52.531158],[111.514408,52.536163],[111.500278,52.529392],[111.479673,52.542344]]]}},{"type":"Feature","id":"ne_10m_lakes-818","properties":{"name":"","nameEn":"","nameOrigin":"natural-earth-original","sourceName":null,"sourceDataset":"ne_10m_lakes","sourceFeatureIndex":818,"sourceId":1159119329,"scalerank":9,"minZoom":7,"min_zoom":7,"featurecla":"Lake"},"geometry":{"type":"Polygon","coordinates":[[[113.127523,52.344237],[113.145185,52.338056],[113.0713,52.307736],[113.069239,52.317156],[113.08484,52.330402],[113.127523,52.344237]]]}},{"type":"Feature","id":"ne_10m_lakes-819","properties":{"name":"","nameEn":"","nameOrigin":"natural-earth-original","sourceName":null,"sourceDataset":"ne_10m_lakes","sourceFeatureIndex":819,"sourceId":1159119347,"scalerank":9,"minZoom":7,"min_zoom":7,"featurecla":"Lake"},"geometry":{"type":"Polygon","coordinates":[[[113.015665,52.28978],[113.021258,52.270352],[113.004773,52.248569],[112.966212,52.255634],[112.980341,52.273884],[113.015665,52.28978]]]}},{"type":"Feature","id":"ne_10m_lakes-820","properties":{"name":"阿拉赫列伊湖","nameEn":"Arakhley","nameOrigin":"natural-earth-name_zh","sourceName":"Ozero Arakhley","sourceDataset":"ne_10m_lakes","sourceFeatureIndex":820,"sourceId":1159119371,"scalerank":9,"minZoom":7,"min_zoom":7,"featurecla":"Lake"},"geometry":{"type":"Polygon","coordinates":[[[112.90469,52.276828],[112.937364,52.247686],[112.919113,52.218544],[112.874959,52.19941],[112.829627,52.200293],[112.83728,52.207947],[112.802545,52.203826],[112.789005,52.196172],[112.792243,52.183809],[112.751326,52.153195],[112.702756,52.136122],[112.685683,52.140243],[112.692747,52.180571],[112.727188,52.222076],[112.82109,52.230907],[112.844051,52.255634],[112.90469,52.276828]]]}},{"type":"Feature","id":"ne_10m_lakes-821","properties":{"name":"伊尔根湖","nameEn":"Ozero Irgen","nameOrigin":"natural-earth-name_zh","sourceName":"Ozero Irgen","sourceDataset":"ne_10m_lakes","sourceFeatureIndex":821,"sourceId":1159119381,"scalerank":9,"minZoom":7,"min_zoom":7,"featurecla":"Lake"},"geometry":{"type":"Polygon","coordinates":[[[112.510536,51.978343],[112.500822,51.988057],[112.502883,52.014549],[112.526432,52.032506],[112.555868,52.038687],[112.575885,52.030445],[112.567643,52.010723],[112.540267,51.987174],[112.510536,51.978343]]]}},{"type":"Feature","id":"ne_10m_lakes-822","properties":{"name":"","nameEn":"","nameOrigin":"natural-earth-original","sourceName":null,"sourceDataset":"ne_10m_lakes","sourceFeatureIndex":822,"sourceId":1159119403,"scalerank":9,"minZoom":7,"min_zoom":7,"featurecla":"Lake"},"geometry":{"type":"Polygon","coordinates":[[[116.317842,50.478852],[116.317253,50.473553],[116.317253,50.47944],[116.317842,50.478852]]]}},{"type":"Feature","id":"ne_10m_lakes-823","properties":{"name":"","nameEn":"","nameOrigin":"natural-earth-original","sourceName":null,"sourceDataset":"ne_10m_lakes","sourceFeatureIndex":823,"sourceId":1159119419,"scalerank":9,"minZoom":7,"min_zoom":7,"featurecla":"Lake"},"geometry":{"type":"Polygon","coordinates":[[[116.326378,50.467372],[116.318725,50.489743],[116.340213,50.494159],[116.386134,50.47944],[116.346984,50.464428],[116.326378,50.467372]]]}},{"type":"Feature","id":"ne_10m_lakes-824","properties":{"name":"台尔明湖","nameEn":"Telmen","nameOrigin":"natural-earth-name_zh","sourceName":"Telmen Nuur","sourceDataset":"ne_10m_lakes","sourceFeatureIndex":824,"sourceId":1159119433,"scalerank":9,"minZoom":7,"min_zoom":7,"featurecla":"Lake"},"geometry":{"type":"Polygon","coordinates":[[[97.42408,48.873095],[97.513861,48.817166],[97.510329,48.805392],[97.492078,48.804509],[97.447335,48.825408],[97.321641,48.781254],[97.291911,48.794206],[97.223618,48.777427],[97.180935,48.792145],[97.157092,48.852784],[97.162096,48.859555],[97.215965,48.841893],[97.226856,48.862498],[97.270716,48.862498],[97.298092,48.881926],[97.344013,48.89429],[97.42408,48.873095]]]}},{"type":"Feature","id":"ne_10m_lakes-825","properties":{"name":"桑根达来湖","nameEn":"Sangiin Dalai","nameOrigin":"natural-earth-name_zh","sourceName":"Sangiyn Dalay Nuur","sourceDataset":"ne_10m_lakes","sourceFeatureIndex":825,"sourceId":1159119451,"scalerank":9,"minZoom":7,"min_zoom":7,"featurecla":"Lake"},"geometry":{"type":"Polygon","coordinates":[[[99.1414,49.253414],[99.254731,49.23899],[99.228238,49.223094],[99.157002,49.231631],[99.137868,49.212497],[99.151703,49.163927],[99.12992,49.144794],[99.10019,49.160689],[99.001283,49.180412],[99.004227,49.2019],[99.054563,49.214558],[99.062217,49.222506],[99.054857,49.231337],[99.007465,49.253414],[98.913268,49.247527],[98.885892,49.274902],[98.827608,49.288149],[98.809063,49.30169],[99.023655,49.29904],[99.082528,49.260184],[99.081056,49.232514],[99.1414,49.253414]]]}},{"type":"Feature","id":"ne_10m_lakes-826","properties":{"name":"哈湖","nameEn":"Khukh Lake","nameOrigin":"natural-earth-name_zh","sourceName":"Hh Nuur","sourceDataset":"ne_10m_lakes","sourceFeatureIndex":826,"sourceId":1159119481,"scalerank":9,"minZoom":7,"min_zoom":7,"featurecla":"Lake"},"geometry":{"type":"Polygon","coordinates":[[[115.640804,49.528056],[115.633739,49.488316],[115.565447,49.467417],[115.537777,49.487728],[115.536305,49.53306],[115.509223,49.534532],[115.56427,49.570444],[115.597238,49.580158],[115.622554,49.571916],[115.640804,49.528056]]]}},{"type":"Feature","id":"ne_10m_lakes-827","properties":{"name":"","nameEn":"","nameOrigin":"natural-earth-original","sourceName":null,"sourceDataset":"ne_10m_lakes","sourceFeatureIndex":827,"sourceId":1159119499,"scalerank":9,"minZoom":7,"min_zoom":7,"featurecla":"Lake"},"geometry":{"type":"Polygon","coordinates":[[[115.840972,49.515692],[115.85098,49.502446],[115.817128,49.495676],[115.80241,49.502152],[115.796523,49.517164],[115.804765,49.525701],[115.840972,49.515692]]]}},{"type":"Feature","id":"ne_10m_lakes-828","properties":{"name":"","nameEn":"","nameOrigin":"natural-earth-original","sourceName":null,"sourceDataset":"ne_10m_lakes","sourceFeatureIndex":828,"sourceId":1159119519,"scalerank":9,"minZoom":7,"min_zoom":7,"featurecla":"Lake"},"geometry":{"type":"Polygon","coordinates":[[[116.095302,49.36851],[116.077935,49.383817],[116.087649,49.398535],[116.150348,49.395297],[116.160357,49.383817],[116.123561,49.367922],[116.095302,49.36851]]]}},{"type":"Feature","id":"ne_10m_lakes-829","properties":{"name":"","nameEn":"","nameOrigin":"natural-earth-original","sourceName":null,"sourceDataset":"ne_10m_lakes","sourceFeatureIndex":829,"sourceId":1159119525,"scalerank":9,"minZoom":7,"min_zoom":7,"featurecla":"Lake"},"geometry":{"type":"Polygon","coordinates":[[[117.266872,47.435127],[117.235963,47.433949],[117.238024,47.45426],[117.255391,47.484285],[117.27011,47.478104],[117.278646,47.448667],[117.266872,47.435127]]]}},{"type":"Feature","id":"ne_10m_lakes-830","properties":{"name":"","nameEn":"","nameOrigin":"natural-earth-original","sourceName":null,"sourceDataset":"ne_10m_lakes","sourceFeatureIndex":830,"sourceId":1159119551,"scalerank":9,"minZoom":7,"min_zoom":7,"featurecla":"Lake"},"geometry":{"type":"Polygon","coordinates":[[[117.578603,47.314437],[117.537687,47.320619],[117.580075,47.343285],[117.598914,47.335043],[117.60333,47.316498],[117.580958,47.304135],[117.578603,47.314437]]]}},{"type":"Feature","id":"ne_10m_lakes-831","properties":{"name":"","nameEn":"","nameOrigin":"natural-earth-original","sourceName":null,"sourceDataset":"ne_10m_lakes","sourceFeatureIndex":831,"sourceId":1159119569,"scalerank":9,"minZoom":7,"min_zoom":7,"featurecla":"Lake"},"geometry":{"type":"Polygon","coordinates":[[[124.334849,46.156115],[124.33426,46.165829],[124.349273,46.16995],[124.368995,46.202918],[124.395193,46.192321],[124.376354,46.152877],[124.424924,46.17672],[124.427279,46.15376],[124.410795,46.13757],[124.385479,46.134037],[124.334849,46.156115]]]}},{"type":"Feature","id":"ne_10m_lakes-832","properties":{"name":"","nameEn":"","nameOrigin":"natural-earth-original","sourceName":null,"sourceDataset":"ne_10m_lakes","sourceFeatureIndex":832,"sourceId":1159119591,"scalerank":9,"minZoom":7,"min_zoom":7,"featurecla":"Lake"},"geometry":{"type":"Polygon","coordinates":[[[124.272443,45.357799],[124.235942,45.340432],[124.236237,45.3525],[124.270089,45.386058],[124.294521,45.354267],[124.272443,45.357799]]]}},{"type":"Feature","id":"ne_10m_lakes-833","properties":{"name":"乌拉盖戈壁","nameEn":"Ulgain Gobi","nameOrigin":"natural-earth-name_zh","sourceName":"Ulgain Gobi","sourceDataset":"ne_10m_lakes","sourceFeatureIndex":833,"sourceId":1159119607,"scalerank":9,"minZoom":7,"min_zoom":7,"featurecla":"Lake"},"geometry":{"type":"Polygon","coordinates":[[[117.63571,45.56356],[117.647484,45.539127],[117.621286,45.528236],[117.627173,45.504392],[117.609511,45.47054],[117.568595,45.437277],[117.522968,45.426386],[117.509722,45.401954],[117.435837,45.401659],[117.380496,45.439044],[117.338991,45.44287],[117.319857,45.456411],[117.384912,45.478783],[117.427594,45.512046],[117.464684,45.526175],[117.598914,45.532357],[117.573893,45.572685],[117.585374,45.587109],[117.596854,45.57033],[117.63571,45.56356]]]}},{"type":"Feature","id":"ne_10m_lakes-849","properties":{"name":"阿其克庫勒湖","nameEn":"Aqqikkol Hu","nameOrigin":"natural-earth-name_zh","sourceName":"Aqqikkol Hu","sourceDataset":"ne_10m_lakes","sourceFeatureIndex":849,"sourceId":1159119895,"scalerank":9,"minZoom":7,"min_zoom":7,"featurecla":"Lake"},"geometry":{"type":"Polygon","coordinates":[[[88.359431,36.996092],[88.308506,37.024645],[88.276421,37.060263],[88.342358,37.143568],[88.372089,37.16329],[88.415655,37.173299],[88.514855,37.165351],[88.550179,37.148867],[88.557538,37.089994],[88.540171,37.039069],[88.525453,37.043484],[88.517799,37.062324],[88.470995,37.067622],[88.455394,37.009927],[88.440381,36.991971],[88.420365,36.983434],[88.359431,36.996092]]]}},{"type":"Feature","id":"ne_10m_lakes-850","properties":{"name":"","nameEn":"","nameOrigin":"natural-earth-original","sourceName":null,"sourceDataset":"ne_10m_lakes","sourceFeatureIndex":850,"sourceId":1159119911,"scalerank":9,"minZoom":7,"min_zoom":7,"featurecla":"Lake"},"geometry":{"type":"Polygon","coordinates":[[[95.295239,36.962828],[95.293767,36.907488],[95.279637,36.88335],[95.259326,36.876874],[95.236955,36.893947],[95.201042,36.947816],[95.148351,36.96695],[95.116854,37.000213],[95.028545,37.010221],[94.972027,37.027589],[95.019714,37.035242],[95.064163,37.054964],[95.087123,37.052021],[95.193683,37.027294],[95.295239,36.962828]]]}},{"type":"Feature","id":"ne_10m_lakes-851","properties":{"name":"尕斯库乐湖","nameEn":"Gas Hure Hu","nameOrigin":"natural-earth-name_zh","sourceName":"Gas Hu","sourceDataset":"ne_10m_lakes","sourceFeatureIndex":851,"sourceId":1159119929,"scalerank":9,"minZoom":7,"min_zoom":7,"featurecla":"Lake"},"geometry":{"type":"Polygon","coordinates":[[[90.80177,38.17031],[90.899499,38.122034],[90.985748,38.100251],[91.007237,38.081118],[91.003704,38.056097],[91.020189,38.05021],[90.976328,38.049326],[90.969852,38.021362],[90.914217,37.996635],[90.880954,38.042556],[90.850929,38.061395],[90.761148,38.090537],[90.738482,38.085533],[90.709046,38.09407],[90.709046,38.13116],[90.728768,38.153237],[90.80177,38.17031]]]}},{"type":"Feature","id":"ne_10m_lakes-852","properties":{"name":"库赛湖","nameEn":"Hoh Sai Hu","nameOrigin":"natural-earth-name_zh","sourceName":"Hoh Sai Hu","sourceDataset":"ne_10m_lakes","sourceFeatureIndex":852,"sourceId":1159119947,"scalerank":9,"minZoom":7,"min_zoom":7,"featurecla":"Lake"},"geometry":{"type":"Polygon","coordinates":[[[92.996255,35.718846],[93.038938,35.700006],[93.025986,35.681167],[92.983597,35.666743],[92.914422,35.66586],[92.826701,35.737096],[92.806684,35.771831],[92.674221,35.82776],[92.607106,35.843362],[92.621235,35.858374],[92.771655,35.850132],[92.785785,35.857786],[92.82258,35.818929],[92.887046,35.796558],[92.954455,35.758879],[92.996255,35.718846]]]}},{"type":"Feature","id":"ne_10m_lakes-853","properties":{"name":"卓乃湖","nameEn":"Huiten Nur","nameOrigin":"natural-earth-name_zh","sourceName":"Huiten Nur","sourceDataset":"ne_10m_lakes","sourceFeatureIndex":853,"sourceId":1159119961,"scalerank":9,"minZoom":7,"min_zoom":7,"featurecla":"Lake"},"geometry":{"type":"Polygon","coordinates":[[[92.038688,35.574902],[92.099916,35.562833],[92.099916,35.556062],[92.052229,35.528098],[92.031624,35.549292],[91.970102,35.518678],[91.907991,35.507492],[91.880909,35.521327],[91.839698,35.521327],[91.784652,35.569603],[91.804963,35.583144],[91.812028,35.61052],[91.86207,35.639367],[91.904164,35.645843],[91.966864,35.631125],[92.038688,35.574902]]]}},{"type":"Feature","id":"ne_10m_lakes-854","properties":{"name":"","nameEn":"","nameOrigin":"natural-earth-original","sourceName":null,"sourceDataset":"ne_10m_lakes","sourceFeatureIndex":854,"sourceId":1159119979,"scalerank":9,"minZoom":7,"min_zoom":7,"featurecla":"Lake"},"geometry":{"type":"Polygon","coordinates":[[[90.215397,35.703539],[90.083522,35.736213],[90.057912,35.757407],[90.060267,35.788021],[90.101478,35.79332],[90.188316,35.785372],[90.223051,35.803034],[90.244833,35.806566],[90.283984,35.794497],[90.328727,35.818046],[90.346095,35.812748],[90.324312,35.741217],[90.296347,35.715313],[90.258669,35.70295],[90.215397,35.703539]]]}},{"type":"Feature","id":"ne_10m_lakes-855","properties":{"name":"","nameEn":"","nameOrigin":"natural-earth-original","sourceName":null,"sourceDataset":"ne_10m_lakes","sourceFeatureIndex":855,"sourceId":1159119997,"scalerank":9,"minZoom":7,"min_zoom":7,"featurecla":"Lake"},"geometry":{"type":"Polygon","coordinates":[[[90.354631,35.151017],[90.240124,35.161026],[90.201856,35.143364],[90.19067,35.156316],[90.17448,35.150134],[90.092058,35.219015],[90.110015,35.21931],[90.126205,35.252573],[90.141806,35.257577],[90.213631,35.234322],[90.21157,35.223431],[90.154169,35.205475],[90.261318,35.178393],[90.270149,35.191051],[90.250426,35.197821],[90.264556,35.231673],[90.274564,35.244919],[90.290754,35.239621],[90.303706,35.276122],[90.339619,35.287897],[90.364934,35.263759],[90.383773,35.216366],[90.400552,35.205475],[90.373765,35.266702],[90.389661,35.280243],[90.39437,35.259932],[90.418214,35.263759],[90.483563,35.219015],[90.529778,35.216955],[90.551855,35.197821],[90.560686,35.21666],[90.585707,35.206063],[90.619559,35.219015],[90.648995,35.204886],[90.643697,35.194583],[90.575993,35.188402],[90.517709,35.17074],[90.481208,35.183692],[90.455598,35.219015],[90.437936,35.165735],[90.422629,35.147191],[90.400552,35.164558],[90.354631,35.151017]]]}},{"type":"Feature","id":"ne_10m_lakes-856","properties":{"name":"","nameEn":"","nameOrigin":"natural-earth-original","sourceName":null,"sourceDataset":"ne_10m_lakes","sourceFeatureIndex":856,"sourceId":1159120019,"scalerank":9,"minZoom":7,"min_zoom":7,"featurecla":"Lake"},"geometry":{"type":"Polygon","coordinates":[[[90.733184,34.835459],[90.698743,34.835459],[90.653705,34.855181],[90.555388,34.835459],[90.486801,34.835459],[90.476204,34.849],[90.460897,34.84635],[90.442057,34.815148],[90.366406,34.794542],[90.366406,34.787183],[90.420274,34.78159],[90.435287,34.769816],[90.499164,34.757452],[90.483268,34.71477],[90.435287,34.705056],[90.460602,34.694164],[90.460308,34.68445],[90.442352,34.683567],[90.339619,34.753331],[90.30665,34.747738],[90.290754,34.777175],[90.297525,34.79101],[90.352865,34.800724],[90.338441,34.813382],[90.256608,34.835459],[90.268677,34.880497],[90.301057,34.879908],[90.339619,34.904046],[90.388778,34.909639],[90.428222,34.88344],[90.469728,34.885795],[90.499164,34.864601],[90.51035,34.890799],[90.531544,34.896687],[90.649584,34.88138],[90.674899,34.869016],[90.715816,34.869016],[90.733772,34.85106],[90.733184,34.835459]]]}},{"type":"Feature","id":"ne_10m_lakes-857","properties":{"name":"","nameEn":"","nameOrigin":"natural-earth-original","sourceName":null,"sourceDataset":"ne_10m_lakes","sourceFeatureIndex":857,"sourceId":1159120043,"scalerank":9,"minZoom":7,"min_zoom":7,"featurecla":"Lake"},"geometry":{"type":"Polygon","coordinates":[[[90.388778,34.909639],[90.387894,34.909933],[90.39437,34.909933],[90.388778,34.909639]]]}},{"type":"Feature","id":"ne_10m_lakes-858","properties":{"name":"","nameEn":"","nameOrigin":"natural-earth-original","sourceName":null,"sourceDataset":"ne_10m_lakes","sourceFeatureIndex":858,"sourceId":1159120061,"scalerank":9,"minZoom":7,"min_zoom":7,"featurecla":"Lake"},"geometry":{"type":"Polygon","coordinates":[[[89.374693,35.265525],[89.387056,35.246391],[89.386173,35.223725],[89.372338,35.215189],[89.300219,35.24227],[89.290799,35.250512],[89.30434,35.266702],[89.236048,35.274945],[89.180413,35.299377],[89.139791,35.294078],[89.135081,35.304381],[89.153626,35.328813],[89.181002,35.330579],[89.172759,35.3556],[89.1863,35.371496],[89.280497,35.384154],[89.302574,35.379149],[89.335837,35.320277],[89.349967,35.252279],[89.374693,35.265525]]]}},{"type":"Feature","id":"ne_10m_lakes-859","properties":{"name":"","nameEn":"","nameOrigin":"natural-earth-original","sourceName":null,"sourceDataset":"ne_10m_lakes","sourceFeatureIndex":859,"sourceId":1159120079,"scalerank":9,"minZoom":7,"min_zoom":7,"featurecla":"Lake"},"geometry":{"type":"Polygon","coordinates":[[[89.229572,34.59202],[89.229866,34.539329],[89.204845,34.533736],[89.18424,34.561112],[89.128016,34.579657],[89.086511,34.58054],[89.07768,34.568471],[89.070321,34.503711],[89.029698,34.491053],[88.989076,34.49488],[88.94551,34.512836],[88.941978,34.533736],[88.914013,34.513425],[88.920784,34.581717],[88.888109,34.574652],[88.868092,34.587899],[88.838362,34.629993],[88.876335,34.645594],[88.895763,34.637352],[88.900473,34.615569],[88.923727,34.621456],[89.021456,34.599379],[89.105644,34.602028],[89.139791,34.615569],[89.170699,34.595847],[89.216914,34.599379],[89.229572,34.59202]]]}},{"type":"Feature","id":"ne_10m_lakes-860","properties":{"name":"","nameEn":"","nameOrigin":"natural-earth-original","sourceName":null,"sourceDataset":"ne_10m_lakes","sourceFeatureIndex":860,"sourceId":1159120097,"scalerank":9,"minZoom":7,"min_zoom":7,"featurecla":"Lake"},"geometry":{"type":"Polygon","coordinates":[[[89.602825,36.274016],[89.611656,36.253705],[89.554255,36.230745],[89.530706,36.242519],[89.519815,36.265774],[89.45476,36.27696],[89.356443,36.336127],[89.29757,36.347607],[89.295804,36.382637],[89.277847,36.420021],[89.282852,36.457405],[89.339369,36.424142],[89.482725,36.372334],[89.510395,36.350551],[89.551312,36.29315],[89.57751,36.291384],[89.602825,36.274016]]]}},{"type":"Feature","id":"ne_10m_lakes-861","properties":{"name":"","nameEn":"","nameOrigin":"natural-earth-original","sourceName":null,"sourceDataset":"ne_10m_lakes","sourceFeatureIndex":861,"sourceId":1159120117,"scalerank":9,"minZoom":7,"min_zoom":7,"featurecla":"Lake"},"geometry":{"type":"Polygon","coordinates":[[[90.633394,31.333409],[90.612494,31.28219],[90.627507,31.249515],[90.619853,31.220962],[90.627212,31.2033],[90.599837,31.14531],[90.555388,31.138246],[90.516826,31.183283],[90.535371,31.240684],[90.558626,31.271298],[90.550383,31.310154],[90.560392,31.349599],[90.601308,31.354898],[90.626918,31.34695],[90.633394,31.333409]]]}},{"type":"Feature","id":"ne_10m_lakes-862","properties":{"name":"","nameEn":"","nameOrigin":"natural-earth-original","sourceName":null,"sourceDataset":"ne_10m_lakes","sourceFeatureIndex":862,"sourceId":1159120139,"scalerank":9,"minZoom":7,"min_zoom":7,"featurecla":"Lake"},"geometry":{"type":"Polygon","coordinates":[[[88.319986,31.834122],[88.352366,31.792323],[88.307918,31.779076],[88.268473,31.791145],[88.259347,31.805275],[88.206656,31.779959],[88.135126,31.78673],[88.158969,31.817638],[88.199003,31.839126],[88.265529,31.820876],[88.280542,31.826469],[88.283485,31.855022],[88.319986,31.834122]]]}},{"type":"Feature","id":"ne_10m_lakes-863","properties":{"name":"","nameEn":"","nameOrigin":"natural-earth-original","sourceName":null,"sourceDataset":"ne_10m_lakes","sourceFeatureIndex":863,"sourceId":1159120155,"scalerank":9,"minZoom":7,"min_zoom":7,"featurecla":"Lake"},"geometry":{"type":"Polygon","coordinates":[[[88.086261,31.677521],[87.997069,31.661919],[87.898751,31.630128],[87.821628,31.62012],[87.851359,31.663097],[87.844588,31.707251],[87.851947,31.723147],[87.939962,31.769362],[88.01061,31.766419],[88.088028,31.794678],[88.108044,31.781137],[88.110105,31.760531],[88.08479,31.751112],[88.09833,31.73816],[88.142191,31.752878],[88.163385,31.748168],[88.172804,31.728151],[88.162502,31.711372],[88.086261,31.677521]]]}},{"type":"Feature","id":"ne_10m_lakes-864","properties":{"name":"","nameEn":"","nameOrigin":"natural-earth-original","sourceName":null,"sourceDataset":"ne_10m_lakes","sourceFeatureIndex":864,"sourceId":1159120165,"scalerank":9,"minZoom":7,"min_zoom":7,"featurecla":"Lake"},"geometry":{"type":"Polygon","coordinates":[[[82.45537,34.131634],[82.458314,34.116033],[82.422107,34.114561],[82.382956,34.128985],[82.338213,34.166369],[82.306716,34.178144],[82.28405,34.211113],[82.211636,34.255856],[82.18897,34.289413],[82.191325,34.32091],[82.295236,34.276461],[82.322023,34.25409],[82.37913,34.166958],[82.45537,34.131634]]]}},{"type":"Feature","id":"ne_10m_lakes-865","properties":{"name":"鲁玛江东错","nameEn":"Lumajangdong","nameOrigin":"natural-earth-name_zh","sourceName":"Lumajangdong Co","sourceDataset":"ne_10m_lakes","sourceFeatureIndex":865,"sourceId":1159120185,"scalerank":9,"minZoom":7,"min_zoom":7,"featurecla":"Lake"},"geometry":{"type":"Polygon","coordinates":[[[81.811007,34.025075],[81.809241,33.987396],[81.797172,33.978859],[81.768324,33.984158],[81.740948,34.02478],[81.717105,34.026841],[81.704741,34.012417],[81.682958,33.924991],[81.657349,33.909978],[81.650873,33.931761],[81.663825,33.978859],[81.639393,33.972089],[81.560797,34.026546],[81.454826,33.978859],[81.416265,33.950012],[81.409789,33.968262],[81.415087,33.981214],[81.451294,33.98563],[81.508989,34.067757],[81.539309,34.082476],[81.53401,34.094839],[81.522824,34.096311],[81.492505,34.088068],[81.486323,34.10102],[81.532833,34.119565],[81.573161,34.121037],[81.591411,34.110146],[81.595532,34.088068],[81.632917,34.095428],[81.751545,34.056571],[81.811007,34.025075]]]}},{"type":"Feature","id":"ne_10m_lakes-866","properties":{"name":"郭扎错","nameEn":"Guozha","nameOrigin":"natural-earth-name_zh","sourceName":"Gozha Co","sourceDataset":"ne_10m_lakes","sourceFeatureIndex":866,"sourceId":1159120203,"scalerank":9,"minZoom":7,"min_zoom":7,"featurecla":"Lake"},"geometry":{"type":"Polygon","coordinates":[[[81.230815,35.070362],[81.244062,35.051228],[81.224928,35.014727],[81.146627,35.007073],[81.101589,35.020908],[80.984138,34.982347],[80.945282,34.988234],[80.922616,35.012961],[80.952052,35.071539],[81.018284,35.086552],[81.074508,35.080664],[81.08746,35.08714],[81.09423,35.105685],[81.112481,35.094499],[81.176063,35.102742],[81.230815,35.070362]]]}},{"type":"Feature","id":"ne_10m_lakes-867","properties":{"name":"","nameEn":"","nameOrigin":"natural-earth-original","sourceName":null,"sourceDataset":"ne_10m_lakes","sourceFeatureIndex":867,"sourceId":1159120221,"scalerank":9,"minZoom":7,"min_zoom":7,"featurecla":"Lake"},"geometry":{"type":"Polygon","coordinates":[[[91.236252,33.934116],[91.243317,33.920575],[91.23949,33.890844],[91.219473,33.858464],[91.187093,33.840803],[91.147943,33.834915],[91.134107,33.851988],[91.143527,33.873771],[91.181794,33.902619],[91.181794,33.909978],[91.161483,33.910861],[91.156479,33.921458],[91.164427,33.935293],[91.198573,33.945596],[91.236252,33.934116]]]}},{"type":"Feature","id":"ne_10m_lakes-868","properties":{"name":"","nameEn":"","nameOrigin":"natural-earth-original","sourceName":null,"sourceDataset":"ne_10m_lakes","sourceFeatureIndex":868,"sourceId":1159120239,"scalerank":9,"minZoom":7,"min_zoom":7,"featurecla":"Lake"},"geometry":{"type":"Polygon","coordinates":[[[90.060562,32.477308],[90.05644,32.422556],[90.03819,32.423439],[90.01258,32.401068],[89.986382,32.41608],[89.940167,32.408721],[89.872757,32.412842],[89.876584,32.451993],[89.914557,32.478191],[89.969014,32.497913],[89.999334,32.522346],[90.024649,32.520579],[90.060562,32.477308]]]}},{"type":"Feature","id":"ne_10m_lakes-869","properties":{"name":"","nameEn":"","nameOrigin":"natural-earth-original","sourceName":null,"sourceDataset":"ne_10m_lakes","sourceFeatureIndex":869,"sourceId":1159120257,"scalerank":9,"minZoom":7,"min_zoom":7,"featurecla":"Lake"},"geometry":{"type":"Polygon","coordinates":[[[90.934823,32.111119],[90.946009,32.03429],[90.941888,32.023398],[90.925403,32.018689],[90.897733,32.020455],[90.880954,32.032524],[90.880954,32.025459],[90.852695,32.046064],[90.761148,32.050186],[90.729357,32.06667],[90.777044,32.094046],[90.799121,32.12466],[90.828852,32.132313],[90.85299,32.155274],[90.923637,32.133196],[90.934823,32.111119]]]}},{"type":"Feature","id":"ne_10m_lakes-870","properties":{"name":"","nameEn":"","nameOrigin":"natural-earth-original","sourceName":null,"sourceDataset":"ne_10m_lakes","sourceFeatureIndex":870,"sourceId":1159120275,"scalerank":9,"minZoom":7,"min_zoom":7,"featurecla":"Lake"},"geometry":{"type":"Polygon","coordinates":[[[88.818345,31.663097],[88.830708,31.597454],[88.814813,31.586856],[88.799506,31.517681],[88.736217,31.493837],[88.726798,31.475292],[88.728269,31.443501],[88.744754,31.404645],[88.714729,31.339885],[88.694123,31.38139],[88.720616,31.410238],[88.691474,31.43467],[88.693535,31.463224],[88.677639,31.509439],[88.655856,31.523274],[88.639372,31.556243],[88.598749,31.559481],[88.610524,31.573904],[88.629658,31.574493],[88.660271,31.559481],[88.680582,31.525334],[88.725326,31.518564],[88.729741,31.527984],[88.69118,31.579792],[88.604931,31.594216],[88.645553,31.626301],[88.701777,31.635132],[88.681466,31.67075],[88.69118,31.676049],[88.742693,31.647495],[88.818345,31.663097]]]}},{"type":"Feature","id":"ne_10m_lakes-871","properties":{"name":"格仁错","nameEn":"Geren Cuo","nameOrigin":"natural-earth-name_zh","sourceName":"Gyaring Co","sourceDataset":"ne_10m_lakes","sourceFeatureIndex":871,"sourceId":1159120293,"scalerank":9,"minZoom":7,"min_zoom":7,"featurecla":"Lake"},"geometry":{"type":"Polygon","coordinates":[[[88.576378,31.052586],[88.574611,31.021972],[88.547236,30.994007],[88.509263,30.983999],[88.473056,30.994596],[88.457749,31.024621],[88.377387,31.047287],[88.363847,31.069659],[88.359137,31.103805],[88.346774,31.115579],[88.256698,31.168565],[88.181047,31.169154],[88.079491,31.276891],[88.04299,31.292492],[88.03151,31.31192],[88.109516,31.308682],[88.536344,31.095857],[88.576378,31.052586]]]}},{"type":"Feature","id":"ne_10m_lakes-872","properties":{"name":"昂孜错","nameEn":"Ngangzi Co","nameOrigin":"natural-earth-name_zh","sourceName":"Ngangzi Co","sourceDataset":"ne_10m_lakes","sourceFeatureIndex":872,"sourceId":1159120311,"scalerank":9,"minZoom":7,"min_zoom":7,"featurecla":"Lake"},"geometry":{"type":"Polygon","coordinates":[[[87.303253,31.05965],[87.308257,31.010197],[87.277349,30.998717],[87.194044,31.011375],[87.15401,31.004015],[87.11957,30.987825],[87.02655,30.908936],[86.988872,30.902165],[86.962379,30.919533],[86.981218,30.963688],[86.967972,31.000777],[86.971799,31.025504],[86.982985,31.039045],[87.060991,31.069659],[87.122219,31.117934],[87.140175,31.143838],[87.169317,31.143838],[87.242908,31.107337],[87.303253,31.05965]]]}},{"type":"Feature","id":"ne_10m_lakes-873","properties":{"name":"","nameEn":"","nameOrigin":"natural-earth-original","sourceName":null,"sourceDataset":"ne_10m_lakes","sourceFeatureIndex":873,"sourceId":1159120329,"scalerank":9,"minZoom":7,"min_zoom":7,"featurecla":"Lake"},"geometry":{"type":"Polygon","coordinates":[[[86.326553,30.573066],[86.292406,30.559526],[86.276805,30.573066],[86.263264,30.613983],[86.199682,30.627818],[86.174661,30.679921],[86.182609,30.727019],[86.241187,30.717305],[86.275333,30.648129],[86.329496,30.6549],[86.336267,30.600737],[86.326553,30.573066]]]}},{"type":"Feature","id":"ne_10m_lakes-874","properties":{"name":"","nameEn":"","nameOrigin":"natural-earth-original","sourceName":null,"sourceDataset":"ne_10m_lakes","sourceFeatureIndex":874,"sourceId":1159120347,"scalerank":9,"minZoom":7,"min_zoom":7,"featurecla":"Lake"},"geometry":{"type":"Polygon","coordinates":[[[86.467259,30.360241],[86.458722,30.303134],[86.433701,30.239552],[86.433112,30.188921],[86.420455,30.169493],[86.406914,30.167727],[86.353634,30.204522],[86.320077,30.316087],[86.349219,30.361419],[86.426636,30.389089],[86.457839,30.376137],[86.467259,30.360241]]]}},{"type":"Feature","id":"ne_10m_lakes-875","properties":{"name":"","nameEn":"","nameOrigin":"natural-earth-original","sourceName":null,"sourceDataset":"ne_10m_lakes","sourceFeatureIndex":875,"sourceId":1159120365,"scalerank":9,"minZoom":7,"min_zoom":7,"featurecla":"Lake"},"geometry":{"type":"Polygon","coordinates":[[[83.946913,31.293964],[83.944852,31.313098],[83.98312,31.308682],[83.957216,31.360785],[83.976349,31.375209],[84.010496,31.391693],[84.067602,31.379035],[84.090857,31.389632],[84.07555,31.40229],[84.056122,31.396403],[84.033456,31.403762],[83.993128,31.446445],[84.014322,31.497958],[84.048763,31.514149],[84.078199,31.491482],[84.099688,31.449977],[84.109991,31.375209],[84.126475,31.34224],[84.099982,31.321634],[84.060243,31.328993],[84.040815,31.320457],[84.024625,31.264528],[84.003431,31.257757],[83.962514,31.254814],[83.962809,31.276302],[83.946913,31.293964]]]}},{"type":"Feature","id":"ne_10m_lakes-876","properties":{"name":"","nameEn":"","nameOrigin":"natural-earth-original","sourceName":null,"sourceDataset":"ne_10m_lakes","sourceFeatureIndex":876,"sourceId":1159120383,"scalerank":9,"minZoom":7,"min_zoom":7,"featurecla":"Lake"},"geometry":{"type":"Polygon","coordinates":[[[84.329586,31.183283],[84.303388,31.126765],[84.175634,31.065538],[84.150613,31.079667],[84.05465,31.066126],[84.037871,31.079667],[83.965752,31.05965],[83.925424,31.141778],[83.948385,31.196235],[84.013145,31.207715],[84.044347,31.205361],[84.06878,31.183283],[84.09645,31.203889],[84.128536,31.209776],[84.329586,31.183283]]]}},{"type":"Feature","id":"ne_10m_lakes-877","properties":{"name":"","nameEn":"","nameOrigin":"natural-earth-original","sourceName":null,"sourceDataset":"ne_10m_lakes","sourceFeatureIndex":877,"sourceId":1159120393,"scalerank":9,"minZoom":7,"min_zoom":7,"featurecla":"Lake"},"geometry":{"type":"Polygon","coordinates":[[[83.631649,30.951913],[83.643718,30.878028],[83.592499,30.857128],[83.572187,30.799138],[83.543634,30.806792],[83.519202,30.865664],[83.524206,30.895984],[83.573365,30.968692],[83.602507,30.97664],[83.631649,30.951913]]]}},{"type":"Feature","id":"ne_10m_lakes-878","properties":{"name":"","nameEn":"","nameOrigin":"natural-earth-original","sourceName":null,"sourceDataset":"ne_10m_lakes","sourceFeatureIndex":878,"sourceId":1159120415,"scalerank":9,"minZoom":7,"min_zoom":7,"featurecla":"Lake"},"geometry":{"type":"Polygon","coordinates":[[[83.499774,31.244217],[83.499185,31.21949],[83.441784,31.216252],[83.427066,31.224789],[83.421767,31.242745],[83.397335,31.251576],[83.386738,31.278363],[83.349354,31.265411],[83.324627,31.271592],[83.37408,31.316041],[83.467394,31.351071],[83.500363,31.339885],[83.541279,31.298674],[83.539513,31.27748],[83.499774,31.244217]]]}},{"type":"Feature","id":"ne_10m_lakes-879","properties":{"name":"","nameEn":"","nameOrigin":"natural-earth-original","sourceName":null,"sourceDataset":"ne_10m_lakes","sourceFeatureIndex":879,"sourceId":1159120429,"scalerank":9,"minZoom":7,"min_zoom":7,"featurecla":"Lake"},"geometry":{"type":"Polygon","coordinates":[[[84.856498,30.201284],[84.86268,30.154186],[84.848256,30.112681],[84.827945,30.108265],[84.795565,30.12681],[84.795565,30.16861],[84.77908,30.208938],[84.718147,30.31226],[84.705195,30.348467],[84.719913,30.367895],[84.761419,30.318736],[84.819114,30.223656],[84.856498,30.201284]]]}},{"type":"Feature","id":"ne_10m_lakes-880","properties":{"name":"","nameEn":"","nameOrigin":"natural-earth-original","sourceName":null,"sourceDataset":"ne_10m_lakes","sourceFeatureIndex":880,"sourceId":1159120447,"scalerank":9,"minZoom":7,"min_zoom":7,"featurecla":"Lake"},"geometry":{"type":"Polygon","coordinates":[[[84.822941,30.107088],[84.827945,30.108265],[84.829711,30.107088],[84.822941,30.107088]]]}},{"type":"Feature","id":"ne_10m_lakes-881","properties":{"name":"","nameEn":"","nameOrigin":"natural-earth-original","sourceName":null,"sourceDataset":"ne_10m_lakes","sourceFeatureIndex":881,"sourceId":1159120465,"scalerank":9,"minZoom":7,"min_zoom":7,"featurecla":"Lake"},"geometry":{"type":"Polygon","coordinates":[[[85.754014,29.875423],[85.741357,29.794768],[85.722223,29.773868],[85.665999,29.750907],[85.694258,29.868359],[85.658346,29.963144],[85.677774,29.968737],[85.709565,29.914279],[85.754014,29.875423]]]}},{"type":"Feature","id":"ne_10m_lakes-882","properties":{"name":"阿克赛钦湖","nameEn":"Aksai Chin","nameOrigin":"natural-earth-name_zh","sourceName":"Alesayqin Ha","sourceDataset":"ne_10m_lakes","sourceFeatureIndex":882,"sourceId":1159120483,"scalerank":9,"minZoom":7,"min_zoom":7,"featurecla":"Lake"},"geometry":{"type":"Polygon","coordinates":[[[79.880567,35.277005],[79.910003,35.223137],[79.905294,35.192228],[79.888809,35.165735],[79.867615,35.153667],[79.805504,35.17074],[79.798734,35.195172],[79.812274,35.214894],[79.749281,35.258755],[79.764587,35.283776],[79.835235,35.30026],[79.901761,35.283776],[79.880567,35.277005]]]}},{"type":"Feature","id":"ne_10m_lakes-896","properties":{"name":"","nameEn":"","nameOrigin":"natural-earth-original","sourceName":null,"sourceDataset":"ne_10m_lakes","sourceFeatureIndex":896,"sourceId":1159120733,"scalerank":9,"minZoom":7,"min_zoom":7,"featurecla":"Lake"},"geometry":{"type":"Polygon","coordinates":[[[78.401387,54.542843],[78.42111,54.572574],[78.445542,54.577872],[78.470268,54.570807],[78.49735,54.594651],[78.614212,54.54667],[78.606853,54.518705],[78.588014,54.50958],[78.50677,54.532246],[78.401387,54.542843]]]}},{"type":"Feature","id":"ne_10m_lakes-897","properties":{"name":"大托波利諾耶湖","nameEn":"Ozero Bolshoye Topolnoye","nameOrigin":"natural-earth-name_zh","sourceName":"Ozero Bol'shoye Topol'noye","sourceDataset":"ne_10m_lakes","sourceFeatureIndex":897,"sourceId":1159120753,"scalerank":9,"minZoom":7,"min_zoom":7,"featurecla":"Lake"},"geometry":{"type":"Polygon","coordinates":[[[78.061397,53.351846],[78.062868,53.272073],[78.007528,53.253822],[77.975148,53.259121],[77.94895,53.275311],[77.94895,53.268541],[77.928344,53.337716],[77.966906,53.37981],[77.997814,53.385403],[78.048739,53.364798],[78.061397,53.351846]]]}},{"type":"Feature","id":"ne_10m_lakes-898","properties":{"name":"库丘克湖","nameEn":"Kuchukskoe","nameOrigin":"natural-earth-name_zh","sourceName":"Ozero Kuchukskoye","sourceDataset":"ne_10m_lakes","sourceFeatureIndex":898,"sourceId":1159120771,"scalerank":9,"minZoom":7,"min_zoom":7,"featurecla":"Lake"},"geometry":{"type":"Polygon","coordinates":[[[79.772535,52.617407],[79.714546,52.664211],[79.689819,52.717491],[79.710424,52.765178],[79.792846,52.782545],[79.861728,52.754581],[79.862022,52.731326],[79.882333,52.690115],[79.870853,52.656263],[79.84436,52.635658],[79.810803,52.620056],[79.772535,52.617407]]]}},{"type":"Feature","id":"ne_10m_lakes-899","properties":{"name":"库丘克湖","nameEn":"Kuchukskoe","nameOrigin":"natural-earth-name_zh","sourceName":"Ozero Kuchukskoye","sourceDataset":"ne_10m_lakes","sourceFeatureIndex":899,"sourceId":1159120789,"scalerank":9,"minZoom":7,"min_zoom":7,"featurecla":"Lake"},"geometry":{"type":"Polygon","coordinates":[[[79.710424,52.665977],[79.714546,52.664211],[79.717784,52.659207],[79.710424,52.665977]]]}},{"type":"Feature","id":"ne_10m_lakes-900","properties":{"name":"马拉尔德湖","nameEn":"Ozero Maraldy","nameOrigin":"natural-earth-name_zh","sourceName":"Ozero Maraldy","sourceDataset":"ne_10m_lakes","sourceFeatureIndex":900,"sourceId":1159120805,"scalerank":9,"minZoom":7,"min_zoom":7,"featurecla":"Lake"},"geometry":{"type":"Polygon","coordinates":[[[77.777041,52.357778],[77.825905,52.322749],[77.822667,52.285659],[77.787932,52.276239],[77.744955,52.28507],[77.716696,52.303321],[77.76144,52.354246],[77.777041,52.357778]]]}},{"type":"Feature","id":"ne_10m_lakes-901","properties":{"name":"切尔诺库利因斯卡埃湖","nameEn":"Chernokurinskoe","nameOrigin":"natural-earth-name_zh","sourceName":"Ozero Gorkoye","sourceDataset":"ne_10m_lakes","sourceFeatureIndex":901,"sourceId":1159120829,"scalerank":9,"minZoom":7,"min_zoom":7,"featurecla":"Lake"},"geometry":{"type":"Polygon","coordinates":[[[81.500158,52.558829],[81.264373,52.43343],[81.231698,52.395457],[81.14545,52.336878],[81.108654,52.330108],[81.210504,52.405759],[81.248477,52.464338],[81.272615,52.480822],[81.461302,52.55147],[81.47867,52.570309],[81.450411,52.55353],[81.416559,52.549409],[81.519586,52.61152],[81.513405,52.595919],[81.526651,52.580906],[81.500158,52.558829]]]}},{"type":"Feature","id":"ne_10m_lakes-902","properties":{"name":"坦多沃湖","nameEn":"Tandovo","nameOrigin":"natural-earth-name_zh","sourceName":"Ozero Tandovo","sourceDataset":"ne_10m_lakes","sourceFeatureIndex":902,"sourceId":1159120841,"scalerank":9,"minZoom":7,"min_zoom":7,"featurecla":"Lake"},"geometry":{"type":"Polygon","coordinates":[[[77.945712,55.13216],[77.951893,55.168367],[77.998697,55.186323],[78.0299,55.174548],[78.068756,55.139519],[78.08318,55.146584],[78.107317,55.140108],[78.079942,55.125684],[78.098781,55.115087],[78.103196,55.10184],[78.094365,55.09036],[78.022541,55.081235],[77.976914,55.092126],[77.945712,55.13216]]]}},{"type":"Feature","id":"ne_10m_lakes-903","properties":{"name":"埃別伊特湖","nameEn":"Ebeyty Lake","nameOrigin":"natural-earth-name_zh","sourceName":"Ebeyty Lake","sourceDataset":"ne_10m_lakes","sourceFeatureIndex":903,"sourceId":1159120857,"scalerank":9,"minZoom":7,"min_zoom":7,"featurecla":"Lake"},"geometry":{"type":"Polygon","coordinates":[[[71.768186,54.698562],[71.808808,54.639689],[71.795856,54.617906],[71.733745,54.607603],[71.706664,54.611724],[71.666336,54.637039],[71.652795,54.657351],[71.651912,54.680017],[71.668396,54.698267],[71.726681,54.714163],[71.768186,54.698562]]]}},{"type":"Feature","id":"ne_10m_lakes-924","properties":{"name":"铁克湖","nameEn":"Ozero Teke","nameOrigin":"natural-earth-name_zh","sourceName":"Ozero Teke","sourceDataset":"ne_10m_lakes","sourceFeatureIndex":924,"sourceId":1159121185,"scalerank":9,"minZoom":7,"min_zoom":7,"featurecla":"Lake"},"geometry":{"type":"Polygon","coordinates":[[[73.078695,53.826066],[73.081344,53.809287],[73.046021,53.767782],[73.027476,53.759246],[72.980966,53.762189],[72.913851,53.780734],[72.851152,53.810465],[72.825542,53.843434],[72.82201,53.863156],[72.864987,53.876991],[72.915912,53.923501],[72.938872,53.933804],[72.96301,53.93086],[72.984793,53.91938],[73.078695,53.826066]]]}},{"type":"Feature","id":"ne_10m_lakes-925","properties":{"name":"奇普沙克湖","nameEn":"Qyzylqaq Lake","nameOrigin":"natural-earth-name_zh","sourceName":"Qyzylqaq Kli","sourceDataset":"ne_10m_lakes","sourceFeatureIndex":925,"sourceId":1159121201,"scalerank":9,"minZoom":7,"min_zoom":7,"featurecla":"Lake"},"geometry":{"type":"Polygon","coordinates":[[[73.853167,53.486664],[73.901737,53.454284],[73.887902,53.428086],[73.889374,53.390996],[73.86347,53.372157],[73.763386,53.369507],[73.63887,53.406303],[73.664185,53.44251],[73.746902,53.494024],[73.853167,53.486664]]]}},{"type":"Feature","id":"ne_10m_lakes-926","properties":{"name":"阿劳利湖","nameEn":"Žalauly Lake","nameOrigin":"natural-earth-name_zh","sourceName":"Žalauly Kli","sourceDataset":"ne_10m_lakes","sourceFeatureIndex":926,"sourceId":1159121215,"scalerank":9,"minZoom":7,"min_zoom":7,"featurecla":"Lake"},"geometry":{"type":"Polygon","coordinates":[[[74.145765,52.878214],[74.201694,52.816692],[74.14812,52.81051],[74.081888,52.825817],[74.060105,52.855548],[74.058339,52.895876],[74.074823,52.931199],[74.108381,52.946506],[74.123688,52.938558],[74.145765,52.878214]]]}},{"type":"Feature","id":"ne_10m_lakes-927","properties":{"name":"史莱克索湖","nameEn":"Shreksor Lake","nameOrigin":"natural-earth-name_zh","sourceName":"Shreksor Kli","sourceDataset":"ne_10m_lakes","sourceFeatureIndex":927,"sourceId":1159121231,"scalerank":9,"minZoom":7,"min_zoom":7,"featurecla":"Lake"},"geometry":{"type":"Polygon","coordinates":[[[75.871033,52.267408],[75.866323,52.220604],[75.832766,52.191757],[75.793027,52.196466],[75.72444,52.230318],[75.721791,52.248275],[75.766534,52.236206],[75.777131,52.248275],[75.763885,52.266819],[75.831588,52.319511],[75.818931,52.365726],[75.823052,52.391335],[75.84454,52.38221],[75.841891,52.343354],[75.855726,52.32422],[75.852783,52.309502],[75.871033,52.267408]]]}},{"type":"Feature","id":"ne_10m_lakes-928","properties":{"name":"加拉索湖","nameEn":"Qarasor Lake","nameOrigin":"natural-earth-name_zh","sourceName":"Qarasor Kli","sourceDataset":"ne_10m_lakes","sourceFeatureIndex":928,"sourceId":1159121247,"scalerank":9,"minZoom":7,"min_zoom":7,"featurecla":"Lake"},"geometry":{"type":"Polygon","coordinates":[[[75.583145,49.904842],[75.616997,49.882764],[75.599041,49.842437],[75.577846,49.832428],[75.513675,49.893656],[75.465399,49.902192],[75.407704,49.881587],[75.345299,49.823597],[75.289958,49.79681],[75.208419,49.810351],[75.176923,49.832134],[75.277595,49.857155],[75.315568,49.849796],[75.338234,49.863631],[75.396813,49.938694],[75.46069,49.937222],[75.583145,49.904842]]]}},{"type":"Feature","id":"ne_10m_lakes-929","properties":{"name":"萨尔特兰湖","nameEn":"Sartlan","nameOrigin":"natural-earth-name_zh","sourceName":"Ozero Sartlan","sourceDataset":"ne_10m_lakes","sourceFeatureIndex":929,"sourceId":1159121263,"scalerank":9,"minZoom":7,"min_zoom":7,"featurecla":"Lake"},"geometry":{"type":"Polygon","coordinates":[[[78.442304,54.948182],[78.394617,54.954364],[78.449957,54.98174],[78.449957,55.002934],[78.483809,55.03031],[78.548275,55.055036],[78.586837,55.05798],[78.66396,55.044734],[78.731075,55.009704],[78.732547,54.981445],[78.709586,54.954953],[78.675735,54.93523],[78.559755,54.907266],[78.514423,54.912859],[78.477039,54.934642],[78.464381,54.927282],[78.442304,54.948182]]]}},{"type":"Feature","id":"ne_10m_lakes-930","properties":{"name":"","nameEn":"","nameOrigin":"natural-earth-original","sourceName":null,"sourceDataset":"ne_10m_lakes","sourceFeatureIndex":930,"sourceId":1159121279,"scalerank":9,"minZoom":7,"min_zoom":7,"featurecla":"Lake"},"geometry":{"type":"Polygon","coordinates":[[[78.134399,54.652641],[78.087301,54.611724],[78.113499,54.605542],[78.127629,54.588469],[78.128806,54.565803],[78.090244,54.525475],[78.026367,54.499866],[77.997814,54.495745],[77.945417,54.512523],[77.894198,54.554029],[77.798529,54.564626],[77.855636,54.615845],[77.880657,54.619378],[77.938352,54.605248],[78.031371,54.61349],[78.052566,54.629092],[78.045207,54.646459],[78.092894,54.639689],[78.122919,54.657645],[78.134399,54.652641]]]}},{"type":"Feature","id":"ne_10m_lakes-931","properties":{"name":"","nameEn":"","nameOrigin":"natural-earth-original","sourceName":null,"sourceDataset":"ne_10m_lakes","sourceFeatureIndex":931,"sourceId":1159121293,"scalerank":9,"minZoom":7,"min_zoom":7,"featurecla":"Lake"},"geometry":{"type":"Polygon","coordinates":[[[77.819135,54.585231],[77.809127,54.578755],[77.805005,54.577578],[77.819135,54.585231]]]}},{"type":"Feature","id":"ne_10m_lakes-932","properties":{"name":"伊肯日波拉特湖","nameEn":"Ulken Azhbolat Lake","nameOrigin":"natural-earth-name_zh","sourceName":"Iken Zhbolat Lake","sourceDataset":"ne_10m_lakes","sourceFeatureIndex":932,"sourceId":1159121307,"scalerank":9,"minZoom":7,"min_zoom":7,"featurecla":"Lake"},"geometry":{"type":"Polygon","coordinates":[[[77.493863,53.299743],[77.512702,53.254411],[77.482971,53.22733],[77.433518,53.221737],[77.393779,53.242048],[77.401432,53.248229],[77.33314,53.235866],[77.311946,53.242048],[77.413207,53.31034],[77.45324,53.320054],[77.493863,53.299743]]]}},{"type":"Feature","id":"ne_10m_lakes-933","properties":{"name":"","nameEn":"","nameOrigin":"natural-earth-original","sourceName":null,"sourceDataset":"ne_10m_lakes","sourceFeatureIndex":933,"sourceId":1159121323,"scalerank":9,"minZoom":7,"min_zoom":7,"featurecla":"Lake"},"geometry":{"type":"Polygon","coordinates":[[[77.735241,54.893725],[77.709926,54.913447],[77.709926,54.899907],[77.706393,54.917863],[77.736419,54.935525],[77.805005,54.954364],[77.7844,54.934642],[77.846511,54.907266],[77.818252,54.891959],[77.735241,54.893725]]]}},{"type":"Feature","id":"ne_10m_lakes-940","properties":{"name":"沙拉利特吉兹湖","nameEn":"Shaghalalytengiz Lake","nameOrigin":"natural-earth-name_zh","sourceName":"Shaghalalytengiz Kli","sourceDataset":"ne_10m_lakes","sourceFeatureIndex":940,"sourceId":1159121431,"scalerank":9,"minZoom":7,"min_zoom":7,"featurecla":"Lake"},"geometry":{"type":"Polygon","coordinates":[[[70.069116,54.101297],[70.065584,54.070977],[70.046156,54.041246],[70.023784,54.036537],[70.022018,54.052432],[70.034381,54.071272],[70.0,54.092856],[70.0,54.157215],[70.048216,54.137503],[70.069116,54.101297]]]}},{"type":"Feature","id":"ne_10m_lakes-946","properties":{"name":"卡莱贝克湖","nameEn":"Qalybek Lake","nameOrigin":"natural-earth-name_zh","sourceName":"Qalybek Kli","sourceDataset":"ne_10m_lakes","sourceFeatureIndex":946,"sourceId":1159121523,"scalerank":9,"minZoom":7,"min_zoom":7,"featurecla":"Lake"},"geometry":{"type":"Polygon","coordinates":[[[70.717895,53.949994],[70.734085,53.940868],[70.695523,53.931449],[70.689047,53.87287],[70.675212,53.841373],[70.626347,53.814292],[70.599266,53.815469],[70.576306,53.832837],[70.572184,53.852853],[70.618694,53.947344],[70.717895,53.949994]]]}},{"type":"Feature","id":"ne_10m_lakes-947","properties":{"name":"基西卡罗伊湖","nameEn":"Kishi Qaraoy Lake","nameOrigin":"natural-earth-name_zh","sourceName":"Kishi Qaraoy Kli","sourceDataset":"ne_10m_lakes","sourceFeatureIndex":947,"sourceId":1159121537,"scalerank":9,"minZoom":7,"min_zoom":7,"featurecla":"Lake"},"geometry":{"type":"Polygon","coordinates":[[[71.422602,54.068034],[71.422014,54.046839],[71.39817,54.022701],[71.41907,54.022701],[71.41907,54.015931],[71.385218,54.000035],[71.294554,54.000919],[71.260997,54.022701],[71.269239,54.061852],[71.297203,54.085107],[71.326345,54.084812],[71.367556,54.063912],[71.394932,54.090994],[71.422602,54.068034]]]}},{"type":"Feature","id":"ne_10m_lakes-1032","properties":{"name":"松花湖","nameEn":"Songhua","nameOrigin":"natural-earth-name_zh","sourceName":"Songhua Hu","sourceDataset":"ne_10m_lakes","sourceFeatureIndex":1032,"sourceId":1159122817,"scalerank":9,"minZoom":7,"min_zoom":7,"featurecla":"Lake"},"geometry":{"type":"Polygon","coordinates":[[[126.925547,43.620756],[126.987069,43.627527],[126.933495,43.587493],[126.911418,43.58661],[126.924959,43.545105],[126.920543,43.523911],[126.904942,43.510664],[126.898171,43.572775],[126.877272,43.558645],[126.898171,43.606332],[126.892579,43.617813],[126.857255,43.613692],[126.858727,43.634003],[126.84077,43.641067],[126.821048,43.632825],[126.816338,43.606332],[126.770123,43.615163],[126.767768,43.633708],[126.718021,43.600445],[126.707129,43.606332],[126.71125,43.618696],[126.755405,43.654903],[126.742159,43.661379],[126.755405,43.689049],[126.738332,43.703767],[126.713311,43.703178],[126.713311,43.661084],[126.701536,43.645483],[126.677987,43.687871],[126.679165,43.71407],[126.726852,43.723489],[126.757171,43.717602],[126.80162,43.751748],[126.823109,43.75116],[126.851073,43.7647],[126.842242,43.745272],[126.784253,43.694347],[126.78543,43.678452],[126.890812,43.648132],[126.896405,43.673447],[126.925547,43.674625],[126.929668,43.65137],[126.959694,43.648132],[126.925547,43.620756]]]}},{"type":"Feature","id":"ne_10m_lakes-1033","properties":{"name":"月亮泡","nameEn":"Yueliang Lake","nameOrigin":"natural-earth-name_zh","sourceName":"Yueliang Pao","sourceDataset":"ne_10m_lakes","sourceFeatureIndex":1033,"sourceId":1159122829,"scalerank":9,"minZoom":7,"min_zoom":7,"featurecla":"Lake"},"geometry":{"type":"Polygon","coordinates":[[[124.005161,45.733113],[124.041368,45.709859],[123.999568,45.703677],[123.965422,45.683071],[123.945111,45.717218],[123.88977,45.683071],[123.814707,45.703677],[123.831192,45.721044],[123.855624,45.717218],[123.882411,45.740767],[123.942167,45.744593],[124.005161,45.733113]]]}},{"type":"Feature","id":"ne_10m_lakes-1035","properties":{"name":"普莫雍错","nameEn":"Puma Yumco","nameOrigin":"natural-earth-name_zh","sourceName":"Puma Yumco","sourceDataset":"ne_10m_lakes","sourceFeatureIndex":1035,"sourceId":1159122887,"scalerank":5,"minZoom":4.7,"min_zoom":4.7,"featurecla":"Lake"},"geometry":{"type":"Polygon","coordinates":[[[90.248955,28.625259],[90.358164,28.625848],[90.385834,28.615839],[90.404968,28.628203],[90.457659,28.619666],[90.527423,28.572273],[90.534193,28.531062],[90.524479,28.522232],[90.472377,28.519288],[90.446179,28.53224],[90.414976,28.513401],[90.389955,28.521054],[90.396137,28.535184],[90.369938,28.546369],[90.354631,28.53695],[90.341679,28.553434],[90.311654,28.532534],[90.282512,28.543426],[90.233353,28.594056],[90.248955,28.625259]]]}},{"type":"Feature","id":"ne_10m_lakes-1040","properties":{"name":"乌博拉特纳水库","nameEn":"Ubol Ratana","nameOrigin":"natural-earth-name_zh","sourceName":"Ubolratna Reservoir","sourceDataset":"ne_10m_lakes","sourceFeatureIndex":1040,"sourceId":1159122989,"scalerank":9,"minZoom":7,"min_zoom":7,"featurecla":"Reservoir"},"geometry":{"type":"Polygon","coordinates":[[[102.605183,16.848928],[102.611954,16.740896],[102.605772,16.69262],[102.586049,16.651409],[102.571626,16.641695],[102.571626,16.614025],[102.550431,16.572814],[102.538951,16.587532],[102.536891,16.675253],[102.553669,16.676725],[102.571626,16.695858],[102.582517,16.719996],[102.577807,16.737364],[102.542189,16.731182],[102.516874,16.774748],[102.468009,16.785345],[102.417084,16.777692],[102.379112,16.805656],[102.399717,16.833621],[102.393535,16.846573],[102.408842,16.840391],[102.420617,16.807717],[102.433863,16.798886],[102.462711,16.828911],[102.48155,16.832443],[102.482433,16.816253],[102.540423,16.819197],[102.557202,16.798886],[102.573981,16.801241],[102.591642,16.839802],[102.584872,16.857464],[102.597824,16.858936],[102.605183,16.848928]]]}},{"type":"Feature","id":"ne_10m_lakes-1041","properties":{"name":"新丰江水库","nameEn":"Xinfengjiang","nameOrigin":"natural-earth-name_zh","sourceName":"Xinfengjiang Shuiku","sourceDataset":"ne_10m_lakes","sourceFeatureIndex":1041,"sourceId":1159123003,"scalerank":7,"minZoom":5.7,"min_zoom":5.7,"featurecla":"Reservoir"},"geometry":{"type":"Polygon","coordinates":[[[114.662927,23.902775],[114.727687,23.89836],[114.668225,23.874222],[114.665576,23.850673],[114.645265,23.870984],[114.624659,23.815643],[114.62672,23.797687],[114.583743,23.782086],[114.636139,23.748823],[114.628192,23.73175],[114.565786,23.754416],[114.537822,23.751766],[114.52222,23.73381],[114.498966,23.746468],[114.433617,23.727629],[114.443625,23.760303],[114.433617,23.761186],[114.405652,23.727629],[114.385636,23.754416],[114.399765,23.767368],[114.391817,23.782086],[114.419782,23.788268],[114.505147,23.782086],[114.533701,23.805929],[114.536056,23.81947],[114.501909,23.85656],[114.502204,23.87275],[114.481598,23.884819],[114.472473,23.84508],[114.459815,23.829479],[114.421548,23.823297],[114.357965,23.836249],[114.383575,23.848612],[114.442448,23.853616],[114.46011,23.870984],[114.433617,23.870984],[114.455105,23.918082],[114.46011,23.90513],[114.527225,23.929562],[114.543415,23.991968],[114.529874,24.035533],[114.534289,24.076744],[114.52222,24.089402],[114.543415,24.08322],[114.556367,24.021698],[114.567258,24.011396],[114.591102,24.016694],[114.597578,24.035533],[114.609352,24.013456],[114.556367,23.956938],[114.541649,23.886291],[114.501909,23.89836],[114.536056,23.870984],[114.550185,23.836249],[114.585214,23.841548],[114.611707,23.888057],[114.645265,23.918377],[114.662927,23.902775]]]}},{"type":"Feature","id":"ne_10m_lakes-1042","properties":{"name":"克里希纳拉贾萨加尔水库","nameEn":"Krishna Raja Sagara","nameOrigin":"natural-earth-name_zh","sourceName":"Krishna Raja Sagar","sourceDataset":"ne_10m_lakes","sourceFeatureIndex":1042,"sourceId":1159123019,"scalerank":8,"minZoom":6,"min_zoom":6,"featurecla":"Reservoir"},"geometry":{"type":"Polygon","coordinates":[[[76.565438,12.443769],[76.565438,12.419925],[76.490081,12.445535],[76.45564,12.433466],[76.462705,12.476737],[76.432386,12.492044],[76.429148,12.510884],[76.435329,12.522069],[76.493613,12.460842],[76.521283,12.465257],[76.565438,12.443769]]]}},{"type":"Feature","id":"ne_10m_lakes-1044","properties":{"name":"巴德拉水库","nameEn":"Bhadra Reservoir","nameOrigin":"natural-earth-name_zh","sourceName":"Bhadra Reservoir","sourceDataset":"ne_10m_lakes","sourceFeatureIndex":1044,"sourceId":1159123047,"scalerank":8,"minZoom":6,"min_zoom":6,"featurecla":"Reservoir"},"geometry":{"type":"Polygon","coordinates":[[[75.633776,13.708357],[75.644667,13.64654],[75.615819,13.677154],[75.6064,13.66744],[75.557241,13.66744],[75.577258,13.632411],[75.584322,13.56559],[75.57873,13.552638],[75.557241,13.54469],[75.571665,13.530267],[75.530748,13.49612],[75.54164,13.539097],[75.571665,13.571183],[75.557241,13.605918],[75.510143,13.571183],[75.529276,13.608862],[75.52545,13.61887],[75.496308,13.619164],[75.496308,13.626524],[75.539285,13.654488],[75.554886,13.715716],[75.576669,13.726902],[75.618469,13.721014],[75.633776,13.708357]]]}},{"type":"Feature","id":"ne_10m_lakes-1045","properties":{"name":"通格珀德拉河","nameEn":"Tungabhadra Reservoir","nameOrigin":"natural-earth-name_zh","sourceName":"Tungabhadra","sourceDataset":"ne_10m_lakes","sourceFeatureIndex":1045,"sourceId":1159123057,"scalerank":8,"minZoom":6,"min_zoom":6,"featurecla":"Reservoir"},"geometry":{"type":"Polygon","coordinates":[[[76.332596,15.256418],[76.334657,15.236107],[76.28432,15.209319],[76.299922,15.193718],[76.248114,15.19048],[76.215439,15.160749],[76.175994,15.1999],[76.119182,15.174585],[76.108879,15.144854],[76.070023,15.140144],[76.047946,15.113062],[76.020864,15.127486],[75.914305,15.119833],[75.893699,15.092751],[75.879864,15.106292],[75.884574,15.143088],[75.903119,15.143676],[75.910478,15.156628],[75.938148,15.160749],[75.951983,15.174585],[75.973766,15.171641],[75.975827,15.201666],[75.983186,15.201666],[76.001436,15.163104],[76.017332,15.160749],[76.065019,15.185476],[76.092984,15.226393],[76.092984,15.284382],[76.119182,15.263777],[76.193067,15.257301],[76.201604,15.263777],[76.218677,15.255535],[76.22898,15.274374],[76.227802,15.311169],[76.264304,15.29027],[76.312874,15.280556],[76.332596,15.256418]]]}},{"type":"Feature","id":"ne_10m_lakes-1046","properties":{"name":"新西伯利亚水库","nameEn":"Novosibirsk","nameOrigin":"natural-earth-name_zh","sourceName":"Novosibirsk Reservoir","sourceDataset":"ne_10m_lakes","sourceFeatureIndex":1046,"sourceId":1159123075,"scalerank":7,"minZoom":5.7,"min_zoom":5.7,"featurecla":"Reservoir"},"geometry":{"type":"Polygon","coordinates":[[[82.862181,54.673835],[82.807724,54.671774],[82.760626,54.652346],[82.620803,54.557561],[82.447128,54.53254],[82.430938,54.509285],[82.365,54.480438],[82.322612,54.449529],[82.239601,54.433634],[82.060922,54.351801],[81.778921,54.287629],[81.735355,54.25937],[81.697382,54.187251],[81.611722,54.117192],[81.459536,54.06715],[81.414793,54.043601],[81.355331,53.995326],[81.341496,54.00239],[81.362102,54.015931],[81.355331,54.022701],[81.368872,54.036537],[81.348855,54.030649],[81.306761,53.953526],[81.334137,53.885528],[81.306761,53.895831],[81.295575,53.929388],[81.299991,54.00239],[81.275264,53.976781],[81.268199,53.909666],[81.236702,53.887294],[81.228755,53.9653],[81.248771,54.003862],[81.279091,54.035065],[81.384179,54.093643],[81.49486,54.103652],[81.60819,54.15752],[81.643514,54.186957],[81.686785,54.257898],[81.741831,54.314416],[81.931402,54.372112],[82.04326,54.376233],[82.109492,54.406258],[82.169542,54.448646],[82.30495,54.507519],[82.331443,54.553734],[82.372654,54.58111],[82.382956,54.605542],[82.423579,54.637334],[82.555748,54.65529],[82.582241,54.673835],[82.658187,54.687964],[82.74002,54.769503],[82.78182,54.796585],[82.972273,54.844272],[83.044393,54.844566],[83.073829,54.838679],[83.109741,54.790109],[83.131524,54.782455],[83.202466,54.783633],[83.243677,54.759495],[83.273702,54.728587],[83.278706,54.698856],[83.213946,54.74566],[83.074418,54.779806],[83.05705,54.796879],[83.038505,54.783633],[83.03409,54.728587],[83.01996,54.712985],[82.931651,54.690614],[82.886613,54.659705],[82.862181,54.673835]]]}},{"type":"Feature","id":"ne_10m_lakes-1047","properties":{"name":"斋桑泊","nameEn":"Zaysan","nameOrigin":"natural-earth-name_zh","sourceName":"Lake Zaysan","sourceDataset":"ne_10m_lakes","sourceFeatureIndex":1047,"sourceId":1159123091,"scalerank":3,"minZoom":3,"min_zoom":3,"featurecla":"Reservoir"},"geometry":{"type":"Polygon","coordinates":[[[84.543883,47.946143],[84.562134,47.930836],[84.464699,47.906698],[84.437912,47.853418],[84.384044,47.834579],[84.375213,47.804848],[84.390814,47.773057],[84.344599,47.759222],[84.26983,47.77865],[84.233918,47.773057],[84.237745,47.763637],[84.260705,47.759516],[84.278073,47.73214],[84.346071,47.738322],[84.363733,47.73214],[84.292496,47.714773],[84.256584,47.718011],[84.220672,47.729196],[84.096156,47.820744],[83.925424,47.869314],[83.836232,47.882855],[83.788251,47.951147],[83.698764,47.979112],[83.649605,48.019439],[83.630472,48.012669],[83.583373,48.025621],[83.530976,48.02621],[83.410876,48.061239],[83.352592,48.046815],[83.306671,48.05388],[83.211886,48.099507],[83.157134,48.147782],[83.123577,48.143661],[83.085015,48.155436],[83.012013,48.209599],[82.999944,48.239918],[83.007597,48.259052],[83.023493,48.266705],[83.042038,48.264939],[83.107386,48.2252],[83.161255,48.259052],[83.209236,48.259052],[83.256923,48.273476],[83.436191,48.258463],[83.479168,48.273476],[83.507133,48.335292],[83.595737,48.36885],[83.547755,48.393871],[83.462095,48.409766],[83.431481,48.427428],[83.384089,48.505729],[83.390565,48.526629],[83.369371,48.560775],[83.425005,48.58874],[83.441784,48.613761],[83.438252,48.636427],[83.449438,48.651439],[83.414997,48.732978],[83.434425,48.834534],[83.448849,48.865442],[83.572187,48.968764],[83.626939,48.975534],[83.764996,49.046476],[83.968402,49.073852],[84.1565,49.134785],[84.181521,49.161572],[84.156795,49.23222],[84.109991,49.256946],[84.02021,49.342901],[83.967813,49.372631],[83.921598,49.37999],[83.89746,49.411193],[83.835643,49.436803],[83.702296,49.45211],[83.683457,49.44946],[83.657553,49.417375],[83.636948,49.442984],[83.62429,49.485078],[83.582196,49.520991],[83.539219,49.53512],[83.526267,49.557786],[83.479168,49.527173],[83.470043,49.539536],[83.431481,49.540713],[83.431481,49.58163],[83.377024,49.62343],[83.363778,49.643741],[83.445022,49.62343],[83.457385,49.599292],[83.46916,49.596054],[83.535392,49.612832],[83.613398,49.616659],[83.671094,49.598703],[83.736737,49.596054],[83.753516,49.630789],[83.831522,49.660519],[83.851833,49.701436],[83.872439,49.715271],[83.965458,49.730578],[84.006963,49.746768],[84.014322,49.732639],[83.968107,49.696432],[83.882447,49.680831],[83.801203,49.626962],[83.788251,49.59988],[83.808856,49.561907],[83.785896,49.556609],[83.705829,49.568089],[83.724079,49.54454],[83.723491,49.527761],[83.691405,49.527173],[83.672271,49.510394],[83.829462,49.480074],[83.815627,49.46565],[83.861253,49.469183],[83.905113,49.45888],[83.928074,49.41031],[83.993128,49.393237],[84.088796,49.314936],[84.290436,49.202195],[84.341655,49.190126],[84.37904,49.204549],[84.404649,49.198073],[84.4438,49.203372],[84.480301,49.184533],[84.387576,49.170698],[84.316046,49.123011],[83.996661,49.054718],[83.931606,49.000261],[83.796493,48.988486],[83.727023,48.959344],[83.582196,48.924315],[83.547461,48.896645],[83.547461,48.876628],[83.509488,48.846014],[83.469454,48.794206],[83.451793,48.73445],[83.460918,48.703836],[83.528327,48.63937],[83.534509,48.615821],[83.520674,48.574905],[83.535098,48.547823],[83.528033,48.520447],[83.561885,48.465107],[83.601329,48.430372],[83.654609,48.40329],[83.712893,48.390338],[83.767351,48.396814],[83.815627,48.42419],[83.870967,48.409766],[83.949562,48.409178],[83.965752,48.396814],[83.930723,48.37091],[83.801203,48.355309],[83.776476,48.367672],[83.717015,48.366789],[83.691405,48.376503],[83.54334,48.305561],[83.503895,48.276419],[83.510665,48.265234],[83.553937,48.243745],[83.717015,48.214309],[83.882447,48.15102],[83.969285,48.130415],[84.07349,48.082139],[84.08968,48.039751],[84.156795,48.068893],[84.185642,48.063888],[84.218022,48.043283],[84.34872,48.033275],[84.481184,47.95674],[84.543883,47.946143]]]}},{"type":"Feature","id":"ne_10m_lakes-1179","properties":{"name":"Nam Ngum Reservoir","nameEn":"Nam Ngum Dam","nameOrigin":"natural-earth-original","sourceName":"Nam Ngum Reservoir","sourceDataset":"ne_10m_lakes","sourceFeatureIndex":1179,"sourceId":1159125069,"scalerank":5,"minZoom":4.7,"min_zoom":4.7,"featurecla":"Reservoir"},"geometry":{"type":"Polygon","coordinates":[[[102.795048,18.552119],[102.960775,18.538578],[102.722929,18.526803],[102.693492,18.50502],[102.684367,18.468813],[102.658463,18.432607],[102.606655,18.464692],[102.579279,18.505903],[102.551903,18.608636],[102.531592,18.629536],[102.512753,18.716962],[102.4842,18.751109],[102.4842,18.765827],[102.490381,18.77142],[102.51187,18.758468],[102.52335,18.771714],[102.537479,18.749931],[102.546016,18.753758],[102.576924,18.725499],[102.577219,18.679873],[102.596647,18.683111],[102.583989,18.671336],[102.590759,18.652791],[102.605772,18.658384],[102.616663,18.699301],[102.636974,18.696063],[102.646689,18.651614],[102.618724,18.640722],[102.637858,18.611286],[102.780919,18.71343],[102.753543,18.651319],[102.717925,18.631302],[102.72028,18.611286],[102.78239,18.576256],[102.777681,18.560066],[102.795048,18.552119]]]}},{"type":"Feature","id":"ne_10m_lakes-1182","properties":{"name":"托克托古尔水库","nameEn":"Toktogul","nameOrigin":"natural-earth-name_zh","sourceName":"Toktogul Suu Saktagychy","sourceDataset":"ne_10m_lakes","sourceFeatureIndex":1182,"sourceId":1159125107,"scalerank":5,"minZoom":4.7,"min_zoom":4.7,"featurecla":"Reservoir"},"geometry":{"type":"Polygon","coordinates":[[[73.27533,41.786868],[73.31036,41.770089],[73.290343,41.755665],[73.249132,41.75596],[73.174363,41.735354],[73.043666,41.783924],[72.966542,41.762141],[72.900016,41.730056],[72.879116,41.729467],[72.817005,41.75596],[72.776972,41.755076],[72.707796,41.694732],[72.645391,41.665001],[72.616838,41.672655],[72.590639,41.701502],[72.603297,41.706506],[72.631556,41.687961],[72.673061,41.701502],[72.670706,41.718575],[72.71074,41.742124],[72.724869,41.771267],[72.741942,41.784219],[72.652456,41.866052],[72.625374,41.872822],[72.590639,41.921098],[72.608007,41.928457],[72.699848,41.902259],[72.849974,41.885185],[72.919444,41.900787],[72.95359,41.858987],[72.971546,41.871056],[73.07163,41.852217],[73.073396,41.821014],[73.086643,41.806885],[73.27533,41.786868]]]}},{"type":"Feature","id":"ne_10m_lakes-1186","properties":{"name":"布拉茨克水庫","nameEn":"Bratsk","nameOrigin":"natural-earth-name_zh","sourceName":"Bratsk Reservoir","sourceDataset":"ne_10m_lakes","sourceFeatureIndex":1186,"sourceId":1159125163,"scalerank":6,"minZoom":5,"min_zoom":5,"featurecla":"Reservoir"},"geometry":{"type":"MultiPolygon","coordinates":[[[[103.733481,53.469591],[103.667838,53.522577],[103.663128,53.553191],[103.45825,53.591752],[103.437645,53.587631],[103.417923,53.559667],[103.421161,53.522577],[103.404676,53.519339],[103.387309,53.529347],[103.392607,53.486076],[103.441177,53.364798],[103.44,53.320937],[103.383482,53.171695],[103.374062,53.107229],[103.360227,53.115766],[103.338739,53.159331],[103.342565,53.202897],[103.387309,53.317111],[103.390252,53.363326],[103.376417,53.446631],[103.341682,53.519044],[103.345509,53.639145],[103.336384,53.69007],[103.303121,53.714797],[103.103247,53.731281],[102.927512,53.787799],[102.818008,53.776319],[102.83361,53.79192],[102.908084,53.819002],[103.151229,53.757774],[103.231884,53.753947],[103.256905,53.762189],[103.228941,53.806933],[103.215989,53.86345],[103.16889,53.943518],[103.127974,53.985317],[103.092356,53.995326],[102.987562,54.08599],[102.968723,54.139564],[102.978731,54.195199],[103.021414,54.25731],[103.153289,54.372112],[103.136805,54.406258],[103.092356,54.426863],[103.043197,54.433634],[103.092356,54.447763],[103.180665,54.402431],[103.222759,54.413911],[103.236889,54.442759],[103.230707,54.620849],[103.215989,54.657939],[103.189496,54.685609],[103.073222,54.747426],[103.054383,54.778334],[103.05085,54.824844],[103.060564,54.873414],[103.080876,54.910798],[103.111489,54.941118],[103.220993,55.012354],[103.319899,55.123918],[103.315189,55.272277],[103.306359,55.313194],[103.270446,55.38649],[103.172717,55.4748],[103.160648,55.516894],[103.162414,55.562226],[103.18979,55.637289],[103.188613,55.681738],[103.169774,55.747087],[103.084997,55.804782],[102.981086,55.8404],[102.957243,55.931947],[102.97116,56.0],[103.031008,56.0],[103.016704,55.924588],[103.05085,55.854824],[103.191851,55.77093],[103.222759,55.763865],[103.211573,55.752385],[103.263087,55.708525],[103.238655,55.673496],[103.240421,55.652007],[103.256905,55.632873],[103.225997,55.619921],[103.20863,55.580476],[103.210396,55.538382],[103.2363,55.516894],[103.201565,55.503059],[103.332263,55.333505],[103.358755,55.253144],[103.357872,55.130982],[103.318133,55.05798],[103.267502,54.998224],[103.222465,54.96555],[103.160648,54.948182],[103.115611,54.908149],[103.081759,54.819545],[103.078815,54.762733],[103.098832,54.743011],[103.184786,54.718284],[103.248074,54.664121],[103.256905,54.639689],[103.280749,54.647048],[103.304592,54.639689],[103.270446,54.619378],[103.277511,54.597006],[103.260143,54.54667],[103.273684,54.508991],[103.270446,54.433634],[103.332557,54.440993],[103.297233,54.413911],[103.332557,54.385947],[103.332557,54.335022],[103.346981,54.29646],[103.417334,54.196376],[103.483271,54.166646],[103.51624,54.132499],[103.415568,54.164879],[103.399672,54.17842],[103.326375,54.269379],[103.289874,54.380943],[103.255434,54.383592],[103.215694,54.368874],[103.05085,54.248773],[103.036427,54.213744],[103.043197,54.200203],[103.017882,54.184013],[103.005813,54.163113],[103.008462,54.139858],[103.057621,54.071272],[103.127091,54.040069],[103.177721,53.992382],[103.188613,53.967655],[103.235122,53.950288],[103.248074,53.929388],[103.291052,53.906133],[103.277216,53.899363],[103.28487,53.885233],[103.325198,53.857563],[103.291052,53.846966],[103.291052,53.813997],[103.385542,53.714797],[103.412918,53.698901],[103.447948,53.639145],[103.499756,53.623838],[103.554507,53.625604],[103.574819,53.652686],[103.592186,53.618245],[103.659007,53.577623],[103.704633,53.598523],[103.729948,53.639145],[103.75232,53.648565],[103.76645,53.644149],[103.767627,53.629431],[103.713464,53.56261],[103.708754,53.543477],[103.716996,53.519928],[103.7638,53.484898],[103.754675,53.466059],[103.733481,53.469591]]],[[[101.715026,55.996707],[102.016161,55.989643],[101.979954,55.948726],[102.014394,55.936363],[101.968179,55.907221],[101.977893,55.880728],[101.960231,55.862477],[101.851022,55.810964],[101.844841,55.756506],[101.854555,55.745615],[101.899887,55.749441],[101.954638,55.722949],[101.995555,55.72913],[102.022931,55.715295],[102.052073,55.718533],[102.070618,55.736489],[102.174234,55.681738],[101.954638,55.681738],[102.057666,55.64141],[102.119188,55.605497],[102.15981,55.601671],[102.21309,55.620804],[102.246648,55.604909],[102.358212,55.591957],[102.399717,55.553984],[102.379995,55.528668],[102.385882,55.475683],[102.293157,55.433294],[102.289036,55.403564],[102.338195,55.338509],[102.319356,55.311133],[102.283443,55.297004],[102.417673,55.313194],[102.441222,55.284052],[102.420322,55.259914],[102.276673,55.242546],[102.34261,55.193388],[102.319061,55.149822],[102.228397,55.125684],[102.249297,55.103901],[102.236639,55.08565],[102.206909,55.070638],[102.143915,55.059746],[102.079743,55.034431],[102.064436,55.036492],[102.107119,55.072698],[102.167464,55.077408],[102.203965,55.101252],[102.178355,55.112732],[102.170996,55.129511],[102.176883,55.145995],[102.250769,55.158358],[102.297867,55.181024],[102.302577,55.191033],[102.263132,55.225768],[102.259894,55.241369],[102.269902,55.256087],[102.377345,55.26168],[102.416201,55.286407],[102.339961,55.292294],[102.301988,55.270805],[102.258422,55.284052],[102.256362,55.303774],[102.306698,55.337332],[102.307581,55.348812],[102.262249,55.398559],[102.259894,55.43977],[102.292863,55.468912],[102.318473,55.475683],[102.310819,55.482748],[102.338195,55.482748],[102.35203,55.4957],[102.337606,55.508946],[102.327303,55.543387],[102.248414,55.552217],[102.194251,55.537205],[102.182476,55.523664],[102.218683,55.487163],[102.207792,55.482748],[102.139793,55.49305],[101.860442,55.44242],[101.844841,55.427407],[101.859853,55.407096],[101.756826,55.406507],[101.735632,55.413866],[101.824235,55.421225],[101.748289,55.443303],[101.727684,55.474211],[101.659686,55.482748],[101.659686,55.489518],[101.705901,55.496877],[101.885757,55.475683],[101.961409,55.494522],[102.066791,55.498349],[102.129491,55.527197],[102.128313,55.54162],[101.896354,55.574295],[101.851022,55.591957],[101.858381,55.605497],[101.817759,55.625514],[101.809517,55.633756],[101.793916,55.69469],[101.775959,55.688214],[101.769189,55.694984],[101.808634,55.728247],[101.808928,55.778583],[101.801863,55.788592],[101.72474,55.80331],[101.719442,55.831863],[101.704429,55.841872],[101.598458,55.838339],[101.625539,55.859534],[101.503673,55.871308],[101.481595,55.892797],[101.550477,55.892797],[101.550477,55.90045],[101.516919,55.910753],[101.469232,55.953141],[101.410065,55.951375],[101.405944,55.920761],[101.413597,55.896329],[101.351192,55.892797],[101.351192,55.90045],[101.372681,55.901333],[101.351192,55.937834],[101.303505,55.969331],[101.205063,56.0],[101.284698,56.0],[101.385633,55.969331],[101.43332,55.976102],[101.45628,55.999357],[101.586978,55.938423],[101.635842,55.904571],[101.646145,55.922528],[101.591099,55.970509],[101.591687,55.989643],[101.61141,55.982283],[101.632604,55.996707],[101.652915,55.990231],[101.68088,55.934596],[101.699425,55.922528],[101.720619,55.92606],[101.735926,55.939012],[101.735632,55.955496],[101.756531,55.961972],[101.735632,55.969331],[101.749172,55.982283],[101.715026,55.996707]],[[101.810694,55.632873],[101.8104,55.633168],[101.810106,55.633168],[101.810694,55.632873]]]]}},{"type":"Feature","id":"ne_10m_lakes-1192","properties":{"name":"克拉斯諾亞爾斯克水庫","nameEn":"Krasnoyarsk","nameOrigin":"natural-earth-name_zh","sourceName":"Krasnoyarsk Reservoir","sourceDataset":"ne_10m_lakes","sourceFeatureIndex":1192,"sourceId":1159125261,"scalerank":7,"minZoom":5.7,"min_zoom":5.7,"featurecla":"Reservoir"},"geometry":{"type":"Polygon","coordinates":[[[91.891506,55.150705],[91.860304,55.133043],[91.882087,55.122446],[91.874728,55.105373],[91.809673,55.112732],[91.722247,55.096247],[91.641591,55.053565],[91.620986,55.050621],[91.662491,55.085356],[91.360179,55.050621],[91.326622,55.02354],[91.315436,55.026778],[91.309549,55.047972],[91.29483,55.050621],[91.133224,55.037375],[91.03108,54.968199],[90.994285,54.923161],[90.998406,54.892253],[90.969852,54.824844],[90.983982,54.697384],[90.962788,54.659705],[90.986631,54.637923],[91.262745,54.533423],[91.301601,54.482204],[91.323972,54.398604],[91.374309,54.372112],[91.421113,54.389185],[91.500296,54.392423],[91.552399,54.379176],[91.54504,54.372112],[91.603618,54.365341],[91.673383,54.380943],[91.743736,54.365341],[91.701053,54.348268],[91.594493,54.335022],[91.54504,54.337965],[91.442601,54.374467],[91.387555,54.358571],[91.409632,54.328251],[91.497353,54.262903],[91.533854,54.20403],[91.588017,54.027117],[91.552399,53.985023],[91.548572,53.961474],[91.605973,53.962946],[91.664552,53.990616],[91.724013,54.001802],[91.781414,53.999447],[91.819387,53.975014],[91.812322,53.941457],[91.753155,53.93763],[91.634527,53.95382],[91.517664,53.93086],[91.497353,53.906133],[91.463207,53.885528],[91.464384,53.844906],[91.514426,53.766016],[91.510894,53.735402],[91.397563,53.793097],[91.392265,53.805755],[91.408455,53.844611],[91.38049,53.879346],[91.411399,53.899363],[91.401096,53.934098],[91.524729,54.00239],[91.543568,54.066267],[91.531499,54.088345],[91.497353,54.084812],[91.492349,54.105712],[91.428177,54.104829],[91.452904,54.133382],[91.393737,54.18313],[91.353409,54.262903],[91.311315,54.273205],[91.295713,54.305585],[91.272753,54.315888],[91.215941,54.324425],[91.250381,54.372112],[91.20917,54.437461],[91.235074,54.489269],[91.229776,54.509285],[91.151475,54.539899],[91.085832,54.585231],[90.92923,54.639689],[90.888608,54.662943],[90.86447,54.692674],[90.868885,54.721816],[90.915101,54.742127],[90.921871,54.775685],[90.915101,54.899907],[90.968086,54.943767],[91.017539,55.03031],[91.104671,55.071815],[91.20917,55.085356],[91.274225,55.076819],[91.353114,55.081235],[91.515898,55.144523],[91.569766,55.155709],[91.624812,55.145995],[91.65366,55.160124],[91.860598,55.176314],[91.954206,55.202513],[92.048108,55.211638],[92.066947,55.21988],[92.08196,55.251083],[92.038688,55.276693],[92.148486,55.284052],[92.262111,55.368534],[92.331286,55.463025],[92.40841,55.503059],[92.40841,55.440948],[92.360723,55.38649],[92.434608,55.338215],[92.459924,55.331739],[92.509082,55.365591],[92.517325,55.355582],[92.497308,55.331739],[92.520857,55.317315],[92.6074,55.310545],[92.620058,55.300242],[92.615937,55.274632],[92.57973,55.284052],[92.559124,55.256087],[92.498191,55.300831],[92.447855,55.307307],[92.333936,55.353227],[92.249748,55.258736],[92.20942,55.231949],[92.200294,55.204868],[92.142305,55.2084],[92.011018,55.167778],[91.891506,55.150705]]]}},{"type":"Feature","id":"ne_10m_lakes-1196","properties":{"name":"德尔贝拉水库","nameEn":"Tarbela Dam","nameOrigin":"natural-earth-name_zh","sourceName":"Tarbela Dam","sourceDataset":"ne_10m_lakes","sourceFeatureIndex":1196,"sourceId":1159125311,"scalerank":7,"minZoom":5.7,"min_zoom":5.7,"featurecla":"Reservoir"},"geometry":{"type":"Polygon","coordinates":[[[73.019233,34.07806],[73.020411,34.062753],[72.914145,34.011828],[72.879705,34.031256],[72.864987,34.075116],[72.834373,34.096899],[72.792573,34.101904],[72.731345,34.067463],[72.696905,34.095722],[72.689251,34.114561],[72.779621,34.151357],[72.793456,34.17991],[72.81259,34.190213],[72.809646,34.246436],[72.834373,34.292651],[72.837022,34.345048],[72.817005,34.389792],[72.809646,34.445132],[72.830546,34.486637],[72.768435,34.505771],[72.767552,34.520195],[72.795811,34.564938],[72.775206,34.602028],[72.781682,34.622634],[72.796105,34.617629],[72.820538,34.573475],[72.799932,34.512247],[72.850563,34.495468],[72.838494,34.392441],[72.859099,34.373013],[72.879116,34.307958],[72.857333,34.24261],[72.879116,34.177555],[72.868813,34.15695],[72.877056,34.138699],[72.893834,34.128985],[72.945054,34.148707],[72.965365,34.14753],[72.980966,34.136639],[72.943876,34.10102],[72.94682,34.088068],[72.963893,34.077766],[73.019233,34.07806]]]}},{"type":"Feature","id":"ne_10m_lakes-1206","properties":{"name":"凯拉库姆","nameEn":"Kayrakkum","nameOrigin":"natural-earth-name_zh","sourceName":"Obanbori Qayroqum","sourceDataset":"ne_10m_lakes","sourceFeatureIndex":1206,"sourceId":1159125443,"scalerank":7,"minZoom":5.7,"min_zoom":5.7,"featurecla":"Reservoir"},"geometry":{"type":"Polygon","coordinates":[[[70.381731,40.40424],[70.370839,40.365089],[70.340226,40.340951],[70.325507,40.315047],[70.301369,40.304156],[70.183329,40.265594],[70.161252,40.262062],[70.120041,40.276485],[70.0,40.249345],[70.0,40.325318],[70.13682,40.365089],[70.217181,40.409244],[70.26634,40.401001],[70.302841,40.414837],[70.342875,40.4063],[70.288417,40.372154],[70.341992,40.382751],[70.354944,40.435442],[70.381731,40.40424]]]}},{"type":"Feature","id":"ne_10m_lakes-1208","properties":{"name":"戈宾德萨加尔水库","nameEn":"Gobind Sagar","nameOrigin":"natural-earth-name_zh","sourceName":"Gobind Sagar Reservoir","sourceDataset":"ne_10m_lakes","sourceFeatureIndex":1208,"sourceId":1159125469,"scalerank":7,"minZoom":5.7,"min_zoom":5.7,"featurecla":"Reservoir"},"geometry":{"type":"Polygon","coordinates":[[[76.778852,31.239801],[76.784445,31.216841],[76.762368,31.234208],[76.726161,31.293375],[76.705261,31.306327],[76.695547,31.265411],[76.684656,31.259524],[76.64786,31.257757],[76.606355,31.276597],[76.538062,31.350482],[76.45564,31.41848],[76.435035,31.422307],[76.442688,31.429077],[76.40707,31.497958],[76.359089,31.538875],[76.370863,31.55065],[76.370275,31.567428],[76.352613,31.600397],[76.372335,31.592449],[76.403832,31.528278],[76.428853,31.500313],[76.462411,31.484418],[76.458878,31.467345],[76.466532,31.457925],[76.599584,31.321634],[76.611065,31.298674],[76.63638,31.28219],[76.665816,31.278952],[76.681418,31.294847],[76.578979,31.388161],[76.586338,31.394931],[76.616952,31.364612],[76.640207,31.356664],[76.660518,31.361374],[76.674647,31.320457],[76.720568,31.313098],[76.735875,31.315747],[76.742351,31.364906],[76.714975,31.377564],[76.739113,31.401701],[76.764723,31.408766],[76.743528,31.38139],[76.760307,31.388749],[76.777675,31.38139],[76.76119,31.361079],[76.751182,31.313687],[76.736464,31.298674],[76.778852,31.239801]]]}},{"type":"Feature","id":"ne_10m_lakes-1209","properties":{"name":"希纳库德水库","nameEn":"Hirakud Dam","nameOrigin":"natural-earth-name_zh","sourceName":"Hinakud Dam","sourceDataset":"ne_10m_lakes","sourceFeatureIndex":1209,"sourceId":1159125483,"scalerank":7,"minZoom":5.7,"min_zoom":5.7,"featurecla":"Reservoir"},"geometry":{"type":"Polygon","coordinates":[[[83.980176,21.66443],[84.034633,21.616155],[83.976644,21.565818],[83.940143,21.546685],[83.911295,21.554633],[83.889806,21.54639],[83.855366,21.517543],[83.842708,21.481925],[83.825635,21.481336],[83.788251,21.499292],[83.720547,21.606146],[83.685223,21.602908],[83.677864,21.621748],[83.705829,21.640293],[83.664912,21.695044],[83.575425,21.725953],[83.540102,21.708879],[83.520085,21.660309],[83.472987,21.60909],[83.390565,21.681504],[83.314324,21.682975],[83.295485,21.698577],[83.410876,21.698577],[83.476225,21.65766],[83.499185,21.676499],[83.507133,21.702109],[83.505661,21.733606],[83.479168,21.753917],[83.506839,21.758921],[83.527444,21.746558],[83.547461,21.781293],[83.558352,21.768341],[83.611044,21.76893],[83.636948,21.760099],[83.644012,21.780999],[83.675215,21.753917],[83.694643,21.751562],[83.719369,21.725953],[83.730261,21.73184],[83.767645,21.72242],[83.753516,21.702109],[83.784424,21.648829],[83.795315,21.66443],[83.829462,21.636466],[83.836232,21.643825],[83.812094,21.663547],[83.815038,21.676794],[83.849773,21.691806],[83.852128,21.674439],[83.863019,21.672673],[83.870967,21.698577],[83.898343,21.689451],[83.905113,21.685036],[83.89746,21.636466],[83.881858,21.619981],[83.901287,21.614683],[83.905113,21.602908],[83.935138,21.611739],[83.941614,21.598199],[83.949857,21.614683],[83.944852,21.630284],[83.958393,21.645886],[83.925424,21.746558],[83.905113,21.774228],[83.91836,21.777172],[83.946913,21.768341],[83.957804,21.740082],[83.993128,21.712706],[84.012851,21.717122],[84.015205,21.692984],[83.987241,21.70623],[83.980176,21.66443]]]}},{"type":"Feature","id":"ne_10m_lakes-1210","properties":{"name":"那加诸那萨加尔水库","nameEn":"Nagarjuna Sagar Dam","nameOrigin":"natural-earth-name_zh","sourceName":"Nagarjuna Sagar Dam","sourceDataset":"ne_10m_lakes","sourceFeatureIndex":1210,"sourceId":1159125497,"scalerank":7,"minZoom":5.7,"min_zoom":5.7,"featurecla":"Reservoir"},"geometry":{"type":"Polygon","coordinates":[[[79.320686,16.579879],[79.313033,16.579879],[79.31892,16.560156],[79.268878,16.535136],[79.265346,16.497163],[79.224429,16.490392],[79.245035,16.47744],[79.227373,16.450359],[79.21707,16.394724],[79.258576,16.340266],[79.232377,16.315246],[79.213538,16.228114],[79.165851,16.209274],[79.121402,16.222815],[79.083429,16.222815],[79.03898,16.244009],[78.99718,16.230174],[79.014253,16.253429],[79.072832,16.23665],[79.10374,16.244009],[79.187634,16.226348],[79.210594,16.244009],[79.225901,16.297289],[79.213832,16.349686],[79.155548,16.381183],[79.106978,16.4221],[79.152016,16.404732],[79.189694,16.373824],[79.210594,16.456246],[79.208534,16.470081],[79.189694,16.47744],[79.183513,16.492453],[79.199114,16.521006],[79.142007,16.518357],[79.107861,16.53072],[79.102268,16.543083],[79.114631,16.559273],[79.056053,16.594008],[79.031915,16.620795],[79.104329,16.593714],[79.127583,16.60019],[79.143774,16.580762],[79.169089,16.572814],[79.165262,16.616969],[79.172916,16.617263],[79.189694,16.565455],[79.200291,16.561334],[79.220603,16.590182],[79.265346,16.606372],[79.224429,16.634336],[79.251216,16.641695],[79.237381,16.654942],[79.245035,16.662301],[79.287718,16.654059],[79.320686,16.579879]]]}},{"type":"Feature","id":"ne_10m_lakes-1211","properties":{"name":"丹江口水库","nameEn":"Danjiangkou Shuiku","nameOrigin":"natural-earth-name_zh","sourceName":"Danjiangkou Shuiku","sourceDataset":"ne_10m_lakes","sourceFeatureIndex":1211,"sourceId":1159125505,"scalerank":7,"minZoom":5.7,"min_zoom":5.7,"featurecla":"Reservoir"},"geometry":{"type":"Polygon","coordinates":[[[111.689849,32.658047],[111.683962,32.642741],[111.604189,32.648922],[111.520884,32.636853],[111.490859,32.607123],[111.465838,32.557669],[111.43493,32.562674],[111.386654,32.542657],[111.351919,32.539419],[111.329842,32.562085],[111.316301,32.564145],[111.254779,32.507922],[111.25625,32.541185],[111.284509,32.590932],[111.248008,32.602413],[111.213862,32.64068],[111.193257,32.650394],[111.174123,32.629494],[111.157344,32.560319],[111.139388,32.53412],[111.105536,32.533531],[111.091701,32.542068],[111.080221,32.5665],[111.089052,32.576803],[111.121432,32.565323],[111.133206,32.571799],[111.137327,32.584456],[111.119371,32.620663],[111.134972,32.670411],[111.116722,32.663052],[111.077571,32.686601],[111.028118,32.701319],[110.999859,32.740764],[111.023114,32.736054],[111.03901,32.712505],[111.052551,32.709267],[111.091701,32.731639],[111.153223,32.718687],[111.165881,32.711916],[111.180893,32.681597],[111.39313,32.591816],[111.421683,32.595054],[111.419623,32.618603],[111.457007,32.597408],[111.478201,32.604768],[111.479084,32.646567],[111.451414,32.685423],[111.445527,32.711033],[111.454063,32.730167],[111.489093,32.711622],[111.493214,32.717803],[111.484088,32.753421],[111.516763,32.836727],[111.517351,32.864397],[111.445232,32.920032],[111.317773,32.968602],[111.25625,33.00422],[111.225048,33.0575],[111.324837,32.991268],[111.421389,32.961831],[111.454063,32.960065],[111.458773,32.991268],[111.471136,32.992445],[111.511759,32.953295],[111.500278,32.938577],[111.505577,32.920032],[111.541195,32.875583],[111.549437,32.836432],[111.610076,32.810234],[111.644517,32.775499],[111.64746,32.750772],[111.623028,32.702496],[111.648049,32.709856],[111.657469,32.679242],[111.689849,32.658047]]]}},{"type":"Feature","id":"ne_10m_lakes-1212","properties":{"name":"卡普恰盖水库","nameEn":"Kapchagay","nameOrigin":"natural-earth-name_zh","sourceName":"Kapchagay Reservoir","sourceDataset":"ne_10m_lakes","sourceFeatureIndex":1212,"sourceId":1159125523,"scalerank":7,"minZoom":5.7,"min_zoom":5.7,"featurecla":"Reservoir"},"geometry":{"type":"Polygon","coordinates":[[[78.03196,43.791193],[77.997225,43.770882],[78.007822,43.754398],[77.990455,43.743506],[77.894198,43.740563],[77.885956,43.761462],[77.865939,43.768233],[77.819135,43.7647],[77.742012,43.776769],[77.707277,43.766761],[77.634863,43.784423],[77.507992,43.779419],[77.361104,43.804734],[77.322543,43.82269],[77.250129,43.811799],[77.192434,43.825634],[77.141509,43.805617],[77.150045,43.8274],[77.113544,43.870671],[77.137682,43.908056],[77.235411,43.905112],[77.353157,43.949561],[77.387303,43.92925],[77.428219,43.92925],[77.669892,43.874204],[77.896847,43.856542],[78.037847,43.890983],[78.104668,43.875676],[78.162364,43.876559],[78.175904,43.867139],[78.107317,43.832404],[78.082002,43.837703],[78.037847,43.808855],[78.03196,43.791193]]]}},{"type":"Feature","id":"ne_10m_lakes-1217","properties":{"name":"结雅水库","nameEn":"Zeya","nameOrigin":"natural-earth-name_zh","sourceName":"Zeya Reservoir","sourceDataset":"ne_10m_lakes","sourceFeatureIndex":1217,"sourceId":1159125585,"scalerank":7,"minZoom":5.7,"min_zoom":5.7,"featurecla":"Reservoir"},"geometry":{"type":"Polygon","coordinates":[[[129.180082,54.683255],[129.241899,54.632918],[129.231007,54.614373],[129.207164,54.605542],[129.125036,54.607603],[129.040259,54.662943],[128.991395,54.657645],[128.960192,54.638511],[128.865996,54.633801],[128.80359,54.604659],[128.77386,54.633507],[128.748544,54.639689],[128.731177,54.627325],[128.724701,54.58111],[128.710571,54.570807],[128.672598,54.569336],[128.659941,54.598772],[128.614609,54.621144],[128.56751,54.609075],[128.56074,54.599655],[128.5837,54.575517],[128.787989,54.473667],[128.830672,54.429807],[128.843624,54.388302],[128.834204,54.379176],[128.714398,54.399488],[128.706745,54.420093],[128.633448,54.44217],[128.583995,54.495745],[128.533364,54.497511],[128.495391,54.51635],[128.492153,54.536367],[128.481556,54.542843],[128.420034,54.534895],[128.364988,54.509285],[128.43328,54.468369],[128.432397,54.446291],[128.415619,54.440993],[128.374996,54.457772],[128.275501,54.564626],[128.228403,54.579344],[128.21133,54.572574],[128.21339,54.550496],[128.225165,54.537839],[128.405905,54.406258],[128.309942,54.439815],[128.221338,54.494273],[128.138328,54.493095],[128.126259,54.522237],[128.104181,54.539899],[127.960237,54.542843],[128.064148,54.481321],[128.138916,54.406258],[128.121254,54.399193],[128.096822,54.40979],[128.004686,54.478672],[127.964358,54.485442],[127.93345,54.46101],[127.94022,54.433634],[127.929329,54.426275],[127.893417,54.44688],[127.864863,54.392128],[127.994089,54.348857],[128.001448,54.330312],[127.990851,54.318243],[127.864863,54.365341],[127.837193,54.360043],[127.840431,54.347385],[127.87811,54.317654],[127.851911,54.317654],[127.830423,54.303819],[127.923147,54.269084],[127.998505,54.303819],[128.011457,54.279976],[128.030296,54.26879],[128.126553,54.253189],[128.145098,54.242591],[128.117722,54.230523],[128.001743,54.248773],[127.97054,54.241708],[127.960532,54.231406],[127.969363,54.202558],[128.022348,54.194021],[127.934922,54.186074],[127.919909,54.16694],[127.931095,54.143391],[127.963181,54.128967],[128.029118,54.11837],[127.950523,54.109833],[127.882231,54.090994],[127.865452,54.094821],[127.852206,54.112188],[127.826302,54.116898],[127.740936,54.07657],[127.703257,54.074215],[127.632021,54.022701],[127.607295,53.978252],[127.549305,53.964123],[127.5078,53.940868],[127.480424,53.876991],[127.449515,53.84991],[127.450104,53.827832],[127.487783,53.810465],[127.624368,53.796335],[127.576681,53.784561],[127.468649,53.807816],[127.418313,53.803695],[127.38505,53.749237],[127.274958,53.762189],[127.309104,53.786621],[127.268776,53.803695],[127.21373,53.865217],[127.279962,53.855208],[127.302922,53.837841],[127.325294,53.834897],[127.350609,53.879346],[127.366799,53.861096],[127.385344,53.856386],[127.403595,53.864922],[127.422434,53.901423],[127.411248,53.977369],[127.358263,54.008572],[127.340601,54.033299],[127.239928,54.082457],[127.186354,54.142213],[126.987953,54.188428],[126.959694,54.221986],[127.078028,54.214921],[127.216379,54.171061],[127.321467,54.085401],[127.381223,54.070977],[127.41272,54.03477],[127.473653,54.008572],[127.513098,54.011516],[127.568733,54.036242],[127.600524,54.067445],[127.633199,54.080102],[127.636142,54.114837],[127.667345,54.138387],[127.825124,54.158992],[127.844258,54.17371],[127.780381,54.204324],[127.71356,54.197259],[127.600524,54.276738],[127.580213,54.300581],[127.547833,54.31736],[127.542535,54.372112],[127.486017,54.358571],[127.442745,54.375644],[127.441568,54.386536],[127.497202,54.407435],[127.5078,54.426863],[127.501618,54.449529],[127.460701,54.480438],[127.379162,54.467191],[127.267893,54.503398],[127.199895,54.475139],[127.170458,54.473667],[127.10717,54.491329],[127.079794,54.513406],[127.078028,54.529302],[127.095395,54.540782],[127.117473,54.51635],[127.16722,54.497511],[127.242578,54.518705],[127.296446,54.512229],[127.296152,54.536661],[127.281139,54.554029],[127.190475,54.607014],[127.175462,54.627325],[127.158978,54.667065],[127.168103,54.683549],[127.185471,54.685609],[127.2205,54.667065],[127.237868,54.629386],[127.29939,54.596123],[127.330298,54.542843],[127.362089,54.530185],[127.39182,54.543432],[127.355319,54.583465],[127.337068,54.622616],[127.348549,54.661177],[127.367682,54.68767],[127.377985,54.67825],[127.400062,54.601421],[127.428321,54.57434],[127.425672,54.557267],[127.504267,54.53048],[127.571382,54.533129],[127.573737,54.554029],[127.542535,54.577578],[127.571382,54.59259],[127.60023,54.630269],[127.576681,54.673835],[127.642324,54.694146],[127.666167,54.693852],[127.645562,54.603482],[127.6488,54.554912],[127.672055,54.536661],[127.714738,54.580227],[127.778026,54.558739],[127.816293,54.605542],[127.82954,54.607897],[127.858093,54.589058],[127.926385,54.5973],[127.992323,54.685904],[128.004098,54.768915],[127.977899,54.859284],[127.998505,54.866349],[128.035889,54.858696],[128.039127,54.846921],[128.018816,54.809537],[128.06297,54.751841],[128.076805,54.701211],[128.045603,54.64852],[128.050018,54.632918],[128.07239,54.62497],[128.140977,54.62762],[128.162171,54.636451],[128.187192,54.668242],[128.200733,54.733002],[128.220455,54.742127],[128.232524,54.738889],[128.248714,54.707981],[128.221044,54.656173],[128.22752,54.640572],[128.329664,54.647048],[128.392953,54.701211],[128.409143,54.689142],[128.41032,54.673835],[128.392953,54.639689],[128.4218,54.620555],[128.457418,54.619378],[128.476258,54.651758],[128.495391,54.639689],[128.558385,54.682371],[128.636392,54.67619],[128.703801,54.707981],[128.716164,54.703566],[128.72529,54.684432],[128.790638,54.674424],[128.828317,54.711808],[128.853927,54.696207],[128.899259,54.693852],[128.940175,54.712397],[129.003169,54.718578],[129.082648,54.691791],[129.180082,54.683255]]]}},{"type":"Feature","id":"ne_10m_lakes-1220","properties":{"name":"潮能水库","nameEn":"Srinakarin Dam","nameOrigin":"natural-earth-name_zh","sourceName":"Chao Nen Dam","sourceDataset":"ne_10m_lakes","sourceFeatureIndex":1220,"sourceId":1159125625,"scalerank":7,"minZoom":5.7,"min_zoom":5.7,"featurecla":"Reservoir"},"geometry":{"type":"Polygon","coordinates":[[[99.202334,14.583796],[99.176135,14.549061],[99.119323,14.525217],[99.117557,14.497253],[99.169659,14.436908],[99.132864,14.390693],[99.036607,14.484595],[98.993335,14.55171],[99.010703,14.603518],[98.990392,14.632366],[99.017179,14.677404],[99.017473,14.724207],[98.977734,14.778665],[99.024538,14.790145],[99.020417,14.817226],[99.03278,14.85049],[99.046615,14.861381],[99.040139,14.87816],[99.062217,14.888168],[99.09077,14.924375],[99.068693,14.9962],[99.041905,15.019455],[99.039256,15.043592],[99.091064,15.007386],[99.119029,14.951751],[99.156119,14.945275],[99.129332,14.907302],[99.076052,14.881692],[99.049559,14.821642],[99.070753,14.784552],[99.055446,14.738043],[99.069281,14.692416],[99.061628,14.665923],[99.070459,14.630894],[99.093125,14.602046],[99.092242,14.570549],[99.103133,14.566723],[99.162006,14.587622],[99.202334,14.583796]]]}},{"type":"Feature","id":"ne_10m_lakes-1221","properties":{"name":"新安江水库","nameEn":"Qiandao Lake","nameOrigin":"natural-earth-name_zh","sourceName":"Xinanjiang Shuiku","sourceDataset":"ne_10m_lakes","sourceFeatureIndex":1221,"sourceId":1159125639,"scalerank":7,"minZoom":5.7,"min_zoom":5.7,"featurecla":"Reservoir"},"geometry":{"type":"Polygon","coordinates":[[[119.184065,29.536022],[119.195545,29.49746],[119.158455,29.50217],[119.147858,29.490101],[119.11018,29.49746],[119.083981,29.482153],[119.073384,29.503347],[119.038355,29.49746],[119.017455,29.52513],[118.989196,29.531312],[118.921787,29.490101],[118.826118,29.490101],[118.830828,29.450067],[118.811989,29.449184],[118.788145,29.477149],[118.761358,29.468907],[118.712788,29.417982],[118.682174,29.403558],[118.651855,29.421808],[118.626245,29.42122],[118.626245,29.428579],[118.646851,29.4327],[118.684235,29.42122],[118.701897,29.428579],[118.709845,29.446829],[118.699836,29.461547],[118.661569,29.483919],[118.70955,29.469495],[118.729861,29.483919],[118.731628,29.500992],[118.788145,29.531606],[118.861736,29.565752],[118.925025,29.582531],[118.921787,29.634045],[118.884402,29.644053],[118.840542,29.630218],[118.845252,29.641993],[118.833772,29.656711],[118.771661,29.681437],[118.716321,29.730302],[118.757237,29.715878],[118.77696,29.730891],[118.791383,29.730302],[118.779314,29.710285],[118.806102,29.687913],[118.88087,29.661421],[118.918843,29.66878],[118.929735,29.66407],[118.93886,29.630807],[118.960643,29.621976],[119.018044,29.661421],[119.000088,29.67084],[119.011862,29.686736],[119.037766,29.674373],[119.065142,29.674961],[119.038355,29.723532],[119.074856,29.699394],[119.085748,29.702337],[119.093107,29.715878],[119.071912,29.764448],[119.078683,29.779461],[119.103409,29.807425],[119.135789,29.810075],[119.099288,29.778578],[119.095756,29.746198],[119.18171,29.730302],[119.123426,29.707047],[119.065142,29.640815],[119.039532,29.630807],[119.038355,29.620504],[119.067203,29.601959],[119.078683,29.580765],[119.134023,29.60608],[119.108119,29.556627],[119.108708,29.53926],[119.140794,29.538376],[119.188186,29.558688],[119.195545,29.548385],[119.184065,29.536022]]]}},{"type":"Feature","id":"ne_10m_lakes-1222","properties":{"name":"官厅水库","nameEn":"Guanting Shuiku","nameOrigin":"natural-earth-name_zh","sourceName":"Guanting Shuiku","sourceDataset":"ne_10m_lakes","sourceFeatureIndex":1222,"sourceId":1159125653,"scalerank":7,"minZoom":5.7,"min_zoom":5.7,"featurecla":"Reservoir"},"geometry":{"type":"Polygon","coordinates":[[[115.796523,40.42043],[115.796523,40.386283],[115.757961,40.350371],[115.619316,40.301506],[115.578105,40.227915],[115.570746,40.293559],[115.581343,40.303567],[115.646397,40.330943],[115.713806,40.345072],[115.796523,40.42043]]]}},{"type":"Feature","id":"ne_10m_lakes-1227","properties":{"name":"戈布多伊湖","nameEn":"Kaptai","nameOrigin":"natural-earth-name_zh","sourceName":"Kaptai Lake","sourceDataset":"ne_10m_lakes","sourceFeatureIndex":1227,"sourceId":1159125711,"scalerank":7,"minZoom":5.7,"min_zoom":5.7,"featurecla":"Reservoir"},"geometry":{"type":"Polygon","coordinates":[[[92.317451,22.712955],[92.387804,22.664974],[92.346888,22.651433],[92.327754,22.692056],[92.264466,22.703536],[92.24386,22.69235],[92.298612,22.623469],[92.272119,22.630828],[92.278006,22.64378],[92.237679,22.657615],[92.258284,22.616698],[92.237679,22.623469],[92.237679,22.610222],[92.218839,22.611694],[92.240034,22.595799],[92.217367,22.555176],[92.242388,22.550761],[92.258284,22.575487],[92.274474,22.529567],[92.258284,22.52103],[92.275357,22.518381],[92.312741,22.548406],[92.305382,22.528389],[92.325105,22.528095],[92.343061,22.508961],[92.360723,22.506606],[92.339234,22.475698],[92.309503,22.487767],[92.298612,22.506606],[92.284777,22.500425],[92.291842,22.493654],[92.258284,22.506606],[92.246215,22.494832],[92.252102,22.473343],[92.224727,22.472166],[92.219134,22.494537],[92.196762,22.506606],[92.238562,22.526034],[92.189992,22.548406],[92.180572,22.584613],[92.158789,22.595504],[92.142305,22.64378],[92.175568,22.602863],[92.17233,22.646724],[92.175568,22.657615],[92.189992,22.64378],[92.187931,22.655849],[92.155257,22.664974],[92.155257,22.684697],[92.175568,22.671744],[92.181455,22.693233],[92.150252,22.701475],[92.127881,22.720315],[92.155257,22.726496],[92.148486,22.746807],[92.113163,22.75034],[92.10757,22.761231],[92.11434,22.767413],[92.093735,22.767413],[92.11434,22.788018],[92.086375,22.808329],[92.093735,22.830112],[92.06577,22.836294],[92.078722,22.856605],[92.06577,22.87044],[92.073129,22.883981],[92.057528,22.911651],[92.038394,22.920777],[92.045459,22.9352],[92.025442,23.007614],[92.031624,23.027925],[92.050169,22.944031],[92.071069,22.902232],[92.099916,22.883981],[92.087847,22.868085],[92.129058,22.807446],[92.155257,22.788018],[92.134062,22.781542],[92.169386,22.746807],[92.162027,22.733267],[92.198823,22.709717],[92.217367,22.664974],[92.237679,22.664974],[92.237679,22.678809],[92.217367,22.698532],[92.203532,22.733267],[92.237679,22.698532],[92.262405,22.717371],[92.265054,22.729734],[92.24386,22.761231],[92.265054,22.753872],[92.252102,22.781542],[92.237679,22.774478],[92.23032,22.815689],[92.209714,22.802148],[92.224727,22.830112],[92.203238,22.832762],[92.182338,22.822753],[92.209714,22.843064],[92.182338,22.843064],[92.200294,22.852778],[92.199411,22.862198],[92.175568,22.883981],[92.187637,22.913417],[92.173213,22.922837],[92.162027,22.953157],[92.201766,22.932551],[92.189992,22.959044],[92.203827,22.970818],[92.162027,23.000255],[92.175568,23.000255],[92.165854,23.012913],[92.169386,23.027925],[92.197645,23.01409],[92.209714,23.014384],[92.217367,23.041171],[92.233263,23.02086],[92.252102,23.027925],[92.240917,22.997017],[92.219428,22.992601],[92.220605,22.966109],[92.252102,22.959044],[92.237679,22.953157],[92.252102,22.931962],[92.229142,22.935495],[92.237679,22.911946],[92.258284,22.918127],[92.252986,22.89811],[92.272119,22.843064],[92.272119,22.774772],[92.284777,22.794789],[92.298612,22.761231],[92.298612,22.802148],[92.305382,22.802148],[92.306854,22.786546],[92.333936,22.761231],[92.30656,22.740037],[92.298612,22.705891],[92.317451,22.712955]]]}},{"type":"Feature","id":"ne_10m_lakes-1240","properties":{"name":"斯坦利水库","nameEn":"Stanley","nameOrigin":"natural-earth-name_zh","sourceName":"Stanley Reservoir","sourceDataset":"ne_10m_lakes","sourceFeatureIndex":1240,"sourceId":1159125909,"scalerank":8,"minZoom":6,"min_zoom":6,"featurecla":"Reservoir"},"geometry":{"type":"Polygon","coordinates":[[[77.901263,11.93393],[77.908622,11.926571],[77.90244,11.910969],[77.853281,11.88536],[77.836208,11.860633],[77.831204,11.844738],[77.846511,11.830314],[77.805005,11.816479],[77.765266,11.844443],[77.812365,11.872113],[77.813836,11.893602],[77.798529,11.88536],[77.791759,11.899195],[77.777335,11.888303],[77.730237,11.899195],[77.736713,11.919506],[77.723467,11.93393],[77.707277,11.927748],[77.655174,11.947471],[77.668715,11.97102],[77.702861,11.954241],[77.723467,11.961306],[77.754964,11.95218],[77.765266,11.938934],[77.791759,11.954535],[77.812365,11.926571],[77.829438,11.938051],[77.885367,11.926571],[77.901263,11.93393]]]}},{"type":"Feature","id":"ne_10m_lakes-1241","properties":{"name":"甘地萨加尔水库","nameEn":"Gandhi Sagar Dam","nameOrigin":"natural-earth-name_zh","sourceName":"Gandhi Sagar Dam","sourceDataset":"ne_10m_lakes","sourceFeatureIndex":1241,"sourceId":1159125923,"scalerank":8,"minZoom":6,"min_zoom":6,"featurecla":"Reservoir"},"geometry":{"type":"Polygon","coordinates":[[[75.634953,24.637508],[75.646728,24.617786],[75.619057,24.622496],[75.609049,24.607483],[75.626122,24.59041],[75.626122,24.525944],[75.588444,24.477374],[75.611993,24.405844],[75.580201,24.431159],[75.564306,24.460595],[75.554003,24.455591],[75.529571,24.431453],[75.521917,24.408493],[75.503372,24.405844],[75.468049,24.346676],[75.43714,24.33343],[75.427721,24.309292],[75.383272,24.309292],[75.365904,24.299284],[75.400345,24.241],[75.38651,24.241],[75.39328,24.227165],[75.3609,24.225398],[75.345593,24.213624],[75.338234,24.225398],[75.352658,24.251302],[75.332052,24.275146],[75.337057,24.305171],[75.297906,24.316062],[75.407998,24.363161],[75.427721,24.394658],[75.42095,24.412908],[75.463928,24.43528],[75.448032,24.447055],[75.508082,24.482967],[75.560773,24.534775],[75.568427,24.544783],[75.550176,24.562151],[75.546938,24.590704],[75.557241,24.638686],[75.581379,24.647811],[75.634953,24.637508]]]}},{"type":"Feature","id":"ne_10m_lakes-1242","properties":{"name":"布姆波尔克纳姆水库","nameEn":"Bhumphol K. K. Nam","nameOrigin":"natural-earth-name_zh","sourceName":"Bhumphol K. K. Nam","sourceDataset":"ne_10m_lakes","sourceFeatureIndex":1242,"sourceId":1159125929,"scalerank":8,"minZoom":6,"min_zoom":6,"featurecla":"Reservoir"},"geometry":{"type":"Polygon","coordinates":[[[98.834967,17.357295],[98.857339,17.360533],[98.872352,17.35023],[98.877356,17.360533],[98.864404,17.388497],[98.874412,17.402332],[98.897667,17.386437],[98.967137,17.218943],[98.953007,17.189213],[98.948003,17.205403],[98.89855,17.217177],[98.91268,17.223948],[98.887364,17.247202],[98.884715,17.261921],[98.91268,17.306075],[98.89855,17.312846],[98.891485,17.29224],[98.850569,17.29901],[98.856456,17.310785],[98.850569,17.325798],[98.837028,17.329624],[98.834967,17.357295]]]}},{"type":"Feature","id":"ne_10m_lakes-1243","properties":{"name":"诗丽吉水库","nameEn":"Sirikit Dam","nameOrigin":"natural-earth-name_zh","sourceName":"Siri Kit Dam","sourceDataset":"ne_10m_lakes","sourceFeatureIndex":1243,"sourceId":1159125943,"scalerank":8,"minZoom":6,"min_zoom":6,"featurecla":"Reservoir"},"geometry":{"type":"Polygon","coordinates":[[[100.501363,17.923062],[100.505189,17.882146],[100.524323,17.865073],[100.548461,17.86625],[100.565828,17.883323],[100.56259,17.836519],[100.57672,17.781473],[100.473398,17.76911],[100.463684,17.799724],[100.489588,17.826217],[100.457502,17.842112],[100.358596,17.820918],[100.427772,17.877436],[100.426006,17.902163],[100.41011,17.93101],[100.463979,17.92895],[100.463684,17.963096],[100.51402,17.997831],[100.522263,18.029033],[100.549933,18.030505],[100.576426,18.051111],[100.619108,18.038747],[100.537864,17.984584],[100.529916,17.958975],[100.501363,17.923062]]]}},{"type":"Feature","id":"ne_10m_lakes-1250","properties":{"name":"北大港水库","nameEn":"Beidagang","nameOrigin":"natural-earth-name_zh","sourceName":"Baidagang Shuiku","sourceDataset":"ne_10m_lakes","sourceFeatureIndex":1250,"sourceId":1159126037,"scalerank":9,"minZoom":7,"min_zoom":7,"featurecla":"Reservoir"},"geometry":{"type":"Polygon","coordinates":[[[117.376375,38.762571],[117.427594,38.754917],[117.389916,38.70723],[117.32545,38.68633],[117.33222,38.754917],[117.34635,38.749324],[117.376375,38.762571]]]}},{"type":"Feature","id":"ne_10m_lakes-1253","properties":{"name":"苏邦水库","nameEn":"Supung Lake","nameOrigin":"natural-earth-name_zh","sourceName":"Supung Reservoir","sourceDataset":"ne_10m_lakes","sourceFeatureIndex":1253,"sourceId":1159126073,"scalerank":9,"minZoom":7,"min_zoom":7,"featurecla":"Reservoir"},"geometry":{"type":"Polygon","coordinates":[[[125.262979,40.64915],[125.363357,40.673583],[125.325384,40.632666],[125.298597,40.645324],[125.287705,40.639436],[125.305662,40.631783],[125.301246,40.619125],[125.027487,40.522868],[125.07017,40.485778],[125.061634,40.474298],[125.064577,40.451632],[124.959195,40.453987],[124.987748,40.469588],[125.027487,40.468117],[124.985982,40.486367],[124.957429,40.524046],[124.911508,40.550833],[124.938295,40.578209],[124.965965,40.543179],[124.988926,40.529933],[124.993341,40.515215],[125.021306,40.557014],[125.038085,40.550244],[125.055452,40.557014],[125.055452,40.578209],[125.07282,40.567023],[125.09578,40.567317],[125.115208,40.577326],[125.123745,40.595282],[125.236486,40.614121],[125.262979,40.64915]]]}},{"type":"Feature","id":"ne_10m_lakes-1290","properties":{"name":"伊塞克湖","nameEn":"Issyk-Kul","nameOrigin":"natural-earth-name_zh","sourceName":"Issyk-Kul","sourceDataset":"ne_10m_lakes","sourceFeatureIndex":1290,"sourceId":1159126655,"scalerank":2,"minZoom":2,"min_zoom":2,"featurecla":"Alkaline Lake"},"geometry":{"type":"Polygon","coordinates":[[[78.306308,42.602551],[78.327502,42.595192],[78.320143,42.571643],[78.30042,42.5634],[78.150883,42.573997],[78.107612,42.551037],[78.028722,42.475091],[77.900674,42.458018],[77.829438,42.434763],[77.812365,42.420928],[77.822667,42.402678],[77.892726,42.391786],[77.914803,42.37383],[77.851809,42.361467],[77.792053,42.293763],[77.68726,42.214579],[77.583055,42.194856],[77.481205,42.161888],[77.462954,42.181316],[77.389952,42.169836],[77.28928,42.181021],[77.136799,42.153351],[77.048195,42.16071],[76.960769,42.186614],[76.935454,42.167186],[76.907489,42.197506],[76.819769,42.220466],[76.755009,42.261972],[76.706439,42.25108],[76.675825,42.266681],[76.561906,42.280222],[76.396767,42.345571],[76.371747,42.347337],[76.314051,42.315546],[76.270485,42.318489],[76.239577,42.337329],[76.233101,42.36441],[76.208374,42.392964],[76.222798,42.400323],[76.208374,42.407093],[76.215439,42.407093],[76.196011,42.439767],[76.202487,42.460079],[76.225742,42.469204],[76.304632,42.482156],[76.456229,42.468321],[76.497146,42.51012],[76.599584,42.513653],[76.674647,42.565461],[76.981669,42.614031],[77.014049,42.606378],[77.058204,42.634342],[77.083813,42.639641],[77.173889,42.653476],[77.219515,42.648766],[77.349624,42.681735],[77.435578,42.653476],[77.528009,42.647294],[77.579228,42.676142],[77.7844,42.722651],[77.832676,42.716175],[77.917158,42.726772],[77.983096,42.713232],[78.103785,42.725595],[78.137343,42.740313],[78.306308,42.742962],[78.306308,42.736192],[78.24979,42.719413],[78.201514,42.72118],[78.169134,42.67467],[78.120858,42.6679],[78.081708,42.622862],[78.11085,42.599607],[78.306308,42.602551]]]}},{"type":"Feature","id":"ne_10m_lakes-1294","properties":{"name":"烏布蘇湖","nameEn":"Uvs","nameOrigin":"natural-earth-name_zh","sourceName":"Uvs Nuur","sourceDataset":"ne_10m_lakes","sourceFeatureIndex":1294,"sourceId":1159126709,"scalerank":3,"minZoom":3,"min_zoom":3,"featurecla":"Alkaline Lake"},"geometry":{"type":"Polygon","coordinates":[[[92.324516,50.226287],[92.353364,50.267498],[92.348654,50.301939],[92.24386,50.377002],[92.226787,50.41468],[92.244743,50.445589],[92.283011,50.467666],[92.409882,50.491804],[92.465222,50.513587],[92.486711,50.537725],[92.511437,50.548027],[92.641841,50.548027],[92.750755,50.573343],[92.80639,50.610138],[92.848779,50.666362],[92.900587,50.692854],[92.994783,50.65341],[93.006558,50.625445],[92.990662,50.583057],[92.952983,50.527716],[92.985952,50.505345],[92.998316,50.47738],[93.090451,50.42881],[93.1558,50.356396],[93.196423,50.349332],[93.255295,50.383478],[93.278845,50.38701],[93.291502,50.381123],[93.27855,50.363755],[93.230863,50.356396],[93.248231,50.325488],[93.289442,50.301645],[93.333891,50.32225],[93.360089,50.320189],[93.403655,50.285749],[93.380989,50.263966],[93.280316,50.234824],[93.260005,50.238356],[93.238517,50.266321],[93.105758,50.236884],[93.082798,50.226582],[93.05395,50.170358],[92.930906,50.053201],[92.743396,49.997272],[92.689822,49.993151],[92.576492,50.000216],[92.562951,50.027297],[92.504667,50.034362],[92.470521,50.062327],[92.434314,50.071452],[92.419596,50.113546],[92.34836,50.156229],[92.337762,50.171241],[92.324516,50.226287]]]}},{"type":"Feature","id":"ne_10m_lakes-1295","properties":{"name":"青海湖","nameEn":"Qinghai","nameOrigin":"natural-earth-name_zh","sourceName":"Qinghai Hu","sourceDataset":"ne_10m_lakes","sourceFeatureIndex":1295,"sourceId":1159126725,"scalerank":3,"minZoom":3,"min_zoom":3,"featurecla":"Alkaline Lake"},"geometry":{"type":"Polygon","coordinates":[[[100.704474,36.862745],[100.765996,36.804461],[100.761581,36.781206],[100.743036,36.773258],[100.70153,36.776202],[100.693288,36.757362],[100.734499,36.706143],[100.741858,36.684066],[100.712716,36.566026],[100.703591,36.555429],[100.649428,36.541593],[100.498419,36.578389],[100.459269,36.599583],[100.445434,36.622838],[100.481052,36.644032],[100.440135,36.644032],[100.410404,36.631669],[100.395392,36.63785],[100.385383,36.665815],[100.330337,36.650803],[100.288832,36.657867],[100.133996,36.623721],[99.980927,36.657867],[99.92647,36.68907],[99.907925,36.719978],[99.810785,36.713208],[99.781642,36.760895],[99.791356,36.774435],[99.780171,36.811231],[99.70187,36.84155],[99.682736,36.865983],[99.623863,36.898068],[99.617682,36.91838],[99.623863,36.938985],[99.662131,36.96695],[99.781642,36.937513],[99.820793,36.951348],[99.842281,36.981373],[99.832567,37.037891],[99.780759,37.082046],[99.754561,37.142096],[99.761626,37.164762],[99.796949,37.185073],[99.984165,37.227756],[100.079245,37.191255],[100.182861,37.192727],[100.215535,37.180364],[100.249387,37.198025],[100.274702,37.196259],[100.34741,37.117664],[100.469571,37.017286],[100.577897,36.870104],[100.679747,36.849498],[100.704474,36.862745]]]}},{"type":"Feature","id":"ne_10m_lakes-1300","properties":{"name":"阿拉湖","nameEn":"Alakol","nameOrigin":"natural-earth-name_zh","sourceName":"Alakol","sourceDataset":"ne_10m_lakes","sourceFeatureIndex":1300,"sourceId":1159126789,"scalerank":4,"minZoom":4,"min_zoom":4,"featurecla":"Alkaline Lake"},"geometry":{"type":"Polygon","coordinates":[[[82.060922,45.909732],[82.143344,45.759017],[82.116557,45.750481],[82.005582,45.83408],[81.957895,45.846149],[81.908441,45.846443],[81.74919,45.820245],[81.729762,45.844089],[81.670595,45.868226],[81.641747,45.916797],[81.616727,45.92916],[81.537837,46.00069],[81.393599,46.037486],[81.376525,46.056914],[81.37682,46.090471],[81.389772,46.121968],[81.381824,46.145812],[81.424212,46.16995],[81.411555,46.187317],[81.423624,46.229117],[81.416559,46.251783],[81.386534,46.256787],[81.382707,46.265912],[81.416559,46.279159],[81.388889,46.295643],[81.387417,46.315954],[81.41126,46.38513],[81.461302,46.412211],[81.471899,46.429873],[81.526651,46.451067],[81.562564,46.482564],[81.572278,46.459015],[81.58258,46.456955],[81.639393,46.47079],[81.642336,46.460487],[81.629679,46.443414],[81.694144,46.443414],[81.720931,46.452539],[81.734178,46.430756],[81.773034,46.429873],[81.82337,46.403086],[81.855456,46.409268],[81.862226,46.402497],[81.854867,46.387779],[81.914623,46.361286],[81.917567,46.333616],[81.958483,46.326257],[81.968786,46.313305],[81.979972,46.249428],[82.047381,46.204685],[82.026776,46.080463],[82.041494,46.040429],[82.050031,45.953592],[82.060922,45.909732]]]}},{"type":"Feature","id":"ne_10m_lakes-1307","properties":{"name":"吉爾吉斯湖","nameEn":"Khyargas Nuur","nameOrigin":"natural-earth-name_zh","sourceName":"Khyargas Nuur","sourceDataset":"ne_10m_lakes","sourceFeatureIndex":1307,"sourceId":1159126887,"scalerank":5,"minZoom":4.7,"min_zoom":4.7,"featurecla":"Alkaline Lake"},"geometry":{"type":"MultiPolygon","coordinates":[[[[92.915599,49.329065],[92.916482,49.329065],[92.916528,49.329043],[92.915599,49.329065]]],[[[93.806639,49.157157],[93.811938,49.121539],[93.786328,49.102111],[93.699197,49.082683],[93.580273,49.033818],[93.553486,49.042944],[93.478718,49.036173],[93.429559,49.006442],[93.429559,48.979067],[93.368037,48.951691],[93.334774,48.983482],[93.315934,49.062666],[93.299744,49.095635],[93.281199,49.10947],[93.136667,49.106821],[93.114001,49.115651],[93.080737,49.163633],[92.869973,49.210437],[92.826701,49.233103],[92.80639,49.266955],[92.815221,49.294625],[92.879098,49.327005],[92.951806,49.325239],[92.990662,49.308166],[93.015389,49.322001],[93.086625,49.320235],[93.135784,49.339663],[93.192301,49.301101],[93.29945,49.293742],[93.36892,49.272842],[93.423966,49.237224],[93.4431,49.184533],[93.458701,49.211025],[93.485783,49.219562],[93.588516,49.206021],[93.618246,49.188359],[93.656514,49.143616],[93.635614,49.205727],[93.645034,49.21809],[93.658574,49.218679],[93.806639,49.157157]]]]}},{"type":"Feature","id":"ne_10m_lakes-1311","properties":{"name":"哈尔湖","nameEn":"Khar","nameOrigin":"natural-earth-name_zh","sourceName":"Har Nuur","sourceDataset":"ne_10m_lakes","sourceFeatureIndex":1311,"sourceId":1159126941,"scalerank":7,"minZoom":5.7,"min_zoom":5.7,"featurecla":"Alkaline Lake"},"geometry":{"type":"Polygon","coordinates":[[[93.4222,47.766286],[93.613537,47.675033],[93.607061,47.655605],[93.580273,47.622342],[93.541123,47.594378],[93.490787,47.576127],[93.437212,47.576127],[93.388054,47.601737],[93.397768,47.622637],[93.329475,47.702115],[93.32977,47.724487],[93.346254,47.749802],[93.322999,47.804848],[93.230863,47.872257],[93.258239,47.889625],[93.244698,47.906109],[93.265598,47.938195],[93.189947,47.938195],[93.252057,47.964982],[93.207608,47.981761],[93.102815,47.981172],[93.038643,48.01208],[93.0148,48.040045],[93.011856,48.064183],[93.027752,48.136302],[93.046003,48.149843],[93.096927,48.122467],[93.137255,48.139246],[93.141965,48.15367],[93.128424,48.173981],[93.144614,48.214897],[93.183471,48.222551],[93.272369,48.211954],[93.399239,48.211954],[93.4222,48.199002],[93.419551,48.16986],[93.396001,48.122467],[93.250586,48.015907],[93.286204,48.012669],[93.260594,47.992064],[93.265304,47.979112],[93.317995,47.98235],[93.282671,47.881971],[93.282966,47.858422],[93.314757,47.831341],[93.374807,47.813973],[93.4222,47.766286]]]}},{"type":"Feature","id":"ne_10m_lakes-1320","properties":{"name":"艾拉格湖","nameEn":"Airag","nameOrigin":"natural-earth-name_zh","sourceName":"Airag Lake","sourceDataset":"ne_10m_lakes","sourceFeatureIndex":1320,"sourceId":1159127061,"scalerank":9,"minZoom":7,"min_zoom":7,"featurecla":"Alkaline Lake"},"geometry":{"type":"Polygon","coordinates":[[[93.539357,48.923726],[93.53082,48.863676],[93.464588,48.837477],[93.431325,48.840421],[93.34125,48.898999],[93.375396,48.932263],[93.442217,48.941977],[93.499029,48.965231],[93.517574,48.965526],[93.539357,48.923726]]]}},{"type":"Feature","id":"ne_10m_lakes-1322","properties":{"name":"沙尔卡湖","nameEn":"Ozero Shalkar","nameOrigin":"natural-earth-name_zh","sourceName":"Ozero Shalkar","sourceDataset":"ne_10m_lakes","sourceFeatureIndex":1322,"sourceId":1159127087,"scalerank":9,"minZoom":7,"min_zoom":7,"featurecla":"Alkaline Lake"},"geometry":{"type":"Polygon","coordinates":[[[70.0,50.532589],[70.024962,50.472964],[70.02084,50.445883],[70.0,50.421941],[70.0,50.532589]]]}}]}
