{"type":"FeatureCollection","metadata":{"version":"1.0.0","method":"local-aeqd-area-pca-cross-section-midpoints-smoothed-clipped-v1","geometryNote":"走向示意，非测绘山脊线；由Natural Earth 1:1000万山系命名概括范围的内部截面推导，未经DEM山脊提取或野外测量。","sourceManifestUrl":"/data/mountain-directions-sources.json","modernBackgroundOnly":true,"displayPolicy":"Selected mountain only; no default all-mountain line overlay."},"features":[{"type":"Feature","id":"mountain-direction-ne_10m_geography_regions_polys-223","properties":{"id":"mountain-direction-ne_10m_geography_regions_polys-223","groupId":"ne_10m_geography_regions_polys-223","name":"肯特山","kind":"mountain","labelCoordinates":[108.94550869602635,48.90370583236229],"bounds":[105.68603981312891,48.43243302743305,112.26875275727679,49.17081012838826],"geometryNote":"走向示意，非测绘山脊线；由Natural Earth 1:1000万山系命名概括范围的内部截面推导，未经DEM山脊提取或野外测量。","method":"local-aeqd-area-pca-cross-section-midpoints-smoothed-clipped-v1","sourceUrl":"https://raw.githubusercontent.com/nvkelso/natural-earth-vector/ca96624a56bd078437bca8184e78163e5039ad19/geojson/ne_10m_geography_regions_polys.geojson","sourceDataset":"ne_10m_geography_regions_polys","sourcePolygonId":"ne_10m_geography_regions_polys-223","sourceFeatureIndices":[223],"schematic":true,"minZoom":5.4},"geometry":{"type":"LineString","coordinates":[[105.68603981312891,48.598238414005046],[105.7016032782181,48.59353378096008],[105.73272148025032,48.58411811216358],[105.77937695850265,48.56997861331007],[105.8415435109599,48.55109612071093],[105.90539986664555,48.54315294274256],[105.97098679660176,48.546146552365734],[106.03834706349889,48.56007423822131],[106.1075255376867,48.584933097149275],[106.17730276714894,48.612992320918146],[106.24769292856004,48.644250905430134],[106.3187104607316,48.67870781197839],[106.39037007700784,48.716361966346945],[106.46312964453169,48.75981734097269],[106.53701691479903,48.80907194610568],[106.61206051407986,48.864123703793716],[106.68828998997178,48.92497044465712],[106.76251037657407,48.97336027163306],[106.83466143878998,49.00929721310037],[106.90468552476399,49.03278520987878],[106.97252775726919,49.04382810351685],[107.04044706728712,49.05508965163551],[107.10844445546859,49.06656974140909],[107.17652092552103,49.07826825837827],[107.2446774842628,49.0901850864418],[107.31273577015139,49.10136737405516],[107.38069277656417,49.111815309958985],[107.44854550188484,49.12152908671284],[107.51629095007164,49.130508900664964],[107.58381270664835,49.13817005527376],[107.65110536878281,49.144512947382516],[107.71816356500943,49.1495379794204],[107.78498195703698,49.15324555927489],[107.85181025041142,49.156914627552084],[107.91864834445497,49.160545173651116],[107.98549613837679,49.16413718707866],[108.05235353127401,49.16769065744915],[108.11895584814316,49.16991482513597],[108.18529776919563,49.17081012838826],[108.25137401553667,49.17037701042158],[108.31717935092962,49.16861591927068],[108.38167717837126,49.16062359765138],[108.44484393296516,49.14640217121507],[108.50665706923586,49.12595373357125],[108.56709509408586,49.09928034296752],[108.6273078992338,49.07182879258252],[108.68729310036187,49.04359938330598],[108.74704834320761,49.014592417783845],[108.80657130391123,48.984808200350834],[108.86548266396075,48.95252796239953],[108.9237748628577,48.917752555350255],[108.98144055740606,48.88048282796514],[109.03847262526607,48.84071962579241],[109.09546405051559,48.8011501232248],[109.15241567414289,48.761774334409715],[109.20932833238187,48.72259227251086],[109.26620285677225,48.683603949712996],[109.32383003526101,48.64828566475096],[109.38222089950808,48.616636296017695],[109.44138676714205,48.588654684171374],[109.50133925072085,48.56433963114213],[109.56192022711681,48.5429556605594],[109.62313944312933,48.52450176320256],[109.6850068430503,48.50897690071819],[109.7475325752729,48.496380004903756],[109.81016389760136,48.48432725853523],[109.87290279229109,48.47281846928633],[109.93575124533328,48.461853441546786],[109.99871124670685,48.45143197639991],[110.06220115021598,48.443280121500216],[110.12622923645303,48.43739696906905],[110.19080392379303,48.43378158881628],[110.25593377289725,48.43243302743305],[110.32267663662986,48.43760799761726],[110.39105876923419,48.44930357863815],[110.46110773740592,48.46751671437458],[110.53285246563958,48.49224420834939],[110.60404743098809,48.51447225967693],[110.67468142344212,48.534202011332304],[110.74474337983463,48.551434610871624],[110.81422239097505,48.56617120976291],[110.88290939695898,48.57764593057651],[110.95079061009577,48.58586030084355],[111.01785255341254,48.590815844254514],[111.08408207167959,48.59251407945526],[111.15031598545231,48.594174112634015],[111.21655419525534,48.59579593909654],[111.28279660156446,48.59737955425593],[111.34904310480775,48.59892495363272],[111.41531005986593,48.60049318330482],[111.48159760855613,48.60208420913967],[111.54790589269246,48.60369799675237],[111.6142350540861,48.605334511505404],[111.68182791706761,48.61151239660818],[111.75070324753511,48.622229293461785],[111.82088054744015,48.63748275767239],[111.8923800770541,48.657270256272824],[111.96284404692376,48.67313028700518],[112.03225500435084,48.68506494201415],[112.10059599161157,48.693076298772496],[112.1678505628573,48.697166418100025],[112.21829862615071,48.70020815037976],[112.25193404201971,48.702223656158104],[112.26875275727679,48.70322771377179]]}},{"type":"Feature","id":"mountain-direction-ne_10m_geography_regions_polys-224","properties":{"id":"mountain-direction-ne_10m_geography_regions_polys-224","groupId":"ne_10m_geography_regions_polys-224","name":"布雷因斯山脉","kind":"mountain","labelCoordinates":[134.41060785539005,51.40791816872441],"bounds":[133.1790554726575,50.46977148541402,135.8273631109644,52.095182676779444],"geometryNote":"走向示意，非测绘山脊线；由Natural Earth 1:1000万山系命名概括范围的内部截面推导，未经DEM山脊提取或野外测量。","method":"local-aeqd-area-pca-cross-section-midpoints-smoothed-clipped-v1","sourceUrl":"https://raw.githubusercontent.com/nvkelso/natural-earth-vector/ca96624a56bd078437bca8184e78163e5039ad19/geojson/ne_10m_geography_regions_polys.geojson","sourceDataset":"ne_10m_geography_regions_polys","sourcePolygonId":"ne_10m_geography_regions_polys-224","sourceFeatureIndices":[224],"schematic":true,"minZoom":5.4},"geometry":{"type":"LineString","coordinates":[[133.1790554726575,50.46977148541402],[133.18430611953536,50.48026699600118],[133.19481434322918,50.50125725926129],[133.21059403117133,50.532740756536896],[133.23166608359196,50.57471520274915],[133.2552941175877,50.615008745454645],[133.2814822466462,50.653619869910486],[133.31023404451034,50.690546888916174],[133.34155253996022,50.72578794271287],[133.37558313406817,50.75924583220634],[133.4123278205934,50.790918219031326],[133.45178796945982,50.82080257290311],[133.49396432205023,50.84889617202477],[133.53601973213352,50.87708885957515],[133.57795428117257,50.90538078707834],[133.61976804974344,50.93377210548685],[133.66146111753002,50.96226296518351],[133.70245239082956,50.99124199690529],[133.74274187702952,51.02070995601148],[133.78232954106474,51.050667584271466],[133.82121530513473,51.08111560990873],[133.86189846837178,51.11038121625309],[133.90437936563524,51.13846256116956],[133.94865805082628,51.165357720151256],[133.99473429507856,51.19106468662204],[134.04174005978606,51.21616378889904],[134.0896750431854,51.24065393706376],[134.13853886582396,51.264534020108535],[134.188331070146,51.2878029060481],[134.23704884578652,51.3118080703707],[134.28469288925933,51.33655087060119],[134.3312637992387,51.362032632635945],[134.37676207604144,51.38825465090065],[134.42210597114317,51.41459827503019],[134.46729561642235,51.44106370624672],[134.51233114225397,51.467651144878474],[134.55721267750144,51.49436079036304],[134.60243153802006,51.52086022788671],[134.6479877224894,51.547149094588654],[134.69388121923174,51.57322702505967],[134.74011200614945,51.5990936513539],[134.78653759948477,51.62484533243767],[134.83315801515826,51.650481863776534],[134.879973265606,51.676003040067414],[134.92698335975834,51.701408655242226],[134.9745493362069,51.72645263550791],[135.02267101296914,51.75113433797345],[135.07134817910253,51.77545311264253],[135.1205805945507,51.799408302453536],[135.1705301004083,51.82288848502557],[135.2211962741095,51.84589278286055],[135.27257864423595,51.868420306575295],[135.32467669028674,51.890470154978985],[135.37724490503535,51.91220938537834],[135.43028292046253,51.93363740184472],[135.4837903464735,51.954753603726026],[135.53776677080592,51.975557385683565],[135.5912818747417,51.996688397293354],[135.64433622614825,52.01814728585358],[135.69693037613246,52.03993469219541],[135.7490648589733,52.06205125072144],[135.78819949958122,52.07862348220976],[135.81430535387557,52.08966439486692],[135.8273631109644,52.095182676779444]]}},{"type":"Feature","id":"mountain-direction-ne_10m_geography_regions_polys-225","properties":{"id":"mountain-direction-ne_10m_geography_regions_polys-225","groupId":"ne_10m_geography_regions_polys-225","name":"扬阿林山脉","kind":"mountain","labelCoordinates":[134.782597058336,53.2912871547637],"bounds":[134.6001323929728,52.31699795384896,135.12784318200588,54.320949886680786],"geometryNote":"走向示意，非测绘山脊线；由Natural Earth 1:1000万山系命名概括范围的内部截面推导，未经DEM山脊提取或野外测量。","method":"local-aeqd-area-pca-cross-section-midpoints-smoothed-clipped-v1","sourceUrl":"https://raw.githubusercontent.com/nvkelso/natural-earth-vector/ca96624a56bd078437bca8184e78163e5039ad19/geojson/ne_10m_geography_regions_polys.geojson","sourceDataset":"ne_10m_geography_regions_polys","sourcePolygonId":"ne_10m_geography_regions_polys-225","sourceFeatureIndices":[225],"schematic":true,"minZoom":5.4},"geometry":{"type":"LineString","coordinates":[[134.6001323929728,54.320949886680786],[134.60164446521534,54.31253883733564],[134.60466675952713,54.29571664636694],[134.60919558216725,54.27048312940256],[134.61522540899588,54.23683801034468],[134.62038065454828,54.20311852121656],[134.62466342128658,54.169324772051006],[134.6280758129859,54.135456854018415],[134.63061993466374,54.10151483951455],[134.63380346177098,54.06762767181724],[134.6376248537484,54.033795300879774],[134.64208258093495,54.000017666607064],[134.64717512448365,53.96629469890247],[134.65237378278138,53.93258112640932],[134.6576783073782,53.89887693503013],[134.6630884509066,53.86518211039672],[134.66860396707565,53.83149663787151],[134.67419092193106,53.79781761157786],[134.6798491508365,53.76414502108439],[134.68557848984184,53.73047885583882],[134.69137877567928,53.696819105168565],[134.69763017805224,53.663198425835304],[134.70433164416065,53.62961674731024],[134.711482127619,53.596073994045554],[134.7190805884073,53.56257008549685],[134.72662093360515,53.52906154405516],[134.73410330348236,53.49554837962713],[134.74152783782986,53.46203060202966],[134.74889467596154,53.428508220990395],[134.75658711490854,53.39501417292944],[134.7646044093898,53.36154839447692],[134.77294581815735,53.328110819647634],[134.78161060396693,53.29470137985269],[134.791239392434,53.261375103248994],[134.80182999931077,53.228131756409475],[134.81338025940312,53.194971082749305],[134.8258880263772,53.1618928026257],[134.83702583095237,53.12869716413838],[134.8467967573381,53.095384547564684],[134.8552039008899,53.06195528585496],[134.8622503678519,53.028409664837135],[134.86841267275403,52.994788532945094],[134.8736928491897,52.96109202563659],[134.87809293248344,52.927320258615204],[134.88161495961634,52.89347332791843],[134.8864590685203,52.85974013813456],[134.89262222103116,52.8261205290332],[134.9001014108001,52.792614296356135],[134.90889366299345,52.75922119201196],[134.91928804888252,52.72596600247702],[134.93128101059742,52.69284830625655],[134.94486903307154,52.65986761710777],[134.96004864354055,52.627023384311826],[134.97395798110705,52.59407015564312],[134.98659981826376,52.56100837514881],[134.99797693667108,52.52783844571215],[135.0080921269163,52.49456072922382],[135.02222925725016,52.461627252768295],[135.04037963601715,52.42903657163118],[135.06253478841694,52.39678683029006],[135.0886864530784,52.364875764041514],[135.10827541784786,52.34093853812763],[135.12132294721476,52.32497852137345],[135.12784318200588,52.31699795384896]]}},{"type":"Feature","id":"mountain-direction-ne_10m_geography_regions_polys-228","properties":{"id":"mountain-direction-ne_10m_geography_regions_polys-228","groupId":"ne_10m_geography_regions_polys-228","name":"朱格朱尔山脉","kind":"mountain","labelCoordinates":[137.28969770990756,56.81326832969796],"bounds":[134.19360907807894,55.40758053324924,139.9954728682577,58.876661269508666],"geometryNote":"走向示意，非测绘山脊线；由Natural Earth 1:1000万山系命名概括范围的内部截面推导，未经DEM山脊提取或野外测量。","method":"local-aeqd-area-pca-cross-section-midpoints-smoothed-clipped-v1","sourceUrl":"https://raw.githubusercontent.com/nvkelso/natural-earth-vector/ca96624a56bd078437bca8184e78163e5039ad19/geojson/ne_10m_geography_regions_polys.geojson","sourceDataset":"ne_10m_geography_regions_polys","sourcePolygonId":"ne_10m_geography_regions_polys-228","sourceFeatureIndices":[228],"schematic":true,"minZoom":5.4},"geometry":{"type":"LineString","coordinates":[[134.19360907807894,55.40758053324924],[134.2066927755319,55.41547517701783],[134.23287581920363,55.43126023897045],[134.27218954702073,55.45492725348187],[134.32468106693622,55.48646348590032],[134.37747180372386,55.5178685989559],[134.4305620138131,55.54914225056036],[134.4839519473827,55.580284096680224],[134.53764184829637,55.61129379134116],[134.59384119660766,55.64105516414691],[134.65255045432536,55.66956480068425],[134.71376958668165,55.696819133132095],[134.77749805774593,55.722814440943075],[134.8408148518618,55.74902832022198],[134.90372027676915,55.77546146754148],[134.96621462991754,55.80211457412912],[135.02829819836927,55.828988325891615],[135.08893293346622,55.85661252901096],[135.1481193138279,55.88498938838852],[135.20585765829907,55.91412105356602],[135.26214812453279,55.944009618976494],[135.3210007289925,55.97260619575605],[135.3824153589485,55.9999071578272],[135.44639136908023,56.025908721492385],[135.51292757703752,56.050606946261915],[135.5816722915678,56.07417763210345],[135.65262363356345,56.09661713652471],[135.72577931257587,56.11792170326119],[135.80113662405972,56.13808746316694],[135.8751536169134,56.15894123213938],[135.94783218886724,56.18048548840945],[136.01917410823106,56.20272266119895],[136.0891810129795,56.22565513106637],[136.157733354147,56.249348222044304],[136.22483260607572,56.273804415845305],[136.29048008320908,56.29902613787735],[136.3546769388703,56.32501575759547],[136.4188168994464,56.35104730902305],[136.48290014232586,56.37712093864758],[136.54692684573027,56.403236792558005],[136.61089718871716,56.429395016445056],[136.67392401097544,56.45606195237397],[136.73600793838418,56.48323909357744],[136.79714952870125,56.51092790912958],[136.85734927099858,56.53912984407474],[136.91560972697846,56.56837272430237],[136.97193128419656,56.59865932226969],[137.02631402062713,56.629992315033526],[137.07875770187815,56.66237428466697],[137.12967175164556,56.69559082935138],[137.17905557448861,56.72964386186822],[137.2269083751257,56.76453523600938],[137.2732291564332,56.800266746749365],[137.3189372033936,56.83635230610945],[137.36403210187598,56.87279262323999],[137.40851340350093,56.90958839746562],[137.45238062528477,56.94674031830765],[137.4966329850958,56.983718584038904],[137.54127106470617,57.020522828903594],[137.58629543651273,57.05715268382937],[137.63170666341503,57.093607776428414],[137.67770047821807,57.129784021450135],[137.7242776021802,57.165680825502626],[137.77143873136006,57.201297587560205],[137.81918453632213,57.236633698973634],[137.8677630924506,57.271556842585085],[137.91717518636247,57.30606610721425],[137.9674215487225,57.34016056604561],[138.01850285364034,57.3738392766651],[138.06967788708474,57.407497026337374],[138.1209468842862,57.44113375046635],[138.17231008095348,57.47474938422978],[138.22376771327274,57.50834386257861],[138.2753200179068,57.54191712023617],[138.3269672319941,57.575469091697364],[138.37870959314785,57.60899971122802],[138.4305473394551,57.64250891286404],[138.48248070947562,57.67599663041069],[138.53450994224113,57.70946279744181],[138.58663527725406,57.74290734729907],[138.63885695448658,57.776330213091185],[138.6911752143795,57.80973132769318],[138.74359029784117,57.843110623745595],[138.79610244624632,57.87646803365372],[138.8487119014349,57.90980348958685],[138.9010856424873,57.943296443979364],[138.95322377502242,57.97694723533504],[139.00512640031886,58.01075620031661],[139.05679361527385,58.04472367375308],[139.1079460093948,58.07900090076221],[139.15858351529778,58.11358854250547],[139.20870604127174,58.14848725304335],[139.25831347104028,58.18369767936155],[139.30700777431426,58.219435715757115],[139.35478846227255,58.2557024380805],[139.40165496704603,58.29249890150085],[139.44760664089134,58.32982614056682],[139.4928009333945,58.367599482450956],[139.53723722075398,58.405819759387875],[139.58091482219734,58.44448778941937],[139.62383299935763,58.48360437642658],[139.66617019676303,58.52307313948381],[139.7079258171304,58.5628946833121],[139.74909922762194,58.60306960423392],[139.7896897594459,58.64359849018834],[139.82918015953706,58.68476203147013],[139.8675688050454,58.72656125849204],[139.90485394880133,58.76899717303492],[139.94103371779642,58.81207074826443],[139.96822781011667,58.84436899210013],[139.98638551005226,58.86589784108571],[139.9954728682577,58.876661269508666]]}},{"type":"Feature","id":"mountain-direction-ne_10m_geography_regions_polys-231","properties":{"id":"mountain-direction-ne_10m_geography_regions_polys-231","groupId":"ne_10m_geography_regions_polys-231","name":"卡拉套山","kind":"mountain","labelCoordinates":[68.70201263366314,43.751266107315104],"bounds":[66.35669509084835,42.797483649363386,71.1546540606205,45.05933355177563],"geometryNote":"走向示意，非测绘山脊线；由Natural Earth 1:1000万山系命名概括范围的内部截面推导，未经DEM山脊提取或野外测量。","method":"local-aeqd-area-pca-cross-section-midpoints-smoothed-clipped-v1","sourceUrl":"https://raw.githubusercontent.com/nvkelso/natural-earth-vector/ca96624a56bd078437bca8184e78163e5039ad19/geojson/ne_10m_geography_regions_polys.geojson","sourceDataset":"ne_10m_geography_regions_polys","sourcePolygonId":"ne_10m_geography_regions_polys-231","sourceFeatureIndices":[231],"schematic":true,"minZoom":5.4},"geometry":{"type":"LineString","coordinates":[[66.35669509084835,45.05933355177563],[66.36974327557284,45.05311172263656],[66.39583116159874,45.040663578424336],[66.43494179034394,45.02198015688114],[66.48704974464873,44.99704803862612],[66.53851911101384,44.97145353272555],[66.58934899083346,44.94519745639256],[66.63953853335498,44.91828061785283],[66.68908693557636,44.890703816246806],[66.73790825915492,44.862376493443925],[66.7860016934133,44.83329953463272],[66.83336648814372,44.80347381279334],[66.88000195342681,44.77290018858556],[66.92634737306487,44.742049881624666],[66.97240258161386,44.710923216181854],[67.01816742325794,44.679520514782965],[67.06364175176942,44.64784209819398],[67.10911583994708,44.61619796691296],[67.15458981205755,44.58458810314483],[67.20006379191476,44.55301248898437],[67.24553790288223,44.52147110641635],[67.29140299658657,44.49037948761433],[67.33765955981634,44.45973715578231],[67.3843080941869,44.42954362927057],[67.43134911610537,44.399798421541774],[67.47877597171484,44.37049342175809],[67.52658919876431,44.34162814232081],[67.57478934912987,44.31320209080174],[67.62337698878892,44.2852147699085],[67.6721852540341,44.257488669542205],[67.72121452627414,44.23002349452558],[67.77046519081694,44.20281894779078],[67.81993763686779,44.17587473036714],[67.86954887802037,44.149102690719445],[67.91929920064668,44.12250263318077],[67.96918889220093,44.09607436114052],[68.019218241222,44.06981767703938],[68.06961111949471,44.04396715017617],[68.12036812825146,44.018522289071775],[68.1714898806213,43.993482597733895],[68.22297700161974,43.96884757562343],[68.27450312447117,43.94427460145653],[68.32606840135755,43.919763605214655],[68.37767298413404,43.895314516633256],[68.42931702433134,43.87092726520156],[68.48130535497201,43.84691936936208],[68.53363858984689,43.82329034653742],[68.58631735303992,43.80003970995892],[68.63934227892422,43.777166968635306],[68.692932542911,43.75489852826852],[68.7470891721245,43.73323358238953],[68.80181322340725,43.71217131420071],[68.85710578331111,43.6917108964882],[68.91312064967049,43.67200934678562],[68.96985926769139,43.65306559105129],[69.0273231316847,43.63487853870951],[69.08551378508128,43.61744708249749],[69.14262054886962,43.59890518897873],[69.19864131499705,43.57925446231902],[69.25357410345259,43.55849647831228],[69.30741706219807,43.536632784048024],[69.36031502636224,43.51381509821062],[69.41226660998923,43.49004471105834],[69.4632705233662,43.465322890975585],[69.5133255728461,43.43965088425774],[69.5622842927235,43.41288042795669],[69.6101455288014,43.38501290703564],[69.65690825323261,43.35604967589001],[69.70257156413345,43.325992058105726],[69.74698340213007,43.294687257212345],[69.79014303176524,43.262136705083506],[69.83204987836085,43.22834179262],[69.8727035273055,43.193303869503964],[69.91447345362833,43.15943329767069],[69.95736020563722,43.126728847987465],[70.00136445500186,43.09518925565323],[70.04648699623958,43.06481321999187],[70.09292022399025,43.03579357607047],[70.14066536323959,43.00812871180002],[70.18972380642008,42.981816965333316],[70.24009711295088,42.956856624708614],[70.29192923363952,42.933389676928996],[70.34522227687229,42.911414108892544],[70.39997855562085,42.890927844885574],[70.45620058720677,42.87192874604048],[70.51326932474414,42.85378884755395],[70.57118642682863,42.83650684995575],[70.62995361753683,42.8200814310215],[70.68957268644184,42.804511245562786],[70.75772368055868,42.797483649363386],[70.83443193624785,42.79898305069643],[70.91972992602395,42.808991776656626],[71.01365729656541,42.82749003962026],[71.0841398502963,42.84131221553446],[71.1311458108972,42.850502443021284],[71.1546540606205,42.85509018533572]]}},{"type":"Feature","id":"mountain-direction-ne_10m_geography_regions_polys-232","properties":{"id":"mountain-direction-ne_10m_geography_regions_polys-232","groupId":"ne_10m_geography_regions_polys-232","name":"阿瓦利拉山脉","kind":"mountain","labelCoordinates":[73.25533761178927,25.88333891074073],"bounds":[72.30369442801116,24.71619138018275,74.31735090614264,26.954402758152575],"geometryNote":"走向示意，非测绘山脊线；由Natural Earth 1:1000万山系命名概括范围的内部截面推导，未经DEM山脊提取或野外测量。","method":"local-aeqd-area-pca-cross-section-midpoints-smoothed-clipped-v1","sourceUrl":"https://raw.githubusercontent.com/nvkelso/natural-earth-vector/ca96624a56bd078437bca8184e78163e5039ad19/geojson/ne_10m_geography_regions_polys.geojson","sourceDataset":"ne_10m_geography_regions_polys","sourcePolygonId":"ne_10m_geography_regions_polys-232","sourceFeatureIndices":[232],"schematic":true,"minZoom":5.4},"geometry":{"type":"LineString","coordinates":[[72.30369442801116,24.71619138018275],[72.31028416119747,24.72585431347261],[72.32346667110052,24.7451792799534],[72.34324805345088,24.774164476798425],[72.36963747354284,24.812807193187417],[72.39693952449832,24.850759432979974],[72.42515463073035,24.888020694459573],[72.45428318567791,24.924590457790014],[72.48432555159567,24.960468185022574],[72.51342622779971,24.99707376745733],[72.54158490051118,25.034407753551147],[72.56880122217697,25.072470673460888],[72.59507481124653,25.11126303905379],[72.62282781759171,25.148930501210607],[72.65206088766301,25.18547223212978],[72.68277458515767,25.22088735703775],[72.71496939047702,25.255174954220216],[72.74802489314752,25.28880973844489],[72.78194130758887,25.32179112973964],[72.81671881950682,25.35411853220066],[72.85235758573097,25.38579133401968],[72.88534403743682,25.419503980147876],[72.91567763183618,25.455258242511594],[72.94335755721052,25.493055746106492],[72.96838273122235,25.532897969149154],[72.99305069090389,25.573022453979743],[73.01736127486025,25.613429375171417],[73.04131431645776,25.654118904806083],[73.06490964378685,25.69509121247391],[73.09186862221257,25.733490789802573],[73.12219279225972,25.769315804747713],[73.1558832577937,25.802564186112303],[73.19294068325375,25.83323362378058],[73.23041687065249,25.863586481169857],[73.26831186575143,25.893622434662255],[73.30662570704102,25.923341156882657],[73.34535842570513,25.952742316708637],[73.38340281093969,25.98267725812079],[73.42075888017094,26.01314651261176],[73.4574266332661,26.044150601886066],[73.4934060524461,26.07569003788712],[73.5286490097947,26.107802358259182],[73.56315544476367,26.14048808938817],[73.59692527623,26.173747746558288],[73.6299584023828,26.207581833975645],[73.66247722376092,26.241819324249207],[73.69448165411309,26.2764605554084],[73.72597159704158,26.311505860165344],[73.75694694594205,26.346955565923597],[73.78832280862945,26.382104017926665],[73.82009932627608,26.416950957346543],[73.85227663369504,26.451496121852543],[73.88485485930077,26.48573924561519],[73.91855930825375,26.519120199727276],[73.95339021500287,26.551638206085844],[73.98934776303295,26.58329245993413],[74.02643208458522,26.61408212991627],[74.06028545656756,26.647374593281135],[74.09090735212541,26.683172082886056],[74.11829683046005,26.72147661681849],[74.14245253423438,26.762289998649674],[74.16923225651114,26.801083644689346],[74.19863722281681,26.83785611901752],[74.23066838472259,26.872605842130486],[74.26532641804681,26.905331091060063],[74.29133304070413,26.929869358329857],[74.30867703423078,26.94622549948049],[74.31735090614264,26.954402758152575]]}},{"type":"Feature","id":"mountain-direction-ne_10m_geography_regions_polys-233","properties":{"id":"mountain-direction-ne_10m_geography_regions_polys-233","groupId":"ne_10m_geography_regions_polys-233","name":"苏莱曼山脉","kind":"mountain","labelCoordinates":[69.92103999457508,31.4016832190471],"bounds":[69.71758066078665,29.193725086193172,70.02522741788273,33.61526167196008],"geometryNote":"走向示意，非测绘山脊线；由Natural Earth 1:1000万山系命名概括范围的内部截面推导，未经DEM山脊提取或野外测量。","method":"local-aeqd-area-pca-cross-section-midpoints-smoothed-clipped-v1","sourceUrl":"https://raw.githubusercontent.com/nvkelso/natural-earth-vector/ca96624a56bd078437bca8184e78163e5039ad19/geojson/ne_10m_geography_regions_polys.geojson","sourceDataset":"ne_10m_geography_regions_polys","sourcePolygonId":"ne_10m_geography_regions_polys-233","sourceFeatureIndices":[233],"schematic":true,"minZoom":5.4},"geometry":{"type":"LineString","coordinates":[[69.72090372029012,33.61526167196008],[69.72062862381419,33.604157764160234],[69.720078625956,33.581949887126676],[69.71925411621983,33.54863791804526],[69.71815567715761,33.504221672829566],[69.71759813019207,33.45983343705791],[69.71758066078665,33.41547321772145],[69.71810245838829,33.37114101497688],[69.71916271640731,33.326836822177306],[69.7225692884178,33.28265568739463],[69.72831869947915,33.23859742269786],[69.7364075065056,33.19466171200715],[69.74683229796504,33.150848111660764],[69.75715597169209,33.10702858671646],[69.7673786866005,33.063203161611696],[69.77750060110333,33.01937186050748],[69.78752187311419,32.97553470728961],[69.79515054100557,32.93157212477628],[69.80039009003751,32.887484540146396],[69.80324401295645,32.84327224622568],[69.80371580978378,32.79893540207785],[69.80541967577838,32.75466260026956],[69.80835380697249,32.710453792225884],[69.81251641110443,32.666308893992245],[69.81790570753718,32.6222277863916],[69.82565595397429,32.578269568211816],[69.83576376590528,32.53443381189192],[69.84822578978307,32.49071996029571],[69.86303870267011,32.44712732727229],[69.87276126309064,32.40326939975414],[69.87740072819804,32.359147333736004],[69.87696441752684,32.31476167763377],[69.87145971199263,32.2701123749497],[69.86600434733172,32.2254648092512],[69.8605982445804,32.18081898707079],[69.85524132505522,32.136174914874346],[69.84993351035203,32.0915325990613],[69.84620041675531,32.046971845353134],[69.84403975016464,32.00249279300835],[69.84344923308286,31.95809552305961],[69.84442660452534,31.91378005857409],[69.84636174219477,31.869514515012675],[69.84925328145921,31.825298849781998],[69.85309986564306,31.781132998897437],[69.85790014597598,31.737016877077117],[69.86362051733086,31.69294868840708],[69.87025969184427,31.648928310316517],[69.87781638903306,31.604955600621285],[69.88628933573985,31.561030397609134],[69.89522881363762,31.51712910559622],[69.90463418511368,31.473251627321275],[69.91450481550827,31.429397860585272],[69.92484007309567,31.38556769827284],[69.93474032074734,31.34171428133742],[69.94420616976883,31.297837710383437],[69.95323822999435,31.253938081422394],[69.96183710978407,31.210015485892125],[69.97025335853971,31.166082963315745],[69.97848723749668,31.122140549623513],[69.98653900710733,31.07818827990692],[69.99440892704224,31.034226188422213],[70.00063886980932,30.99017894607579],[70.00523110057276,30.946046789619153],[70.00818788526871,30.90182989240246],[70.00951149052541,30.85752836464791],[70.01083208987704,30.813226426270305],[70.01214968904823,30.768924077606915],[70.01346429374597,30.724621318995432],[70.01477590965987,30.680318150773843],[70.01608636774354,30.636014667751297],[70.01739567113817,30.591710870214754],[70.01870382297648,30.54740675845178],[70.0200108263828,30.50310233275059],[70.02131668447309,30.45879759340007],[70.02262140035499,30.414492540689704],[70.02392497712785,30.370187174909645],[70.02522741788273,30.325881496350693],[70.02479283363982,30.281485451391216],[70.02262360262552,30.236999018347902],[70.0187221042503,30.19242210482842],[70.01309071906779,30.147754548042396],[70.00481474934455,30.102948301911418],[69.99389785405097,30.058002845996135],[69.98034370156606,30.012917496753914],[69.9641559697014,29.96769140827866],[69.95078481485375,29.92261052487194],[69.94022628841846,29.87767573743347],[69.93247648087589,29.83288774930738],[69.9275315217187,29.78824707712443],[69.92473087054009,29.74371926920148],[69.92407161781452,29.699304470227037],[69.92555087900074,29.65500271680633],[69.92916579438506,29.61081393793069],[69.93340452402326,29.566657993727663],[69.93826624582856,29.522534823201777],[69.94375014183316,29.478444356331856],[69.94985539816354,29.43438651410965],[69.95793694935253,29.39043293237733],[69.9679922223606,29.346583239073823],[69.98001866532802,29.302836971117028],[69.99401374734852,29.259193574784355],[70.00450209694588,29.226459838919205],[70.01149054592392,29.20463678331138],[70.01498363664514,29.193725086193172]]}},{"type":"Feature","id":"mountain-direction-ne_10m_geography_regions_polys-418","properties":{"id":"mountain-direction-ne_10m_geography_regions_polys-418","groupId":"ne_10m_geography_regions_polys-418","name":"杭爱山","kind":"mountain","labelCoordinates":[99.80096681184105,47.21889024054249],"bounds":[96.0364979208513,46.19480631980834,103.52554404063517,48.00752456790953],"geometryNote":"走向示意，非测绘山脊线；由Natural Earth 1:1000万山系命名概括范围的内部截面推导，未经DEM山脊提取或野外测量。","method":"local-aeqd-area-pca-cross-section-midpoints-smoothed-clipped-v1","sourceUrl":"https://raw.githubusercontent.com/nvkelso/natural-earth-vector/ca96624a56bd078437bca8184e78163e5039ad19/geojson/ne_10m_geography_regions_polys.geojson","sourceDataset":"ne_10m_geography_regions_polys","sourcePolygonId":"ne_10m_geography_regions_polys-418","sourceFeatureIndices":[418],"schematic":true,"minZoom":5.3},"geometry":{"type":"LineString","coordinates":[[96.0364979208513,47.99280388283924],[96.05370225389386,47.9928891587875],[96.0881110851456,47.993052041812184],[96.13972471955361,47.99327719394493],[96.20854355106934,47.9935416077217],[96.27803992683297,47.995099739017654],[96.34821914841596,47.9979504110023],[96.41908661379374,48.002092426561354],[96.49064781892388,48.00752456790953],[96.55866049974148,48.005971479918365],[96.62309758275843,47.99743921745303],[96.68393480977413,47.98193353944516],[96.74115077264136,47.95945989925039],[96.79872775593412,47.93775085920632],[96.85666792462531,47.916805877180046],[96.91497346758902,47.89662440445392],[96.9736465979029,47.87720588563665],[97.03347364662869,47.86005153777673],[97.09446137449926,47.84515960792366],[97.15661681771138,47.83252829748258],[97.21994729089633,47.82215576128523],[97.28362131432173,47.8124481051187],[97.34764118311544,47.80340476290121],[97.41200921404331,47.7950251619452],[97.47672774581696,47.78730872287046],[97.54142710618174,47.77955590555372],[97.60610721597772,47.77176673054219],[97.67076799624242,47.763941218464474],[97.73540936821146,47.75607939003033],[97.80003125331912,47.748181266030336],[97.86463357319886,47.74024686733572],[97.92921624968393,47.73227621489806],[97.99377920480795,47.72426932974901],[98.05811522990663,47.71584461649826],[98.12222293979548,47.707002435949946],[98.18610096235085,47.69774314953477],[98.24974793862391,47.68806711927241],[98.31265987240214,47.67705726974518],[98.37483246384666,47.66471476839992],[98.43626153299829,47.65104077419508],[98.49694302080341,47.63603643723499],[98.55758975790276,47.62100002007302],[98.61820170849398,47.60593155768313],[98.67877883704693,47.59083108506477],[98.73932110830329,47.575698637242624],[98.79982848727629,47.56053424926624],[98.86030093925022,47.54533795620972],[98.92073842978014,47.530109793171555],[98.98114092469142,47.51484979527409],[99.04069289126885,47.498106399828146],[99.09939015211815,47.479880888540066],[99.15722868461756,47.460174529217525],[99.21420462182681,47.43898857533981],[99.2710798147623,47.417677082265044],[99.32785402598907,47.3962401736162],[99.38452702042515,47.37467797313248],[99.44109856534114,47.352990604665436],[99.49787892431824,47.33172300792161],[99.55486924188575,47.310874853687274],[99.61207066880812,47.29044580986927],[99.66948436216926,47.2704355414676],[99.7261948876285,47.24924681964773],[99.78219936026737,47.226880651922016],[99.83749499880848,47.20333803625562],[99.89207912600038,47.178619960805364],[99.94707956310269,47.15468410545601],[100.00249821476856,47.131529852977586],[100.0583370155826,47.10915657845537],[100.11459793028612,47.08756364919098],[100.17148651547093,47.067100413150065],[100.22900569592018,47.047765918196646],[100.28715846729858,47.029559196686066],[100.3459478966771,47.0124792652342],[100.40469981357424,46.9953691121931],[100.46341419825447,46.97822877456257],[100.52209103123634,46.96105828934962],[100.580730293292,46.94385769356825],[100.63933196544654,46.926627024239096],[100.69789602897748,46.90936631838924],[100.7564224654141,46.89207561305189],[100.81491125653693,46.874754945266126],[100.87336238437713,46.85740435207668],[100.93177583121584,46.84002387053359],[100.99015157958371,46.82261353769199],[101.04848961226018,46.805173390611856],[101.10703185064122,46.788107513529845],[101.16577935780539,46.77141557044614],[101.2247332025631,46.75509722257605],[101.28389445952484,46.73915212832482],[101.34365362207646,46.72422552821009],[101.40401360358081,46.71031645653484],[101.46497737902311,46.69742393286742],[101.5265479855133,46.68554696182647],[101.58914922775885,46.67537651526671],[101.65278647489814,46.66691085824888],[101.71746528511112,46.66014821678455],[101.78319140733038,46.655086777155084],[101.84751476716492,46.64772037094208],[101.91042778636782,46.63805140432259],[101.97192326636844,46.6260822375538],[102.03199439118589,46.61181518373457],[102.0913406825542,46.59639483271798],[102.1499590378881,46.579822312416006],[102.20784645766513,46.562098740096815],[102.26500004590213,46.54322522209882],[102.32212504077874,46.52434083687344],[102.37922148000827,46.505445605956375],[102.43628940130704,46.48653955083075],[102.4933288423943,46.46762269292713],[102.55034432322759,46.44870221060482],[102.60733589910403,46.4297781183698],[102.66430362524348,46.41085043065569],[102.72124755678846,46.39191916182395],[102.77819584740865,46.37302890292648],[102.83514866090724,46.35417962536762],[102.89210616068394,46.33537130032915],[102.94906850973717,46.31660389877049],[103.00705097423248,46.29947740616157],[103.06605780270233,46.28399021061667],[103.12609342118735,46.27014066292187],[103.18716243430394,46.25792707596145],[103.24838982491679,46.24597111589415],[103.30977638861923,46.23427250351272],[103.37132292388283,46.22283095763488],[103.43303023209135,46.21164619508886],[103.47929421844312,46.20323566282792],[103.510129008461,46.19761819020952],[103.52554404063517,46.19480631980834]]}},{"type":"Feature","id":"mountain-direction-ne_10m_geography_regions_polys-419","properties":{"id":"mountain-direction-ne_10m_geography_regions_polys-419","groupId":"ne_10m_geography_regions_polys-419","name":"咸镜山脉","kind":"mountain","labelCoordinates":[128.5507726885586,41.19325859679936],"bounds":[127.1419776524959,39.62972709636994,130.25654228460957,42.66161852921405],"geometryNote":"走向示意，非测绘山脊线；由Natural Earth 1:1000万山系命名概括范围的内部截面推导，未经DEM山脊提取或野外测量。","method":"local-aeqd-area-pca-cross-section-midpoints-smoothed-clipped-v1","sourceUrl":"https://raw.githubusercontent.com/nvkelso/natural-earth-vector/ca96624a56bd078437bca8184e78163e5039ad19/geojson/ne_10m_geography_regions_polys.geojson","sourceDataset":"ne_10m_geography_regions_polys","sourcePolygonId":"ne_10m_geography_regions_polys-419","sourceFeatureIndices":[419],"schematic":true,"minZoom":5.3},"geometry":{"type":"LineString","coordinates":[[127.29233193521281,39.62972709636994],[127.28720095396913,39.647780306175314],[127.27693066971308,39.68388582366028],[127.2615043917011,39.738041840345204],[127.24089696535502,39.81024563290311],[127.21973339345332,39.882779097082185],[127.1980115073336,39.95564190652849],[127.17572910818177,40.02883372575028],[127.15288396668139,40.10235421002706],[127.1419776524959,40.168074389790156],[127.14304912036465,40.22599815667914],[127.15612918331401,40.27612555824579],[127.18124040976365,40.31845277478742],[127.20657864012259,40.36064713742897],[127.23214418492451,40.4027085046924],[127.25793735281476,40.444636733649915],[127.28395845052806,40.486431679921886],[127.31692202753942,40.5237339420287],[127.3568331934029,40.5565376307507],[127.40369424064167,40.5848355690745],[127.45750462496862,40.6086192947133],[127.5078452343959,40.634661942593546],[127.55471712823778,40.66296807761491],[127.59812066867498,40.69354194118898],[127.63805551656054,40.72638745234646],[127.68045060480308,40.75763937041119],[127.7253064093608,40.787295003639045],[127.77262304525674,40.81535150066218],[127.8224002643099,40.84180585097315],[127.87159563153045,40.86864515974684],[127.92020933170534,40.89587018482888],[127.96824153140547,40.92348167453852],[128.01569237887873,40.95148036770383],[128.06537235724258,40.9780231603893],[128.11728091177872,41.00310719288357],[128.1714171837606,41.026729476486004],[128.22778000888144,41.04888689410857],[128.2836203108771,41.07138559193724],[128.3389384626688,41.09422634335638],[128.39373482346517,41.11740991375522],[128.44800973869295,41.14093706056535],[128.4999730363809,41.16599183554839],[128.54962574006237,41.192577366630196],[128.59696855961948,41.220696638839506],[128.64200188954752,41.25035249489892],[128.68442735181733,41.281745366950474],[128.72424461876184,41.314878123270496],[128.76145295231117,41.349753452633124],[128.79605120113175,41.38637386469726],[128.8239909268913,41.42742564729424],[128.84526532789107,41.472913567406195],[128.8598648649889,41.522841231077024],[128.86777723475973,41.577211081270335],[128.8800596380677,41.62869615965471],[128.89672082463747,41.677295134429045],[128.91776841052075,41.72300617199529],[128.94320886584947,41.765826935507626],[128.96642412359049,41.81013605648505],[128.98741125704154,41.855934852791485],[129.00616702186278,41.90322451360789],[129.02268785297008,41.952006099187756],[129.04540596170165,41.99670728556743],[129.07432992597805,42.03732450526079],[129.1094659801749,42.073853189073766],[129.15081799437115,42.10628776583783],[129.19291947345923,42.138239338479345],[129.2357706161302,42.16970711177295],[129.27937158577294,42.20069027625515],[129.32372251023693,42.23118800826239],[129.36958979971064,42.260691399390744],[129.41697343271844,42.28919868305848],[129.46587324152185,42.3167080343815],[129.5162889112549,42.34321757039614],[129.56773006118524,42.36905112616395],[129.62019632642847,42.39420736740662],[129.67368727257727,42.41868493393501],[129.7282023953518,42.44248243978282],[129.78436103715453,42.46518479485783],[129.84216207031747,42.48678965549763],[129.90160418893717,42.50729461138802],[129.96268590814063,42.52669718599477],[130.0211293372258,42.54786075473712],[130.0769367993533,42.57078927356128],[130.1301101927331,42.595486515764506],[130.18065098869863,42.62195607302586],[130.21858461481912,42.64179358949411],[130.243887055457,42.655011614410114],[130.25654228460957,42.66161852921405]]}},{"type":"Feature","id":"mountain-direction-ne_10m_geography_regions_polys-424","properties":{"id":"mountain-direction-ne_10m_geography_regions_polys-424","groupId":"ne_10m_geography_regions_polys-424","name":"钦山脉","kind":"mountain","labelCoordinates":[93.04057064770134,22.68913507189615],"bounds":[92.4472977385923,21.435382704624597,93.30666099845133,23.809511140610788],"geometryNote":"走向示意，非测绘山脊线；由Natural Earth 1:1000万山系命名概括范围的内部截面推导，未经DEM山脊提取或野外测量。","method":"local-aeqd-area-pca-cross-section-midpoints-smoothed-clipped-v1","sourceUrl":"https://raw.githubusercontent.com/nvkelso/natural-earth-vector/ca96624a56bd078437bca8184e78163e5039ad19/geojson/ne_10m_geography_regions_polys.geojson","sourceDataset":"ne_10m_geography_regions_polys","sourcePolygonId":"ne_10m_geography_regions_polys-424","sourceFeatureIndices":[424],"schematic":true,"minZoom":5.3},"geometry":{"type":"LineString","coordinates":[[92.4472977385923,23.809511140610788],[92.45481686303243,23.800434822808324],[92.46985200193335,23.78228107301207],[92.49239694358498,23.755047665966462],[92.52244239102548,23.71873127159739],[92.55406580338246,23.682739210825975],[92.58726616411234,23.647070550232066],[92.6220424817405,23.611724311411223],[92.65839378958864,23.576699471081614],[92.69444784095975,23.541608719519836],[92.73020484512931,23.50645226310249],[92.76566501188134,23.471230306233867],[92.8008285514983,23.43594305134972],[92.8312917281589,23.399684746544953],[92.85705769971081,23.362458072732867],[92.87812981855822,23.324265293290473],[92.8945116294078,23.28510825522744],[92.91081611995122,23.245935403764665],[92.92704336702187,23.206746763860956],[92.94319344730259,23.16754236031683],[92.95926643732557,23.12832221777498],[92.97272478944713,23.088565462584757],[92.98357064629634,23.048272747433057],[92.99180620522968,23.00744459611852],[92.99743371773565,22.96608140403664],[93.00302941875799,22.924711967052513],[93.00859334219692,22.883336288868314],[93.01412552185766,22.84195437316067],[93.0196259914507,22.800566223580695],[93.02628311488958,22.759415966470407],[93.03409589735263,22.71850346222593],[93.04306335933806,22.677828546642804],[93.05318453654048,22.637391031014666],[93.06419463779773,22.597136502073376],[93.07609294291623,22.55706478129413],[93.08887874106912,22.517175675832423],[93.1025513307207,22.477468978577996],[93.11443471889561,22.4373951433369],[93.12453036737425,22.396954560183627],[93.13283976138639,22.35614755885129],[93.13936440934371,22.31497440896075],[93.1434487250212,22.273300350451375],[93.14509484663084,22.23112555872362],[93.14430495700334,22.188450098198583],[93.14108128312897,22.145273922802406],[93.13806011588612,22.102138691891057],[93.13524126331775,22.05904441810667],[93.13262453452154,22.015991113301904],[93.13020973964511,21.97297878854346],[93.1292665429214,21.93026905312965],[93.12979360779133,21.887861939366186],[93.13178962132945,21.845757439374477],[93.13525329406112,21.803955505270025],[93.14184296078228,21.762798218011877],[93.15155601212474,21.72228520946327],[93.16438993196113,21.682415931480566],[93.18034229655163,21.643189656607458],[93.19870953435704,21.604461000282065],[93.21948989706567,21.566229154057343],[93.24268169150247,21.52849320324342],[93.2682832790799,21.491252127242706],[93.28747583312304,21.46331858563508],[93.30026676352641,21.444694924642732],[93.30666099845133,21.435382704624597]]}},{"type":"Feature","id":"mountain-direction-ne_10m_geography_regions_polys-425","properties":{"id":"mountain-direction-ne_10m_geography_regions_polys-425","groupId":"ne_10m_geography_regions_polys-425","name":"阴山","kind":"mountain","labelCoordinates":[108.71368790387082,41.719246728304725],"bounds":[105.86434113523885,41.320745591772805,111.57341443590715,41.86759015866596],"geometryNote":"走向示意，非测绘山脊线；由Natural Earth 1:1000万山系命名概括范围的内部截面推导，未经DEM山脊提取或野外测量。","method":"local-aeqd-area-pca-cross-section-midpoints-smoothed-clipped-v1","sourceUrl":"https://raw.githubusercontent.com/nvkelso/natural-earth-vector/ca96624a56bd078437bca8184e78163e5039ad19/geojson/ne_10m_geography_regions_polys.geojson","sourceDataset":"ne_10m_geography_regions_polys","sourcePolygonId":"ne_10m_geography_regions_polys-425","sourceFeatureIndices":[425],"schematic":true,"minZoom":4.5},"geometry":{"type":"LineString","coordinates":[[105.86434113523885,41.66762882627787],[105.8791671758815,41.67213969659901],[105.90882543188631,41.68115575176531],[105.95332824893623,41.69466561241351],[106.01269413608044,41.71265218847407],[106.07151860425394,41.7248710269648],[106.129785715958,41.73132286127532],[106.18747976397866,41.732008424926796],[106.24458529152594,41.72692845062108],[106.30170358242769,41.72203025368649],[106.35883514398941,41.71731381639457],[106.4159804833715,41.71277912026306],[106.47314010760854,41.70842614605539],[106.53056496158548,41.70659061852372],[106.58826177302112,41.70727219105928],[106.64623732371497,41.71047050268144],[106.7044984532846,41.716185177829985],[106.76292371902916,41.72325819712147],[106.82151688188947,41.73168933579647],[106.88028172471816,41.7414783621069],[106.93922205341988,41.75262503724166],[106.99859205739027,41.76731370882728],[107.058401802091,41.78554375335725],[107.11866150272643,41.807314521871945],[107.17938153248326,41.83262533943137],[107.23934364747352,41.85110743738537],[107.29852824401978,41.86276198911763],[107.35691614102304,41.86759015866596],[107.41448860939839,41.865593099003895],[107.47198682620609,41.862988956537535],[107.5294091959972,41.859777833704314],[107.58675412807244,41.85595983486199],[107.64402003669575,41.85153506627375],[107.70119854108476,41.84644955026432],[107.75828792362789,41.840703406343636],[107.81528647323162,41.83429675601727],[107.87219248556765,41.82722972276727],[107.92908596383816,41.820134522566406],[107.98596686412162,41.81301116853362],[108.04283514258682,41.805859673832366],[108.0996907554931,41.79868005167051],[108.15653365919066,41.79147231530021],[108.21336381012068,41.7842364780178],[108.2701811648157,41.77697255316375],[108.32698567989968,41.7696805541224],[108.38377731208831,41.76236049432206],[108.44055601818931,41.755012387234686],[108.4973217551025,41.74763624637594],[108.55407447982019,41.740232085304996],[108.6108141494272,41.73279991762445],[108.6675407211013,41.72533975698018],[108.72425415211325,41.71785161706132],[108.78095439982715,41.71033551160003],[108.83764142170055,41.7027914543715],[108.89431517528475,41.69521945919371],[108.95097561822493,41.687619539927475],[109.00762270826044,41.679991710476195],[109.06425640322497,41.67233598478583],[109.12087666104676,41.66465237684472],[109.17748343974883,41.65694090068355],[109.23407669744911,41.64920157037516],[109.29065639236076,41.64143440003449],[109.3472224827923,41.63363940381845],[109.40377492714781,41.62581659592575],[109.46031368392714,41.6179659905969],[109.51683871172614,41.610087602114],[109.57334996923679,41.60218144480066],[109.62984741524747,41.594247533021885],[109.68633100864311,41.586285881183976],[109.74280070840535,41.57829650373439],[109.79925647361284,41.570279415161636],[109.85569826344133,41.56223462999513],[109.91212603716382,41.55416216280516],[109.96853975415091,41.54606202820268],[110.02493937387086,41.53793424083924],[110.08132485588979,41.5297788154069],[110.13769615987187,41.52159576663802],[110.1940532455795,41.51338510930524],[110.2503960728735,41.505146858221316],[110.3067246017133,41.49688102823902],[110.36303879215706,41.48858763425098],[110.41933860436193,41.48026669118966],[110.47562399858408,41.47191821402714],[110.53189493517908,41.46354221777505],[110.58815137460186,41.455138717484445],[110.64439327740705,41.44670772824569],[110.700620604249,41.43824926518835],[110.75683331588203,41.429763343481014],[110.81303137316063,41.421249978331296],[110.86937987762965,41.41365677596151],[110.92588118242854,41.40698349190391],[110.98253765242809,41.401229877171104],[111.03935166468771,41.396395678209565],[111.09612446485184,41.39134907342286],[111.15285553391699,41.386090124277146],[111.209544354165,41.38061889288568],[111.26619040918686,41.37493544200572],[111.32257238196541,41.367821452091235],[111.37868668870634,41.35927733923867],[111.43452978794954,41.34930352130278],[111.4900981816294,41.33790041776641],[111.53176176425659,41.32933052710289],[111.55953142515447,41.32360890799296],[111.57341443590715,41.320745591772805]]}},{"type":"Feature","id":"mountain-direction-ne_10m_geography_regions_polys-426","properties":{"id":"mountain-direction-ne_10m_geography_regions_polys-426","groupId":"ne_10m_geography_regions_polys-426","name":"西萨彦岭","kind":"mountain","labelCoordinates":[93.26653444332592,52.32718519077996],"bounds":[90.97457103881757,51.58882416621979,95.86148041157333,52.409247581945756],"geometryNote":"走向示意，非测绘山脊线；由Natural Earth 1:1000万山系命名概括范围的内部截面推导，未经DEM山脊提取或野外测量。","method":"local-aeqd-area-pca-cross-section-midpoints-smoothed-clipped-v1","sourceUrl":"https://raw.githubusercontent.com/nvkelso/natural-earth-vector/ca96624a56bd078437bca8184e78163e5039ad19/geojson/ne_10m_geography_regions_polys.geojson","sourceDataset":"ne_10m_geography_regions_polys","sourcePolygonId":"ne_10m_geography_regions_polys-426","sourceFeatureIndices":[426],"schematic":true,"minZoom":5.3},"geometry":{"type":"LineString","coordinates":[[90.97457103881757,51.58882416621979],[90.98607115272776,51.61426886244899],[91.00910917750537,51.665154682453306],[91.04376108517258,51.7414744486463],[91.09014178569173,51.843217312362526],[91.1401800363256,51.92992766657495],[91.19384882618913,52.00160149094049],[91.25111319370166,52.058234329823726],[91.3119302890787,52.09982130962575],[91.37459212307759,52.133702574274466],[91.43907084359174,52.15987529248561],[91.50533652233119,52.178336552563906],[91.57335720867424,52.189083368445395],[91.64142523298264,52.199724539772134],[91.70954021019458,52.210260007058224],[91.7777017538897,52.22068971128568],[91.84590947629886,52.23101359390681],[91.91444785735142,52.23989980027913],[91.98331052368212,52.2473477685689],[92.05249102879462,52.253356942142005],[92.12198285547413,52.25792676978593],[92.19148890142432,52.262455702658144],[92.26100904398413,52.266943725851455],[92.33054316030815,52.27139082458629],[92.40009112736807,52.275796984211006],[92.46965282195414,52.280162190202],[92.53922812067668,52.28448642816408],[92.60881689996754,52.2887696838306],[92.67841903608169,52.29301194306377],[92.74803440509862,52.29721319185471],[92.81766288292388,52.30137341632394],[92.88730434529063,52.30549260272138],[92.95695866776114,52.30957073742665],[93.02662572572832,52.31360780694929],[93.09630539441724,52.31760379792902],[93.16599754888668,52.321558697135835],[93.23570206403068,52.32547249147032],[93.30541881458005,52.329345167963844],[93.37514767510399,52.33317671377874],[93.44488852001157,52.33696711620854],[93.5146412235534,52.340716362678165],[93.58440565982306,52.3444244407441],[93.65418170275879,52.348091338094676],[93.723969226145,52.35171704255016],[93.79376810361393,52.35530154206308],[93.86357344278498,52.35887287537977],[93.93338524848025,52.362431038969916],[94.00320352550929,52.365976029251506],[94.07302827866889,52.369507842590835],[94.14284428080968,52.37311958807642],[94.2126519735425,52.37681128810948],[94.28245179867459,52.380582964413975],[94.3522441982174,52.384434638036836],[94.42229694355966,52.38666651203229],[94.49260244807188,52.38727814930002],[94.56315306840422,52.38626912067691],[94.63394110784061,52.383639005126064],[94.70480159159872,52.38042998565682],[94.77573179437401,52.37664193151824],[94.84672898641584,52.37227471553172],[94.91779043396606,52.36732821410903],[94.9886961236749,52.363308123260275],[95.05945061135215,52.36021469981344],[95.13005843342887,52.358048193085864],[95.20052410807786,52.35680884494935],[95.27092952808574,52.35593551867567],[95.34127650803839,52.35542831260039],[95.41156685993819,52.35528732228035],[95.48180239337553,52.35551264050341],[95.55160117966055,52.35902280619274],[95.62097872245127,52.365818526718996],[95.68995036420088,52.37590047816216],[95.75853129953951,52.389269305907014],[95.80999421220575,52.39926969581717],[95.84431575977716,52.40592412144175],[95.86148041157333,52.409247581945756]]}},{"type":"Feature","id":"mountain-direction-ne_10m_geography_regions_polys-427","properties":{"id":"mountain-direction-ne_10m_geography_regions_polys-427","groupId":"ne_10m_geography_regions_polys-427","name":"阿巴坎斯基拉山脉","kind":"mountain","labelCoordinates":[89.63676626956436,51.635365437226945],"bounds":[89.56525283275008,49.28890087401305,90.64169048143371,54.04366750639098],"geometryNote":"走向示意，非测绘山脊线；由Natural Earth 1:1000万山系命名概括范围的内部截面推导，未经DEM山脊提取或野外测量。","method":"local-aeqd-area-pca-cross-section-midpoints-smoothed-clipped-v1","sourceUrl":"https://raw.githubusercontent.com/nvkelso/natural-earth-vector/ca96624a56bd078437bca8184e78163e5039ad19/geojson/ne_10m_geography_regions_polys.geojson","sourceDataset":"ne_10m_geography_regions_polys","sourcePolygonId":"ne_10m_geography_regions_polys-427","sourceFeatureIndices":[427],"schematic":true,"minZoom":5.3},"geometry":{"type":"LineString","coordinates":[[90.64169048143371,49.28890087401305],[90.63661578635508,49.29997515205579],[90.62645954314053,49.32212296978722],[90.61120801762864,49.35534284771207],[90.59084053826001,49.39963255959889],[90.56333896403822,49.44400533602693],[90.52868357221409,49.48845600115817],[90.48685448970508,49.53297801602503],[90.43783170158093,49.57756347080392],[90.39122287532368,49.62210073778118],[90.34703474872366,49.66659283407448],[90.30527407115517,49.71104262411997],[90.26594760499053,49.75545281878219],[90.22617521857578,49.79985252545851],[90.18595564435974,49.844241306419825],[90.14528761040782,49.88861871829386],[90.10416984042452,49.932984312035046],[90.05705521634862,49.97738030099569],[90.00392687366795,50.0217992867866],[89.9447678700693,50.06623291301019],[89.87956119552643,50.11067185981343],[89.82285237385501,50.155025304513124],[89.77466537619046,50.199305973965856],[89.73502417875332,50.243524699128834],[89.70395278188634,50.28769040413998],[89.67698574671768,50.33182949204686],[89.65413457664766,50.37594488058262],[89.63541081247345,50.42003904643964],[89.62082603468522,50.464114022757364],[89.60870904924764,50.50817761860947],[89.59906678751244,50.55223062109642],[89.5919062089575,50.59627365813135],[89.58723430165473,50.64030719753418],[89.5832368962564,50.68433785055532],[89.57991589380748,50.72836568874923],[89.57727320385355,50.772390771823275],[89.57531074449535,50.816413147570145],[89.57318329276445,50.86043569468164],[89.57089037768823,50.90445840401639],[89.56843152611668,50.94848126571652],[89.5658062627106,50.992504269203714],[89.56525283275008,51.036520105702756],[89.56677714945906,51.08052880789027],[89.57038515156923,51.12453029682879],[89.57608280341624,51.1685243813256],[89.58150690305396,51.21251882391629],[89.58665667237145,51.25651366321904],[89.59153132962254,51.30050893594237],[89.59613008940315,51.34450467687415],[89.60127026336691,51.3884980181785],[89.60695341841061,51.43248888951365],[89.61318112856084,51.47647721290492],[89.61995497500403,51.520462902700565],[89.62654640259615,51.56444860561519],[89.63295489031115,51.60843435326581],[89.63917991467744,51.652420176436664],[89.64522094976257,51.69640610507428],[89.65027436723564,51.74039533179872],[89.65433729443279,51.78438798392097],[89.65740684470745,51.828384163790886],[89.65948011732506,51.87238394865131],[89.66202110763656,51.9163815044046],[89.66503119001534,51.960376801418306],[89.6685117451989,52.004369804433715],[89.67246416032076,52.04836047253276],[89.67642427701067,52.09235067982492],[89.68039212264841,52.13634042597911],[89.68436772473963,52.180329710662974],[89.68835111091651,52.22431853354274],[89.69280085518207,52.26830494887642],[89.69771834489671,52.312288904949725],[89.70310497387877,52.35627034447211],[89.70896214243473,52.40024920454367],[89.71563970819649,52.44422387743859],[89.72314012277037,52.488194226314654],[89.7314658489878,52.53216009714452],[89.74061936093892,52.576121318613716],[89.74942026712107,52.620083247660205],[89.75786752222916,52.664045963950436],[89.76596007590643,52.70800954406729],[89.77369687270853,52.75197406149155],[89.78045551825441,52.795942647124825],[89.78623307465195,52.839915467632636],[89.7910265892576,52.88389266568604],[89.79483309455398,52.92787435981752],[89.79961752299602,52.971850697884896],[89.80538284342565,53.01582156365173],[89.81213203834133,53.05978681675668],[89.81986810394234,53.103746292568296],[89.83091856528463,53.14768750120288],[89.84529351907624,53.19160953210609],[89.86300310177229,53.23551119883332],[89.88405748883626,53.2793910373861],[89.9089523162312,53.32324442930855],[89.93769931252534,53.367069009937595],[89.97031024486776,53.41086204454376],[90.00679691664882,53.4546204261091],[90.05909990266593,53.49825609923066],[90.12726719876298,53.541748609044596],[90.21134664635726,53.585071260585025],[90.31138582972495,53.62819108221358],[90.39209021608956,53.671421949663014],[90.4534017947426,53.71480256399956],[90.49526198155554,53.75836238293556],[90.51761147816501,53.802121566065594],[90.53484791585933,53.845933034479394],[90.54695549509114,53.88979897949321],[90.55391829971379,53.93372094775241],[90.55572029414024,53.97769983728164],[90.55707445849269,54.01068377160549],[90.55797850896933,54.03267295029872],[90.55843091718468,54.04366750639098]]}},{"type":"Feature","id":"mountain-direction-ne_10m_geography_regions_polys-428","properties":{"id":"mountain-direction-ne_10m_geography_regions_polys-428","groupId":"ne_10m_geography_regions_polys-428","name":"唐努乌拉山脉","kind":"mountain","labelCoordinates":[93.39487778540051,51.13924749962685],"bounds":[90.31450248832343,50.35733077395617,96.49509143868063,51.16084493882981],"geometryNote":"走向示意，非测绘山脊线；由Natural Earth 1:1000万山系命名概括范围的内部截面推导，未经DEM山脊提取或野外测量。","method":"local-aeqd-area-pca-cross-section-midpoints-smoothed-clipped-v1","sourceUrl":"https://raw.githubusercontent.com/nvkelso/natural-earth-vector/ca96624a56bd078437bca8184e78163e5039ad19/geojson/ne_10m_geography_regions_polys.geojson","sourceDataset":"ne_10m_geography_regions_polys","sourcePolygonId":"ne_10m_geography_regions_polys-428","sourceFeatureIndices":[428],"schematic":true,"minZoom":5.3},"geometry":{"type":"LineString","coordinates":[[90.31450248832343,50.360869011451705],[90.33138737109785,50.36052627852927],[90.36515640073475,50.35983341833531],[90.4158080792079,50.358775643159724],[90.48334009399235,50.35733077395617],[90.55020442855438,50.360880631652755],[90.61642206646864,50.369426469022436],[90.68201355955301,50.3829694832851],[90.74699905370775,50.40151081760354],[90.81166628092646,50.422932815265526],[90.87602657933765,50.44723606264594],[90.94009119583882,50.47442112300397],[91.00387129414231,50.50448853686819],[91.0677882736888,50.5340582709441],[91.13184047087624,50.56313015148259],[91.19602620658411,50.591704006587605],[91.2603437863349,50.61977966624603],[91.32487926122201,50.64660179926104],[91.38962796306468,50.67217009294577],[91.45458517152655,50.69648423920137],[91.5197461154905,50.71954393463821],[91.58450460476857,50.746770287271204],[91.64887715635497,50.77816400132959],[91.71288012481274,50.813725744628634],[91.776529719319,50.85345614925937],[91.84071202191781,50.889135704663225],[91.90541178059063,50.920763637291394],[91.97061339195935,50.94833917927262],[92.03630091640137,50.97186156934666],[92.1021380198195,50.99451662475379],[92.16812132784558,51.01630413993389],[92.23424743922808,51.03722391319062],[92.30051292653712,51.05727574675043],[92.36718956222879,51.0735599388471],[92.43426165253038,51.086075833938224],[92.50171327259295,51.09482278712657],[92.56952828188545,51.099800164843955],[92.63739509908164,51.10431963688198],[92.70531178917302,51.108381122434174],[92.77327641285595,51.11198454322859],[92.84128702676858,51.115129823538524],[92.90930680478955,51.11823565537722],[92.97733563346327,51.1213020291438],[93.04537339922214,51.12432893535639],[93.11341998838802,51.12731636465224],[93.18147528717351,51.13026430778782],[93.2495391816833,51.13317275563904],[93.31761155791561,51.136041699201364],[93.38569230176346,51.13887112958988],[93.45378129901607,51.14166103803954],[93.52187843536032,51.144411415905196],[93.589983596382,51.14712225466181],[93.6580966675672,51.1497935459045],[93.72621753430384,51.15242528134876],[93.79434608188284,51.15501745283052],[93.86248219549967,51.15757005230626],[93.93062576025567,51.16008307185319],[93.99887902208987,51.16084493882981],[94.06723430390339,51.15985547951564],[94.13568390627158,51.15711452924061],[94.2042201110176,51.152621932459425],[94.2728662911134,51.145800083268206],[94.34161211922846,51.13664879276367],[94.4104472507296,51.12516788371643],[94.47936133007096,51.11135719065716],[94.5482343773945,51.097506066816855],[94.61706631783338,51.08361455601506],[94.68585707698045,51.06968270213702],[94.75460658088812,51.055710549133096],[94.82338907586379,51.0399250462224],[94.8921965783683,51.02232611703101],[94.96102111822509,51.002913694875666],[95.02985474241038,50.98168772276411],[95.09865940630236,50.95948562554283],[95.16743093299564,50.93630741533594],[95.23616516251299,50.912153109756325],[95.30485795283444,50.8870227318817],[95.37361881912403,50.85713261467833],[95.44242691464149,50.82248260217221],[95.51126147435913,50.78307255662841],[95.58010184051058,50.738902358495466],[95.6487091633141,50.69901714432865],[95.71710268456275,50.663417233778155],[95.78530146664006,50.63210290928052],[95.8533244145202,50.605074416408456],[95.92121932768049,50.580750339159614],[95.98899806034859,50.55913081949528],[96.05667240522791,50.54021597867671],[96.12425410190444,50.524005917377444],[96.19178529979341,50.508091160820406],[96.25926737308033,50.49247175976643],[96.32670169174719,50.477147762943446],[96.3940896216802,50.46211921705378],[96.44460255175967,50.45082225530827],[96.47826448273311,50.443278790292084],[96.49509143868063,50.43950341274758]]}},{"type":"Feature","id":"mountain-direction-ne_10m_geography_regions_polys-429","properties":{"id":"mountain-direction-ne_10m_geography_regions_polys-429","groupId":"ne_10m_geography_regions_polys-429","name":"太行山","kind":"mountain","labelCoordinates":[113.70746468639183,38.51143915017506],"bounds":[113.46616539323048,35.50277208836776,114.23789228121225,41.5025697960746],"geometryNote":"走向示意，非测绘山脊线；由Natural Earth 1:1000万山系命名概括范围的内部截面推导，未经DEM山脊提取或野外测量。","method":"local-aeqd-area-pca-cross-section-midpoints-smoothed-clipped-v1","sourceUrl":"https://raw.githubusercontent.com/nvkelso/natural-earth-vector/ca96624a56bd078437bca8184e78163e5039ad19/geojson/ne_10m_geography_regions_polys.geojson","sourceDataset":"ne_10m_geography_regions_polys","sourcePolygonId":"ne_10m_geography_regions_polys-429","sourceFeatureIndices":[429],"schematic":true,"minZoom":4.2},"geometry":{"type":"LineString","coordinates":[[113.46616539323048,35.50277208836776],[113.47288858848661,35.51320734858552],[113.4863403084159,35.53407664362305],[113.50653122787406,35.56537751896922],[113.53347739926767,35.60710628355198],[113.55859168619936,35.64892814473421],[113.58187127219101,35.69084430155227],[113.6033133186198,35.73285586651213],[113.62291496431425,35.77496386524442],[113.64253768489854,35.81706824784628],[113.66218153320428,35.8591690057177],[113.68184656220643,35.90126613023512],[113.7015328250239,35.94335961275123],[113.71901232809316,35.98557138986982],[113.73428156948533,36.02790246418069],[113.7473370151409,36.07035371210531],[113.75817509840027,36.1129258833772],[113.76650716781427,36.15563528245513],[113.77232911939667,36.19848244892076],[113.77563680789856,36.24146775891278],[113.7764260463943,36.28459142442788],[113.77638661286753,36.32776037887337],[113.77551711085293,36.370974619804976],[113.77381613595918,36.41423412684871],[113.77128227582558,36.4575388616222],[113.76874552299498,36.500843224834234],[113.76620586975059,36.54414721619332],[113.76366330835191,36.58745083540812],[113.76111783103445,36.630754082187664],[113.75750499456464,36.67411503352374],[113.75282296228986,36.717533587182245],[113.74706988608476,36.761009611115554],[113.7402439063001,36.80454294332921],[113.73322992847557,36.84808531515559],[113.72602761781467,36.891636692197004],[113.71863663818698,36.93519703909264],[113.71105665212308,36.97876631951431],[113.70478174675154,37.022264039179774],[113.6998141927808,37.06569041350429],[113.69615626171066,37.10904561388021],[113.69381022582691,37.15232976747797],[113.69320467431552,37.19552009992831],[113.69434261626593,37.23861664253629],[113.69722705850987,37.281619347950326],[113.7018610055351,37.324528089814336],[113.70684246498247,37.367417991421],[113.71217203784884,37.41028900881917],[113.71785032674174,37.453141094870226],[113.72387793588075,37.495974199234205],[113.72747270262185,37.538937628095205],[113.7286304272017,37.582031602157045],[113.72734686896933,37.62525618897947],[113.72361774607135,37.66861130229725],[113.71788845349666,37.7120726646823],[113.7101554306495,37.75563997605626],[113.70041508667383,37.799312832363704],[113.68866380035256,37.843090725094264],[113.67811061816535,37.886802884249576],[113.6687576928972,37.930449639516425],[113.66060717881065,37.97403128386477],[113.65366123166612,38.01754807337662],[113.64861053240948,38.06096401651479],[113.64545847035355,38.104279365027836],[113.64420843154889,38.14749427815992],[113.64486379873131,38.19060882222937],[113.64738512055061,38.233625216948866],[113.65177569747178,38.276543346288825],[113.6580388267727,38.31936300421312],[113.66617780240124,38.362083894279706],[113.67589305935721,38.404721552000936],[113.6871873582278,38.447275588367056],[113.70006345845071,38.48974554985217],[113.71452411815486,38.53213091813466],[113.72900171743443,38.57451419879765],[113.74349630123139,38.616895386977504],[113.75800791462426,38.659274477796515],[113.7725366028288,38.70165146636275],[113.78699060125167,38.744031238845466],[113.80136979557007,38.78641382421239],[113.81567407102496,38.82879925132092],[113.82990331241909,38.87118754891758],[113.84411226303011,38.91357580330803],[113.8583009027936,38.95596402323982],[113.87246921155733,38.99835221745926],[113.88661716908095,39.040740394711314],[113.89895979704542,39.083224920465504],[113.90949392174736,39.12580636419498],[113.9182163433041,39.16848521243091],[113.92512383534958,39.21126186839719],[113.93100166540431,39.25409398120538],[113.9358479829849,39.29698170508328],[113.93966092594749,39.33992516727621],[113.94243862039671,39.38292446792518],[113.94689266038135,39.425832854265884],[113.95302610038443,39.46865013647743],[113.96084199303175,39.51137605258595],[113.97034338895469,39.55401026814079],[113.97885803394352,39.59669757358285],[113.98638415248931,39.63943818332115],[113.99291995807003,39.68223228713006],[113.99846365305572,39.72508005003859],[114.00151317831744,39.76806311809673],[114.00206393927691,39.81118168489519],[114.00011129505137,39.85443578542419],[113.9956505580976,39.89782529534064],[113.99118430198699,39.941214314592806],[113.98671251117251,39.98460284263045],[113.98223517005547,40.02799087890251],[113.97775226298522,40.071378422857094],[113.9745517389656,40.11469616015423],[113.97263601980772,40.15794419515998],[113.97200752864835,40.20112259048393],[113.97266868992642,40.2442313667832],[113.97495643126273,40.28725254347412],[113.97887380514233,40.330186026414935],[113.98442386294995,40.373031654053946],[113.99160965486227,40.41578919711962],[113.99966731595691,40.45849959437301],[114.00859847453901,40.501162668384914],[114.01840476127572,40.54377822220796],[114.029087809162,40.58634603928855],[114.03978429948916,40.62891256884043],[114.05049426933435,40.671477808103],[114.0612177558959,40.71404175430749],[114.07195479649371,40.756604404676885],[114.08084993391596,40.799266307199375],[114.08789973202458,40.84202787730555],[114.0931007255577,40.884889444964934],[114.09644941983254,40.92785125429353],[114.09753163945092,40.9709357157926],[114.0963430382131,41.01414289294597],[114.09287922850585,41.05747271933411],[114.08713578101687,41.10092499801752],[114.08283927666635,41.144298265147604],[114.07999253758112,41.187592676385954],[114.0785983864407,41.23080833468038],[114.07865964644802,41.27394529001221],[114.08862410586205,41.316549205292354],[114.1085105366774,41.35861759184027],[114.13833729941311,41.400145483651364],[114.17812233153775,41.44112542650882],[114.20799342685947,41.47185144892462],[114.22792290902508,41.49233120077392],[114.23789228121225,41.5025697960746]]}},{"type":"Feature","id":"mountain-direction-ne_10m_geography_regions_polys-430","properties":{"id":"mountain-direction-ne_10m_geography_regions_polys-430","groupId":"ne_10m_geography_regions_polys-430","name":"吕梁山","kind":"mountain","labelCoordinates":[112.05542246084389,37.87037866331282],"bounds":[111.95626981732119,34.877628711469654,112.31273739101483,40.85224591454063],"geometryNote":"走向示意，非测绘山脊线；由Natural Earth 1:1000万山系命名概括范围的内部截面推导，未经DEM山脊提取或野外测量。","method":"local-aeqd-area-pca-cross-section-midpoints-smoothed-clipped-v1","sourceUrl":"https://raw.githubusercontent.com/nvkelso/natural-earth-vector/ca96624a56bd078437bca8184e78163e5039ad19/geojson/ne_10m_geography_regions_polys.geojson","sourceDataset":"ne_10m_geography_regions_polys","sourcePolygonId":"ne_10m_geography_regions_polys-430","sourceFeatureIndices":[430],"schematic":true,"minZoom":5.0},"geometry":{"type":"LineString","coordinates":[[112.1508081984155,40.85224591454063],[112.14596469809356,40.84113513286396],[112.13628244406438,40.81891292161698],[112.12177091265697,40.7855779871577],[112.10244427621083,40.741128394373845],[112.08279311346091,40.696666095642314],[112.06281804250946,40.652190929296374],[112.04251967946509,40.607702731272624],[112.02189863845668,40.56320133512339],[112.00636688960174,40.51883397131658],[111.99591446779634,40.47460260380619],[111.99053150612788,40.43050855234438],[111.99020823609975,40.386552495614794],[111.99125713917878,40.342633714226615],[111.99367560201189,40.29875217235045],[111.99746102566655,40.25490778749343],[112.0026108255298,40.21110043072049],[112.00706776668362,40.167273750350766],[112.01083316247994,40.12342782325111],[112.01390832243031,40.07956271426745],[112.0162945522097,40.035678476281355],[112.01776794862045,39.991768995750675],[112.01833023432796,39.947834306192625],[112.01798312740836,39.903874420358584],[112.01672834135589,39.859889330332365],[112.01497158182872,39.81589008661028],[112.01271379201609,39.771876667165756],[112.00995591211863,39.72784904372672],[112.00669887935987,39.68380718180536],[112.0034458900157,39.63976489769013],[112.00019693257494,39.595722191723084],[111.99695199556493,39.55167906424632],[111.99371106755136,39.50763551560185],[111.99127336287619,39.463613733506186],[111.98963737995767,39.419613767008016],[111.98880162437888,39.37563564898832],[111.98876460885356,39.33167939623636],[111.98928234362386,39.28773825754988],[111.99035380332413,39.243812225777305],[111.99197796716142,39.19990128608519],[111.99415381889155,39.156005415994144],[111.994861897853,39.11206835890873],[111.99410490513526,39.06809014111465],[111.99188553670028,39.02407073495657],[111.9882064833827,38.98001005909039],[111.98406102927177,38.935935743262434],[111.97945002840054,38.89184773891625],[111.97437433211077,38.84774599210978],[111.96883478906491,38.803630443540726],[111.96430509369803,38.75954265803226],[111.96078338918784,38.71548275038274],[111.95826782800475,38.67145080966427],[111.95675657187364,38.62744689934257],[111.95626981732119,38.58347168280011],[111.95680570456001,38.53952517235341],[111.95836238317516,38.49560735394711],[111.96093801207088,38.451718187275866],[111.96497463879012,38.407870208021464],[111.97046964546537,38.36406326701921],[111.97742042884364,38.32029716163401],[111.98582440016146,38.27657163600506],[111.99421832117855,38.23284518524408],[112.00260221953823,38.189117811109476],[112.01097612279574,38.14538951535515],[112.01934005841866,38.10166029973056],[112.02731159800781,38.05791945883839],[112.03489144476333,38.0141670713594],[112.04208029968673,37.97040321199444],[112.04887886158382,37.92662795148231],[112.05428414901078,37.88281342251102],[112.05829862806404,37.83895981501809],[112.06092476015718,37.79506726973192],[112.06216500199092,37.75113587839497],[112.06357841947202,37.7072090050513],[112.06516470850475,37.663286643703536],[112.06692356618092,37.619368787605836],[112.06885469077454,37.57545542926717],[112.07119622028203,37.53155319533097],[112.0739474373073,37.48766206175888],[112.07710762746031,37.44378200028711],[112.0806760793417,37.39991297844552],[112.08395895043446,37.356035704287294],[112.08695674258857,37.31215020148567],[112.08966995600541,37.268256491620235],[112.0920990892425,37.224354594186195],[112.09435305618128,37.18044753634663],[112.09643216379446,37.13653532810667],[112.09833671800473,37.092617978682085],[112.10006702368838,37.04869549650274],[112.10179533889615,37.004772663218354],[112.10352166908298,36.9608494790369],[112.1052460196867,36.916925944166856],[112.10696839612804,36.873002058817264],[112.10868880381074,36.829077823197764],[112.11040724812159,36.78515323751851],[112.11212373443053,36.74122830199025],[112.11383826809069,36.697303016824264],[112.11555085443852,36.6533773822324],[112.11726149879377,36.60945139842707],[112.1189702064596,36.56552506562128],[112.12067698272271,36.52159838402853],[112.12238183285332,36.47767135386294],[112.12408476210526,36.43374397533914],[112.12578577571608,36.38981624867242],[112.12748487890705,36.34588817407852],[112.12918251214892,36.30195976386915],[112.13087867989302,36.25803101824287],[112.13257338657729,36.21410193739882],[112.13426663662645,36.17017252153677],[112.13596292052875,36.12624289554686],[112.13766223511739,36.08231305944073],[112.13936457723973,36.03838301323071],[112.14106994375723,35.99445275692977],[112.14277448532498,35.95052218362437],[112.14447820528622,35.90659129349254],[112.1461811069749,35.86266008671295],[112.14788319371564,35.81872856346503],[112.1495834080879,35.77479669443381],[112.15128175516897,35.730864479844996],[112.15297824002069,35.686931919924824],[112.15467286768943,35.642999014900084],[112.15598811611294,35.59905526470348],[112.15692461782449,35.55510068179212],[112.15748300339212,35.511135274929245],[112.1576639014242,35.46715904920058],[112.15901082424494,35.4232149894541],[112.16152184360352,35.37930305711085],[112.16519504098895,35.33542317887004],[112.17002850756775,35.291575246861626],[112.17568800588118,35.24774988938851],[112.182172189402,35.203946987609285],[112.18947971778925,35.16016640537243],[112.19760925684385,35.116407989291815],[112.21015140717692,35.0727705437128],[112.22709905289011,35.02925265337778],[112.24844514189601,34.98585240593676],[112.27418268444058,34.94256739406473],[112.29346776749432,34.910099725051914],[112.30631589910638,34.888452753896914],[112.31273739101483,34.877628711469654]]}},{"type":"Feature","id":"mountain-direction-ne_10m_geography_regions_polys-431","properties":{"id":"mountain-direction-ne_10m_geography_regions_polys-431","groupId":"ne_10m_geography_regions_polys-431","name":"秦岭","kind":"mountain","labelCoordinates":[110.01217337329244,33.60950510952827],"bounds":[105.26094174531114,32.81622171966976,113.9738399889066,34.20017132030214],"geometryNote":"走向示意，非测绘山脊线；由Natural Earth 1:1000万山系命名概括范围的内部截面推导，未经DEM山脊提取或野外测量。","method":"local-aeqd-area-pca-cross-section-midpoints-smoothed-clipped-v1","sourceUrl":"https://raw.githubusercontent.com/nvkelso/natural-earth-vector/ca96624a56bd078437bca8184e78163e5039ad19/geojson/ne_10m_geography_regions_polys.geojson","sourceDataset":"ne_10m_geography_regions_polys","sourcePolygonId":"ne_10m_geography_regions_polys-431","sourceFeatureIndices":[431],"schematic":true,"minZoom":3.6},"geometry":{"type":"LineString","coordinates":[[105.26094174531114,33.92769751966852],[105.2740556785555,33.92677268580766],[105.30028269207193,33.924918812996275],[105.3396210737032,33.922127492233145],[105.39206823969181,33.9183861129736],[105.44449646498059,33.916029257430694],[105.4969083152733,33.91505701444808],[105.54930634937257,33.915469468086215],[105.60169311989614,33.917266697638034],[105.65408425685447,33.918759638010656],[105.70647921691517,33.91994827210578],[105.75887745635319,33.920832583573095],[105.81127843108507,33.92141255681107],[105.86367784424277,33.92239614392137],[105.916076449094,33.92378336415721],[105.9684749986198,33.925574235565946],[106.02087424557524,33.92776877498997],[106.0732771303378,33.92960191842738],[106.12568300490075,33.93107364900345],[106.17809122077398,33.932183950728565],[106.23050112903243,33.932932808499196],[106.28291235865873,33.9326481893841],[106.33532302550606,33.931330055255835],[106.38773124348955,33.92897837024652],[106.44013512498567,33.92559310075188],[106.49253484426254,33.922185502106174],[106.54493037483223,33.918755578910364],[106.59732169022938,33.91530333579445],[106.64970876401138,33.91182877741751],[106.70209353052445,33.90876835646904],[106.75447676555147,33.90612208953202],[106.8068592442745,33.903889991948475],[106.85924174133905,33.90207207782037],[106.91162568485166,33.90076258251765],[106.9640120213861,33.89996151961474],[107.01640169705944,33.899668901150484],[107.06879565762846,33.899884737628774],[107.12118837616437,33.8999193333113],[107.1735795340438,33.89977268557934],[107.22596881261887,33.89944479226019],[107.27835589322939,33.898935651627134],[107.33071887453785,33.896420658384926],[107.38305409147206,33.8918997921717],[107.43535787883901,33.885373036107154],[107.48762657282239,33.87684037678809],[107.539853498845,33.866090688897934],[107.59203461340836,33.85312396382985],[107.64416587956755,33.837940196568226],[107.69624326874019,33.82053938567238],[107.74831818945607,33.80423767740447],[107.80039268239776,33.78903510228492],[107.85246878315493,33.774931687250245],[107.90454852267871,33.761927455658615],[107.95662637022436,33.74962762492233],[108.00870363139789,33.73803221180176],[108.06078160948057,33.727141230890595],[108.11286160561471,33.71695469461815],[108.16492925251316,33.706746057247386],[108.21698453112616,33.696515332368584],[108.26902742246527,33.68626253359221],[108.32105790760323,33.67598767454894],[108.37307425721566,33.66561942548383],[108.42507632370612,33.655157800955294],[108.47706395976552,33.64460281572709],[108.52903701837475,33.633954484767884],[108.58096577482335,33.62209154731709],[108.63284806766454,33.60901403778227],[108.68468174165008,33.594721993008804],[108.73646464825592,33.57921545226564],[108.78828133104074,33.5655078277099],[108.84013503447825,33.55359910087644],[108.89202900118677,33.54348924693307],[108.94396647310418,33.53517823467038],[108.99595318557985,33.52874603635335],[109.04799252649288,33.52419260548473],[109.10008788702658,33.5215178887847],[109.15224266295189,33.52072182616906],[109.20444156660811,33.52124748692399],[109.25668699866827,33.52309481959419],[109.30898136389904,33.52626376825214],[109.361327071802,33.5307542724824],[109.41367818815098,33.53522256752732],[109.4660346875937,33.53966864740331],[109.51839654474922,33.54409250615481],[109.57076373420804,33.548494137854306],[109.62314335730429,33.553059089880286],[109.67553572631489,33.557787346707215],[109.72794115381096,33.56267889231836],[109.78035995266768,33.56773371020501],[109.83285353808958,33.57444784208772],[109.88542496183008,33.582821182599574],[109.93807728752638,33.592853620304744],[109.99081359173381,33.60454503766087],[110.043589550521,33.61680043211503],[110.09640623371044,33.629619748356724],[110.14926471428787,33.643002929269706],[110.20216606852632,33.65694991592464],[110.2550845186204,33.67087412383153],[110.30802005112153,33.68477553387327],[110.36097265249985,33.698654126946515],[110.41394230914409,33.71250988396179],[110.46688562427566,33.725444382261244],[110.51980090210698,33.73745767369762],[110.57268644669118,33.748549812220766],[110.62554056224216,33.75872085387085],[110.67834626036527,33.767669699646376],[110.73110128681448,33.77539643438629],[110.78380339054164,33.78190114546832],[110.8364503242607,33.787183922791485],[110.88901770090622,33.7908290401415],[110.94150251838414,33.792836627385064],[110.99390178526662,33.79320681729017],[111.04621252179236,33.79193974548656],[111.0984440921506,33.789256967522874],[111.15059394262988,33.78515860568737],[111.20265953053202,33.77964478482175],[111.25463832490203,33.772715632286996],[111.30655891240949,33.764906715941926],[111.35841973935284,33.75621812105262],[111.41021925807576,33.74664993466846],[111.46195592724109,33.73620224560642],[111.51376420583512,33.72712431409333],[111.56564654242948,33.71941602428971],[111.61760539231385,33.713077255599615],[111.66964321816984,33.70810788264203],[111.72291195826934,33.72278855913647],[111.77744907337811,33.75711705680268],[111.83329436244547,33.8110908394521],[111.89049012704179,33.88470705431414],[111.94642508564242,33.93759857698825],[112.00105488905783,33.96976829805039],[112.05433748736039,33.98121889725622],[112.10623331203867,33.97195283420033],[112.15843989550895,33.96738003292273],[112.2109657583059,33.96749997281206],[112.26381955752193,33.97231210568118],[112.31701009503789,33.98181585530295],[112.37104364042787,34.00303191880331],[112.42594348062184,34.03595868043691],[112.48173391737132,34.08059439126645],[112.53844032736328,34.13693716554184],[112.59392553023065,34.17564583641433],[112.64815219566995,34.196723057767606],[112.70108500332152,34.20017132030214],[112.75269077222224,34.18599294396677],[112.80360357853726,34.162921574714645],[112.85380845119032,34.1309582651999],[112.90329106640424,34.0901040301597],[112.9520377721109,34.04035984467121],[113.00058474829122,33.9887481085223],[113.04892946229029,33.93526906173418],[113.09706943239267,33.87992294490824],[113.14500222856955,33.82270999912996],[113.19211474561294,33.75600498359061],[113.23839481583552,33.67980882557244],[113.28383112938579,33.594122397453745],[113.32841325154641,33.49894651500928],[113.37376801497336,33.41433831782863],[113.41990788118858,33.34029704496714],[113.46684600459531,33.276821834035864],[113.51459625726984,33.22391171946569],[113.56247497485255,33.17319148513225],[113.61048534575127,33.124660944879984],[113.65863056997114,33.07831990473936],[113.70691386049668,33.03416816286115],[113.75528462204633,32.991574247444916],[113.80374519279214,32.95053801762295],[113.8522979145174,32.91105932754631],[113.9009451333442,32.87313802635221],[113.93740394474897,32.84468501930922],[113.96169716860004,32.825710628738406],[113.9738399889066,32.81622171966976]]}},{"type":"Feature","id":"mountain-direction-ne_10m_geography_regions_polys-432","properties":{"id":"mountain-direction-ne_10m_geography_regions_polys-432","groupId":"ne_10m_geography_regions_polys-432","name":"大娄山","kind":"mountain","labelCoordinates":[106.18168185336768,28.05249017887336],"bounds":[104.14598380510074,27.526807560065595,108.16093105959919,28.968137077025737],"geometryNote":"走向示意，非测绘山脊线；由Natural Earth 1:1000万山系命名概括范围的内部截面推导，未经DEM山脊提取或野外测量。","method":"local-aeqd-area-pca-cross-section-midpoints-smoothed-clipped-v1","sourceUrl":"https://raw.githubusercontent.com/nvkelso/natural-earth-vector/ca96624a56bd078437bca8184e78163e5039ad19/geojson/ne_10m_geography_regions_polys.geojson","sourceDataset":"ne_10m_geography_regions_polys","sourcePolygonId":"ne_10m_geography_regions_polys-432","sourceFeatureIndices":[432],"schematic":true,"minZoom":5.3},"geometry":{"type":"LineString","coordinates":[[104.14598380510074,27.581303886708458],[104.16159456422633,27.577264576869894],[104.19281261276747,27.569180569967905],[104.23963100783567,27.557041098020505],[104.30203932647288,27.54083002523384],[104.36115310284765,27.53075069723315],[104.41698323341012,27.526807560065595],[104.46953946872799,27.529004771649586],[104.51883042467134,27.53734620685481],[104.56753057924045,27.546799742180518],[104.61564126002247,27.557366018561236],[104.66316375983669,27.56904566627816],[104.71009933695235,27.581839305088284],[104.76125344557198,27.58664298566404],[104.81661549945757,27.58345188817906],[104.87617301303665,27.57226077615562],[104.9399116200589,27.553064004801016],[105.0006389997321,27.539533964905157],[105.05836574614148,27.53167478558424],[105.1131014924543,27.529490356759755],[105.16485492155533,27.53298433365385],[105.21556699546696,27.538458945933783],[105.26524030607087,27.54591536158762],[105.31387733371068,27.555354718349992],[105.36148044798807,27.56677812412952],[105.40634805653244,27.583460846926528],[105.44848534043753,27.605405559086716],[105.48789669715597,27.632614746521806],[105.52458574281638,27.66509071095928],[105.56181479430711,27.696558557414583],[105.59958332501057,27.727017856082714],[105.63789077497329,27.75646817087483],[105.67673655090253,27.784909059487937],[105.71537011053319,27.81378751035725],[105.75379177075695,27.843103696282444],[105.79200184474345,27.872857788619886],[105.83000064195112,27.903049957294527],[105.86948368425212,27.930401276448208],[105.91044902830447,27.954910494148347],[105.95289448757475,27.97657630901697],[105.99681763282574,27.995397370860687],[106.04168305829806,28.012405854967547],[106.08748896984109,28.027600849004674],[106.13423347376148,28.040981422430285],[106.18191457728686,28.052546626805334],[106.22892122882087,28.065428313937392],[106.27525491825178,28.079627166427493],[106.32091708952822,28.095143854110415],[106.36590914093176,28.111979034217295],[106.41086492416643,28.12889770429462],[106.45578454084243,28.14589989784931],[106.50066809264607,28.16298564822051],[106.54551568134127,28.180154988579993],[106.59101996466903,28.196050485942546],[106.63717962549617,28.210671500490218],[106.68399329726239,28.224017384409617],[106.73145956422151,28.236087482046784],[106.77791647361701,28.250147715459665],[106.82336623468969,28.26619908343705],[106.8678109513293,28.284242558377525],[106.91125262264922,28.304279086645845],[106.95340420637298,28.32687978172196],[106.99426795881465,28.352045789321945],[107.03384596265569,28.379778214526688],[107.07214012742419,28.410078122268896],[107.11097091254344,28.439348769105912],[107.15033764351388,28.467589717098164],[107.19023961210095,28.49480052265691],[107.23067607636635,28.520980736621127],[107.27209722831267,28.545235448456985],[107.31450148124514,28.567563801128564],[107.35788713818494,28.587964917963316],[107.40225239219879,28.606437902953935],[107.44630141406262,28.625556403460234],[107.49003486216843,28.64532071019841],[107.53345338565809,28.66573111077685],[107.57655762447779,28.686787889729462],[107.61971418688636,28.70776086085132],[107.66292301736813,28.728649975128462],[107.70618405993267,28.74945518357135],[107.74949725811464,28.77017643721561],[107.79437352889875,28.787788270642594],[107.84080965097324,28.802289217579535],[107.88880212867899,28.81367776273313],[107.9383471935735,28.82195234268921],[107.98476208209097,28.836516879662963],[108.02805391952094,28.857374400319163],[108.06822877525714,28.884527708381665],[108.10529166731313,28.91797938784874],[108.13310459863321,28.94306121034943],[108.15165406825372,28.959779117100112],[108.16093105959919,28.968137077025737]]}},{"type":"Feature","id":"mountain-direction-ne_10m_geography_regions_polys-433","properties":{"id":"mountain-direction-ne_10m_geography_regions_polys-433","groupId":"ne_10m_geography_regions_polys-433","name":"扁担山脉","kind":"mountain","labelCoordinates":[103.14201142431233,14.562218429174587],"bounds":[100.77291927914582,14.44143987975219,105.63130032283581,14.968405082362064],"geometryNote":"走向示意，非测绘山脊线；由Natural Earth 1:1000万山系命名概括范围的内部截面推导，未经DEM山脊提取或野外测量。","method":"local-aeqd-area-pca-cross-section-midpoints-smoothed-clipped-v1","sourceUrl":"https://raw.githubusercontent.com/nvkelso/natural-earth-vector/ca96624a56bd078437bca8184e78163e5039ad19/geojson/ne_10m_geography_regions_polys.geojson","sourceDataset":"ne_10m_geography_regions_polys","sourcePolygonId":"ne_10m_geography_regions_polys-433","sourceFeatureIndices":[433],"schematic":true,"minZoom":5.3},"geometry":{"type":"LineString","coordinates":[[100.77291927914582,14.956077370104481],[100.78427166798627,14.95701612672241],[100.80697673843106,14.958891985044968],[100.84103507525707,14.961701634621305],[100.88644755375047,14.96544010821688],[100.9317874846014,14.967674590521542],[100.97705393056562,14.968405082362064],[101.0222459542784,14.967631586170603],[101.0673626186306,14.965354105970002],[101.1121484919872,14.956522483412094],[101.15659949948969,14.941136736453245],[101.20071158560604,14.919196881666016],[101.24448072092507,14.890702933997755],[101.2881627416467,14.860728354187998],[101.33175677252692,14.829273161347993],[101.3752619447656,14.79633737592135],[101.41867739632326,14.761921019670122],[101.46221953127464,14.730200396025905],[101.50589000975005,14.70117552203975],[101.54969048483598,14.674846409526229],[101.5936226036848,14.65121306503874],[101.6377557886949,14.631558577592836],[101.6820924522502,14.61588293239958],[101.72663500682515,14.604186105466079],[101.77138586746723,14.59646806350747],[101.81613358972668,14.588741346926923],[101.86087817202828,14.581005961058155],[101.90561961280503,14.57326191123952],[101.95035791049816,14.565509202814045],[101.99509306355714,14.557747841129352],[102.03982507043965,14.54997783153771],[102.0845539296116,14.542199179396004],[102.12927963954716,14.534411890065735],[102.17400219872869,14.52661596891301],[102.2187216056468,14.518811421308511],[102.26343785880034,14.510998252627543],[102.30815095669638,14.503176468249961],[102.35282530779158,14.494711125473058],[102.39746052999932,14.485602243242022],[102.44205624241151,14.475849841251085],[102.48661206536366,14.465453939939822],[102.53126872788525,14.45689668117838],[102.57602733280402,14.450178027708247],[102.62088898522671,14.445297938829556],[102.66585479307975,14.44225637037557],[102.71094815747828,14.44143987975219],[102.75617042890224,14.442848404373407],[102.80152296455397,14.446481877103182],[102.84700712917294,14.452340226210774],[102.8927615998166,14.462771362059533],[102.93878923082883,14.477775119568513],[102.98509291519565,14.497351320646587],[103.03167558817721,14.521499773964788],[103.0780271973247,14.541574053842746],[103.12414514196715,14.557574309306784],[103.17002683824971,14.569500690697026],[103.21566972202135,14.577353349495977],[103.2612344362693,14.58384427811179],[103.30672013583158,14.588973524948864],[103.35212597774283,14.592741139810935],[103.39745112154496,14.595147173883454],[103.44277724931544,14.597544395041561],[103.48810435763265,14.599932801590526],[103.53343244307216,14.602312391841718],[103.57876150220685,14.604683164112595],[103.62409153160681,14.607045116726747],[103.66942252783939,14.609398248013864],[103.71475448746924,14.611742556309737],[103.76008740705824,14.61407803995629],[103.80540723485241,14.616180488856557],[103.85071382891714,14.618049911937218],[103.8960070473733,14.61968631843303],[103.94128674840633,14.621089717886356],[103.98650627628675,14.621527422428901],[104.03166503961674,14.620999478381806],[104.07676244913422,14.61950593310325],[104.12179791786555,14.617046834978822],[104.16681552698131,14.614316891297312],[104.21181511416454,14.611316117185586],[104.25679651737674,14.60804452811444],[104.30175957486968,14.604502139897754],[104.34666018600666,14.600014115872352],[104.39149778444191,14.594580508421737],[104.43627180671473,14.588201370896757],[104.4809816923923,14.580876757605898],[104.5256886346651,14.57354366228031],[104.570392631878,14.566202089955162],[104.61509368238356,14.558852045670227],[104.65979178454204,14.551493534469914],[104.7045105132382,14.544480029504031],[104.7492500757736,14.537811515406517],[104.79401067947745,14.531487976293883],[104.83879253172562,14.525509395764182],[104.88365048813314,14.520685395040726],[104.92858523954918,14.517015906918706],[104.97359748008732,14.514500862090344],[105.01868790734025,14.513140189130407],[105.06396456790156,14.51450526342434],[105.10942913787639,14.518595903971878],[105.15508331707197,14.525411922923936],[105.20092883024031,14.53495312549015],[105.24673909806204,14.543917999806117],[105.29251375675493,14.552306580099547],[105.33825244292633,14.560118901318871],[105.38395479362961,14.567354999129565],[105.42940902404924,14.570995241379782],[105.47461289282005,14.571039885856216],[105.5195642007575,14.56748919012704],[105.56426079297859,14.560343411383558],[105.5977813619571,14.554978556016698],[105.62012751459812,14.551399357725963],[105.63130032283581,14.549608970396623]]}},{"type":"Feature","id":"mountain-direction-ne_10m_geography_regions_polys-434","properties":{"id":"mountain-direction-ne_10m_geography_regions_polys-434","groupId":"ne_10m_geography_regions_polys-434","name":"纳加丘陵","kind":"mountain","labelCoordinates":[94.34130664768341,25.521910774980597],"bounds":[93.77829933799364,23.4974243380192,95.65282848001793,27.168735956131446],"geometryNote":"走向示意，非测绘山脊线；由Natural Earth 1:1000万山系命名概括范围的内部截面推导，未经DEM山脊提取或野外测量。","method":"local-aeqd-area-pca-cross-section-midpoints-smoothed-clipped-v1","sourceUrl":"https://raw.githubusercontent.com/nvkelso/natural-earth-vector/ca96624a56bd078437bca8184e78163e5039ad19/geojson/ne_10m_geography_regions_polys.geojson","sourceDataset":"ne_10m_geography_regions_polys","sourcePolygonId":"ne_10m_geography_regions_polys-434","sourceFeatureIndices":[434],"schematic":true,"minZoom":5.3},"geometry":{"type":"LineString","coordinates":[[93.83914445745275,23.4974243380192],[93.83666380098268,23.51059316149048],[93.83170090510404,23.536930606624416],[93.82425259769117,23.576436269148946],[93.81431410490536,23.629109541017314],[93.80500931379598,23.681502938259328],[93.79633905085043,23.733616591024695],[93.78830413795112,23.785450621555775],[93.78090539230065,23.83700514413838],[93.77829933799364,23.886480181296204],[93.78049171602663,23.9338760677418],[93.78748781831611,23.9791926663902],[93.79929248314973,24.022429366185847],[93.81341694758336,24.064664238120727],[93.82986322637538,24.105896646392114],[93.84863322951175,24.14612584340305],[93.86972876122212,24.185350969456323],[93.89075423036364,24.224608889198027],[93.91170960748912,24.26389962983217],[93.9325948629501,24.303223218506353],[93.95340996689572,24.342579682311587],[93.973120334006,24.382417045939764],[93.99172515233847,24.42273573832468],[94.00922358225051,24.463536164022727],[94.02561475616794,24.504818703152363],[94.04105454069465,24.546515832449543],[94.05554214810499,24.588627838997827],[94.06907676923309,24.631154991793057],[94.0816575732932,24.67409754168842],[94.09424693458955,24.717038806615637],[94.10684487578966,24.759978783487583],[94.11945141960929,24.802917469211724],[94.13206658881262,24.84585486069011],[94.14469040621238,24.888790954819328],[94.15732289467007,24.931725748490514],[94.1699640770961,24.97465923858931],[94.18261397644993,25.017591421995842],[94.19527261574028,25.060522295584715],[94.20794001802531,25.10345185622497],[94.22061620641279,25.146380100780085],[94.23330120406018,25.18930702610795],[94.24599503417498,25.23223262906081],[94.25869772001475,25.275156906485307],[94.27140928488733,25.31807985522241],[94.28412975215105,25.361001472107414],[94.29775148622228,25.403536223530107],[94.31227532156585,25.445683866061916],[94.32770207786567,25.487444139128293],[94.34403255987277,25.528816764957124],[94.36060175870651,25.570089052955407],[94.37740989573786,25.611260923061078],[94.3944571917524,25.652332293906326],[94.41174386694094,25.693303082814136],[94.4306194291631,25.73359038540987],[94.45108517570935,25.773193599234787],[94.47314235274679,25.81211206897439],[94.49679215484427,25.850345086339594],[94.52176942558496,25.88800697136648],[94.54807508441438,25.925097052537673],[94.57571001438514,25.961614621231117],[94.60467506183302,25.99755893166492],[94.63414687143116,26.033285703016222],[94.6641257620712,26.06879462998314],[94.69461204752628,26.104085401632933],[94.72560603640454,26.13915770139613],[94.75714342933057,26.173995877533365],[94.7892245429741,26.208599579135196],[94.82184968790106,26.24296844885226],[94.85501916852004,26.277102122890426],[94.88887231307537,26.310939937514704],[94.92340947916763,26.344481418667993],[94.95863101433986,26.37772608224352],[94.9945372559928,26.410673434080646],[95.03046175298458,26.44361260327277],[95.06640453985602,26.476543573248946],[95.10236565117823,26.509466327414632],[95.13834512155245,26.542380849151588],[95.17507794254293,26.57496734047795],[95.21256445757207,26.60722523333962],[95.25080499739987,26.63915394758121],[95.28979988002156,26.670752890945987],[95.32710845778344,26.703085532542538],[95.36273007028913,26.736153154742883],[95.39666399339262,26.76995698298992],[95.42890943869303,26.80449818578692],[95.45920750538522,26.839890518208318],[95.48755711928126,26.876135186029057],[95.51395711888257,26.91323331900794],[95.53840625465945,26.95118597079866],[95.56160182997014,26.98968893392022],[95.58354295663531,27.028742804234497],[95.60422870855021,27.068348146365505],[95.6236581213667,27.108505493635516],[95.63823935935831,27.13862155975967],[95.64796456308474,27.158698009712722],[95.65282848001793,27.168735956131446]]}},{"type":"Feature","id":"mountain-direction-ne_10m_geography_regions_polys-435","properties":{"id":"mountain-direction-ne_10m_geography_regions_polys-435","groupId":"ne_10m_geography_regions_polys-435","name":"若开山脉","kind":"mountain","labelCoordinates":[94.57270496581012,19.380512096465267],"bounds":[93.62554354575977,17.31330846007134,94.95456497606966,21.22007717658664],"geometryNote":"走向示意，非测绘山脊线；由Natural Earth 1:1000万山系命名概括范围的内部截面推导，未经DEM山脊提取或野外测量。","method":"local-aeqd-area-pca-cross-section-midpoints-smoothed-clipped-v1","sourceUrl":"https://raw.githubusercontent.com/nvkelso/natural-earth-vector/ca96624a56bd078437bca8184e78163e5039ad19/geojson/ne_10m_geography_regions_polys.geojson","sourceDataset":"ne_10m_geography_regions_polys","sourcePolygonId":"ne_10m_geography_regions_polys-435","sourceFeatureIndices":[435],"schematic":true,"minZoom":5.3},"geometry":{"type":"LineString","coordinates":[[93.62554354575977,21.22007717658664],[93.63111028950864,21.21007694420159],[93.6422415415735,21.190075900089195],[93.65893283819787,21.160072887408845],[93.68117750150093,21.120066175504522],[93.70310442432336,21.079958099650334],[93.72471383346613,21.039748780932158],[93.74600595636835,20.99943833848797],[93.76698102109576,20.95902688951322],[93.78790529868397,20.91859998569015],[93.80877884397717,20.878157648019805],[93.8296017117261,20.837699897419924],[93.85037395658806,20.797226754725145],[93.8697383292464,20.756302607258064],[93.88769579125835,20.714927915612733],[93.90424732566738,20.67310310619687],[93.91939393676066,20.630828571344626],[93.93082176031047,20.587361781987454],[93.93853364483209,20.542703450731146],[93.94253259798148,20.49685405751068],[93.9428217848216,20.449813850623656],[93.94608069638385,20.40372742216043],[93.95230679142023,20.358594611655604],[93.96149764646775,20.314415112114066],[93.97365095470273,20.271188470689907],[93.99138985551082,20.22975757207474],[94.0147105953519,20.19012076912275],[94.04360981072823,20.15227589892064],[94.07808452435812,20.116220284225474],[94.11269726188435,20.08020717719306],[94.14744798633149,20.044236505734048],[94.18233666102907,20.008308197584263],[94.21736324960978,19.972422180305134],[94.250723482444,19.93600056080276],[94.28241819045125,19.89904426720723],[94.31244823635208,19.861554179657286],[94.3408145143377,19.82353113038887],[94.36801813891176,19.785135887336914],[94.39405977937905,19.746368976937532],[94.41894011949533,19.70723090202597],[94.4426598573077,19.667722141893854],[94.46532523642085,19.627876876179428],[94.48693691770941,19.587695500153355],[94.5074955733011,19.547178389704545],[94.52700188644661,19.506325901396156],[94.544410173871,19.464804159593424],[94.55972184782988,19.422613759357635],[94.57293836755784,19.37975522113563],[94.58406123874738,19.33622899102829],[94.59400979960972,19.292328626999232],[94.60278493971407,19.248054314974812],[94.61038756136814,19.203406217492972],[94.61681857945821,19.15838447380341],[94.62309304597736,19.11331334445895],[94.62921109163887,19.06819284520594],[94.63517284694328,19.023022991341715],[94.64097844217657,18.97780379771654],[94.64533956194835,18.93212317270125],[94.64825737000733,18.88598120867441],[94.64973304937122,18.839377963235755],[94.6497678020835,18.79231345937836],[94.65152068963175,18.74579880958038],[94.65499029518786,18.699833979791343],[94.6601752415969,18.65441888735973],[94.6670741910047,18.609553401272144],[94.67530028140486,18.56511381007944],[94.68485253225597,18.521099946474482],[94.6957299868506,18.477511614601376],[94.70793171209652,18.434348590178498],[94.72001012663216,18.391147019149713],[94.73196533034137,18.34790692645712],[94.74379742294815,18.304628336729188],[94.75550650401551,18.261311274281873],[94.76597325145825,18.21759696349168],[94.77519856130142,18.173485607282114],[94.78318334351303,18.128977382641896],[94.789928521829,18.084072440734754],[94.7966703635985,18.03916706744656],[94.80340887957615,17.994261263955682],[94.81014408049786,17.94935503143975],[94.81687597708088,17.904448371075706],[94.82360458002383,17.859541284039732],[94.83032990000687,17.814633771507328],[94.83705194769168,17.769725834653272],[94.84377073372157,17.724817474651648],[94.85122249959278,17.680145063640143],[94.85940671927158,17.635708521215705],[94.8683228747427,17.591507758431597],[94.87797045594176,17.547542677835835],[94.88909084179005,17.504051440344746],[94.90168303659419,17.46103379643801],[94.91574607212816,17.41848946187375],[94.93127900737564,17.376418117827093],[94.94292400334884,17.344863684540364],[94.95068509830229,17.323826956031876],[94.95456497606966,17.31330846007134]]}},{"type":"Feature","id":"mountain-direction-ne_10m_geography_regions_polys-437","properties":{"id":"mountain-direction-ne_10m_geography_regions_polys-437","groupId":"ne_10m_geography_regions_polys-437","name":"萨特布拉山脉","kind":"mountain","labelCoordinates":[77.49192424905,21.819722068554853],"bounds":[75.0104335707722,21.391985605723207,79.85333667336036,22.654671872486396],"geometryNote":"走向示意，非测绘山脊线；由Natural Earth 1:1000万山系命名概括范围的内部截面推导，未经DEM山脊提取或野外测量。","method":"local-aeqd-area-pca-cross-section-midpoints-smoothed-clipped-v1","sourceUrl":"https://raw.githubusercontent.com/nvkelso/natural-earth-vector/ca96624a56bd078437bca8184e78163e5039ad19/geojson/ne_10m_geography_regions_polys.geojson","sourceDataset":"ne_10m_geography_regions_polys","sourcePolygonId":"ne_10m_geography_regions_polys-437","sourceFeatureIndices":[437],"schematic":true,"minZoom":5.3},"geometry":{"type":"LineString","coordinates":[[75.0104335707722,21.391985605723207],[75.02090061699664,21.397252819040446],[75.04183693566914,21.407785315505297],[75.07324698171657,21.423579231455694],[75.11513744372238,21.444628763088893],[75.15759645990045,21.46377663519456],[75.20062265457261,21.481022373836872],[75.24421459817376,21.496365498831167],[75.28837080774213,21.50980552391517],[75.3331273007032,21.521213855115562],[75.37848237789706,21.530589960935288],[75.42443428149555,21.537933303391217],[75.47098119570116,21.543243338226],[75.51759750661105,21.548314142978107],[75.56428299724863,21.5531456523516],[75.61103744968682,21.55773780130389],[75.65786064505882,21.562090525048866],[75.70468663989861,21.566430009497424],[75.75151542646118,21.570756250966102],[75.79834699699205,21.57506924578193],[75.84518134372742,21.579368990282493],[75.89201845889409,21.58365548081589],[75.93885833470958,21.587928713740798],[75.98570096338211,21.592188685426436],[76.03254633711063,21.59643539225261],[76.07939444808484,21.600668830609685],[76.12624528848515,21.60488899689863],[76.17309885048284,21.609095887531005],[76.21995512624002,21.613289498928975],[76.26655299176026,21.618381459057133],[76.31289328895555,21.624371997275396],[76.35897685036011,21.63126133983805],[76.40480449928073,21.639049709934525],[76.45028648679973,21.648054949497165],[76.49542389577338,21.658277352776818],[76.54021779242132,21.669717209291175],[76.58466922657958,21.68237480389499],[76.62963169256115,21.69324775674815],[76.67510365568216,21.702335636430888],[76.72108353920729,21.709638007826033],[76.76756972490327,21.71515443227583],[76.81409048412104,21.72054796588685],[76.8606457071182,21.725818577109518],[76.90723528386351,21.730966234553527],[76.95385910403971,21.735990906988665],[77.00048616797937,21.741002395137645],[77.04711646820552,21.74600069477214],[77.09374999723047,21.750985801673956],[77.14038674755578,21.755957711635112],[77.18686054810512,21.761510081430764],[77.23317194650332,21.767643048385754],[77.2793214869351,21.77435674826512],[77.32530971020851,21.781651315290453],[77.37094442023101,21.790218707614066],[77.41622677029612,21.800059214630295],[77.46115789659201,21.81117312093785],[77.50573891848505,21.823560706414433],[77.55008121852302,21.83682462795172],[77.59418555095407,21.85096507018169],[77.63805266297435,21.865982215227604],[77.68168329485222,21.88187624273653],[77.7249470946421,21.899121985319333],[77.76784516843223,21.917719716311517],[77.81037860496598,21.93766970431344],[77.85254847590951,21.95897221326387],[77.89473094335172,21.980263789702935],[77.93692601806794,22.0015444188232],[77.97913371081545,22.0228140858103],[78.02135403233342,22.044072775842963],[78.06387863546968,22.06425592094721],[78.10670669308503,22.083363293736504],[78.14983736204164,22.101394666089853],[78.19326978336264,22.118349809202076],[78.237130799015,22.13376030467436],[78.28141911771505,22.147625825697446],[78.32613341831372,22.159946043572404],[78.37127235018069,22.170720627817456],[78.41659822429166,22.18081954039663],[78.46211043600977,22.190242633028962],[78.50780837465521,22.198989757690715],[78.55369142358633,22.20706076663682],[78.59956742667448,22.215164319175837],[78.64543642055722,22.223300418254603],[78.691298441906,22.231469066757057],[78.7371535274265,22.239670267504227],[78.78315393568303,22.24733794008811],[78.82929917273032,22.25447196936494],[78.87558874095376,22.261072240581985],[78.92202213912266,22.26713863939103],[78.9682862584159,22.273839403921997],[79.01438170698046,22.281174662763735],[79.06030908948476,22.28914454290141],[79.10606900719515,22.297749169734384],[79.1510565019074,22.309263074266802],[79.19527420685297,22.323686823409282],[79.23872467383595,22.34102096792665],[79.28141037463286,22.361266042787033],[79.32343883077927,22.384025974438657],[79.36481205506786,22.409301198236594],[79.40553200439035,22.43709213808368],[79.44560058056511,22.46739920665527],[79.48608912271895,22.496172247857242],[79.5269965316853,22.523410986454323],[79.56832167872044,22.54911514533738],[79.61006340577492,22.57328444561248],[79.65266333139539,22.594234449756215],[79.69611882519888,22.611964575030743],[79.7404271440814,22.62647422852249],[79.78558543381807,22.637762807561803],[79.81945898333991,22.64622091205602],[79.84204365004311,22.651855679697057],[79.85333667336036,22.654671872486396]]}},{"type":"Feature","id":"mountain-direction-ne_10m_geography_regions_polys-438","properties":{"id":"mountain-direction-ne_10m_geography_regions_polys-438","groupId":"ne_10m_geography_regions_polys-438","name":"盐岭","kind":"mountain","labelCoordinates":[73.93659814588031,33.586213627567176],"bounds":[72.67787510368251,33.50259839478678,75.19893794008243,33.586764259455265],"geometryNote":"走向示意，非测绘山脊线；由Natural Earth 1:1000万山系命名概括范围的内部截面推导，未经DEM山脊提取或野外测量。","method":"local-aeqd-area-pca-cross-section-midpoints-smoothed-clipped-v1","sourceUrl":"https://raw.githubusercontent.com/nvkelso/natural-earth-vector/ca96624a56bd078437bca8184e78163e5039ad19/geojson/ne_10m_geography_regions_polys.geojson","sourceDataset":"ne_10m_geography_regions_polys","sourcePolygonId":"ne_10m_geography_regions_polys-438","sourceFeatureIndices":[438],"schematic":true,"minZoom":5.3},"geometry":{"type":"LineString","coordinates":[[72.67787510368251,33.51706215373989],[72.6884178746591,33.51652949389631],[72.7095030280634,33.515461477586314],[72.74112978358757,33.513852711999064],[72.78329696274761,33.51169510901016],[72.82545244555769,33.50970474507192],[72.86759648350927,33.507881633685194],[72.90972932789936,33.50622578802759],[72.95185122983871,33.504737220953906],[72.99395122100645,33.50363644958141],[73.03602987296158,33.50292349931575],[73.07808775657209,33.50259839478678],[73.12012544205929,33.502661159850334],[73.16207629462761,33.50448497080013],[73.20394286439009,33.508069924925124],[73.24572769075029,33.51341611474857],[73.2874333033029,33.52052362805895],[73.3291456561216,33.52761862516605],[73.37086474085196,33.534701100129745],[73.41259054912032,33.541771047016496],[73.45432307253387,33.54882845989932],[73.49610503416228,33.55492635289423],[73.53793506777755,33.560064676828965],[73.579811802807,33.56424338364839],[73.62173386459943,33.567462426424186],[73.66365877259695,33.57067323590928],[73.70558652229913,33.57387580961678],[73.74751710919989,33.577070145061256],[73.78945052878743,33.5802562397587],[73.83141323982531,33.5827928489845],[73.87340430915674,33.584679944149],[73.91542280207065,33.585917497549204],[73.95746778242547,33.586505482372495],[73.99952571218219,33.586764259455265],[74.04159611934172,33.586693816197204],[74.08367853161114,33.586294140502346],[74.12577247643586,33.58556522077993],[74.16786570665937,33.584821992641615],[74.20995820842404,33.58406445672995],[74.2520499678748,33.5832926136998],[74.2941409711591,33.58250646421838],[74.33623609215509,33.5815680977752],[74.37833511607455,33.58047751063896],[74.42043782811587,33.57923469931996],[74.46254401347082,33.57783966057003],[74.50467045201951,33.575785028267994],[74.54681618883473,33.57307078483023],[74.58898026851924,33.56969691359687],[74.63116173533486,33.56566339883398],[74.67333052730608,33.56189284637263],[74.71548703632446,33.55838526706812],[74.75763165393755,33.55514067126602],[74.79976477136941,33.55215906880289],[74.8418801905162,33.54966305560368],[74.8839786261235,33.547652645432905],[74.92606079233369,33.54612785107689],[74.96812740275595,33.54508868434546],[75.01015654703667,33.54535300610747],[75.0521501252607,33.5469208403412],[75.09411003571203,33.54979220791795],[75.13603817537357,33.55396712660903],[75.16748692653718,33.5570889738999],[75.18845401785715,33.5591657561473],[75.19893794008243,33.56020281231975]]}},{"type":"Feature","id":"mountain-direction-ne_10m_geography_regions_polys-439","properties":{"id":"mountain-direction-ne_10m_geography_regions_polys-439","groupId":"ne_10m_geography_regions_polys-439","name":"博罗科努山","kind":"mountain","labelCoordinates":[84.03597239589851,43.967370766650795],"bounds":[81.3306807969243,43.28027799229036,86.72053437661225,44.557465448728856],"geometryNote":"走向示意，非测绘山脊线；由Natural Earth 1:1000万山系命名概括范围的内部截面推导，未经DEM山脊提取或野外测量。","method":"local-aeqd-area-pca-cross-section-midpoints-smoothed-clipped-v1","sourceUrl":"https://raw.githubusercontent.com/nvkelso/natural-earth-vector/ca96624a56bd078437bca8184e78163e5039ad19/geojson/ne_10m_geography_regions_polys.geojson","sourceDataset":"ne_10m_geography_regions_polys","sourcePolygonId":"ne_10m_geography_regions_polys-439","sourceFeatureIndices":[439],"schematic":true,"minZoom":5.3},"geometry":{"type":"LineString","coordinates":[[81.3306807969243,44.557465448728856],[81.34544981460903,44.553890734435754],[81.37498242184144,44.54673556713317],[81.41926775456822,44.535988476417465],[81.47828949734743,44.52163227426726],[81.53735503552485,44.50742391830032],[81.59646482535759,44.4933633311774],[81.6556193228111,44.47945043483646],[81.71481898357347,44.46568515049088],[81.77435461388488,44.45277178524355],[81.83422863308824,44.44070982437778],[81.89444348427689,44.429498746432756],[81.95500163470295,44.419138023108395],[82.01394616667409,44.40492089326916],[82.071266640702,44.386849742952606],[82.12695326169819,44.364926900037396],[82.18099688566494,44.33915463226295],[82.23565943278541,44.31494407095955],[82.29094456441082,44.29229434786086],[82.34685602598033,44.27120457855868],[82.40339764803295,44.25167386221731],[82.460716579502,44.23403958512973],[82.51881770641532,44.21830060213926],[82.57770604971255,44.20445574369655],[82.63738676700873,44.192503815385265],[82.69736745488022,44.18127909100441],[82.75765019382476,44.17078109926011],[82.81823708250027,44.16100936317642],[82.87913023802211,44.151963400021494],[82.94027333930548,44.14350727836444],[83.00166814262205,44.135640596152456],[83.06331641649352,44.1283629468874],[83.12521994189682,44.1216739195745],[83.18711058040768,44.11495392796202],[83.24898827619307,44.10820298560777],[83.31085297352878,44.10142110612656],[83.37270461679948,44.09460830319008],[83.43405174642294,44.08664858202926],[83.49489104715346,44.07754273741145],[83.55521926702212,44.067291561643486],[83.61503321806212,44.05589584436665],[83.67468764228985,44.04416156050241],[83.73418165152412,44.03208894551114],[83.79351436475359,44.019678235426106],[83.85268490819062,44.006929666834516],[83.91184045283906,43.99417356976976],[83.97098102225826,43.98140995486441],[84.03010664000357,43.968638832705395],[84.08921732962621,43.955860213833944],[84.14830266668115,43.943051017764176],[84.20736261291837,43.93021127104885],[84.26639713027579,43.9173410002751],[84.32540618087901,43.90444023206425],[84.38440957050885,43.891552466171206],[84.44340737733329,43.878677698647124],[84.50239967938558,43.86581592542203],[84.56138655456444,43.85296714230495],[84.62035232396086,43.840097123591285],[84.67929697442102,43.82720588925284],[84.73822049289458,43.814293459264434],[84.79712286643472,43.80135985360376],[84.85547511139687,43.787266034051406],[84.91327427294523,43.77201283286145],[84.97051746784012,43.75560107767561],[85.02720188500318,43.73803159131316],[85.08361262670171,43.719920132074535],[85.13974845753133,43.701267090097424],[85.1956081606006,43.6820728551407],[85.25119053762648,43.6623378165375],[85.30675102578022,43.642606504109814],[85.36228969471536,43.62287893261808],[85.4178066139587,43.603155116732154],[85.47330185291044,43.5834350710314],[85.52877706478787,43.56372214403335],[85.58423232631428,43.544016347815266],[85.63966771405853,43.524317694355254],[85.69508330443541,43.50462619553245],[85.75068188507353,43.48536545344032],[85.80646449733939,43.466535180846954],[85.86243218776875,43.448135087968616],[85.91858600814567,43.43016488244616],[85.97509010571476,43.41296254574528],[86.03194634995387,43.39652753354686],[86.08915663304947,43.38085929499959],[86.14672287014488,43.36595727263551],[86.20505984795861,43.35267058926787],[86.26417172315799,43.34099802236262],[86.32406277106502,43.33093832492284],[86.38473738688297,43.322490225067675],[86.4455432179797,43.31431201845496],[86.50648105292758,43.30640347964972],[86.56755168273796,43.29876438146867],[86.62875590089996,43.2913944949679],[86.67464932610534,43.28584549189196],[86.70524029182373,43.28213588023471],[86.72053437661225,43.28027799229036]]}},{"type":"Feature","id":"mountain-direction-ne_10m_geography_regions_polys-440","properties":{"id":"mountain-direction-ne_10m_geography_regions_polys-440","groupId":"ne_10m_geography_regions_polys-440","name":"阿拉塔山脉","kind":"mountain","labelCoordinates":[80.06565604477863,45.040841777159976],"bounds":[76.94415900263644,44.40321272436611,83.05134614591037,45.68261725376832],"geometryNote":"走向示意，非测绘山脊线；由Natural Earth 1:1000万山系命名概括范围的内部截面推导，未经DEM山脊提取或野外测量。","method":"local-aeqd-area-pca-cross-section-midpoints-smoothed-clipped-v1","sourceUrl":"https://raw.githubusercontent.com/nvkelso/natural-earth-vector/ca96624a56bd078437bca8184e78163e5039ad19/geojson/ne_10m_geography_regions_polys.geojson","sourceDataset":"ne_10m_geography_regions_polys","sourcePolygonId":"ne_10m_geography_regions_polys-440","sourceFeatureIndices":[440],"schematic":true,"minZoom":5.3},"geometry":{"type":"LineString","coordinates":[[76.94415900263644,44.40321272436611],[76.95759405019596,44.40820562303367],[76.98447098648467,44.41818668694757],[77.0248034948249,44.433146441195646],[77.07861210258885,44.453070653229325],[77.1340089054166,44.47001935235861],[77.19098692717583,44.48399019919194],[77.24953867515022,44.49498079004127],[77.30965614370362,44.50298865846274],[77.37481195491665,44.50133700970981],[77.44497330452926,44.49001693155308],[77.52010227441069,44.46901881795555],[77.60015591505709,44.438332390773894],[77.67334980417519,44.42075008777133],[77.73973978796964,44.41628561308354],[77.79937228131892,44.42495121198776],[77.85228439774956,44.44675770785496],[77.90510421564271,44.4687972972855],[77.95783229476558,44.49107012785655],[78.0104691943678,44.513576346118896],[78.06301547320624,44.53631609760249],[78.11647185402238,44.557318954936136],[78.17083461060116,44.576583652011685],[78.22609983946953,44.59410890405082],[78.28226346087644,44.60989340808173],[78.336998092476,44.628546681797715],[78.39031045685762,44.650070806000045],[78.44220686679623,44.67446779250523],[78.49269322790705,44.701739585328845],[78.5437673279972,44.727909775655874],[78.59542711302664,44.75297760035189],[78.6476704530447,44.776942289361],[78.7004951424416,44.79980306588493],[78.75428346811475,44.8207861264425],[78.8090312977158,44.839890133366666],[78.86473429640755,44.85711372831485],[78.92138792808724,44.87245553281958],[78.97853154313742,44.88683764091489],[79.03616269661354,44.900259332279134],[79.09427888881386,44.9127198832818],[79.15287756569553,44.92421856713961],[79.21097908451803,44.936750307025484],[79.26858627964087,44.95031587262917],[79.32570193762946,44.96491602248757],[79.38232879777593,44.98055150415119],[79.44016641622683,44.99372912949429],[79.49920824763434,45.00444708404268],[79.55944742265076,45.0127035212994],[79.62087675107803,45.01849656376146],[79.68270074970329,45.02346199638076],[79.74491688451683,45.027599186303945],[79.80752258477283,45.03090749999888],[79.87051524342978,45.033386303375494],[79.93351330352984,45.03583034847508],[79.9965166897009,45.03823962942322],[80.05952532651939,45.04061414042785],[80.1225391385111,45.04295387577926],[80.1839632203446,45.04864043815388],[80.24380789139815,45.057676372899124],[80.3020829339821,45.07006413970335],[80.35879759969188,45.08580611443046],[80.41340399712946,45.1060947954001],[80.46591296244638,45.130933151598725],[80.51633437286806,45.16032401261946],[80.56467715329767,45.194270071342245],[80.61162912416968,45.23131142730718],[80.65719532590221,45.27144974425854],[80.70138037881382,45.314686624782574],[80.74418848405632,45.361023611250324],[80.7874869045098,45.40643634030699],[80.83127474688985,45.450924308083565],[80.87555106367692,45.494487005695795],[80.92031485299948,45.53712391933396],[80.96687176036096,45.5759983929863],[81.01521614640184,45.611108370654975],[81.06534163427227,45.64245171625975],[81.11724111154554,45.67002621527969],[81.17603712357368,45.68261725376832],[81.24168725772117,45.68021455587189],[81.31413828802557,45.66280661294814],[81.39332635233153,45.630380724274644],[81.4712005808977,45.6006122216495],[81.54777408746241,45.57350368934704],[81.62305959013577,45.54905764421602],[81.69706941998018,45.52727653741806],[81.77027526747212,45.50712864311259],[81.84268436798065,45.48861543738541],[81.91430380985928,45.471738367706],[81.9851405372568,45.456498853531194],[82.05461521622689,45.444234673533224],[82.12273967654754,45.43494821938213],[82.18952532578551,45.428641815144694],[82.25498315714516,45.42531771896179],[82.3185710607618,45.42625340636014],[82.38030331570991,45.431451876292876],[82.44019340334563,45.44091601352375],[82.49825401932029,45.4546485914599],[82.55634283652212,45.46835152378841],[82.61445982111971,45.482024782241865],[82.67260493907985,45.495668338580074],[82.7307781561674,45.509282164590225],[82.78898667066532,45.52284921614991],[82.84723040015142,45.536369454625195],[82.90550926181739,45.54984284146617],[82.96382317246905,45.56326933820737],[83.00757684893591,45.57331959131716],[83.0367546455743,45.58001041091632],[83.05134614591037,45.58335301466508]]}},{"type":"Feature","id":"mountain-direction-ne_10m_geography_regions_polys-441","properties":{"id":"mountain-direction-ne_10m_geography_regions_polys-441","groupId":"ne_10m_geography_regions_polys-441","name":"卡西丘陵","kind":"mountain","labelCoordinates":[92.28958894579169,25.75002762455326],"bounds":[90.40922442777743,25.603119158973946,93.86059515291099,26.53103976049447],"geometryNote":"走向示意，非测绘山脊线；由Natural Earth 1:1000万山系命名概括范围的内部截面推导，未经DEM山脊提取或野外测量。","method":"local-aeqd-area-pca-cross-section-midpoints-smoothed-clipped-v1","sourceUrl":"https://raw.githubusercontent.com/nvkelso/natural-earth-vector/ca96624a56bd078437bca8184e78163e5039ad19/geojson/ne_10m_geography_regions_polys.geojson","sourceDataset":"ne_10m_geography_regions_polys","sourcePolygonId":"ne_10m_geography_regions_polys-441","sourceFeatureIndices":[441],"schematic":true,"minZoom":5.3},"geometry":{"type":"LineString","coordinates":[[90.40922442777743,25.603119158973946],[90.42147021310147,25.604829979759906],[90.44596282853213,25.6082485454318],[90.48270436105034,25.613368702586847],[90.53169793465818,25.620181217119878],[90.58077438788122,25.626616381259193],[90.62993328070179,25.632674103920603],[90.67917417096749,25.63835429452012],[90.72849661442409,25.643656862980603],[90.77784837962545,25.648825312560128],[90.82722931274829,25.65385961071255],[90.87663925962848,25.65875972511481],[90.9260780657651,25.663525623667798],[90.97557253005378,25.668029478299392],[91.02512234200377,25.67227122816366],[91.07472719011831,25.67625081282622],[91.1243867619109,25.67996817226736],[91.17388266952494,25.68446556370357],[91.22321586833671,25.689743161991196],[91.27238730770632,25.6958011395399],[91.32139793112239,25.702639666338456],[91.37039795302526,25.709539738972374],[91.41938745519526,25.71650136751183],[91.46836651945917,25.72352456188536],[91.51733522769106,25.730609331879876],[91.56630973281099,25.737677642296337],[91.61529002384565,25.74472948604809],[91.66427608979924,25.751764856062362],[91.71326791965366,25.758783745280287],[91.76249085283546,25.764682945552064],[91.81194354729563,25.76946221785354],[91.86162464654006,25.773121323714093],[91.91153277993013,25.775660025269897],[91.96181960598335,25.776322543773645],[92.0124827646672,25.775108480827107],[92.06351985957318,25.772017437575904],[92.11492845883002,25.767049014860095],[92.16633276689096,25.762062406642148],[92.21773276939892,25.757057618436885],[92.26912845201574,25.75203465577781],[92.32051980042203,25.746993524217036],[92.37190476269981,25.74194447125999],[92.42328333804647,25.73688750465429],[92.47465552567002,25.731822632142435],[92.52602132478907,25.72674986146189],[92.57714493444792,25.72286529398207],[92.62802791146129,25.720169182184208],[92.67867179812255,25.718661774158836],[92.72907812257527,25.718343313666818],[92.77892240565748,25.720882406989848],[92.82820819878036,25.726279608775737],[92.87693897812122,25.734535458474998],[92.92511814658026,25.74565048065708],[92.972079046129,25.763082446974124],[93.01782866625217,25.786832437879667],[93.06237364867157,25.816901479457734],[93.10572029486141,25.85329054472386],[93.14726214383381,25.89918234207704],[93.18700736827473,25.954578161008577],[93.22496338364815,26.01947918432372],[93.26113685739836,26.09388649026788],[93.29958375786742,26.156659300156523],[93.34029596283882,26.207796186716813],[93.38326402192389,26.247295585581053],[93.4284771712244,26.27515579881302],[93.4737119820202,26.303001563933776],[93.51896847991968,26.330832856722488],[93.56424669051057,26.358649652934833],[93.60954663936012,26.386451928303043],[93.65496347614025,26.41373577017344],[93.70049669251135,26.44050107787874],[93.74614577526762,26.466747751172445],[93.79191020637995,26.492475690239957],[93.8262469313417,26.511761904888875],[93.84914446779314,26.524614738007156],[93.86059515291099,26.53103976049447]]}},{"type":"Feature","id":"mountain-direction-ne_10m_geography_regions_polys-546","properties":{"id":"mountain-direction-ne_10m_geography_regions_polys-546","groupId":"ne_10m_geography_regions_polys-546","name":"小兴安岭","kind":"mountain","labelCoordinates":[127.8857032341258,49.1420623885649],"bounds":[125.04057772131827,47.12151893218205,130.64084947316613,51.2651801403327],"geometryNote":"走向示意，非测绘山脊线；由Natural Earth 1:1000万山系命名概括范围的内部截面推导，未经DEM山脊提取或野外测量。","method":"local-aeqd-area-pca-cross-section-midpoints-smoothed-clipped-v1","sourceUrl":"https://raw.githubusercontent.com/nvkelso/natural-earth-vector/ca96624a56bd078437bca8184e78163e5039ad19/geojson/ne_10m_geography_regions_polys.geojson","sourceDataset":"ne_10m_geography_regions_polys","sourcePolygonId":"ne_10m_geography_regions_polys-546","sourceFeatureIndices":[546],"schematic":true,"minZoom":5.0},"geometry":{"type":"LineString","coordinates":[[125.04057772131827,51.2651801403327],[125.05322199818436,51.25795016245596],[125.07849868611412,51.24348610689687],[125.11638407630969,51.22177978561041],[125.16684266259469,51.192818945400205],[125.21312758159192,51.16141919434412],[125.2552399360158,51.127585328453826],[125.29318213146327,51.091321712324245],[125.32695786516771,51.052632278228494],[125.35878243410993,51.01281942901002],[125.38865849304032,50.97188470086403],[125.41658896631002,50.929829535090356],[125.44257704496016,50.88665527816882],[125.46910524803366,50.843820896060734],[125.49617273258768,50.80132601749176],[125.52377868163839,50.75917026384586],[125.55192230390105,50.717353249171644],[125.57966453176434,50.675322571271984],[125.6070060811881,50.63307849660372],[125.6339476763532,50.59062128755832],[125.6604900495535,50.54795120246914],[125.68564482233846,50.5044861669068],[125.70941452178884,50.460227047731664],[125.73180180275254,50.41517466314462],[125.75280944632416,50.36932978279163],[125.7761643328861,50.32488863460192],[125.80186209199952,50.28184982745854],[125.82989877775596,50.24021183092407],[125.86027086423857,50.1999729754442],[125.8910748685217,50.16001080794123],[125.92231029521759,50.12032497657949],[125.95397666484257,50.080915124684175],[125.98607351366968,50.04178089074016],[126.01984938532111,50.00365832333972],[126.0553025072933,49.96654596613433],[126.09243131875645,49.93044229032143],[126.13123446861208,49.8953456945869],[126.17067182006694,49.8606425957114],[126.21074302563147,49.82633233555086],[126.25144776782517,49.79241424525433],[126.29278575892546,49.758887645242865],[126.33652349679399,49.726790681361514],[126.38266016809793,49.69612064975502],[126.43119537285581,49.66687469639239],[126.48212912127029,49.639049816608214],[126.53385033295642,49.61169811283553],[126.5863592436045,49.58481851294413],[126.63965613043145,49.558409927625966],[126.69374131189538,49.532471250322544],[126.74776924532054,49.50650719390834],[126.80173998809883,49.480517807866576],[126.8556535977747,49.45450314160327],[126.90951013204379,49.42846324444721],[126.96655214744459,49.40428546543564],[127.02678148416592,49.38196509868882],[127.0902006815002,49.36149716849975],[127.15681297383085,49.34287642775661],[127.22510279624179,49.325217663926395],[127.295072404609,49.30851788700166],[127.36672423610037,49.29277402846579],[127.44006090832929,49.27798294071712],[127.51105560257128,49.26182331007129],[127.57970480797285,49.24429940496886],[127.64600542055277,49.225415357542374],[127.70995474141988,49.20517516250134],[127.77241471310926,49.18407721792011],[127.83338406259806,49.16212389753103],[127.89286168078208,49.13931752014315],[127.95084662156714,49.11566034929526],[128.0058768054192,49.09032203724581],[128.05795123578642,49.06330675893216],[128.10706952743726,49.03461846440397],[128.15323190219993,49.004260877916714],[128.19894728403858,48.97366259892108],[128.24421587928134,48.94282413033195],[128.28903790781226,48.91174597012566],[128.33341360296112,48.88042861132902],[128.37773398175753,48.849094071171905],[128.42199914418012,48.817742389308904],[128.4662091900989,48.78637360529724],[128.51036421927475,48.75498775859697],[128.554464331359,48.72358488857117],[128.59850962589275,48.692165034486216],[128.64250020230668,48.660728235511904],[128.68643615992033,48.62927453072175],[128.73023682600154,48.5977583671627],[128.77390233342382,48.56617987543144],[128.8174328159669,48.53453918567991],[128.8608284083077,48.50283642761495],[128.90227935740558,48.470052226714614],[128.9417868499923,48.43618865363035],[128.9793523224087,48.401247679527664],[129.01497745841598,48.36523117596907],[129.04926486306468,48.32847892499868],[129.08221600373483,48.29099209673224],[129.11383246088107,48.25277181388704],[129.14411592692684,48.213819151792755],[129.17338594505867,48.17431389517205],[129.20164396538095,48.134256796070844],[129.22889149952897,48.09364857913841],[129.25513012001616,48.05248994166059],[129.2798815678731,48.01051145981952],[129.30314836228854,47.96771406821584],[129.3249331560188,47.92409864214928],[129.34523873390017,47.87966599774574],[129.3650705771263,47.834981863660325],[129.3844296606543,47.79004647239804],[129.40331696944438,47.744860050360394],[129.42173349832328,47.69942281786404],[129.4421952929911,47.65515445766788],[129.4646984799706,47.612053896555366],[129.48923947614952,47.57011994909616],[129.51581498577622,47.529351317881584],[129.54145152438053,47.48806916096771],[129.56615061410648,47.44627409091124],[129.58991382760232,47.403966696385964],[129.61274278746245,47.36114754222749],[129.63504605278698,47.31804714965109],[129.65682460008225,47.27466581270363],[129.67807941925352,47.23100381787106],[129.6988115134388,47.18706144409759],[129.7390742187728,47.15418209852022],[129.7988559126383,47.132344991932825],[129.87816958072713,47.12151893218205],[129.9770526703604,47.12166226871329],[130.0833886185655,47.12589696040176],[130.19720411087786,47.13420161666663],[130.31852924557995,47.14655325322338],[130.44739753336327,47.16292726831605],[130.54410118126864,47.17511018589012],[130.6085950986815,47.18318561716461],[130.64084947316613,47.187209370595745]]}},{"type":"Feature","id":"mountain-direction-ne_10m_geography_regions_polys-547","properties":{"id":"mountain-direction-ne_10m_geography_regions_polys-547","groupId":"ne_10m_geography_regions_polys-547","name":"锡霍特山脉","kind":"mountain","labelCoordinates":[136.98513894545061,46.792572194798616],"bounds":[132.95328664928104,43.0556835026247,140.14038686703213,51.28305816299979],"geometryNote":"走向示意，非测绘山脊线；由Natural Earth 1:1000万山系命名概括范围的内部截面推导，未经DEM山脊提取或野外测量。","method":"local-aeqd-area-pca-cross-section-midpoints-smoothed-clipped-v1","sourceUrl":"https://raw.githubusercontent.com/nvkelso/natural-earth-vector/ca96624a56bd078437bca8184e78163e5039ad19/geojson/ne_10m_geography_regions_polys.geojson","sourceDataset":"ne_10m_geography_regions_polys","sourcePolygonId":"ne_10m_geography_regions_polys-547","sourceFeatureIndices":[547],"schematic":true,"minZoom":5.0},"geometry":{"type":"LineString","coordinates":[[132.95328664928104,43.0556835026247],[132.96179134985013,43.06466912371953],[132.97880821004534,43.082638424290224],[133.0043521679607,43.10958751538314],[133.03844568076036,43.14551054925176],[133.0728857608826,43.18129958179169],[133.10767284013758,43.21695430419244],[133.1428073464447,43.252474404204825],[133.17828970378514,43.287859566137],[133.2150750632616,43.32272395638475],[133.25316481773626,43.3570662973416],[133.29256029277877,43.390885263700106],[133.33326274595532,43.42417948242655],[133.37497212483254,43.4570694610678],[133.41768931330017,43.48955408154721],[133.46141515394638,43.52163219749306],[133.5061504476314,43.55330263424144],[133.55174037138602,43.58462734717802],[133.59818554296123,43.61560530137617],[133.64548654932418,43.646235441698515],[133.69364394634945,43.67651669280986],[133.7402228248185,43.70744000092485],[133.78522222868264,43.73900737590299],[133.8286410988474,43.77122075792168],[133.87047827212618,43.80408201751315],[133.9110151266652,43.83747751710339],[133.95025055657914,43.87140869219166],[133.9881833835056,43.9058769312774],[134.02481235587308,43.940883575850606],[134.06148445201296,43.97587818353033],[134.09819976059788,44.010860726232615],[134.1349583704673,44.04583117580002],[134.17176037062777,44.08078950400129],[134.2086058502528,44.1157356825312],[134.2454948986834,44.150669683010356],[134.28242760542784,44.185591476984904],[134.31940406016213,44.22050103592641],[134.35642435272985,44.25539833123161],[134.3934885731426,44.29028333422216],[134.4305968115799,44.32515601614447],[134.4677491583895,44.36001634816945],[134.50475903850085,44.39494110702189],[134.5416263483139,44.42993044830878],[134.57835098321792,44.46498452706575],[134.61493283758188,44.500103497757166],[134.65192485255542,44.53505955607309],[134.68932750251884,44.56985231226211],[134.7271412555857,44.60448137191537],[134.76536657353134,44.63894633596316],[134.8041338112623,44.67319315344503],[134.84344354155255,44.70722128029168],[134.88329632540686,44.74103016437396],[134.92369271193297,44.774619245499686],[134.9644209412574,44.80807582771999],[135.00548135492537,44.8413995682651],[135.04687429017133,44.87459012135616],[135.08860007987147,44.90764713820447],[135.12998849444386,44.940848489228614],[135.17103929140652,44.97419456454129],[135.21175222313664,45.007685751096744],[135.2521270368196,45.04132243269163],[135.2924607106301,45.074981384455974],[135.33275325530553,45.10866266804926],[135.37300468163724,45.1423663450571],[135.41321500047016,45.17609247699116],[135.45312159359563,45.20995058061703],[135.49272422788349,45.243940995056306],[135.53202266584964,45.27806405688727],[135.57101666561334,45.31232010014527],[135.6091858286371,45.34692667702795],[135.64652937314992,45.38188463772744],[135.68304648541198,45.41719481399932],[135.7187363193948,45.4528580191565],[135.75387802452568,45.48875792170253],[135.78847102069503,45.52489504461618],[135.82251471281614,45.561269902782946],[135.8560084906784,45.59788300298987],[135.88955961729016,45.63448026967017],[135.9231682101628,45.671061665480835],[135.95683438703435,45.707627152965664],[135.99055826586934,45.74417669455488],[136.02480675178325,45.78051453149775],[136.05958052017021,45.81664020482769],[136.0948802357551,45.85255324811813],[136.13070655246955,45.88825318747451],[136.16669108745867,45.92389449759814],[136.2028340679628,45.95947704391051],[136.23913572070072,45.99500069113376],[136.27559627186025,46.030465303289645],[136.31201016822806,46.065957285484515],[136.3483774090331,46.10147669794185],[136.38469799347473,46.13702360080528],[136.42097192072208,46.17259805413864],[136.45690292884146,46.20832490287099],[136.49249068122,46.24420448555871],[136.5277348350112,46.280237137612225],[136.56263504107486,46.316423191294824],[136.59706064115528,46.352817932426596],[136.631011114218,46.38942180311219],[136.66448592732385,46.426235239476505],[136.6974845355126,46.46325867166046],[136.73036264062833,46.50034210742526],[136.763120138167,46.53748566371501],[136.79575692266798,46.574689457081796],[136.8282728877058,46.61195360368566],[136.86075202867468,46.649242676147885],[136.89319434759412,46.686556718935535],[136.92559984646576,46.723895776465035],[136.95796852727347,46.76125989310213],[136.9903820555437,46.79861456941326],[137.02284054083896,46.83595978087369],[137.05534409301268,46.873295502881646],[137.08789282221025,46.91062171075804],[137.12048683886957,46.94793837974615],[137.15312625372198,46.98524548501141],[137.18581117779294,47.02254300164104],[137.2185417224029,47.059830904643825],[137.25131799916804,47.09710916894976],[137.284140120001,47.13437776940981],[137.31700819711173,47.171636680795594],[137.34992234300827,47.208885877799105],[137.3825323404256,47.2462739364416],[137.41483783907765,47.283801127578975],[137.4468384831445,47.32146771965297],[137.47853391121976,47.35927397868916],[137.50991846681583,47.39722241366271],[137.5409917697626,47.43531329001043],[137.5717534339601,47.47354687066215],[137.60220306732288,47.511923416038385],[137.63269720874553,47.5502915762006],[137.6632359735517,47.58865132856855],[137.6938194774034,47.62700265048674],[137.7244478363017,47.665345519223976],[137.75512116658808,47.703679911973275],[137.78583958494548,47.74200580585138],[137.81660320839921,47.78032317789858],[137.84741215431833,47.818632005078335],[137.87826654041643,47.856932264277],[137.90916648475292,47.89522393230343],[137.94011210573407,47.933506985888876],[137.97110352211416,47.97178140168642],[138.00220075083288,48.01002167103948],[138.03340399706403,48.04822772253126],[138.06471346618835,48.08639948442369],[138.0961293637914,48.12453688465656],[138.12780016843726,48.16257672434265],[138.1597262947689,48.20051880994139],[138.19190815570184,48.23836294618912],[138.22434616239607,48.27610893609595],[138.25605016567377,48.314178615913704],[138.28701918101243,48.352572595768144],[138.3172521936288,48.39129147197998],[138.34674815816737,48.43033582704764],[138.3753830389351,48.469758635965796],[138.40315552983554,48.509560541184285],[138.43006428262046,48.54974216624309],[138.45610790644767,48.590304115738206],[138.4836683006665,48.630231277095106],[138.51274800439154,48.6695225939111],[138.54334945130108,48.70817695061482],[138.57547496839248,48.746193172356726],[138.60810065145287,48.784007581384266],[138.6412272566445,48.82161977651266],[138.6748555302006,48.85902935011453],[138.70898620829917,48.89623588811043],[138.7416846543525,48.93406495145495],[138.77294892474958,48.97251774681892],[138.80277696493764,49.01159542876512],[138.83116660823228,49.051299099679724],[138.858869189735,49.091308122047],[138.88588362206403,49.13162299105835],[138.91220878932384,49.17224419002],[138.9378435468076,49.21317219033049],[138.96389650193896,49.253933846110975],[138.99036843918842,49.294528891241974],[139.01726013739926,49.334957055083215],[139.04457236970208,49.37521806246215],[139.0712748378096,49.41575159019582],[139.09736653841043,49.456558061623134],[139.1228464448137,49.497637890790244],[139.14771350670551,49.53899148243148],[139.17256055296764,49.580365924199846],[139.19738759669377,49.62176123840565],[139.22219465101517,49.66317744734092],[139.2469817291009,49.704614573279386],[139.27203515550173,49.74595058235155],[139.29735547078826,49.78718531601882],[139.32294321422947,49.8283186138963],[139.34879892376273,49.86935031374745],[139.37331106035543,49.910967206153046],[139.3964771500003,49.953170130945324],[139.41829461337844,49.995959883019346],[139.43876076467774,50.03933721221101],[139.46005395633026,50.08237436323968],[139.4821759359607,50.12507089999184],[139.5051284235384,50.16742636907604],[139.52891311099341,50.20944029976857],[139.55206518843065,50.25173597287931],[139.57458345490505,50.29431376529565],[139.59646668284023,50.33717404406693],[139.6177136177438,50.38031716637742],[139.63867099354567,50.423595609321914],[139.65933824574074,50.46700953283688],[139.67971480268125,50.51055909483504],[139.699800085507,50.55424445119959],[139.7204285290054,50.597711403038545],[139.74160133783616,50.640959676897005],[139.76331970679752,50.68398899188561],[139.78558482066856,50.72679905965522],[139.8084062234673,50.7693860363065],[139.8317850962539,50.811749613617856],[139.8557226091752,50.85388947560476],[139.8802199212969,50.89580529849559],[139.9050325945893,50.9376007866058],[139.93016129547743,50.979275755442565],[139.95560668815412,51.02083001799403],[139.98136943453343,51.062263384721625],[140.00820636225026,51.103255502736836],[140.03611951314764,51.14380566844701],[140.06511087627038,51.18391314979032],[140.09518238717823,51.22357718617035],[140.11777002008094,51.253319940202225],[140.13284466806692,51.273145926167054],[140.14038686703213,51.28305816299979]]}},{"type":"Feature","id":"mountain-direction-ne_10m_geography_regions_polys-549","properties":{"id":"mountain-direction-ne_10m_geography_regions_polys-549","groupId":"ne_10m_geography_regions_polys-549","name":"中央高地","kind":"mountain","labelCoordinates":[107.79720589076732,13.773079178548562],"bounds":[107.20591526700589,11.78980711617518,108.32903252300764,15.798171379961756],"geometryNote":"走向示意，非测绘山脊线；由Natural Earth 1:1000万山系命名概括范围的内部截面推导，未经DEM山脊提取或野外测量。","method":"local-aeqd-area-pca-cross-section-midpoints-smoothed-clipped-v1","sourceUrl":"https://raw.githubusercontent.com/nvkelso/natural-earth-vector/ca96624a56bd078437bca8184e78163e5039ad19/geojson/ne_10m_geography_regions_polys.geojson","sourceDataset":"ne_10m_geography_regions_polys","sourcePolygonId":"ne_10m_geography_regions_polys-549","sourceFeatureIndices":[549],"schematic":true,"minZoom":5.0},"geometry":{"type":"LineString","coordinates":[[107.20591526700589,15.798171379961756],[107.21343357725648,15.788770226416968],[107.22846817413595,15.769967157295424],[107.2510150175688,15.741760651360812],[107.28106806534997,15.704148433822022],[107.3065851899932,15.665508643760905],[107.32756849342604,15.625842757680168],[107.34402020014385,15.585151989564805],[107.35594265567751,15.54343729195449],[107.36716126488432,15.501563742646447],[107.37767642335965,15.45953144413289],[107.38748852816143,15.417340492359134],[107.39659797777612,15.374990976755663],[107.40576941441806,15.332655775370135],[107.41500281389526,15.290334882158291],[107.42429815218001,15.248028291054204],[107.43365540540829,15.205735995970496],[107.44332592557384,15.163514828190639],[107.45330955226929,15.121364750666828],[107.46360612642238,15.079285725269385],[107.47421549028746,15.037277712792932],[107.48566703959274,14.995460399594055],[107.4979603397316,14.953833666278795],[107.51109496231095,14.912397385093008],[107.52507048509615,14.871151419965821],[107.53940144000404,14.829985995148146],[107.55408766099042,14.788901049538445],[107.56912898350784,14.747896520697381],[107.58452524449515,14.70697234485506],[107.5987065395308,14.665773814250294],[107.61167349832704,14.624301144312847],[107.6234267568763,14.58255453149805],[107.63396695734794,14.540534153377456],[107.64373300427965,14.498339171170635],[107.65272531750117,14.45596967904014],[107.66094431859035,14.413425763430777],[107.66839043083286,14.370707503109127],[107.67583371065538,14.327988853891421],[107.68327416787332,14.285269817007237],[107.69071181228874,14.242550393685404],[107.69814665369023,14.199830585154007],[107.70557870185318,14.15711039264038],[107.71300796653964,14.114389817371112],[107.72043445749848,14.071668860572064],[107.72785818446542,14.028947523468355],[107.73652404073776,13.986507163157173],[107.74643138758557,13.944347651291732],[107.75757959814283,13.902468841204533],[107.76996805729233,13.860870568005891],[107.78266224324138,13.819341609981992],[107.79566201820202,13.777881922462086],[107.8089672455678,13.73649145981282],[107.8225777899061,13.69517017544379],[107.83618358516043,13.653848006376089],[107.84978464778946,13.6125249555892],[107.86338099423189,13.57120102605967],[107.87697264090642,13.529876220761151],[107.89055960421187,13.488550542664383],[107.90414190052726,13.447223994737207],[107.91771954621187,13.405896579944594],[107.93129255760532,13.364568301248653],[107.9446801515806,13.323198343044766],[107.95788243083605,13.281786736754254],[107.97089949786604,13.240333513272732],[107.98373145495927,13.198838702972274],[107.99510702834507,13.157015370318279],[108.00502693800374,13.11486370984428],[108.01349191249248,13.072383889809712],[108.02050268880193,13.02957605233597],[108.02751109704444,12.986767890520296],[108.03451714620087,12.943959405497774],[108.04152084524087,12.901150598402918],[108.04852220312294,12.858341470369748],[108.05509043168068,12.815434752526194],[108.0612257565306,12.77243047744526],[108.06692840325886,12.729328675324865],[108.07219859740972,12.686129374000732],[108.07641332900207,12.642691831286779],[108.07957314349648,12.599016094790418],[108.08167858969331,12.55510219863924],[108.08273021965961,12.510950163560713],[108.083781594567,12.466797982173821],[108.0848327157856,12.422645654970733],[108.08588358468401,12.378493182443956],[108.08693420262941,12.334340565086324],[108.0876695938952,12.29011657052975],[108.08808992363238,12.24582120011771],[108.08819535666842,12.201454454011246],[108.0879860575017,12.15701633119638],[108.09017618027832,12.11312104258376],[108.09476450758824,12.069768541019537],[108.10174985855383,12.026958711710943],[108.11113108842389,11.98469137262604],[108.13091251386348,11.944778007143459],[108.16108987263901,11.907216261038203],[108.20165948371114,11.872002516368308],[108.2526182400167,11.839131895830363],[108.29082895364753,11.814472328608536],[108.31629879280884,11.798029480149506],[108.32903252300764,11.78980711617518]]}},{"type":"Feature","id":"mountain-direction-ne_10m_geography_regions_polys-550","properties":{"id":"mountain-direction-ne_10m_geography_regions_polys-550","groupId":"ne_10m_geography_regions_polys-550","name":"祁连山","kind":"mountain","labelCoordinates":[98.50936173022683,38.40448551873608],"bounds":[94.6513469521194,36.85221446031463,102.46461260686107,39.62641859779154],"geometryNote":"走向示意，非测绘山脊线；由Natural Earth 1:1000万山系命名概括范围的内部截面推导，未经DEM山脊提取或野外测量。","method":"local-aeqd-area-pca-cross-section-midpoints-smoothed-clipped-v1","sourceUrl":"https://raw.githubusercontent.com/nvkelso/natural-earth-vector/ca96624a56bd078437bca8184e78163e5039ad19/geojson/ne_10m_geography_regions_polys.geojson","sourceDataset":"ne_10m_geography_regions_polys","sourcePolygonId":"ne_10m_geography_regions_polys-550","sourceFeatureIndices":[550],"schematic":true,"minZoom":3.8},"geometry":{"type":"LineString","coordinates":[[94.6513469521194,39.601465322722476],[94.66710799942183,39.60308447795227],[94.6986322670875,39.606316529634164],[94.74592408835309,39.611148956966616],[94.80898993082175,39.617562970658874],[94.87122034972073,39.62224508401316],[94.93261061873305,39.62519654657989],[94.99315612905339,39.62641859779154],[95.05285239101177,39.62591246649173],[95.11249902813321,39.62527924787919],[95.17209574305471,39.62451901285362],[95.23164223907264,39.62363183268309],[95.2911382201509,39.62261777900209],[95.3489753750787,39.61830139392413],[95.40514584061363,39.610684988896175],[95.45964221030846,39.59977081746807],[95.51245753886732,39.58556107371716],[95.55404883717641,39.54933626164991],[95.58439287778609,39.49110749712018],[95.60348669426932,39.41088275148635],[95.61134745031316,39.30866683034197],[95.62978255968972,39.227313611318365],[95.65877521943335,39.166818746802335],[95.69832644320434,39.12717508307029],[95.74845493431008,39.108372643479406],[95.7992175880864,39.090843861075946],[95.85061672440507,39.07458794966992],[95.90265472253594,39.059604109558904],[95.95533402160937,39.04589152732867],[96.00799294713646,39.032155152470274],[96.06063148174532,39.01839500564298],[96.11324960816907,39.004611107520326],[96.16584730924585,38.99080347879016],[96.2187296516766,38.97756314849541],[96.27189777135933,38.964889743467985],[96.32535281497391,38.95278288682026],[96.37909594008816,38.94124219790336],[96.43302703996468,38.9300722915649],[96.48714689340875,38.91927291423807],[96.54145628348918,38.90884381030615],[96.59595599758693,38.89878472208418],[96.65010391987194,38.88805651377536],[96.70389870605497,38.876659649812424],[96.75733903350846,38.86459459332762],[96.81042360140763,38.85186180608814],[96.86256499637412,38.83734675191272],[96.91375990212511,38.82105063729877],[96.9640051474409,38.802974650062765],[97.01329770695881,38.78311995891813],[97.06385383227959,38.76568741744548],[97.11567777903755,38.75067544222805],[97.16877404212568,38.73808240164763],[97.22314735731837,38.72790661510906],[97.27834938305446,38.71929359308226],[97.33438344881276,38.712242192602815],[97.39125298526677,38.70675124751127],[97.44896152520363,38.702819568081054],[97.50642363435325,38.69841089640336],[97.56363823891512,38.69352558476066],[97.62060427588668,38.68816398540766],[97.67732069315521,38.68232645053596],[97.7337029381716,38.67585830230537],[97.78974964243986,38.66876001018117],[97.84545945663122,38.6610320426478],[97.90083105073063,38.65267486714723],[97.95536250040725,38.64276540490126],[98.00905065015765,38.63130480168521],[98.06189245771138,38.61829418880715],[98.11388499476513,38.603734682752794],[98.16441796840452,38.586512850406415],[98.21348685006782,38.56663053222418],[98.26108744440565,38.544089517321275],[98.30721589058096,38.51889154256142],[98.35318426515458,38.493441634994866],[98.39899228598446,38.46773996984074],[98.44463967544745,38.44178672205081],[98.49012616043858,38.41558206630105],[98.53558032826302,38.38936062649748],[98.58100221264459,38.36312243109374],[98.62639184733911,38.33686750850598],[98.67174926613413,38.31059588711289],[98.7180421574969,38.286061275489985],[98.76527291326782,38.263262579750354],[98.81344405056886,38.242198678637145],[98.86255821226885,38.2228684231706],[98.91186226335827,38.203907024247314],[98.96135682623753,38.185314237913765],[99.01104252734469,38.16708981834746],[99.06091999718817,38.14923351784104],[99.11127541184395,38.132257709835486],[99.16211027456643,38.11616177622826],[99.2134261194736,38.10094509042147],[99.26522451173378,38.0866070172188],[99.31700266145029,38.072246093791875],[99.36876055482671,38.057862340654296],[99.4204981781637,38.04345577833065],[99.47221551785904,38.02902642735631],[99.52318433123409,38.01328042529546],[99.57340239403477,37.99621874074966],[99.62286756912968,37.977842329841096],[99.67157780685072,37.95815213597092],[99.71956292516704,37.93720529576931],[99.76682112869706,37.91500268831053],[99.8133507032394,37.89154518046929],[99.85915001595433,37.86683362671973],[99.90429561122916,37.84100644331883],[99.94878617882121,37.81406437145083],[99.9926204740264,37.786008142152326],[100.03579731772523,37.75683847616856],[100.07865969312873,37.72716020082839],[100.12120713969298,37.69697364900536],[100.16343921236434,37.66627915149328],[100.20535548156626,37.635077036977506],[100.2477479960144,37.604754644833584],[100.29061768506605,37.57531145535391],[100.33396550833221,37.5467469410823],[100.3777924557235,37.51906056673787],[100.42313509428485,37.49405808920745],[100.46999675235823,37.47173774148851],[100.5183810807777,37.4520976861511],[100.56829205377953,37.43513601446273],[100.6188964534477,37.41939647669801],[100.67019632338027,37.4048781552682],[100.72219377205373,37.39158011576822],[100.77489097316992,37.379501406764106],[100.82757120759081,37.36739906060875],[100.88023445506946,37.35527309502509],[100.93288069544795,37.34312352775511],[100.98550990865738,37.33095037655973],[101.03812207471789,37.31875365921872],[101.09071717373857,37.30653339353061],[101.14329518591744,37.2942895973126],[101.19585609154149,37.28202228840037],[101.24876811569484,37.27036104844825],[101.30203238619293,37.259305383678104],[101.35565004625637,37.24885479502919],[101.40962225461134,37.23900877810146],[101.46361118568858,37.22919038804344],[101.51761691271898,37.219399596081296],[101.57163950884772,37.2096363733152],[101.62567904713438,37.19990069071945],[101.6795612024718,37.189897577763894],[101.73328548858136,37.179627253804675],[101.78685142355562,37.169089938195846],[101.84025852987656,37.158285850277544],[101.89287078705111,37.14614603443741],[101.94468583269459,37.132671591367234],[101.9957013975585,37.117863606645976],[102.0459153059179,37.10172315046427],[102.09545324934027,37.08446522881135],[102.14431355207329,37.06609071662959],[102.19249460575676,37.04660047782222],[102.23999486959383,37.025995365076156],[102.28521431134783,37.001610296851865],[102.32814858008835,36.97344795738522],[102.36879405702035,36.94151088305993],[102.40714785547769,36.90580146083385],[102.43589011211839,36.87901138624254],[102.45504063596923,36.86114752951794],[102.46461260686107,36.85221446031463]]}},{"type":"Feature","id":"mountain-direction-ne_10m_geography_regions_polys-551","properties":{"id":"mountain-direction-ne_10m_geography_regions_polys-551","groupId":"ne_10m_geography_regions_polys-551","name":"东萨彦岭","kind":"mountain","labelCoordinates":[97.6517996296991,53.37418148849802],"bounds":[92.09350991743992,52.01928035541918,103.44800716163064,55.29350829241991],"geometryNote":"走向示意，非测绘山脊线；由Natural Earth 1:1000万山系命名概括范围的内部截面推导，未经DEM山脊提取或野外测量。","method":"local-aeqd-area-pca-cross-section-midpoints-smoothed-clipped-v1","sourceUrl":"https://raw.githubusercontent.com/nvkelso/natural-earth-vector/ca96624a56bd078437bca8184e78163e5039ad19/geojson/ne_10m_geography_regions_polys.geojson","sourceDataset":"ne_10m_geography_regions_polys","sourcePolygonId":"ne_10m_geography_regions_polys-551","sourceFeatureIndices":[551],"schematic":true,"minZoom":4.6},"geometry":{"type":"LineString","coordinates":[[92.09350991743992,55.29350829241991],[92.11098604504924,55.289169208164466],[92.14592687141206,55.28048354735887],[92.1983095277406,55.26743633955008],[92.26809968343632,55.25000516440681],[92.33641844287735,55.230617581119475],[92.40325791821768,55.2092759192723],[92.46861067173599,55.18598246813499],[92.53246971785117,55.16073947547161],[92.59492271934054,55.1336761479879],[92.65596398292935,55.10479451145918],[92.71558821648085,55.07409655285166],[92.77379052942368,55.04158421941913],[92.83158059048564,55.008618210514165],[92.8889575041159,54.975199038528004],[92.94592040790172,54.941327213523024],[93.00246847247318,54.90700324317611],[93.05842999175103,54.871999935172006],[93.11380369514492,54.83631801771775],[93.1685883785207,54.79995821317026],[93.22278290399419,54.76292123792232],[93.27725614255024,54.72636102125497],[93.33200937687664,54.690277150426695],[93.38704390097355,54.65466920890895],[93.44236102023693,54.619536776346656],[93.49879081928118,54.58597235413371],[93.55633723579108,54.553974388658766],[93.61500443443161,54.52354128932687],[93.67479680721458,54.4946714279996],[93.7354316158874,54.466986558105035],[93.79691254052032,54.440485401944784],[93.8592433861898,54.415166658434956],[93.92242808350395,54.39102900274756],[93.98633125411186,54.36788966327638],[94.05095644292818,54.345747484910945],[94.11630728267701,54.32460129416351],[94.18238749442409,54.30444989888957],[94.25225525914135,54.289234369367406],[94.3259315901014,54.27894823548866],[94.40344011625737,54.273584633412135],[94.48480710509385,54.273136296503445],[94.5684967118841,54.27559924914428],[94.65452709200741,54.28096874058681],[94.74291736226058,54.28923985414482],[94.833687614517,54.30040750303329],[94.92081495399653,54.30686239139836],[95.00426810573433,54.30861233357961],[95.08401828545568,54.3056648557436],[95.16003923220062,54.298027185799285],[95.23514344304053,54.28923606560753],[95.30932530612951,54.279293157418834],[95.3825793748453,54.26820011080451],[95.45490036899321,54.25595856213508],[95.52573949632706,54.24189995096072],[95.59508901339298,54.22602681541],[95.66294158809805,54.20834164976875],[95.72929030168581,54.18884690329085],[95.79521522142439,54.16887373563005],[95.86071474959638,54.148422789754676],[95.92578732401992,54.12749470665471],[95.9904314180972,54.10609012526045],[96.05400943955883,54.083437489320325],[96.11651747244409,54.059538418553025],[96.17795180879183,54.03439451002638],[96.23830894884419,54.008007337667046],[96.29854455673427,53.98153529329663],[96.3586585657348,53.95497851076182],[96.41865091128962,53.928337123812675],[96.47852153100365,53.90161126609978],[96.53831572989985,53.874855469347],[96.59803359529572,53.84806980032688],[96.65767521476815,53.82125432568984],[96.71724067615054,53.79440911196404],[96.77674195023663,53.76754839072644],[96.83617916261927,53.740672210819106],[96.89555243877112,53.71378062094136],[96.9548619040435,53.68687366965005],[97.01415062815133,53.660002303073014],[97.07341886821672,53.63316650647977],[97.13266688032553,53.60636626486699],[97.19189491953317,53.57960156295923],[97.25104813862414,53.5528074532652],[97.31012662354662,53.525984000918555],[97.36913046049055,53.49913127093388],[97.42805973588486,53.47224932820668],[97.48722476578054,53.44570175151505],[97.54662656733409,53.41948814873083],[97.60626616409164,53.39360812469879],[97.66614458603436,53.3680612812104],[97.72702905027003,53.343739746781296],[97.78892313213557,53.32064194499034],[97.85183056465765,53.29876626694233],[97.91575523891372,53.27811107082128],[97.97920202681169,53.256939921461445],[98.04216941791091,53.23525354019487],[98.10465594295515,53.213052644881856],[98.16666017388272,53.190337949818876],[98.22814511220882,53.16706921860384],[98.28910929763869,53.14324721278048],[98.34955131713303,53.11887268930743],[98.40946980488111,53.09394640045743],[98.4693190351948,53.068989877702506],[98.52909906734922,53.04400318270313],[98.58880996092446,53.01898637702868],[98.64845177580291,52.993939522157284],[98.70900565624953,52.96997770822197],[98.77047468355799,52.947099495921286],[98.83286206369506,52.92530341865116],[98.8961711275353,52.9045879821509],[98.95982363515033,52.8842948161654],[99.02382102012427,52.864423325209856],[99.08816473074285,52.8449729083342],[99.15285623006655,52.825942959067916],[99.2185467673235,52.808061586004264],[99.28524035835854,52.79132707655802],[99.35294116492284,52.77573768475303],[99.42165349521869,52.76129163074998],[99.49065747923257,52.74718098135456],[99.55995449259274,52.733405187777656],[99.62954592033866,52.7199636966958],[99.69943315698616,52.70685595020903],[99.76927837453742,52.69370684386494],[99.83908148611164,52.68051642181832],[99.90884240533346,52.66728472830064],[99.9785610463328,52.65401180761946],[100.04823732374483,52.64069770415776],[100.11787115270971,52.627342462373306],[100.18746244887254,52.613946126798105],[100.25701112838314,52.60050874203774],[100.32651710789588,52.58703035277076],[100.3959803045695,52.57351100374802],[100.46540063606692,52.55995073979212],[100.534778020555,52.5463496057968],[100.60411237670434,52.532707646726244],[100.67340362368907,52.51902490761454],[100.74265168118654,52.50530143356508],[100.81185646937715,52.49153726974981],[100.88101790894397,52.47773246140881],[100.9501359210726,52.46388705384954],[101.01921042745072,52.450001092446286],[101.08824135026794,52.43607462263952],[101.15722861221536,52.42210768993536],[101.22617213648539,52.40810033990483],[101.29507184677125,52.394052618183416],[101.36392766726674,52.37996457047035],[101.43478955197462,52.36799668625368],[101.50766610242738,52.358145233039615],[101.58256648777747,52.350406353172126],[101.65950044744176,52.34477606180434],[101.73777175927397,52.34051244428783],[101.81738738798046,52.337612742752924],[101.89835453989012,52.336074138195904],[101.98068066459709,52.3358937494745],[102.0600234732072,52.33257235220057],[102.13636682257486,52.32611615538047],[102.20969590808554,52.31653114748791],[102.2799972709092,52.3038230916298],[102.34914193355003,52.289928458949895],[102.41712553734496,52.27484930648215],[102.48394392904723,52.25858766139799],[102.54959316120653,52.241145520421796],[102.61467487414215,52.22314136071927],[102.67918737830881,52.204576108563614],[102.74312903515151,52.1854506842019],[102.8064982571109,52.16576600173145],[102.87118626713448,52.14743852051395],[102.93719734635403,52.13046597281572],[103.004536007843,52.11484603510829],[103.07320699700365,52.10057632735011],[103.14170331928415,52.08613511094728],[103.2100244296364,52.071522666851806],[103.27816978900925,52.056739276074154],[103.34613886435213,52.04178521967043],[103.39708582092359,52.0305438467622],[103.431036229273,52.023037308909764],[103.44800716163064,52.01928035541918]]}},{"type":"Feature","id":"mountain-direction-ne_10m_geography_regions_polys-552","properties":{"id":"mountain-direction-ne_10m_geography_regions_polys-552","groupId":"ne_10m_geography_regions_polys-552","name":"雅布洛诺夫山脉","kind":"mountain","labelCoordinates":[116.56695761185507,53.60315471081491],"bounds":[112.685837283371,49.83227780710288,119.34155347956116,58.37700275976931],"geometryNote":"走向示意，非测绘山脊线；由Natural Earth 1:1000万山系命名概括范围的内部截面推导，未经DEM山脊提取或野外测量。","method":"local-aeqd-area-pca-cross-section-midpoints-smoothed-clipped-v1","sourceUrl":"https://raw.githubusercontent.com/nvkelso/natural-earth-vector/ca96624a56bd078437bca8184e78163e5039ad19/geojson/ne_10m_geography_regions_polys.geojson","sourceDataset":"ne_10m_geography_regions_polys","sourcePolygonId":"ne_10m_geography_regions_polys-552","sourceFeatureIndices":[552],"schematic":true,"minZoom":4.6},"geometry":{"type":"LineString","coordinates":[[112.685837283371,49.83227780710288],[112.69959257767077,49.84032480687557],[112.72711702331385,49.85641376142052],[112.76843836261351,49.88053456545944],[112.82359827959297,49.91267202281881],[112.87496712431415,49.94584115520914],[112.92254027007382,49.980047207575964],[112.96631258411335,50.01529503156914],[113.00627842011757,50.051589085127716],[113.04367615345308,50.088591427580525],[113.07850140229093,50.12630462537324],[113.11074953832605,50.16473106539119],[113.14041568342543,50.20387295453684],[113.16785994911318,50.243631811362064],[113.19307774269946,50.284009244934715],[113.21606427752535,50.32500673047366],[113.23681457048451,50.36662560889745],[113.25695388713983,50.40841853619395],[113.27648081693548,50.45038583675412],[113.29539392979002,50.492527824970374],[113.31369177588523,50.534844805197196],[113.33202183741513,50.57715869293176],[113.35038421885444,50.619469479085325],[113.36877902510241,50.66177715453143],[113.38720636148486,50.70408171010576],[113.40566633375632,50.74638313660586],[113.4241590481022,50.788681424791015],[113.44268461114103,50.83097656538197],[113.46124312992656,50.87326854906078],[113.48111517919085,50.91520606603383],[113.50230394742113,50.95678845579795],[113.5248125746511,50.998015011185345],[113.54864415169742,51.03888497817918],[113.57468397358096,51.07915553435433],[113.60293692599028,51.11882520825504],[113.63340773700274,51.15789239738521],[113.66610097472608,51.19635536778762],[113.70150067729169,51.234080504058575],[113.73961194179432,51.27106533927393],[113.78043961390978,51.30730721081615],[113.82398828411182,51.34280325995138],[113.87592760978728,51.375989094124215],[113.93626825794418,51.40685337598894],[114.00501829956914,51.435382901080196],[114.08218316936322,51.461562598369504],[114.15345298457036,51.48935315507098],[114.21882454356466,51.51876562900801],[114.2782933929681,51.54981015260642],[114.3318538075129,51.58249593367103],[114.38397880447489,51.61557949550486],[114.43466664262804,51.64906282656843],[114.48391550280576,51.68294786041885],[114.53172348673934,51.717236475673026],[114.59301433666347,51.74774100256027],[114.66780024950467,51.77444000222176],[114.75608646811783,51.79730726277621],[114.85787117172215,51.81631180905618],[114.94524425119769,51.83934350157834],[115.01820719530657,51.86643520768332],[115.0767537244544,51.89761432512562],[115.12086966667609,51.93290279212284],[115.16470968386585,51.96827291929155],[115.20827340488802,52.00372505095973],[115.2515604549532,52.03925952940075],[115.2945704555718,52.07487669483109],[115.33764927228891,52.11047777697454],[115.38079707205078,52.14606273063212],[115.42401402218624,52.1816315104565],[115.46730029040711,52.21718407095157],[115.50907798058441,52.25317343817872],[115.54934467449414,52.289601261019286],[115.58809785769219,52.32646912892687],[115.62533491819441,52.36377857182577],[115.65957011313873,52.4019577237932],[115.69079765593332,52.441009233253226],[115.71901138064874,52.48093551458379],[115.74420473687618,52.52173874746133],[115.76816045356084,52.562905915462096],[115.79087564453891,52.60443778132211],[115.81234734939817,52.6463350682681],[115.83257253255651,52.6885984598681],[115.85889062728208,52.72911731189797],[115.8913155914613,52.76788757574569],[115.92985995467566,52.80490424238648],[115.9745347974864,52.84016133974045],[116.01421561521903,52.876861726400506],[116.04889368139476,52.91501046479502],[116.078559235152,52.95461197544271],[116.10320146677323,52.99567003538144],[116.12824938673545,53.03661921785098],[116.15370399440957,53.07745927911216],[116.17956628703963,53.11818997111869],[116.20583725967626,53.15881104150073],[116.23466253266399,53.19870389740622],[116.266047824119,53.23786670075357],[116.29999861060152,53.276297446159056],[116.33652012347804,53.31399396044472],[116.37149026958659,53.352145527359866],[116.40490603369281,53.39075353511135],[116.43676429029018,53.42981931063163],[116.46706180212364,53.46934411942122],[116.49707189088213,53.508960297716776],[116.52679397747826,53.54866807910477],[116.55622747695796,53.58846769509264],[116.58537179843756,53.6283593751032],[116.61457123621739,53.66824365365952],[116.64382596491119,53.708120507146575],[116.67313615980491,53.74798991185041],[116.70250199685974,53.78785184395774],[116.73192365271505,53.82770627955536],[116.76140130469142,53.86755319462962],[116.79093513079367,53.90739256506605],[116.82052530971394,53.9472243666487],[116.85145142040592,53.9866784554011],[116.88371645026311,54.02575382213314],[116.91732332471378,54.06444941260354],[116.95227490622024,54.10276412738646],[116.99286810872091,54.139452963010264],[117.03911316246179,54.174510257346064],[117.09101898791207,54.20792955164457],[117.14859317623441,54.23970358959872],[117.19879422097904,54.27362064329026],[117.24161186345624,54.309689940122865],[117.27703351630925,54.347919348987055],[117.30504422964543,54.3883153781631],[117.3327653685268,54.4288049810807],[117.36019630023296,54.46938837150252],[117.38733638552898,54.51006576112843],[117.414184978596,54.55083735958929],[117.4407960546293,54.59168747154421],[117.46716908771185,54.63261626712989],[117.49330354701269,54.673623915104784],[117.51919889673638,54.7147105828449],[117.54387112715293,54.75616263173952],[117.5673171978057,54.79798081506363],[117.58953398856754,54.84016584926155],[117.61051829861253,54.88271841380223],[117.63253632350471,54.92497944751727],[117.65559085058673,54.966948404190866],[117.67968463487419,55.00862471107107],[117.70482039847417,55.05000776875844],[117.72919295208376,55.091622140127484],[117.75280038109419,55.133468291582446],[117.77564073590317,55.17554667533144],[117.79771203148374,55.21785772933112],[117.81848264057659,55.26055556026473],[117.83794903328706,55.30364083444239],[117.85610758709998,55.347114176977556],[117.87295458567911,55.39097617160016],[117.89146394080731,55.43436487937467],[117.91164044758062,55.4772795624086],[117.93348880479144,55.51971941509739],[117.95701361331831,55.56168356381331],[117.98131426918624,55.603432959504644],[118.00639285959248,55.64496715921989],[118.03225145572935,55.68628570525612],[118.05889211246156,55.727388125098464],[118.0860873660809,55.76834030424573],[118.1138386676873,55.80914189490823],[118.14214746192384,55.84979254176893],[118.17101518682105,55.89029188195437],[118.20057348163036,55.93060189277493],[118.23082408387693,55.97072210206486],[118.261768718216,56.01065202607902],[118.29340909617035,56.05039116945156],[118.32554176589672,56.089998366773614],[118.35816794011069,56.12947326042316],[118.39128882637418,56.16881548690708],[118.4249056269694,56.20802467684128],[118.45769382789008,56.247484159904204],[118.48965158007854,56.287194607224095],[118.52077699483245,56.327156673536834],[118.55106814328435,56.3673709971381],[118.57973052784331,56.40806760802168],[118.60676011265913,56.449247635995235],[118.63215272098616,56.49091214781263],[118.65590403323903,56.5330621469402],[118.67831223263931,56.575611049273896],[118.69937358382336,56.618559581777674],[118.71908424877773,56.66190842877198],[118.73744028546038,56.70565823174057],[118.75559404418483,56.74947578600121],[118.77354495019988,56.79336118655367],[118.79129242364574,56.837314527459185],[118.80883587950302,56.881335901836046],[118.8264210847621,56.92535443991037],[118.84404820535313,56.96937013178617],[118.86171740806103,57.01338296751498],[118.87942886053081,57.05739293709556],[118.89718273127306,57.101400030473506],[118.91497918966952,57.14540423754095],[118.9328184059786,57.18940554813613],[118.95070055134101,57.233403952043076],[118.96862579778544,57.27739943899128],[118.98659431823418,57.321391998655265],[119.00460628650899,57.365381620654226],[119.02266187733673,57.409368294551754],[119.04064047736081,57.45338657558878],[119.05854188518906,57.49743650409685],[119.07636589798682,57.541518120277665],[119.09411231146422,57.585631464202635],[119.11082814077915,57.630048607284984],[119.12651011401549,57.674769958874684],[119.14115489036624,57.719795903857474],[119.15475905922331,57.76512680252139],[119.16812619824513,57.81053323526214],[119.181255532435,57.856015280769796],[119.19414627950968,57.90157301647232],[119.20679764982398,57.947206518528375],[119.21987098643275,57.992727954602955],[119.23336776496032,58.0381372008779],[119.24728946151563,58.08343412937208],[119.26163755262692,58.1286186079162],[119.27604352205287,58.17379518777098],[119.29050759807075,58.21896385508659],[119.30503001016777,58.26412459592503],[119.31961098904894,58.309277396259496],[119.33057155446431,58.34314065473159],[119.33789046034278,58.36571551976883],[119.34155347956116,58.37700275976931]]}},{"type":"Feature","id":"mountain-direction-ne_10m_geography_regions_polys-553","properties":{"id":"mountain-direction-ne_10m_geography_regions_polys-553","groupId":"ne_10m_geography_regions_polys-553","name":"大别山","kind":"mountain","labelCoordinates":[115.02469721771503,31.575248372677763],"bounds":[112.93811868677379,30.862312868579327,117.05355708960619,32.3126341535768],"geometryNote":"走向示意，非测绘山脊线；由Natural Earth 1:1000万山系命名概括范围的内部截面推导，未经DEM山脊提取或野外测量。","method":"local-aeqd-area-pca-cross-section-midpoints-smoothed-clipped-v1","sourceUrl":"https://raw.githubusercontent.com/nvkelso/natural-earth-vector/ca96624a56bd078437bca8184e78163e5039ad19/geojson/ne_10m_geography_regions_polys.geojson","sourceDataset":"ne_10m_geography_regions_polys","sourcePolygonId":"ne_10m_geography_regions_polys-553","sourceFeatureIndices":[553],"schematic":true,"minZoom":5.2},"geometry":{"type":"LineString","coordinates":[[112.93811868677379,32.3126341535768],[112.94656832846576,32.300059366040294],[112.96346047134419,32.274907950898445],[112.98878085964337,32.237176234632116],[113.02250817271138,32.18685872347456],[113.05870154629999,32.142430703057215],[113.0973647076336,32.10389024921267],[113.13850226333065,32.07123528605085],[113.18211970063193,32.044463583936555],[113.225774352746,32.01782388742368],[113.26946640460056,31.991316160368957],[113.3131960408177,31.964940366373458],[113.35696344571858,31.938696468781995],[113.40049298450172,31.91193946165935],[113.44378415441525,31.884669574000622],[113.48683646240065,31.856887034102794],[113.52964942511318,31.82859206954317],[113.57370211398747,31.80323167002209],[113.61899776852665,31.780804619859083],[113.66553984430685,31.761309660953284],[113.71333201432935,31.744745492108812],[113.76159359804298,31.72929140638334],[113.81032611314616,31.714946892449664],[113.85953110664109,31.7017114312894],[113.90921015510645,31.689584496084354],[113.95972597561797,31.679398751139566],[114.01108146706464,31.671153234475803],[114.06327962617556,31.66484696212479],[114.11632354851568,31.66047892775688],[114.16962740916709,31.656696699008904],[114.22319219184917,31.65349995739111],[114.2770188891248,31.65088838114667],[114.33110850250414,31.648861645214463],[114.3851957593542,31.646812064479352],[114.43928063355952,31.64473964175316],[114.49336309901769,31.64264437987862],[114.5474431296396,31.640526281729453],[114.6007572770726,31.636654284229007],[114.65330265230135,31.63102933375659],[114.70507645467175,31.623652366074822],[114.75607597275706,31.61452430600574],[114.8073497966144,31.606017044661968],[114.85889888448872,31.59813025532283],[114.91072420420079,31.590863607851055],[114.96282673324917,31.584216768653715],[115.0146053846214,31.576838778079406],[115.06605903742931,31.568730026517542],[115.11718658746823,31.55989090332847],[115.167986947354,31.55032179678777],[115.21590079600989,31.534313362880404],[115.26091978656316,31.51186880803397],[115.30303679037323,31.48299113190564],[115.34224590260719,31.447683123914864],[115.38290851023949,31.41566207856546],[115.42502739196199,31.386926650853198],[115.46860562042141,31.361475436418864],[115.5136465631665,31.339306970764067],[115.55897174802857,31.31779948524206],[115.60458194724532,31.296952680226706],[115.65047794277764,31.276766252871788],[115.69666052638145,31.25723989707611],[115.74089666108273,31.233441688751906],[115.7831818999689,31.205373622333674],[115.82351234829576,31.173037597355126],[115.86188466491848,31.136435417063296],[115.9000051711954,31.0993318636144],[115.93787360559328,31.061727154397225],[115.97548971654186,31.023621505507492],[116.01285326242008,30.985015131731025],[116.05231516747651,30.951072557665423],[116.09387890447456,30.921791887082126],[116.13754855718958,30.897171100525988],[116.18332882199724,30.877208053745576],[116.23291129987221,30.865590137605107],[116.28630750606214,30.862312868579327],[116.34353098536357,30.86737135243728],[116.40459733210598,30.88076027634734],[116.46782644827464,30.89878384378847],[116.53322884782885,30.921438695103326],[116.60081571574739,30.948721322515816],[116.67059891901842,30.98062806669841],[116.74032438397411,31.0122703214876],[116.80999153589941,31.043648196244963],[116.8795997991074,31.074761801453228],[116.94914859697087,31.105611248712485],[117.00134004442182,31.12872301273461],[117.03614856297645,31.144118781122227],[117.05355708960619,31.151813039731817]]}},{"type":"Feature","id":"mountain-direction-ne_10m_geography_regions_polys-554","properties":{"id":"mountain-direction-ne_10m_geography_regions_polys-554","groupId":"ne_10m_geography_regions_polys-554","name":"南岭","kind":"mountain","labelCoordinates":[111.77295605776634,24.503108948683394],"bounds":[109.5449497477251,24.408317008544774,114.00991105745072,24.984506453304462],"geometryNote":"走向示意，非测绘山脊线；由Natural Earth 1:1000万山系命名概括范围的内部截面推导，未经DEM山脊提取或野外测量。","method":"local-aeqd-area-pca-cross-section-midpoints-smoothed-clipped-v1","sourceUrl":"https://raw.githubusercontent.com/nvkelso/natural-earth-vector/ca96624a56bd078437bca8184e78163e5039ad19/geojson/ne_10m_geography_regions_polys.geojson","sourceDataset":"ne_10m_geography_regions_polys","sourcePolygonId":"ne_10m_geography_regions_polys-554","sourceFeatureIndices":[554],"schematic":true,"minZoom":4.9},"geometry":{"type":"LineString","coordinates":[[109.5449497477251,24.814698787243348],[109.55841386678438,24.827587670086434],[109.58535023963306,24.853361929354904],[109.62577516508392,24.892014537975843],[109.67971316480711,24.9435349196915],[109.73139894934677,24.97436488289308],[109.78080581790654,24.984506453304462],[109.82790877376496,24.97396147247444],[109.87268463344559,24.942731588653228],[109.91803668307708,24.91681127743061],[109.96397054237529,24.8962001752479],[110.0104919321448,24.880897894495217],[110.05760668016335,24.870904023024554],[110.1049246379734,24.862744179948812],[110.15244787671347,24.856418214190004],[110.20017848030436,24.851925969417845],[110.24811854622007,24.849267283983604],[110.2960223549626,24.846297242344964],[110.3438895557184,24.84301587467019],[110.39171979831532,24.839423211639343],[110.43951273324502,24.835519284442167],[110.48730266746756,24.83160010333805],[110.53508959001407,24.82766567200172],[110.58287348992698,24.82371599412145],[110.63065435625997,24.819751073399054],[110.67843217807797,24.815770913549848],[110.72620694445725,24.811775518302724],[110.77397864448545,24.80776489140003],[110.8217472672616,24.803739036597623],[110.86933786720482,24.798242073526836],[110.91674878912492,24.791274155926676],[110.96397839098161,24.782835438805428],[111.01102504437196,24.772926078390995],[111.05827428301828,24.764728619609254],[111.10572802051858,24.758242890484585],[111.15338818415208,24.753468714027445],[111.2012567155437,24.750405908170187],[111.24888515404939,24.745397834123466],[111.29627131137259,24.73844470829126],[111.34341302276523,24.729546748031837],[111.39030814787688,24.718704171568458],[111.4367020222996,24.703891328082502],[111.48259041681439,24.685108651987647],[111.52796920591099,24.66235657312787],[111.57283437095604,24.635635516423275],[111.61752593173546,24.607675021231483],[111.66204270664787,24.578475233535446],[111.70638352920429,24.548036299923698],[111.7505472482894,24.516358367552797],[111.79535095529748,24.489867755382488],[111.84079978758194,24.46856394310133],[111.88689902620945,24.452446383122208],[111.93365410124582,24.44151450001594],[111.98064725749565,24.43247994851955],[112.0278805639961,24.4253425068323],[112.07535610965022,24.42010194711797],[112.12307600402357,24.41675803541902],[112.17085963019223,24.41390764901144],[112.21870754849306,24.411550725157095],[112.2666203205999,24.40968719999693],[112.31459850957923,24.408317008544774],[112.36290691693517,24.409444950496734],[112.41154841937285,24.413070684291082],[112.46052593633762,24.419193858505608],[112.50984243152223,24.427814111684174],[112.5592453781715,24.437015695259692],[112.60873548829792,24.446798512788433],[112.65831347732033,24.45716246628838],[112.7079800641506,24.468107456227685],[112.75765527841322,24.47903592992003],[112.80733911291101,24.489947876314286],[112.8570315604148,24.500843284369946],[112.90673261366351,24.51172214305714],[112.95614078016102,24.520379302062203],[113.00525338202416,24.526815092752386],[113.05406777403154,24.531029846907085],[113.10258134484938,24.533023896577326],[113.15184432079523,24.540409180631972],[113.20186320097127,24.553184841135216],[113.2526447128161,24.571349982740585],[113.30419581975531,24.594903671762598],[113.35573649495281,24.618225670621467],[113.40726646684745,24.641315991375617],[113.45878546319236,24.66417464656446],[113.51029321106796,24.686801649208174],[113.56305855214767,24.718140024943576],[113.61709379038827,24.758188088434213],[113.6724119024735,24.806944057712244],[113.72902656289992,24.864406051162078],[113.78375818996173,24.90840044258703],[113.83658635094761,24.938929961471782],[113.88749199043774,24.955997201541816],[113.93645748600352,24.959604614192454],[113.97318347448972,24.962299638780408],[113.99766835294722,24.96409130438876],[114.00991105745072,24.964985631792043]]}},{"type":"Feature","id":"mountain-direction-ne_10m_geography_regions_polys-555","properties":{"id":"mountain-direction-ne_10m_geography_regions_polys-555","groupId":"ne_10m_geography_regions_polys-555","name":"西高止山脉","kind":"mountain","labelCoordinates":[74.52856701398834,15.447970319188904],"bounds":[73.4229399398491,10.770145939909352,76.60637540736263,20.54640917483985],"geometryNote":"走向示意，非测绘山脊线；由Natural Earth 1:1000万山系命名概括范围的内部截面推导，未经DEM山脊提取或野外测量。","method":"local-aeqd-area-pca-cross-section-midpoints-smoothed-clipped-v1","sourceUrl":"https://raw.githubusercontent.com/nvkelso/natural-earth-vector/ca96624a56bd078437bca8184e78163e5039ad19/geojson/ne_10m_geography_regions_polys.geojson","sourceDataset":"ne_10m_geography_regions_polys","sourcePolygonId":"ne_10m_geography_regions_polys-555","sourceFeatureIndices":[555],"schematic":true,"minZoom":4.6},"geometry":{"type":"LineString","coordinates":[[73.58435751316483,20.54640917483985],[73.58124991135212,20.53387505347432],[73.57503599956233,20.50880663931232],[73.5657183554716,20.47120359026269],[73.55330083062779,20.42106539511361],[73.539443393679,20.37043256993258],[73.52414743036933,20.319304843009807],[73.50741434448973,20.267681914108394],[73.48924555760341,20.215563454693132],[73.47358489142069,20.1642975642807],[73.46042983708855,20.11388478469942],[73.44977797346537,20.06432556542934],[73.44162696621974,20.01562026427719],[73.43502751323288,19.967444674987124],[73.42997824914455,19.91979892852061],[73.42647784355236,19.872683120924417],[73.42452500067564,19.826097313552193],[73.42334590697963,19.779776522798755],[73.4229399398491,19.733720753738265],[73.42330648649906,19.687930002867702],[73.42444494389048,19.6424042581566],[73.4255824351624,19.596878325054835],[73.4267189625623,19.551352204039038],[73.42785452833259,19.505825895586355],[73.4289891347104,19.46029940017445],[73.43461870564788,19.416317818066695],[73.4447400531009,19.37388074169304],[73.45935023754963,19.332987478463764],[73.47844656549982,19.29363705205062],[73.49136557011745,19.252164894700442],[73.49811110339544,19.208572203295514],[73.49868744502932,19.162859631747978],[73.49309929772201,19.115027293661342],[73.48856236649542,19.06755539947763],[73.48507578498298,19.02044400660924],[73.4826387035313,18.97369315661778],[73.48125028904705,18.927302875311952],[73.48208240025767,18.88167702299403],[73.48513337279186,18.836815550964566],[73.49040160590347,18.792718341253057],[73.49788556183715,18.74938520699335],[73.5053654486764,18.706051533828944],[73.51284127799873,18.662717323074855],[73.52031306136101,18.619382576044863],[73.52778081029936,18.576047294051577],[73.53532598620981,18.53273955631691],[73.54294854665625,18.489459354730258],[73.55064844946806,18.446206681123048],[73.55842565273915,18.402981527269077],[73.5674659538642,18.360192842120984],[73.57776855287814,18.317840454692096],[73.58933267086339,18.275924172192877],[73.60215754975324,18.23444378013025],[73.61497625430505,18.19296232399635],[73.627788802123,18.151479806642612],[73.64059521078326,18.10999623091674],[73.653395497834,18.068511599662784],[73.66618968079554,18.027025915721143],[73.67897777716044,17.985539181928548],[73.69175980439361,17.944051401118095],[73.70453577993237,17.902562576119273],[73.71730572118658,17.861072709757952],[73.73006964553868,17.819581804856405],[73.74282757034386,17.778089864233337],[73.75557951293013,17.736596890703876],[73.76832549059833,17.695102887079592],[73.7810655206224,17.65360785616851],[73.79379962024929,17.612111800775146],[73.80652780669918,17.57061472370048],[73.8192500971655,17.529116627741995],[73.83196650881504,17.4876175156937],[73.84467705878812,17.446117390346096],[73.85738176419855,17.404616254486243],[73.87008064213381,17.363114110897737],[73.88277370965513,17.32161096236077],[73.89546098379755,17.28010681165205],[73.90814248157005,17.23860166154493],[73.92081821995565,17.19709551480932],[73.93348821591141,17.155588374211774],[73.94615248636869,17.114080242515456],[73.95881104823303,17.072571122480163],[73.97146391838442,17.031061016862363],[73.98411111367729,16.989549928415173],[73.99675265094065,16.948037859888373],[74.00938854697814,16.90652481402847],[74.02201881856816,16.86501079357863],[74.03464348246389,16.82349580127875],[74.04726255539349,16.781979839865475],[74.0598760540601,16.74046291207214],[74.07248399514194,16.698945020628862],[74.08508639529241,16.657426168262518],[74.09768327114023,16.615906357696755],[74.1102746392894,16.574385591652],[74.12286051631946,16.532863872845493],[74.13544091878539,16.491341203991272],[74.14801586321789,16.4498175878002],[74.16058536612326,16.408293026979997],[74.17369834198257,16.36695697985889],[74.18735450622563,16.325809349342432],[74.20155357844015,16.284850034594935],[74.21629528233719,16.244078931055714],[74.23214230182526,16.203690224424705],[74.249094081005,16.163683675692653],[74.26715007849361,16.124059029873976],[74.28630976728986,16.08481601606679],[74.305461892513,16.045571122936828],[74.32460647613051,16.00632435587118],[74.34374354008251,15.96707572025037],[74.36287310628157,15.927825221448424],[74.38137861526995,15.888360210014275],[74.39926038711596,15.84868084665373],[74.4165187447773,15.808787286315049],[74.43315401406115,15.768679678208123],[74.44846594748843,15.728116593837242],[74.46245523989128,15.687098310296552],[74.47512260111603,15.645625080039464],[74.48646875583728,15.603697130975862],[74.49781023615375,15.561768419797165],[74.50914705690957,15.519838948781572],[74.52047923292777,15.477908720204912],[74.53180677901037,15.435977736340647],[74.54314893571897,15.394052630371595],[74.55450570734483,15.35213340165531],[74.56587709820225,15.31022004955378],[74.5772631126284,15.268312573433446],[74.58959165103748,15.22673104257974],[74.6028622253611,15.185475304049538],[74.61707435817705,15.144545193391531],[74.63222758261053,15.103940534695553],[74.64849973917053,15.06372263718255],[74.66589029625777,15.023891261351771],[74.68439873639767,14.984446151550792],[74.70402455610675,14.945387036035662],[74.72411237329413,14.906487829304533],[74.74466199899456,14.867748411939859],[74.7656732469656,14.829168662005419],[74.78714593366523,14.790748455055162],[74.80722752770212,14.75184930994091],[74.82591866950615,14.712471599453854],[74.8432200159692,14.672615669269485],[74.85913224024914,14.632281838038109],[74.875828934459,14.59221906516895],[74.89330974128062,14.552427182238795],[74.91157431057773,14.51290601308953],[74.93062229933075,14.473655373857415],[74.94951744973865,14.434352715356416],[74.96825984887172,14.394998078781962],[74.98684958376998,14.355591504902534],[75.00528674144107,14.316133034060874],[75.02308786088099,14.276456211118155],[75.04025325183544,14.236561185959216],[75.05678322678888,14.196448102599543],[75.07267810092452,14.156117099205504],[75.08856731274919,14.115784888102201],[75.10445088074808,14.075451473133114],[75.12032882338424,14.035116858137615],[75.13620115909855,13.994781046951001],[75.15206790630988,13.95444404340452],[75.16792908341515,13.914105851325354],[75.18378470878936,13.873766474536675],[75.19963480078577,13.833425916857633],[75.21505041755863,13.792936554840345],[75.23003177990208,13.752298475840034],[75.24457910954793,13.711511764421084],[75.25869262914739,13.670576502367277],[75.27231257041241,13.629472123496276],[75.28543918711024,13.588198713903267],[75.29807273426101,13.546756356161453],[75.31021346811418,13.505145129335949],[75.32235000097175,13.463533178865719],[75.33448234767388,13.42192050721773],[75.34661052304256,13.380307116856688],[75.35873454188169,13.33869301024503],[75.37085441897713,13.297078189842958],[75.3829701690968,13.255462658108433],[75.39508180699072,13.213846417497185],[75.40718934739111,13.172229470462733],[75.41980213123328,13.130787134147543],[75.43291992713246,13.089519332847438],[75.44654250695446,13.048425987762053],[75.46066964578817,13.007507017008875],[75.4751441943454,12.966708321530438],[75.48996600606253,12.926029842146265],[75.50513493606141,12.885471518297184],[75.5206508411364,12.845033288051544],[75.53650891527984,12.804713482809534],[75.55270902066682,12.764512038839458],[75.5692510210705,12.724428891094341],[75.58613478184984,12.684463973217591],[75.60453070299987,12.645019975711303],[75.6244381618065,12.606096559531327],[75.645856557647,12.567693356719529],[75.6687853117675,12.52980997050281],[75.6917071225865,12.491924377336048],[75.7146220126695,12.454036584238171],[75.73753000456156,12.416146598221252],[75.76043112078754,12.378254426290557],[75.78321272786621,12.340321356257204],[75.80587489110275,12.302347426737146],[75.82841767576801,12.264332676056641],[75.85084114709736,12.226277142252904],[75.87287362966711,12.188087519761615],[75.89451529330582,12.149763918834608],[75.91576630863314,12.111306447395906],[75.93662684704601,12.072715211048225],[75.96385303684178,12.036309781935369],[75.99744274432926,12.002088026821898],[76.03739418174304,11.97004728894234],[76.08370590379974,11.940184388794357],[76.13247316931907,11.911157912132142],[76.18369561532414,11.882966362705185],[76.2373729280458,11.855608167964215],[76.29350484249508,11.829081678996092],[76.34553116061578,11.801142750773616],[76.39345244289203,11.771794097986424],[76.43726939219538,11.741038210142964],[76.47698285251055,11.70887735148141],[76.50940938252877,11.674226834336908],[76.53455114805949,11.637089567003164],[76.55241074766143,11.597467755123759],[76.5629912078768,11.555362903540841],[76.56967617542686,11.511929320319027],[76.57246761858075,11.467167237845935],[76.57136762007208,11.42107668939486],[76.56637837552779,11.373657510242511],[76.56276004774617,11.326705339462334],[76.56051183390169,11.280220280834286],[76.55963295067903,11.234202413416705],[76.56012263406365,11.188651791701085],[76.5612168828371,11.143307515769493],[76.5629153727643,11.098169594467857],[76.5652177842131,11.053238031929975],[76.56812380211355,11.008512827605022],[76.57242266427491,10.964264076934827],[76.5781136682365,10.920491742175964],[76.58519613043009,10.877195760804304],[76.5936693859772,10.83437604564716],[76.60002297427576,10.802261072494616],[76.60425805775664,10.780851001782064],[76.60637540736263,10.770145939909352]]}},{"type":"Feature","id":"mountain-direction-ne_10m_geography_regions_polys-556","properties":{"id":"mountain-direction-ne_10m_geography_regions_polys-556","groupId":"ne_10m_geography_regions_polys-556","name":"东高止山脉","kind":"mountain","labelCoordinates":[80.03349762144923,16.776246778073272],"bounds":[78.1420024972226,11.595188772080805,84.50347064441776,20.31889627536263],"geometryNote":"走向示意，非测绘山脊线；由Natural Earth 1:1000万山系命名概括范围的内部截面推导，未经DEM山脊提取或野外测量。","method":"local-aeqd-area-pca-cross-section-midpoints-smoothed-clipped-v1","sourceUrl":"https://raw.githubusercontent.com/nvkelso/natural-earth-vector/ca96624a56bd078437bca8184e78163e5039ad19/geojson/ne_10m_geography_regions_polys.geojson","sourceDataset":"ne_10m_geography_regions_polys","sourcePolygonId":"ne_10m_geography_regions_polys-556","sourceFeatureIndices":[556],"schematic":true,"minZoom":4.6},"geometry":{"type":"LineString","coordinates":[[78.1420024972226,11.595188772080805],[78.15214996929275,11.601440884786795],[78.17244640040309,11.613943825145492],[78.2028947680878,11.63269501976285],[78.2434995476305,11.657690600326525],[78.28224561051583,11.683912653927278],[78.31913290222543,11.711362136054934],[78.35416131094073,11.740039952286038],[78.38733066722865,11.769946958403546],[78.41780337933164,11.801637633839027],[78.44557898585221,11.835113046126617],[78.47065690120496,11.870374157755302],[78.49303641468322,11.907421826193229],[78.51502323654503,11.944731352477238],[78.53661725829413,11.98230284003317],[78.55781836855328,12.020136390291041],[78.5786264530406,12.058232102682434],[78.5999689912611,12.09597654502398],[78.6218461816155,12.133369570229805],[78.6442582178973,12.170411026646063],[78.66720528924925,12.207100758045595],[78.6898418217751,12.24399809414913],[78.71216773667909,12.281103119374007],[78.73418295333262,12.31841591693461],[78.75588738925956,12.355936568841125],[78.77725982962905,12.393679135832421],[78.79830018096278,12.431643703118356],[78.81900834763564,12.469830354514627],[78.8393842318583,12.508239172440787],[78.85887044661746,12.54723895595095],[78.87746667865899,12.586829917747668],[78.89517259990704,12.627012259478157],[78.91198786732997,12.667786171712219],[78.92737656901153,12.7095061258046],[78.94133808327807,12.752172381920932],[78.95387175006618,12.795785171087289],[78.96497687053751,12.840344695099786],[78.97686408244604,12.88438879918678],[78.98953380081741,12.927917376714836],[79.00298643117706,12.97093031163925],[79.01722236943468,13.013427478473368],[79.03152556022725,13.055882364772584],[79.04589605104553,13.098294956563514],[79.06033388941911,13.140665239768069],[79.07483912291579,13.182993200203242],[79.0893490389979,13.225320301056025],[79.10386365574426,13.2676465389552],[79.11838299125495,13.309971910526423],[79.13290706365142,13.352296412392226],[79.14743589107657,13.394620041171992],[79.16196949169486,13.436942793481945],[79.17650788369238,13.479264665935146],[79.1910510852769,13.521585655141454],[79.20544615355719,13.564006791731641],[79.21969303336002,13.60652809908346],[79.23379166888357,13.649149600332612],[79.2477420036929,13.691871318371879],[79.2579686171728,13.737054091408655],[79.26446943723857,13.784698342200528],[79.26724212485811,13.834804289250165],[79.26628407095465,13.887371945817925],[79.26365936422543,13.941037715479924],[79.25936665830052,13.995801470127935],[79.25340454712659,14.051663039865403],[79.24577156420952,14.10862221270322],[79.23095218889986,14.17031042781536],[79.2089388844042,14.236725820701924],[79.17972308025863,14.307865743489552],[79.1432951546822,14.383726756036374],[79.11518475067284,14.454098534926121],[79.09540271179796,14.518984905749733],[79.08395863109946,14.578388670939857],[79.08086082832587,14.63231159841345],[79.081200594218,14.683978110890394],[79.08498060442355,14.733388328440439],[79.09220331861277,14.78054219246424],[79.10287097771553,14.825439464728257],[79.11313883565938,14.870600667108858],[79.12300666881929,14.916025844013932],[79.13247424954626,14.961715037604565],[79.14154134613173,15.007668287785688],[79.14872992833818,15.054853460253321],[79.1540387738615,15.10327068401998],[79.15746658569735,15.152920035135107],[79.15901199131211,15.20380153641631],[79.16212861023281,15.253654626878106],[79.16681761231264,15.30247929319794],[79.17308012386658,15.350275484296448],[79.18091722710331,15.397043111142635],[79.18961461988496,15.44324972615522],[79.19917286103465,15.488895247788848],[79.20959249680402,15.533979582898743],[79.22087406071826,15.578502626694567],[79.23323210572154,15.622324406829103],[79.24666725736482,15.66544476020651],[79.26118012007703,15.707863505518201],[79.27677127693659,15.74958044318631],[79.29298454397599,15.790893718982488],[79.30982024532041,15.831803199872372],[79.32727869819811,15.8723087465445],[79.34536021286944,15.912410213395766],[79.36496332725832,15.951520767703048],[79.38608870999735,15.989640007047052],[79.40873698418577,16.02676749268694],[79.43290872699558,16.06290274951046],[79.45804095788753,16.09841339268156],[79.48413400056418,16.133299083341036],[79.51118816022108,16.167559467907434],[79.53920372340679,16.20119417807313],[79.56736521421945,16.234735957548896],[79.59567269030724,16.268184742889357],[79.62412620890292,16.301540470225223],[79.65272582682074,16.334803075263252],[79.68133487027107,16.368061896003372],[79.70995336216131,16.401316922736754],[79.73858132541689,16.434568145744652],[79.7672187829814,16.467815555298404],[79.79586575781653,16.501059141659397],[79.82452227290217,16.534298895079026],[79.85318835123645,16.567534805798694],[79.88186401583575,16.600766864049774],[79.9105492897347,16.633995060053564],[79.93924419598632,16.667219384021298],[79.96794875766197,16.70043982615407],[79.99666299785144,16.73365637664285],[80.02538556749211,16.766869924231543],[80.05411648937896,16.800080459651475],[80.08285578632601,16.833287973624984],[80.1116034811665,16.86649245686545],[80.14076176677332,16.899430404495813],[80.17033075950894,16.932101639752872],[80.20031057217066,16.964505983048237],[80.23070131396653,16.996643251969658],[80.26162050155438,17.0284362890452],[80.29306825878133,17.05988485334959],[80.32504470346439,17.09098869939684],[80.35754994735245,17.121747577144397],[80.39071365546125,17.152076234098757],[80.42453594485686,17.181974348008545],[80.45901692308853,17.21144158968328],[80.49415668813374,17.24047762300367],[80.528994407077,17.269713069519664],[80.56353006638336,17.299148074519284],[80.59776365079074,17.328782782076672],[80.63169514329981,17.358617335054664],[80.66606264226782,17.388166804631147],[80.70086621961468,17.417430966010876],[80.7361059429367,17.446409591291186],[80.7717818754827,17.475102449467194],[80.80912756124525,17.502697935497423],[80.84814310908277,17.529195131676772],[80.88882856647349,17.554593077640416],[80.93118391922559,17.578890770485145],[80.97547614963652,17.60191127007129],[81.02170508352708,17.623653308571313],[81.06987046313716,17.644115561645105],[81.119971946852,17.663296648701877],[81.17008388131475,17.68246534565195],[81.22020627425685,17.701621635207854],[81.27033913338299,17.720765500080713],[81.32048246637112,17.73989692298027],[81.37063628087236,17.759015886614893],[81.42080058451093,17.77812237369161],[81.47097538488408,17.797216366916096],[81.52116068956211,17.816297848992736],[81.57071718210027,17.835790121850554],[81.61964501231428,17.85569363430818],[81.66794432253954,17.876008829271516],[81.71561524761022,17.896736143764546],[81.7616798104489,17.918524723260163],[81.80613826401205,17.941375646691395],[81.8489908075917,17.965289955106854],[81.89023758661988,17.990268651835464],[81.92921793970248,18.016751514526412],[81.96593187939808,18.044739834966318],[82.00037930837406,18.074234830296394],[82.03256001883553,18.105237643201175],[82.06275563228343,18.1375619502643],[82.09096578654226,18.171208629442198],[82.11719003330413,18.206178501996902],[82.14142783753684,18.242472332522027],[82.16483998276894,18.279318625395135],[82.18742620755974,18.31671766273459],[82.20918623495501,18.354669717182475],[82.23011977236611,18.393175051895835],[82.25215742440095,18.430949901873298],[82.27529962515653,18.46799390144799],[82.29954678247347,18.504306666299485],[82.32489927772262,18.539887793438346],[82.35197647647824,18.574325090991575],[82.38077885404282,18.60761785899493],[82.41130681949411,18.639765352670583],[82.44356071523525,18.670766782451327],[82.47594294327062,18.701684981103124],[82.5084535434305,18.732519880399835],[82.54109255513734,18.76327141179569],[82.57386001740318,18.793939506425502],[82.60663921426318,18.82460187663805],[82.63943016860955,18.855258510240652],[82.67223290334744,18.88590939502814],[82.70504744139502,18.916554518782814],[82.7378738056835,18.94719386927443],[82.77071201915709,18.97782743426016],[82.80356210477296,19.00845520148459],[82.83642408550136,19.039077158679653],[82.86966664924431,19.06944729363066],[82.90328986358563,19.099565410442402],[82.93729379262304,19.129431310890762],[82.97167849694812,19.159044794426368],[83.00963848192484,19.186272135114283],[83.05117381302841,19.211111297095126],[83.09628426060652,19.233560057091847],[83.14496929866131,19.2536160051162],[83.19038040323265,19.27585744039113],[83.23251811186742,19.300286567977917],[83.27138272230579,19.326905437990437],[83.30697429151543,19.35571594621159],[83.34107957785669,19.38552318255181],[83.37369845923108,19.416327902922],[83.40483076379778,19.448130832053856],[83.43447626967745,19.480932663552082],[83.46413368884627,19.51372954269546],[83.49380304607206,19.5465214585891],[83.52348436614376,19.57930840032521],[83.55317767387156,19.612090356983018],[83.58288299408682,19.644867317628798],[83.61260035164221,19.6776392713158],[83.64232977141171,19.710406207084223],[83.67207127829057,19.74316811396121],[83.70137588007577,19.776226267612493],[83.73024350980451,19.809580857904116],[83.75867409615992,19.84323207221665],[83.78666756344218,19.877180095447436],[83.8150726904566,19.910855217454916],[83.84388959294756,19.944257253989758],[83.8731183826974,19.977386018097473],[83.9027591674992,20.010241320119796],[83.93497428253369,20.041370383749445],[83.96976410042927,20.07077193885028],[84.00712883669418,20.09844461850174],[84.04706854885747,20.124386959208202],[84.08807911598619,20.14960899766451],[84.13016047873123,20.174110063854314],[84.17331254928499,20.197889471009734],[84.21753521126944,20.22094651567878],[84.2644268228615,20.242203733795503],[84.31398682586706,20.261659240347203],[84.36621448893591,20.27931104866767],[84.42110890714196,20.29515707105372],[84.46228675914429,20.307031150497362],[84.48974201227473,20.31494222915405],[84.50347064441776,20.31889627536263]]}},{"type":"Feature","id":"mountain-direction-ne_10m_geography_regions_polys-557","properties":{"id":"mountain-direction-ne_10m_geography_regions_polys-557","groupId":"ne_10m_geography_regions_polys-557","name":"温迪亚山脉","kind":"mountain","labelCoordinates":[76.61684184845498,23.034857819336906],"bounds":[73.69691402392445,22.175284912070694,79.49863501687203,24.069120235050477],"geometryNote":"走向示意，非测绘山脊线；由Natural Earth 1:1000万山系命名概括范围的内部截面推导，未经DEM山脊提取或野外测量。","method":"local-aeqd-area-pca-cross-section-midpoints-smoothed-clipped-v1","sourceUrl":"https://raw.githubusercontent.com/nvkelso/natural-earth-vector/ca96624a56bd078437bca8184e78163e5039ad19/geojson/ne_10m_geography_regions_polys.geojson","sourceDataset":"ne_10m_geography_regions_polys","sourcePolygonId":"ne_10m_geography_regions_polys-557","sourceFeatureIndices":[557],"schematic":true,"minZoom":5.0},"geometry":{"type":"LineString","coordinates":[[73.69691402392445,22.175284912070694],[73.7066499815922,22.181630016699227],[73.72612448086589,22.194318517200365],[73.75534269377289,22.213346992553667],[73.79431238872927,22.238710302452017],[73.83476615077826,22.26063166729062],[73.87670183026479,22.27910988640019],[73.92011702700499,22.294143708247145],[73.96500909149229,22.305731831203055],[74.01080649185039,22.315204628971937],[74.05750735896521,22.322561253730566],[74.10510973025656,22.327800840846294],[74.15361155043573,22.33092250922606],[74.20211554557505,22.334029371466425],[74.250621705761,22.33712142468243],[74.29913002107196,22.3401986660024],[74.34764048157832,22.34326109256808],[74.39583473968781,22.34705975775237],[74.44371353935236,22.35159497140923],[74.49127761426982,22.356867039696148],[74.53852768798562,22.362876265117794],[74.58454260167176,22.371805696696185],[74.62932499960033,22.383656475727665],[74.67287736251706,22.398429702943908],[74.71520200888511,22.416126439116585],[74.75707166383991,22.434917937817865],[74.79848712264976,22.454804569896545],[74.83944915997881,22.475786700138467],[74.87995853001199,22.49786468733824],[74.92151176738051,22.51747778347621],[74.96410715776229,22.534625136556098],[75.00774286192978,22.549305871669382],[75.05241691644363,22.561519091392924],[75.09776805461748,22.572121669605394],[75.14379486454298,22.581112996080137],[75.19049588147693,22.58849245227958],[75.23786958826422,22.594259411548077],[75.28563688461173,22.599078411377704],[75.33379683253035,22.60294907703107],[75.38234847603783,22.60587103183359],[75.431290841333,22.607843897244503],[75.4798029874935,22.6108400831527],[75.5278859745663,22.61486000220349],[75.57554084327712,22.619904060978758],[75.62276861523317,22.625972660079665],[75.66914416986602,22.63409519120974],[75.7146694335569,22.644272425427236],[75.75934625605409,22.656505114236765],[75.80317641114655,22.670793989888857],[75.8468215300857,22.68554108450723],[75.89028199644348,22.700746550471347],[75.93355819088441,22.716410538807267],[75.9766504911947,22.73253319920065],[76.01975290755256,22.748644171213826],[76.06286544296849,22.76474344299997],[76.10598810043115,22.780831002711764],[76.14912088290717,22.796906838501464],[76.19171315233054,22.814312978381054],[76.2337659499417,22.83304985644764],[76.2752802876553,22.853117898832053],[76.31625714826652,22.87451752380492],[76.35719073125927,22.896043680212394],[76.39808114409705,22.917696397002075],[76.43892849433502,22.93947570294027],[76.47973288962237,22.961381626612646],[76.52055042743275,22.983276989754575],[76.56138111966389,23.00516177785789],[76.60222497819784,23.027035976406214],[76.64308201490093,23.04889957087501],[76.68453992655981,23.069308444886772],[76.72659766435378,23.088262128341885],[76.76925413686595,23.10576014490885],[76.8125082103173,23.12180201215571],[76.85585692382469,23.137624055940616],[76.89930010916297,23.153226195806823],[76.9428375967199,23.168608351366334],[76.98646921550178,23.183770442303302],[77.03011066927291,23.198920398365313],[77.07376195956179,23.21405820804625],[77.11742308787389,23.229183859840813],[77.16109405569149,23.244297342244504],[77.20477486447378,23.259398643753705],[77.24846551565663,23.27448775286562],[77.2921660106528,23.28956465807835],[77.3358763508517,23.304629347890902],[77.37959653761949,23.31968181080318],[77.42332657229893,23.334722035316027],[77.46706645620947,23.34975000993124],[77.51081619064709,23.364765723151617],[77.55391771531716,23.381412182553486],[77.59637238754773,23.399689897216213],[77.638181522066,23.41959936563483],[77.67934639133328,23.44114107587774],[77.72002662379651,23.46391887127104],[77.76022313278887,23.487933104697987],[77.7999368088368,23.513184123049555],[77.83916851981105,23.539672267304958],[77.87834020833117,23.56634064673756],[77.9174520205558,23.593189298278762],[77.95650410273085,23.620218258615935],[77.99549660119393,23.64742756419368],[78.03574669541507,23.671502021328607],[78.07725217750938,23.69244071515377],[78.12001065932463,23.710242702227806],[78.16401957351317,23.724907011107327],[78.20822110801579,23.739097178382387],[78.25261485304682,23.75281304668829],[78.29720039390341,23.766054458548957],[78.34197731099812,23.778821256392018],[78.38676294737624,23.791575105455653],[78.43155730116209,23.80431599544822],[78.47636037045609,23.817043916082053],[78.5211721533349,23.8297588570735],[78.5664386919299,23.841326412908593],[78.61215891642847,23.851746211948388],[78.65833173261586,23.861017880222157],[78.70495602209887,23.869141041516844],[78.75185138312739,23.876572954361347],[78.79901712220232,23.88331338978567],[78.84645253694876,23.889362118539925],[78.89415691620707,23.894718911128034],[78.94128507192565,23.90154800122153],[78.98783851958281,23.909849868449637],[79.03381874057467,23.919624983740242],[79.07922718261636,23.930873809466682],[79.12447045693939,23.94255437041648],[79.16954898185814,23.95466679471059],[79.21446317347099,23.967211209323732],[79.25921344569197,23.980187740095737],[79.3035421074826,23.9942629218452],[79.34745017211424,24.00943707681679],[79.39093863572575,24.025710522488165],[79.43400847750769,24.043083571641766],[79.46631847996343,24.056105342040944],[79.48786211173783,24.064782701875792],[79.49863501687203,24.069120235050477]]}},{"type":"Feature","id":"mountain-direction-ne_10m_geography_regions_polys-558","properties":{"id":"mountain-direction-ne_10m_geography_regions_polys-558","groupId":"ne_10m_geography_regions_polys-558","name":"武夷山脉","kind":"mountain","labelCoordinates":[117.0639041947236,27.002730811883033],"bounds":[116.57016153016846,25.520638869601672,117.88190514417482,28.31787838506089],"geometryNote":"走向示意，非测绘山脊线；由Natural Earth 1:1000万山系命名概括范围的内部截面推导，未经DEM山脊提取或野外测量。","method":"local-aeqd-area-pca-cross-section-midpoints-smoothed-clipped-v1","sourceUrl":"https://raw.githubusercontent.com/nvkelso/natural-earth-vector/ca96624a56bd078437bca8184e78163e5039ad19/geojson/ne_10m_geography_regions_polys.geojson","sourceDataset":"ne_10m_geography_regions_polys","sourcePolygonId":"ne_10m_geography_regions_polys-558","sourceFeatureIndices":[558],"schematic":true,"minZoom":5.0},"geometry":{"type":"LineString","coordinates":[[116.57016153016846,25.520638869601672],[116.5732236226337,25.5314738458029],[116.5793494498588,25.553143560086397],[116.58854230186948,25.58564753550889],[116.60080712731664,25.628985054889753],[116.6170701945268,25.671042972073185],[116.63733527792775,25.711819948654917],[116.66160590169052,25.751314302921394],[116.68988533718648,25.78952400889611],[116.71436173193027,25.82895377634534],[116.73503203383636,25.869605543618153],[116.751892944663,25.91148094364682],[116.76494091765291,25.954581303105243],[116.77883206746841,25.997412779887764],[116.79356724275836,26.03997513218057],[116.80914728313626,26.082268102573565],[116.82557301907296,26.12429141800908],[116.84049116358284,26.166800069313663],[116.85390026332797,26.209794520275945],[116.86579882240514,26.253275187020005],[116.8761853019633,26.297242437839564],[116.88657959278888,26.341208671842214],[116.89698171578269,26.38517388671152],[116.90739169189422,26.42913808012709],[116.91780954212174,26.473101249764426],[116.92884956792952,26.516866497301358],[116.9405124365915,26.560433680944044],[116.95279881112688,26.603802650376096],[116.96570935024347,26.646973246727914],[116.97846948436705,26.6901937138782],[116.99107907412042,26.733464090779922],[117.00353797925337,26.77678441597482],[117.01584605863744,26.82015472759185],[117.02781535987596,26.863635225122202],[117.03944554284055,26.90722599179576],[117.0507362642772,26.950927108545038],[117.06168717778382,26.994738653996457],[117.07374278051131,27.038198078544433],[117.08690424774507,27.08130510521442],[117.10117273787235,27.12405943048312],[117.11654939218998,27.166460724186138],[117.13231724692416,27.208738544072645],[117.1484767086873,27.250892760259323],[117.16502818273345,27.29292323937757],[117.18197207293618,27.33482984456259],[117.1994257914164,27.376574966184332],[117.21738985188556,27.418158416495213],[117.23586476512908,27.459580001893492],[117.25485103896658,27.500839522905796],[117.27584102490634,27.54145886012691],[117.2988365736939,27.581437125851192],[117.32383947166228,27.620773345365784],[117.35085144005308,27.659466456728758],[117.37788235289155,27.69815412981678],[117.40493225218006,27.736836352202168],[117.43200117999395,27.775513111432907],[117.45908917848165,27.814184395032587],[117.48619628986503,27.852850190500323],[117.51332255643942,27.89151048531069],[117.5404680205738,27.930165266913658],[117.5676327247111,27.96881452273449],[117.5948167113682,28.007458240173708],[117.62202002313629,28.046096406606992],[117.6492427026808,28.084729009385097],[117.6764847927419,28.1233560358338],[117.70719513772701,28.160866986487864],[117.74137638433828,28.19725959492594],[117.77903097084273,28.232531335900724],[117.8201611249256,28.266679424960714],[117.85102580900309,28.292282385192397],[117.87161040338792,28.309347159139],[117.88190514417482,28.31787838506089]]}},{"type":"Feature","id":"mountain-direction-ne_10m_geography_regions_polys-559","properties":{"id":"mountain-direction-ne_10m_geography_regions_polys-559","groupId":"ne_10m_geography_regions_polys-559","name":"塔尔巴哈台山","kind":"mountain","labelCoordinates":[82.43089597095585,47.58969687576468],"bounds":[79.28551924637111,46.83433157013649,85.5340223873595,48.433122273199416],"geometryNote":"走向示意，非测绘山脊线；由Natural Earth 1:1000万山系命名概括范围的内部截面推导，未经DEM山脊提取或野外测量。","method":"local-aeqd-area-pca-cross-section-midpoints-smoothed-clipped-v1","sourceUrl":"https://raw.githubusercontent.com/nvkelso/natural-earth-vector/ca96624a56bd078437bca8184e78163e5039ad19/geojson/ne_10m_geography_regions_polys.geojson","sourceDataset":"ne_10m_geography_regions_polys","sourcePolygonId":"ne_10m_geography_regions_polys-559","sourceFeatureIndices":[559],"schematic":true,"minZoom":5.0},"geometry":{"type":"LineString","coordinates":[[79.28551924637111,48.433122273199416],[79.29913832979325,48.42601673387396],[79.3263650624703,48.41180075735023],[79.36717659318991,48.39046456062687],[79.42153868798904,48.36199350102268],[79.47669374442751,48.33518358140099],[79.53264600138174,48.31003368553099],[79.58939983133845,48.28654267418269],[79.64695974157394,48.26470938471641],[79.70503015357022,48.2439441410066],[79.76361414645127,48.22424617573981],[79.82271485193787,48.20561471011441],[79.882335454955,48.1880489536585],[79.94218326078803,48.170973018327096],[80.00225980717273,48.15438654019616],[80.06256664047207,48.138289151714446],[80.12310531582386,48.12268048166546],[80.18360727184613,48.10703987866219],[80.24407247611659,48.09136737925564],[80.30450089649622,48.07566302001734],[80.36489250112882,48.05992683753908],[80.42543044880473,48.04450859494184],[80.48611577540873,48.029408047488815],[80.54694951961115,48.01462494834806],[80.60793272293354,48.00015904857663],[80.66951603640953,47.98686078455274],[80.7317032163719,47.97472919514469],[80.79449809117328,47.96376330375683],[80.85790456204941,47.95396211806987],[80.92163717220828,47.94478219735526],[80.98569808622145,47.93622299484546],[81.0500894881964,47.928283957599405],[81.1148135820469,47.920964526424115],[81.1794037576883,47.91339409351339],[81.24385918469264,47.90557287058231],[81.30817903779014,47.897501070051405],[81.3723624969117,47.889178905033084],[81.43505191001933,47.87811276506149],[81.49623835074551,47.86430505033109],[81.55591338333251,47.84775811179768],[81.61406906680206,47.828474249674045],[81.67273699376969,47.81017335298193],[81.73191999270759,47.792854625880096],[81.79162094192327,47.77651726103227],[81.85184277005584,47.761160439434725],[81.91260342991487,47.7468104031534],[81.97390603614713,47.73346628556885],[82.03575375849077,47.721127207283715],[82.09814982236256,47.7097922759256],[82.15883004106158,47.69539659808513],[82.2177852323926,47.67794285805819],[82.27500684242914,47.657433670500865],[82.33048694970445,47.63387157861183],[82.38567654921559,47.60985436051571],[82.44057465314208,47.58538240465756],[82.49518029270179,47.56045609863724],[82.5494925181827,47.53507582916876],[82.60447604286131,47.51094928293667],[82.66013391127336,47.4880754776945],[82.71646925357157,47.46645341389666],[82.77348528610028,47.44608207443638],[82.8314132334922,47.42736053696777],[82.89025759028456,47.41028739953637],[82.95002301077997,47.39486122975715],[83.01071431031029,47.38108056429894],[83.07310676773074,47.37028525661394],[83.137209939434,47.36247249436637],[83.20303394844592,47.357639367697885],[83.27058949022025,47.35578286722074],[83.33664224306976,47.351303118906706],[83.4011828171707,47.34420274980004],[83.46420229004539,47.33448433581919],[83.52569221110161,47.32215040017321],[83.58730933612632,47.310049948789896],[83.64905443443358,47.298182757421834],[83.71092827712437,47.28654860019363],[83.77293163711977,47.27514724959145],[83.83498714366236,47.263845973819784],[83.89709515759952,47.252644670909746],[83.95925603964822,47.24154323826007],[84.02147015040178,47.23054157263548],[84.07661489530487,47.20765952395301],[84.12466277372822,47.172907328673745],[84.16559606692508,47.12629381375531],[84.19940683601823,47.06782637654021],[84.23993696657138,47.02075102883816],[84.28719402263003,46.985060799439594],[84.34119425897777,46.960747389298184],[84.40196261778894,46.947801153767095],[84.46400200960721,46.93699094409547],[84.52731910168048,46.9283146315829],[84.59192086037426,46.92177002996218],[84.65781455387686,46.917354894343596],[84.72422969389001,46.91378127699744],[84.7911693497351,46.911048236269544],[84.85863663775962,46.90915481774903],[84.9266347218448,46.908100054081935],[84.99393608487277,46.905868818231355],[85.060536435473,46.9024623774701],[85.12643158140618,46.89788199121439],[85.1916174305498,46.89212891067601],[85.25580548614595,46.88474292671449],[85.31899036351687,46.87572576058051],[85.38116687526785,46.86507911211562],[85.44233003279227,46.85280465911521],[85.48818407546706,46.843577321327395],[85.51874469921427,46.837415532383915],[85.5340223873595,46.83433157013649]]}},{"type":"Feature","id":"mountain-direction-ne_10m_geography_regions_polys-560","properties":{"id":"mountain-direction-ne_10m_geography_regions_polys-560","groupId":"ne_10m_geography_regions_polys-560","name":"阿尔金山脉","kind":"mountain","labelCoordinates":[89.2050502684738,38.26968131658874],"bounds":[86.6773789659075,37.89824010061675,93.84350497028917,39.084121359240704],"geometryNote":"走向示意，非测绘山脊线；由Natural Earth 1:1000万山系命名概括范围的内部截面推导，未经DEM山脊提取或野外测量。","method":"local-aeqd-area-pca-cross-section-midpoints-smoothed-clipped-v1","sourceUrl":"https://raw.githubusercontent.com/nvkelso/natural-earth-vector/ca96624a56bd078437bca8184e78163e5039ad19/geojson/ne_10m_geography_regions_polys.geojson","sourceDataset":"ne_10m_geography_regions_polys","sourcePolygonId":"ne_10m_geography_regions_polys-560","sourceFeatureIndices":[560],"schematic":true,"minZoom":4.2},"geometry":{"type":"MultiLineString","coordinates":[[[86.6773789659075,37.89824010061675],[86.69109939809022,37.899569425439424],[86.71854174470243,37.902223256380324],[86.75970896189158,37.90619195403658],[86.81460546299304,37.911461054334254],[86.86943078887842,37.91694640098874],[86.92418542492871,37.92264810426977],[86.97886985564715,37.92856627355039],[87.03348456467891,37.934701017311305],[87.0882935324963,37.940237778686665],[87.14329549104446,37.94517627102441],[87.198489161001,37.94951620825551],[87.25387325192548,37.953257304929124],[87.3089568422204,37.95792786477264],[87.3637419783769,37.9635283404148],[87.41823068452493,37.97005917844238],[87.4724249627931,37.97752081948238],[87.5263677821022,37.98578451664481],[87.58006083561911,37.99485063972235],[87.63350580127421,38.0047195539172],[87.68670434201435,38.01539161989786],[87.73991829111446,38.02603960461878],[87.79314762411511,38.03666349203662],[87.84639231647145,38.047263266131836],[87.8996523435533,38.057838910908764],[87.95291630515854,38.068426929514516],[88.00618425076566,38.07902732212608],[88.05945622991625,38.089640088843886],[88.11273229221499,38.100265229691765],[88.16601306054251,38.11090088715289],[88.21929858084442,38.12154706028885],[88.27258889912378,38.13220374808974],[88.32588406144117,38.1428709494741],[88.37919472272011,38.153513960208855],[88.4325208581915,38.16413276416237],[88.48586244299977,38.17472734522707],[88.53921945220297,38.18529768731956],[88.59307161873114,38.194259317583146],[88.64741559806396,38.20161154043278],[88.70224797386557,38.20735365714523],[88.7575652590465,38.21148496609044],[88.81269442363048,38.21623868600567],[88.86763686032099,38.22161509225869],[88.92239395313143,38.227614457021424],[88.97696707755217,38.23423704930386],[89.0313446801361,38.24152669205414],[89.08552821256137,38.24948366631539],[89.13951911719816,38.258108249774565],[89.19331882729355,38.26740071679895],[89.2468006458713,38.277797617088666],[89.2999668855759,38.28929939478806],[89.35281983313988,38.30190648743965],[89.40536174986204,38.31561932607935],[89.45790737794023,38.32936382237961],[89.51045681089555,38.34313997770018],[89.56301014240438,38.35694779326845],[89.61556746629905,38.37078727017933],[89.66846845277911,38.383479363652036],[89.7217108006851,38.39502361667118],[89.77529217209224,38.4054195717745],[89.8292101928158,38.41466677116303],[89.88293573769876,38.42461251144813],[89.93647030067612,38.43525706024453],[89.98981536670068,38.44660068182957],[90.04297241194249,38.45864363717927],[90.09692996265684,38.46788785040282],[90.15168209189572,38.474332233058455],[90.20722268067972,38.47797568506683],[90.26354542137952,38.47881709535404],[90.31974130323523,38.48009081247412],[90.37581134757112,38.48179701831056],[90.43175657166582,38.48393589273413],[90.48757798883962,38.48650761361895],[90.54329140559557,38.4894586975641],[90.59889770596303,38.49278929774741],[90.65439777118304,38.49649956568046],[90.70979247977418,38.50058965122033],[90.76532738011585,38.5041621781405],[90.82100132085509,38.5072169532816],[90.87681314401658,38.509753784536045],[90.93276168512585,38.51177248086929],[90.99498224426945,38.490488200435124],[91.06340947530175,38.44589095548625],[91.13796654038822,38.37796965226735],[91.21856553451272,38.286712147511146],[91.29433417635497,38.21294367572057],[91.36534113208364,38.15667382726826],[91.43164796393812,38.117911368666064],[91.49330939388432,38.09666427724767],[91.5395320349439,38.080707704199405],[91.57033596970912,38.07005987774091],[91.58573458902272,38.06473293320173]],[[91.56119026662661,39.02334784298911],[91.57512082706289,39.0243862656516],[91.60298316517112,39.02645815217547],[91.64477970612346,39.02955358333055],[91.70051406441173,39.033657676219036],[91.75625482857922,39.03773530719423],[91.81200195884644,39.041786469410546],[91.86775541539143,39.04581115606474],[91.9235151583499,39.04980936039594],[91.97928114781546,39.05378107568574],[92.03505334383993,39.05772629525817],[92.09083170643359,39.06164501247985],[92.14661619556534,39.06553722075992],[92.20240677116308,39.069402913550235],[92.25820339311386,39.073242084345246],[92.31400602126413,39.07705472668221],[92.3698146154201,39.08084083414115],[92.42598080520645,39.083196536806426],[92.48250125453856,39.084121359240704],[92.53937258589546,39.08361482703322],[92.59659138133001,39.081676466947314],[92.65438624442642,39.07736689482649],[92.71275132997097,39.07068531937929],[92.7716806893487,39.06163094809465],[92.83116827358427,39.05020298764809],[92.890700926146,39.03848194338618],[92.95027792505714,39.02646774649717],[93.00989854823496,39.01416032917778],[93.0695620735376,39.00155962463646],[93.12901708751053,38.98971005100875],[93.18826558678892,38.97861189464277],[93.24730955387155,38.96826543765633],[93.30615095744326,38.958670957986676],[93.36432749701015,38.95179170127002],[93.42184599273095,38.94762856092872],[93.47871312598551,38.946182407569005],[93.53493544321752,38.94745408950433],[93.59111611374415,38.948885895253234],[93.64725553487082,38.95047787846025],[93.7033541035625,38.95223009212938],[93.75941221645587,38.95414258862587],[93.80145776255259,38.95555937192024],[93.82948905083857,38.95649551761194],[93.84350497028917,38.95696107735712]]]}},{"type":"Feature","id":"mountain-direction-ne_10m_geography_regions_polys-665","properties":{"id":"mountain-direction-ne_10m_geography_regions_polys-665","groupId":"ne_10m_geography_regions_polys-665","name":"阿尔泰山脉","kind":"mountain","labelCoordinates":[91.0777024390368,46.84793756677401],"bounds":[82.72260768471723,44.35673663927499,100.23801583238966,51.47758234243078],"geometryNote":"走向示意，非测绘山脊线；由Natural Earth 1:1000万山系命名概括范围的内部截面推导，未经DEM山脊提取或野外测量。","method":"local-aeqd-area-pca-cross-section-midpoints-smoothed-clipped-v1","sourceUrl":"https://raw.githubusercontent.com/nvkelso/natural-earth-vector/ca96624a56bd078437bca8184e78163e5039ad19/geojson/ne_10m_geography_regions_polys.geojson","sourceDataset":"ne_10m_geography_regions_polys","sourcePolygonId":"ne_10m_geography_regions_polys-665","sourceFeatureIndices":[665],"schematic":true,"minZoom":4.0},"geometry":{"type":"LineString","coordinates":[[82.72260768471723,51.47758234243078],[82.74094556916518,51.47032128730851],[82.77760388560904,51.4557905640015],[82.83254774519149,51.43397297099498],[82.90572485503425,51.40484276748154],[82.98091904017697,51.37799295483043],[83.0581382567016,51.353419851232694],[83.13739098718695,51.33111966363466],[83.21868624242714,51.311088485783834],[83.30017728224209,51.29129265650655],[83.38186523105152,51.27173174537112],[83.46375121444079,51.25240531887908],[83.54583635920375,51.233312940445344],[83.62786075551293,51.21417115864798],[83.7098243366926,51.1949800455626],[83.79172703684914,51.17573967331076],[83.873568790869,51.15645011405884],[83.9543707016595,51.136059093790976],[84.03412847244383,51.11456858658834],[84.11283796644402,51.09198054897713],[84.19049520721589,51.06829691940859],[84.26547366659243,51.04178818156555],[84.33776420927973,51.0124591346948],[84.40735868039559,50.98031442359597],[84.47424990512272,50.94535853574096],[84.5404587317275,50.909746630973885],[84.60598397140873,50.87347974769797],[84.670824499716,50.8365589159897],[84.73497925629397,50.79898515746005],[84.79903082654903,50.761375706758],[84.8629794165545,50.723730667140984],[84.9268252323732,50.68605014157221],[84.99056848005316,50.64833423272113],[85.05308567170496,50.609401971532485],[85.11437497737977,50.56925517450358],[85.1744347647973,50.5278956262904],[85.23326359837635,50.48532507930269],[85.29227324545288,50.44302483638685],[85.35146437072379,50.400994580855595],[85.41083764016,50.35923399411779],[85.47039372103022,50.31774275566583],[85.52963933619078,50.276005275422456],[85.58857445946077,50.234021951425845],[85.64719907577495,50.19179318002822],[85.70551318110064,50.14931935587977],[85.76583533464058,50.10901080980249],[85.82816896803493,50.07086449823553],[85.89251800664665,50.03487727003604],[85.95888686797268,50.00104586522546],[86.02702438811752,49.969102067510185],[86.09693527039632,49.93904283974958],[86.16862458939876,49.91086505733278],[86.24209779084164,49.88456550698791],[86.31527771785639,49.85799999880071],[86.38816374166716,49.83116901299949],[86.4607552466274,49.804073029065435],[86.53305163019097,49.77671252570274],[86.60480470108823,49.74883507108442],[86.67601318803968,49.720441582445964],[86.74667586100226,49.691532972375356],[86.8167915310868,49.66211014870951],[86.88479781628259,49.63058853532246],[86.95069003434286,49.59697165706417],[87.01446406197644,49.561262936888426],[87.07611633319809,49.52346569444672],[87.13558558681933,49.483524243473944],[87.1928693035064,49.44144177664598],[87.24796554422839,49.397221373512],[87.30087294685288,49.350865999399915],[87.3565100453008,49.30733903120018],[87.41487949834222,49.266636614894956],[87.47598484814392,49.22875469932172],[87.53983051597146,49.19368903424586],[87.60516047652621,49.16016883301247],[87.67197798635699,49.128191602768126],[87.74028655083107,49.09775478733559],[87.81008992370974,49.06885576646364],[87.87977696629193,49.039879137225675],[87.94934765015871,49.01082505290965],[88.0188019486027,48.9816936666883],[88.08813983661915,48.952485131616605],[88.15739682498304,48.92323488518589],[88.22657297666062,48.89394301800875],[88.29566835512614,48.86460962057162],[88.3646830243579,48.83523478323447],[88.43277251506018,48.80498457781594],[88.49993501531115,48.77386055199654],[88.56616882007289,48.74186423543213],[88.63147233087467,48.70899713948853],[88.69522754290986,48.674654854830806],[88.75743208119599,48.63883983975792],[88.81808385606729,48.601554496206845],[88.87718106194117,48.562801169114536],[88.9399315261272,48.52768213637947],[89.00634132055417,48.49619150672768],[89.07641801885346,48.4683230260724],[89.15017069274577,48.444070073243786],[89.2234895597831,48.41941602445127],[89.29637361204793,48.39436164656371],[89.36882186739982,48.36890770370537],[89.44083336943217,48.34305495718898],[89.5126799215149,48.31706799764364],[89.58436130245516,48.29094708058915],[89.65587729516506,48.26469246140765],[89.72722768664856,48.23830439533568],[89.79441822455613,48.20794172846556],[89.85744076160879,48.17361159488465],[89.91628912059963,48.13532068956152],[89.97095908667039,48.09307526359489],[90.02434137603939,48.04965488770574],[90.07643566897994,48.00506127751234],[90.12724182835333,47.95929610749525],[90.17675989823427,47.91236101073131],[90.22558293564225,47.86482484038483],[90.27371123696113,47.816688425010724],[90.32114514833899,47.767952581326334],[90.36788506523718,47.718618114158424],[90.41414128909591,47.66888634064881],[90.45991423138413,47.61875779677097],[90.50520432555619,47.56823301276015],[90.55001202682793,47.51731251309594],[90.59330980017145,47.465015511820205],[90.63509883868896,47.41134364954297],[90.67538057154434,47.35629850742965],[90.71415666149855,47.29988160704254],[90.75318901166435,47.243774356515544],[90.79247757463507,47.187976471477654],[90.83202231104993,47.13248766546555],[90.87182318952112,47.077307649915156],[90.9134647476932,47.02394835777472],[90.95694578619785,46.97240778696579],[91.00226547977785,46.922683842026714],[91.04942337387081,46.874774333744654],[91.09820922031558,46.828476679107936],[91.14862325585752,46.783788777109564],[91.20066600130713,46.740708451751736],[91.25433825954538,46.69923345158944],[91.31050873080486,46.660186270832305],[91.36917960499335,46.623563189302835],[91.43035372577646,46.589360309331944],[91.49403458752414,46.55757355425161],[91.55628024823197,46.52446280193148],[91.61708888547835,46.490030364442234],[91.67645890232755,46.45427850209437],[91.73438892631226,46.417209422934626],[91.79235980153473,46.38022342986224],[91.85037178653918,46.343320417608695],[91.90842513889083,46.30650028048957],[91.9665201151834,46.26976291240407],[92.02662388192626,46.23495730896401],[92.08873898977039,46.20208023023034],[92.15286839804156,46.171128317863314],[92.21901547323735,46.14209809403736],[92.28598247512667,46.11386172811366],[92.35377110019067,46.08641771213827],[92.42238310679537,46.05976451567029],[92.49182031508063,46.03390058556688],[92.56349417149008,46.01013616819106],[92.6374100026555,45.988466925279084],[92.71357362571182,45.968888366912395],[92.79199134803699,45.95139584969043],[92.8703593092374,45.93384871794692],[92.9486774163326,45.91624703871323],[93.02694557701314,45.89859087912382],[93.1051636996401,45.88088030641524],[93.18173522365872,45.86164980835718],[93.25665568531167,45.84090274652657],[93.32992091641734,45.818642415660854],[93.4015270441535,45.79487204265346],[93.47515355201217,45.77295574949929],[93.55080544551919,45.7528894795167],[93.62848811781689,45.73466904953229],[93.70820734951448,45.71829014836909],[93.78860349425592,45.702510728154586],[93.8696786545588,45.687329275260794],[93.95143496918966,45.67274425842429],[94.0338746131981,45.65875412856412],[94.1162716469537,45.6447024655324],[94.19862592906027,45.63058933099016],[94.28093731880315,45.6164147867843],[94.36320567615002,45.60217889494632],[94.44505479425708,45.587546052213646],[94.52648336387134,45.57251715959251],[94.60749009895822,45.557093115848865],[94.68807373671642,45.54127481743028],[94.76861173142835,45.525398710470256],[94.84910396781402,45.50946485867257],[94.92955033126239,45.49347332588305],[95.00995070783165,45.47742417608853],[95.09030498424924,45.46131747341581],[95.1706130479121,45.44515328213047],[95.25087478688664,45.42893166663592],[95.33109008990894,45.41265269147229],[95.41125884638471,45.396316421315355],[95.49138094638948,45.379922920975474],[95.57145628066846,45.36347225539653],[95.65148474063666,45.346964489654844],[95.73078457996525,45.32980853296395],[95.8093538436042,45.3120059326327],[95.88719063671023,45.293558224897815],[95.96429312461089,45.27446693471854],[96.03881430492292,45.25314380208575],[96.11074847766855,45.22959405722329],[96.18009060279238,45.203822749889966],[96.24683629861562,45.175834747277406],[96.31289607568712,45.14727568904628],[96.3782690988084,45.11814676742861],[96.44295458165493,45.08844916327782],[96.5069517865727,45.05818404595174],[96.5709200976656,45.02791590324351],[96.63485962383334,44.99764474282414],[96.69877047366884,44.967370572236675],[96.76265275545909,44.937093398896664],[96.82646783998926,44.90678031311358],[96.8902157896893,44.87643138957266],[96.9538966672825,44.84604670285072],[97.01751053578325,44.81562632741606],[97.08105745849439,44.78517033762819],[97.14453749900504,44.75467880773763],[97.20795072118801,44.72415181188575],[97.27129718919751,44.6935894241045],[97.33428111401886,44.662742440218075],[97.39690224702004,44.63161144442816],[97.45916035325521,44.60019701799975],[97.52105521139552,44.56849973923372],[97.58318414871111,44.53702163663591],[97.64554753338675,44.50576226969603],[97.7081457366587,44.47472119540665],[97.77097913280255,44.443897968249765],[97.83849411468157,44.417007562315476],[97.91069758614698,44.394041188079214],[97.98759838948631,44.37498938735802],[98.0692073003354,44.359842026640735],[98.178770281108,44.36785970256064],[98.3164321834675,44.398955131738795],[98.48240784342043,44.453017149790234],[98.67698288839223,44.5299100585042],[98.84107470193196,44.581286901824434],[98.97437685217523,44.607293146837634],[99.07666743328548,44.608046955078855],[99.14780994363643,44.58363843523132],[99.22133325643206,44.561147650254526],[99.29724181307353,44.540569678241305],[99.37554052647707,44.52189941676077],[99.45623477990698,44.50513158106782],[99.53824612991457,44.489394784357295],[99.62157792201816,44.474685949870185],[99.70623363442708,44.46100194078593],[99.79221687787201,44.44833955959562],[99.87651687770399,44.43430659498508],[99.95912904118694,44.41890701630145],[100.04004904550217,44.4021447180472],[100.11927283746013,44.384023518814956],[100.17865825374237,44.37039582979504],[100.21823306826113,44.36129320114463],[100.23801583238966,44.35673663927499]]}},{"type":"Feature","id":"mountain-direction-ne_10m_geography_regions_polys-666","properties":{"id":"mountain-direction-ne_10m_geography_regions_polys-666","groupId":"ne_10m_geography_regions_polys-666","name":"大兴安岭","kind":"mountain","labelCoordinates":[121.02115572323426,48.10429270360016],"bounds":[117.81110231234412,43.38116633863667,123.56930826159834,53.19128390763803],"geometryNote":"走向示意，非测绘山脊线；由Natural Earth 1:1000万山系命名概括范围的内部截面推导，未经DEM山脊提取或野外测量。","method":"local-aeqd-area-pca-cross-section-midpoints-smoothed-clipped-v1","sourceUrl":"https://raw.githubusercontent.com/nvkelso/natural-earth-vector/ca96624a56bd078437bca8184e78163e5039ad19/geojson/ne_10m_geography_regions_polys.geojson","sourceDataset":"ne_10m_geography_regions_polys","sourcePolygonId":"ne_10m_geography_regions_polys-666","sourceFeatureIndices":[666],"schematic":true,"minZoom":3.7},"geometry":{"type":"LineString","coordinates":[[117.81110231234412,43.38116633863667],[117.84145445436941,43.38658288855401],[117.90217539627871,43.397390424142486],[117.993298352791,43.41353777112545],[118.11487289225204,43.43494805398967],[118.21388831078978,43.460550441298835],[118.29033646753459,43.490407172704785],[118.34419954679746,43.524566183444264],[118.37544982347019,43.563061102546676],[118.40403759931453,43.60206713856622],[118.42995830158597,43.64158637376279],[118.45320720292622,43.68162069232202],[118.47377941926644,43.72217177970346],[118.49778399753487,43.76206253538892],[118.5252272285312,43.80129073816033],[118.55611518736384,43.83985383491163],[118.5904537300527,43.87774893958282],[118.62560035967738,43.91548535721171],[118.66155640646517,43.953062327292734],[118.69832319062485,43.99047907067822],[118.7359020221445,44.02773478952858],[118.77352858123037,44.0649775579989],[118.81120297305847,44.102207344082856],[118.84892530302385,44.139424115683894],[118.88669567674104,44.176627840614984],[118.92451420004416,44.21381848659832],[118.96238097898738,44.25099602126504],[119.000296119845,44.28816041215494],[119.03825972911194,44.32531162671618],[119.07627191350376,44.36244963230503],[119.11433277995712,44.399574396185585],[119.15244243562992,44.43668588552936],[119.19060098790166,44.4737840674152],[119.22880854437359,44.51086890882885],[119.26706521286914,44.54794037666265],[119.30537110143395,44.58499843771536],[119.34372631833622,44.622043058691816],[119.37990502667209,44.65951570743168],[119.41390376149877,44.69741853852723],[119.44571894973758,44.735753576389115],[119.47534690857128,44.77452271488552],[119.50443087317244,44.81339997291098],[119.53296991460515,44.85238578869141],[119.56096309485861,44.89148059250114],[119.58840946674249,44.93068480663828],[119.61585587250256,44.96988954743786],[119.64330234049227,45.00909482463091],[119.67074889916249,45.04830064794482],[119.69819557706228,45.08750702710329],[119.72568012775744,45.12670642575559],[119.7532026482547,45.16589882573825],[119.78076323584426,45.20508420882923],[119.8083619881008,45.24426255674752],[119.83483954623256,45.283666354377594],[119.86019387794352,45.32329640830278],[119.88442291703682,45.36315349104561],[119.90752456299487,45.40323834095288],[119.93002857739465,45.44344482545905],[119.95193383079453,45.483773310918075],[119.97323918198337,45.524224154119345],[119.99394347785501,45.56479770225328],[120.01467771290386,45.60536717523261],[120.03544196983613,45.64593256234635],[120.05623633163276,45.68649385284666],[120.0770608815506,45.727051035948584],[120.09862015540719,45.76746229565084],[120.12091562493374,45.80772721636242],[120.14394875519179,45.847845367504284],[120.16772100443158,45.88781630345423],[120.19357793546008,45.927368562279135],[120.22152350335695,45.966500714389184],[120.25156157966448,46.00521121116454],[120.28369595101745,46.0434983845666],[120.31582555518384,46.08178613010021],[120.34795041622273,46.12007446562684],[120.38007055828861,46.1583634090035],[120.41218600563168,46.19665297808279],[120.44289726816451,46.23522714997351],[120.47220186539464,46.27408708807769],[120.5000972648306,46.31323390298038],[120.52658088128358,46.352668652283306],[120.55305033659533,46.39210758946406],[120.57950563329763,46.431550734184036],[120.6059467739341,46.47099810610076],[120.63237376106048,46.51044972486794],[120.65881192841802,46.54990044804081],[120.6852613267592,46.589350277506355],[120.71172200701281,46.62879921513987],[120.73819402028454,46.66824726280497],[120.76419899553304,46.70779211605687],[120.78973606609037,46.7474341064258],[120.81480435730975,46.787173559750016],[120.83940298647968,46.82701079615652],[120.86297793153399,46.86705926699844],[120.88552719006923,46.90731961846069],[120.90704872820251,46.94779246898192],[120.92754048019764,46.988478409152776],[120.94679824345693,47.02941937550063],[120.96481945952303,47.07061599945256],[120.98160152462644,47.1120688720703],[120.99714178916284,47.15377854388798],[121.01206115224339,47.19561788067558],[121.02635826405215,47.23758712853157],[121.04003176029916,47.27968652342652],[121.05308026207732,47.321916291159496],[121.06272199493561,47.364845324176],[121.06894900401497,47.40847447607452],[121.07175302803945,47.45280429173321],[121.07112549592857,47.49783500578355],[121.06955472245345,47.543057440967274],[121.06703823988424,47.5884715526152],[121.06357354869877,47.63407727235074],[121.05915811730405,47.67987450795695],[121.05473484316265,47.72567120129603],[121.05030370002925,47.77146735184716],[121.04586466154643,47.81726295908795],[121.04141770124433,47.86305802249452],[121.0369627925398,47.90885254154134],[121.03249990873596,47.954646515701356],[121.02802902302153,48.00043994444586],[121.02355010847019,48.04623282724458],[121.02121064450732,48.09159299630531],[121.02101635018778,48.13652059629621],[121.02297286169129,48.18101565114046],[121.02708573126164,48.22507806335137],[121.03428125170458,48.26852283012137],[121.04456702688441,48.31134938886275],[121.05795046827481,48.35355692639048],[121.07443879229449,48.395144377730674],[121.09328475326542,48.436261710647905],[121.11449356375881,48.47690778175229],[121.13807032468677,48.517081301079685],[121.16402002352953,48.55678083150957],[121.1920725766515,48.596060018651144],[121.22223220669444,48.63491734607],[121.25450304496368,48.67335118089086],[121.28888912985985,48.711359773410535],[121.32396918878615,48.7492284523563],[121.35974453092298,48.7869566051462],[121.39621645766562,48.82454360637505],[121.43338626245266,48.8619888177765],[121.47061151332758,48.899421803357896],[121.50789234846565,48.93684252968532],[121.54522890640237,48.974250963215546],[121.58262132603426,49.01164707029567],[121.6194352477572,49.049159673278155],[121.65566966894899,49.0867893415721],[121.69132357604713,49.124536636099705],[121.7263959444031,49.16240210927264],[121.75727604091122,49.20112187961429],[121.78395571378528,49.240699296482745],[121.80642634879437,49.28113725574341],[121.82467886262079,49.322438198143125],[121.83771153952338,49.36480635733722],[121.8455118485048,49.40824348156362],[121.84806652634798,49.452750615958486],[121.84536156885743,49.498328098993845],[121.83900065398745,49.54464684592884],[121.82897317602273,49.5917062555671],[121.81526814713526,49.63950538113378],[121.79787419372809,49.68804292804292],[121.78224787852173,49.736213942631686],[121.76839474387126,49.78401914004667],[121.75632027972686,49.831459155753265],[121.74602992301968,49.87853454499217],[121.73779675642331,49.9251920831806],[121.73162689414532,49.971432207940076],[121.72752637337612,50.017255248693914],[121.72550115331299,50.06266142599354],[121.72872996860411,50.10701709211951],[121.73722705196414,50.15032182426749],[121.75100601255706,50.19257449321118],[121.77007982754508,50.233773259689706],[121.79051669156901,50.27470305461457],[121.81231975920501,50.315363179382814],[121.8354921514707,50.35575288762343],[121.8600369552129,50.39587138499995],[121.8837576636113,50.436157394688045],[121.90665247578026,50.47661142014138],[121.92871956652218,50.51723394782989],[121.94995708603696,50.55802544717206],[121.97123118703621,50.598812802813256],[121.99254198248089,50.639596002636765],[122.01388958576482,50.68037503447753],[122.03527411071687,50.72114988612197],[122.05669567160282,50.76192054530776],[122.07815438312753,50.80268699972351],[122.0996503604369,50.84344923700858],[122.12118371912001,50.8842072447528],[122.14196782074086,50.9251184921095],[122.16200094585302,50.966183377887994],[122.18128135337946,51.00740228697974],[122.19980728036501,51.0487755902989],[122.21945210107798,51.08992829980824],[122.24021850031271,51.130859870523395],[122.26210914205075,51.17156972566067],[122.28512666905056,51.21205725650023],[122.31109364541848,51.251957253752636],[122.34001666785271,51.29126781160066],[122.37190213348465,51.3299868053302],[122.4067562364734,51.36811189052883],[122.44499525948585,51.40555807594329],[122.48662573477391,51.442322154044604],[122.53165391441928,51.47840063025251],[122.58008576524902,51.51378972217458],[122.62301403386834,51.550285308183],[122.6604288646763,51.58789329926226],[122.69231957892951,51.626618854135685],[122.71867466125546,51.6664663770371],[122.74215308724894,51.70689910374995],[122.76274821933771,51.747918727226384],[122.78045317239722,51.78952673572015],[122.79526081036836,51.83172441189988],[122.80754077845621,51.87443660392712],[122.81728644958828,51.917664091738864],[122.82449099535366,51.961407497419295],[122.82914738353742,52.00566728437168],[122.83233117349218,52.050225431958516],[122.83403811893133,52.09508206232488],[122.8342638948992,52.14023724408413],[122.83300409692401,52.18569099200033],[122.83165089981581,52.23116277763244],[122.83020401927489,52.276652598451314],[122.82866316936988,52.322160451711056],[122.82702806252681,52.36768633444772],[122.82887113250365,52.41251571507314],[122.83420266630506,52.456648421809305],[122.84303267643298,52.50008398534042],[122.85537089694436,52.54282163711931],[122.87470922566469,52.584165025743395],[122.9010652276735,52.62411082385522],[122.93445522467806,52.662654502659734],[122.97489427476883,52.69979032711588],[123.01597898693429,52.736796703826386],[123.05771065837705,52.773673011422346],[123.10009057879637,52.810418618181515],[123.14312003020964,52.84703288199886],[123.1875137759465,52.88337162945748],[123.23327438727084,52.91943341498588],[123.28040439086688,52.95521674744953],[123.32890626795688,52.99072009003956],[123.37575592770945,53.02655388626603],[123.42095047506622,53.062720052995004],[123.46448693330187,53.09922044128657],[123.50636224264777,53.136056836236236],[123.53781526289428,53.163674507286494],[123.55880614838632,53.18208169429855],[123.56930826159834,53.19128390763803]]}},{"type":"Feature","id":"mountain-direction-ne_10m_geography_regions_polys-667","properties":{"id":"mountain-direction-ne_10m_geography_regions_polys-667","groupId":"ne_10m_geography_regions_polys-667","name":"外兴安岭","kind":"mountain","labelCoordinates":[130.66870565010385,55.734444252994244],"bounds":[123.50931529823175,55.679197186947356,137.76543365916183,56.60236358468511],"geometryNote":"走向示意，非测绘山脊线；由Natural Earth 1:1000万山系命名概括范围的内部截面推导，未经DEM山脊提取或野外测量。","method":"local-aeqd-area-pca-cross-section-midpoints-smoothed-clipped-v1","sourceUrl":"https://raw.githubusercontent.com/nvkelso/natural-earth-vector/ca96624a56bd078437bca8184e78163e5039ad19/geojson/ne_10m_geography_regions_polys.geojson","sourceDataset":"ne_10m_geography_regions_polys","sourcePolygonId":"ne_10m_geography_regions_polys-667","sourceFeatureIndices":[667],"schematic":true,"minZoom":4.6},"geometry":{"type":"LineString","coordinates":[[123.50931529823175,56.449554958160064],[123.52927753057722,56.444054491949075],[123.56918458914507,56.43304380348151],[123.62900165366143,56.41650340470762],[123.70867647416195,56.39440412364504],[123.78817985482517,56.372958162852676],[123.86751634849793,56.35216581634884],[123.94669047728621,56.33202737073638],[124.02570673349801,56.312543105277896],[124.104810098154,56.29137236977275],[124.18398998610486,56.26851484144698],[124.26323581175195,56.243970211155336],[124.34253699442918,56.217738183470544],[124.42138994304071,56.19505894289582],[124.49981771695441,56.17593345002115],[124.57784303348353,56.160362620533014],[124.65548829269606,56.14834732622287],[124.73283206085534,56.13923026166111],[124.80989219436329,56.133012081061175],[124.88668637695618,56.129693406302565],[124.9632321350208,56.129274827468436],[125.03977613656603,56.12880884807887],[125.11631819342495,56.12829547010138],[125.19285811746369,56.12773469570348],[125.26939572058453,56.12712652725266],[125.34593081472919,56.12647096731626],[125.42246321188189,56.12576801866146],[125.49899272407278,56.12501768425529],[125.57551916338079,56.12421996726443],[125.65193898097402,56.125046154328174],[125.72826191583745,56.12749649226186],[125.80449767797582,56.131571212314554],[125.88065595306084,56.137270530273035],[125.95714115917083,56.13727964839101],[126.03391952208713,56.131597814016885],[126.11095693407961,56.12022430350505],[126.1882190121645,56.10315842332898],[126.26524863824373,56.08961680110826],[126.342067370407,56.07959993791748],[126.41869658838937,56.073108296505296],[126.4951575161477,56.07014230178743],[126.571663556754,56.06562519030329],[126.64820556207351,56.05955682843114],[126.7247743761098,56.05193709427724],[126.80136083928186,56.04276587771563],[126.87791083458224,56.03354700847501],[126.9544242033207,56.02428052553939],[127.03090078739716,56.0149664680517],[127.10734042930305,56.005604875313],[127.18379934420467,55.99362653503498],[127.26026206801195,55.97903131482259],[127.33671314974265,55.961819100923606],[127.4131371635652,55.94198979824709],[127.4894513282293,55.924363638271956],[127.56566895353666,55.908940823253516],[127.64180327931975,55.8957215338802],[127.71786748417402,55.884705929415574],[127.79389878797444,55.87195139868137],[127.8698870974867,55.857457931316006],[127.94582234505444,55.84122552980818],[128.02169449377038,55.823254209456344],[128.0975027088362,55.80887197764484],[128.17326816387796,55.798078972312936],[128.24901195663872,55.79087529490276],[128.3247551313776,55.78726101047984],[128.40051124629812,55.78645097431258],[128.47629672985232,55.78844518487124],[128.55212801550445,55.79324361332145],[128.62802155528834,55.80084620349233],[128.70390948400322,55.806370132496404],[128.77977976476336,55.80981542104107],[128.8556203552677,55.8111821047991],[128.93141921525935,55.81047023439591],[129.00720756556822,55.80940624732821],[129.08298344435664,55.80799015861021],[129.15874489076805,55.806221985919464],[129.23448994513973,55.80410174959448],[129.3102266713603,55.80193480959532],[129.38595488963585,55.799721174851506],[129.46167442031293,55.7974608544826],[129.5373850838818,55.79515385779814],[129.6130884998375,55.79284451829797],[129.68878474667554,55.79053284250673],[129.7644739028856,55.788218836773495],[129.84015604695102,55.785902507271814],[129.91583140565413,55.78358692805896],[129.99150007528442,55.78127210468788],[130.0671621521129,55.77895804251087],[130.1428177323912,55.77664474667967],[130.21841641917945,55.77343194646272],[130.29395309167822,55.76931974016355],[130.36942264054753,55.76430823281347],[130.44481996927863,55.75839753613917],[130.52012893672864,55.75141439467784],[130.595343481744,55.743358953806215],[130.67045756556828,55.734231366672006],[130.74546517374995,55.724031794134675],[130.8204518801545,55.71404261419422],[130.8954190023028,55.70426383429221],[130.97036785534848,55.69469545994182],[131.04529975215695,55.685337494730646],[131.12053061566863,55.680171604887214],[131.19608456694456,55.679197186947356],[131.27198593165664,55.682413591469725],[131.34825926995157,55.68982012224451],[131.42446461226936,55.696064671509944],[131.50059522735336,55.70114740458012],[131.57664439376276,55.70506849549752],[131.6526054022109,55.70782812698211],[131.72851082806517,55.70984130153263],[131.80435640777128,55.7111081406613],[131.88013788464758,55.71162877151852],[131.9558510098404,55.711403326866424],[132.03156317179682,55.71113112920799],[132.1072741895563,55.710812179663485],[132.1829838821773,55.71044647954548],[132.25869206874003,55.710034030358905],[132.3343985683499,55.709574833800936],[132.41010320014001,55.709068891761014],[132.4858057832745,55.708516206320795],[132.56150613695132,55.70791677975405],[132.63720408040538,55.707270614526756],[132.71289943291134,55.70657771329688],[132.78859201378697,55.70583807891444],[132.8642816423956,55.7050517144214],[132.9399681381495,55.70421862305163],[133.0156513205128,55.703338808230825],[133.0913310090043,55.70241227357644],[133.16700702320065,55.70143902289759],[133.24267918273915,55.70041906019505],[133.31834730732083,55.699352389661065],[133.3940112167134,55.698239015679356],[133.46967073075416,55.69707894282499],[133.54532566935296,55.69587217586428],[133.62097585249538,55.694618719754715],[133.6966211002453,55.69331857964484],[133.77226123274815,55.69197176087415],[133.84789607023373,55.690578268972985],[133.92352543301928,55.689138109662444],[133.99914914151222,55.687651288854205],[134.0747670162133,55.68611781265049],[134.15080979696393,55.68728544662626],[134.22729336404373,55.69115330849994],[134.30423379964424,55.69772048380212],[134.38164740059867,55.70698602514935],[134.45938246930515,55.717929143415105],[134.53744943458406,55.730549187684986],[134.61585883195625,55.74484548740847],[134.69462130894027,55.76081735204604],[134.77355997159333,55.777381789127716],[134.85267878656194,55.79453848196535],[134.9319817456453,55.81228710710388],[135.01147286652068,55.83062733425042],[135.09122378812677,55.84993016702526],[135.1712409973208,55.87019511037854],[135.25153103852006,55.8914216574796],[135.33210051566653,55.91360928954504],[135.41277441017377,55.935805814231],[135.49355309527573,55.95801110008664],[135.57443694494225,55.98022501497848],[135.6554263338772,56.00244742608783],[135.73650917669124,56.024615871269475],[135.81768543079914,56.04673024456275],[135.89895505229399,56.06879043999055],[135.98031799594145,56.09079635156111],[136.06214799900116,56.114535920312065],[136.1444572564462,56.140008185451265],[136.22725813982737,56.16721216046919],[136.310563204134,56.19614683256071],[136.39420402511777,56.22598233053899],[136.4781875474137,56.25671801558622],[136.56252079258223,56.28835323534673],[136.64721086124922,56.320887323699175],[136.7320462134224,56.353362238316485],[136.81702700936563,56.38577780774608],[136.9021534078734,56.41813386018943],[136.98742556625427,56.45043022350349],[137.07245627019748,56.481042634397326],[137.15723362371844,56.50997184008713],[137.24174576524092,56.53721860214198],[137.3259808737799,56.56278369618561],[137.40877685367536,56.58203624862441],[137.49008980409096,56.59497966513227],[137.56987739830865,56.60161732945574],[137.64809896621966,56.601952597162295],[137.7067659947099,56.60217187824414],[137.74587770561584,56.60230274641803],[137.76543365916183,56.60236358468511]]}},{"type":"Feature","id":"mountain-direction-ne_10m_geography_regions_polys-668","properties":{"id":"mountain-direction-ne_10m_geography_regions_polys-668","groupId":"ne_10m_geography_regions_polys-668","name":"安南山脉","kind":"mountain","labelCoordinates":[106.33435389866712,16.56003755519889],"bounds":[103.7924807365226,11.234723145432698,108.20791410985018,21.31950160808013],"geometryNote":"走向示意，非测绘山脊线；由Natural Earth 1:1000万山系命名概括范围的内部截面推导，未经DEM山脊提取或野外测量。","method":"local-aeqd-area-pca-cross-section-midpoints-smoothed-clipped-v1","sourceUrl":"https://raw.githubusercontent.com/nvkelso/natural-earth-vector/ca96624a56bd078437bca8184e78163e5039ad19/geojson/ne_10m_geography_regions_polys.geojson","sourceDataset":"ne_10m_geography_regions_polys","sourcePolygonId":"ne_10m_geography_regions_polys-668","sourceFeatureIndices":[668],"schematic":true,"minZoom":5.0},"geometry":{"type":"LineString","coordinates":[[103.7924807365226,21.31950160808013],[103.79496411055106,21.30850298901459],[103.79992964883894,21.286505577873175],[103.80737493589923,21.253509029138417],[103.81729635861463,21.20951282579055],[103.8306436598093,21.167193141771392],[103.84741466253378,21.126549228247736],[103.8676074072783,21.0875801664611],[103.89122014998613,21.050284868239643],[103.9149797691435,21.013063645783692],[103.93888622086841,20.97591644855489],[103.96293946178574,20.938843225806952],[103.98713944902406,20.90184392658605],[104.01027915827588,20.86432902799245],[104.03235909943251,20.826298915714162],[104.05337980106214,20.78775395820421],[104.07334181023724,20.748694506714973],[104.09061573866173,20.708324992917927],[104.10520311440742,20.666646153315128],[104.11710558767356,20.623658617083933],[104.12632492956743,20.57936290643786],[104.13509452086012,20.534849528642738],[104.1434146908643,20.490118551123704],[104.15128577114311,20.445170038188095],[104.15870809547638,20.40000405103911],[104.16813528832643,20.355819772460656],[104.17956597723649,20.31261688914962],[104.19299886482,20.270395030065107],[104.20843272804368,20.22915376665965],[104.2243367583958,20.18814481636736],[104.2407107036542,20.14736806358306],[104.25755431627331,20.106823389766863],[104.27486735334612,20.066510673453664],[104.29140449527826,20.02582109570528],[104.30716619455904,19.984754859487026],[104.32215291256105,19.943312158530333],[104.33636511944388,19.9014931773613],[104.33714778049884,19.853109401310473],[104.32451198319171,19.798161214647614],[104.29847182836674,19.736646388196846],[104.25904439008106,19.668560101202814],[104.22471169197026,19.60295070956699],[104.19546646044446,19.53982066752064],[104.17130190636331,19.479172041174216],[104.15221171823924,19.421006512810507],[104.13795987367548,19.365212225942305],[104.12854122105972,19.31179008080817],[104.12395102858731,19.260740637362858],[104.12418497914645,19.212064117911176],[104.12754585476502,19.164926984136965],[104.1340312957316,19.1193290225979],[104.14363911519852,19.075269880347467],[104.15636729738688,19.032749065619967],[104.18408221311125,18.997608881240662],[104.22677867907792,18.969843083531256],[104.28445523119333,18.94944222084377],[104.35711410132897,18.936393627794928],[104.42548673558969,18.921219663640297],[104.48957174779406,18.903924629051495],[104.54936806552301,18.884512561812407],[104.60487492902762,18.86298723529547],[104.65212391469252,18.837408796043974],[104.69111528288457,18.80778299727776],[104.72185042265882,18.774114602886705],[104.74433184415082,18.73640738638481],[104.76746892048841,18.699023093416912],[104.79126139401765,18.66196150128076],[104.81570901472627,18.62522238156479],[104.84081154018212,18.58880550015826],[104.86590343053541,18.55238515565645],[104.89098471173808,18.51596135668394],[104.91605540971216,18.479534111854125],[104.94111555034972,18.443103429769263],[104.96616515951307,18.406669319020494],[104.99120426303482,18.370231788187866],[105.01623288671789,18.333790845840397],[105.0412510563356,18.29734650053609],[105.06629918749947,18.260918499975286],[105.09137729018833,18.224506837789818],[105.11648537439667,18.18811150762038],[105.14162345013447,18.15173250311658],[105.16805996202096,18.115989410444676],[105.19579445658312,18.08088173079269],[105.22482650802449,18.046408942064044],[105.25515571800406,18.012570498901155],[105.285473459555,17.978727278359905],[105.31577975868446,17.944879291870226],[105.34607464137792,17.911026550849098],[105.37635813359941,17.877169066700606],[105.40663026129137,17.843306850815903],[105.4368910503748,17.809439914573296],[105.46714052674923,17.77556826933827],[105.49737871629283,17.741691926463517],[105.52760564486236,17.70781089728896],[105.55782133829332,17.673925193141812],[105.58802582239987,17.640034825336574],[105.61821912297495,17.606139805175093],[105.64806714144304,17.57207744635835],[105.67757000700844,17.537847904227085],[105.70672785060091,17.503451332121113],[105.73554080486042,17.468887881380798],[105.7650314175601,17.43465519376032],[105.79519949777918,17.400752987443003],[105.8260448619319,17.36718097452456],[105.8575673337114,17.333938861016602],[105.888622288658,17.300469940874542],[105.91920988459937,17.266774429459904],[105.94933028261237,17.232852538596457],[105.9789836469956,17.198704476572257],[106.00629036412619,17.163417223330026],[106.03125127026536,17.12699170102546],[106.05386728466279,17.089428750387082],[106.07413940882402,17.050729130840296],[106.09454486135941,17.01209615009942],[106.11508360147542,16.97352977317892],[106.13575558879553,16.935029964931307],[106.15656078335758,16.89659669004768],[106.17724720501022,16.858107576599785],[106.19781492604207,16.819562663004888],[106.21826401879102,16.780961987390675],[106.23859455564263,16.74230558759576],[106.25891695485723,16.703647072318915],[106.27923123932275,16.664986447510618],[106.29953743189854,16.626323719113966],[106.31983555541547,16.587658893064738],[106.34015276124671,16.549005143320194],[106.36048906007854,16.51036246809651],[106.38084446260704,16.471730865617648],[106.40121897953833,16.433110334115426],[106.42159455685265,16.394492104986355],[106.44197121326242,16.355876181608043],[106.46234896746229,16.317262567358267],[106.48272783812946,16.278651265614982],[106.50309880146735,16.240037892270223],[106.5234618800991,16.201422453255848],[106.54381709662042,16.16280495449658],[106.56416447359955,16.124185401909976],[106.58450403357747,16.08556380140658],[106.60483579906793,16.04694015888979],[106.62515979255753,16.008314480255997],[106.64547603650583,15.969686771394567],[106.66578455334542,15.931057038187856],[106.686085365482,15.892425286511251],[106.7063784952945,15.853791522233193],[106.72666396513515,15.815155751215189],[106.7469417973295,15.776517979311846],[106.76721201417664,15.737878212370907],[106.78747463794915,15.699236456233239],[106.80772969089325,15.660592716732875],[106.8285316640142,15.62221583397437],[106.84988034360967,15.584105656670193],[106.87177552089359,15.546262029641332],[106.89421699195553,15.508684793826363],[106.91780605182578,15.471665333112826],[106.9425422802613,15.435203282239218],[106.968425276829,15.399298257950882],[106.99545466073786,15.363949859029265],[107.02277696279951,15.328744384507546],[107.0503921077975,15.293681730605647],[107.07830002187232,15.258761792549842],[107.1065006325112,15.223984464573935],[107.13469196793068,15.189203477770103],[107.16287405239045,15.154418841961995],[107.19104691013058,15.119630566963172],[107.2192105653714,15.084838662577173],[107.24783308332486,15.050269591229952],[107.27691434347264,15.015923180254683],[107.30645422842483,14.981799254340563],[107.3364526238957,14.947897635535062],[107.36704615073468,14.914284249945254],[107.39823466326565,14.880958856459399],[107.43001802088368,14.847921209375828],[107.46239608801595,14.815171058404996],[107.49322752770225,14.781673801584947],[107.5225127903293,14.747430094145791],[107.55025235912659,14.712440555702317],[107.57644674988724,14.676705770282497],[107.60010264324819,14.639746439344881],[107.62122101396619,14.60156336605891],[107.63980292343224,14.562157259205009],[107.65584951883083,14.52152873338473],[107.6707016656457,14.48032509423585],[107.68435997090863,14.43854656742987],[107.6968250590941,14.39619335750751],[107.70809757191702,14.353265647952531],[107.71936614419207,14.310337335685848],[107.73063079069382,14.267408422952421],[107.74189152617774,14.224478911995295],[107.75314836538017,14.181548805055625],[107.76407439025388,14.138460157726662],[107.77466979233066,14.095213014273536],[107.78493476390118,14.051807417246813],[107.79486949800024,14.00824340748914],[107.80414332412543,13.964361111411403],[107.81275662319132,13.920160599395173],[107.8207097804245,13.87564193533909],[107.82800318530033,13.830805176687033],[107.83575884773005,13.786192767630189],[107.84397651078345,13.74180467136353],[107.85265592150061,13.697640848206627],[107.86179683085717,13.653701255617309],[107.8720339105058,13.610293023961809],[107.88336658161369,13.567416026878027],[107.8957942835698,13.525070121456725],[107.9093164738055,13.483255148309237],[107.92371656315545,13.441866373848116],[107.9389941450977,13.400903646994632],[107.95514882470616,13.360366806271802],[107.9721802185419,13.320255679839887],[107.98884725060027,13.279969658288692],[108.00515010043145,13.239508819632155],[108.02108894875387,13.198873239770913],[108.03666397743706,13.158062992498419],[108.05126084597441,13.116780728688996],[108.06488003075515,13.075026622438834],[108.07752201884234,13.032800833759177],[108.08918730784184,12.990103508625642],[108.099478895698,12.946742334101486],[108.10839751352663,12.902717467867138],[108.11594391364989,12.858029040408322],[108.12211886932194,12.812677155135058],[108.1277760153746,12.767075007142992],[108.13291565855238,12.721222622001534],[108.13753810762887,12.675120021382854],[108.14164367336787,12.628767223081393],[108.1409428575615,12.580084719803066],[108.13543880378204,12.529072309927134],[108.12513493000526,12.475729468778173],[108.11003492461177,12.420055350907983],[108.09567705265937,12.364735990026563],[108.08206068176604,12.309771561987228],[108.06918519024087,12.255162234215462],[108.0570499669734,12.200908165775155],[108.04706803701505,12.147696975169142],[108.0392377585654,12.095529030292454],[108.03355755678537,12.044404633262621],[108.03002592295458,11.994324020904811],[108.02897760118479,11.94545104802144],[108.03041100766988,11.897785827366707],[108.03432464240572,11.851328386181022],[108.04071708818711,11.806078666690237],[108.04788158050366,11.761205655111546],[108.05581771781569,11.716709299760582],[108.06452510767609,11.672589540975524],[108.07400336663926,11.628846311155327],[108.08447049350694,11.585585969751746],[108.09592601843968,11.542808406370545],[108.10836948538672,11.500513497599107],[108.12180045194562,11.45870110706029],[108.1359975486938,11.41726337716345],[108.15096045425766,11.376200184893824],[108.16668885553437,11.33551139961114],[108.18318244761187,11.295196883076558],[108.19554958464944,11.26496030802683],[108.20379289118392,11.244802264809676],[108.20791410985018,11.234723145432698]]}},{"type":"Feature","id":"mountain-direction-ne_10m_geography_regions_polys-669","properties":{"id":"mountain-direction-ne_10m_geography_regions_polys-669","groupId":"ne_10m_geography_regions_polys-669","name":"西瓦利克山脉","kind":"mountain","labelCoordinates":[83.29289785747721,27.97807523125004],"bounds":[79.28470772903407,26.5900818624257,87.44923018272652,29.721556120824836],"geometryNote":"走向示意，非测绘山脊线；由Natural Earth 1:1000万山系命名概括范围的内部截面推导，未经DEM山脊提取或野外测量。","method":"local-aeqd-area-pca-cross-section-midpoints-smoothed-clipped-v1","sourceUrl":"https://raw.githubusercontent.com/nvkelso/natural-earth-vector/ca96624a56bd078437bca8184e78163e5039ad19/geojson/ne_10m_geography_regions_polys.geojson","sourceDataset":"ne_10m_geography_regions_polys","sourcePolygonId":"ne_10m_geography_regions_polys-669","sourceFeatureIndices":[669],"schematic":true,"minZoom":4.6},"geometry":{"type":"LineString","coordinates":[[79.28470772903407,29.721556120824836],[79.2961139325357,29.716955956290516],[79.31892321794363,29.707752668495957],[79.3531293430657,29.693940344053214],[79.39872294712771,29.67551012303851],[79.44434824961843,29.657173391407863],[79.49000537903052,29.63893012260737],[79.53569446370092,29.620780289895087],[79.58141563181327,29.602723866340675],[79.62717907486036,29.584783475837575],[79.67298494658759,29.56695908186378],[79.71883340062563,29.549250647656745],[79.76472459049357,29.53165813621278],[79.80970866708144,29.512051660625744],[79.85378344938339,29.490432041758545],[79.89694686094012,29.466800086264804],[79.93919693036881,29.4411565862789],[79.98143175702425,29.41551313218346],[80.02365137547422,29.389869739523473],[80.0658558202404,29.36422642381211],[80.1080451257983,29.338583200530795],[80.15048173233681,29.31352444063113],[80.19316622725002,29.289049935015385],[80.23609920357016,29.26515947256084],[80.27928126001382,29.24185284009755],[80.32305140530897,29.21988083567611],[80.36741102113098,29.199242939947133],[80.41236152694523,29.179938624370873],[80.45790438026728,29.16196735108531],[80.50343135997417,29.14398053455112],[80.54894246962316,29.125978191461975],[80.59443771281265,29.10796033850842],[80.63991709318195,29.089926992377865],[80.68538061441132,29.071878169754548],[80.73082828022171,29.053813887319464],[80.77626009437485,29.035734161750398],[80.82167606067303,29.017639009721822],[80.86709326427385,28.999565929360514],[80.91251174983763,28.981514921401818],[80.95793156194095,28.963485986526578],[81.00335274507685,28.945479125361178],[81.04876078498826,28.927462511845633],[81.09415569150354,28.909436160132625],[81.13953747446821,28.89140008436486],[81.18490614374495,28.873354298674958],[81.2302591241248,28.85529318689515],[81.27559641944751,28.837216765564452],[81.32091803359258,28.819125051218613],[81.3662239704792,28.801018060390046],[81.41151723744586,28.782902326867095],[81.45679784545132,28.764777864349824],[81.50206580546734,28.74664468652706],[81.54732112847879,28.728502807076417],[81.59220904344302,28.709585175874707],[81.63672876237078,28.689892138428174],[81.68087951520377,28.66942403830093],[81.72466054988875,28.648181217064938],[81.76786980258053,28.62573020404374],[81.81050615585602,28.602071516420708],[81.85256853407165,28.577205665470636],[81.89405590349885,28.551133156447893],[81.93552275362677,28.52504777557736],[81.97696910667672,28.498949542799345],[82.01839498488457,28.472838478034262],[82.05980041050036,28.44671460118259],[82.10151583456091,28.421285661020693],[82.1435418834823,28.396551389170458],[82.18587919312097,28.372511514246],[82.22852840882678,28.349165761820792],[82.2720308971687,28.32766836064515],[82.31638843698568,28.308018530601537],[82.36160288801474,28.29021547230301],[82.40767619134708,28.274258366824657],[82.45379788930296,28.25841787205626],[82.4999681254517,28.242693941999317],[82.54618704334689,28.22708653039809],[82.59245478652907,28.211595590738803],[82.63870916065147,28.196088945133205],[82.68495016474101,28.180566608161687],[82.73117779786418,28.165028594406525],[82.77739205912678,28.149474918451865],[82.82359294767407,28.133905594883704],[82.86978046269054,28.118320638289813],[82.91595460339998,28.102720063259714],[82.96211536906536,28.0871038843847],[83.00826275898868,28.0714721162577],[83.05439677251113,28.055824773473326],[83.10051740901281,28.040161870627813],[83.1466246679128,28.024483422318976],[83.19293476396312,28.009242721295685],[83.23944818684812,27.994439566122757],[83.28616543004622,27.98007375366333],[83.33308699086265,27.966145079062763],[83.38027063089172,27.952772928885572],[83.42771699133262,27.9399570358681],[83.47542672017654,27.927697130128198],[83.52340047226254,27.91599293913751],[83.57136482512287,27.904273963666167],[83.61931977362285,27.892540214499956],[83.66726531265849,27.880791702430628],[83.71520143715648,27.86902843825592],[83.76312358418714,27.857240987050915],[83.81103173777554,27.84542936440918],[83.8589258820097,27.833593585944275],[83.90680600104051,27.821733667289624],[83.95420970051755,27.80889508663936],[84.00113588817376,27.79507834087142],[84.04758350025655,27.780283922910836],[84.09355150167876,27.764512321639934],[84.13951188729922,27.74873701035894],[84.18546466907542,27.732957997888427],[84.23140985896241,27.717175293035258],[84.27734746891292,27.701388904592594],[84.32327326328985,27.68559013449968],[84.36918724500717,27.66977899581888],[84.41508941700569,27.653955501610213],[84.46097978225299,27.638119664931267],[84.506870697493,27.622296733894576],[84.55276219177618,27.60648670902659],[84.59865429410638,27.590689590816286],[84.64454703344087,27.574905379715105],[84.69043677868586,27.559126625704327],[84.73632355104473,27.543353332885058],[84.78220737169228,27.527585505332247],[84.82808826177487,27.511823147094596],[84.87395606371317,27.496045613425153],[84.91981077747342,27.480252918706164],[84.96565240305873,27.46444507732106],[85.01148094050914,27.448622103654422],[85.05729638990147,27.432784012091968],[85.1030987513493,27.416930817020507],[85.14888802500283,27.401062532827893],[85.19466421104904,27.38517917390304],[85.24042730971131,27.36928075463583],[85.28617732124967,27.353367289417115],[85.3319142459605,27.33743879263869],[85.37763808417664,27.32149527869324],[85.42334883626722,27.305536761974334],[85.46904650263767,27.289563256876363],[85.5147310837296,27.273574777794547],[85.56040258002076,27.25757133912484],[85.60606099202506,27.241552955264],[85.65170632029238,27.225519640609438],[85.69733856540856,27.209471409559292],[85.7429577279954,27.193408276512333],[85.7885638087105,27.177330255867947],[85.83415680824729,27.161237362026107],[85.8797367273349,27.145129609387368],[85.92530356673812,27.129007012352794],[85.97085732725735,27.11286958532394],[86.01639800972858,27.096717342702853],[86.06192561502321,27.08055029889198],[86.10744014404814,27.064368468294212],[86.15294512058911,27.048178845980097],[86.19844055242994,27.031981442712553],[86.2439264473651,27.015776269246633],[86.28940281319954,26.999563336329594],[86.33489501068163,26.983392728916495],[86.380403096245,26.967264431464233],[86.42592712624072,26.951178428344193],[86.47146715693786,26.935134703842163],[86.51699428576596,26.919076232186118],[86.56250851350723,26.90300302763958],[86.60800984097871,26.886915104466674],[86.65349826903245,26.87081247693198],[86.69897774964348,26.85470291250903],[86.74444829119399,26.838586421345678],[86.78990990207407,26.822463013581217],[86.83536259068153,26.806332699346424],[86.88088232886203,26.79034407236573],[86.92646926782999,26.774497063259485],[86.97212355898142,26.758791602301937],[87.01784535389744,26.743227619419738],[87.06355467777456,26.727648825139287],[87.10925153060843,26.71205523336466],[87.15493591242937,26.696446858001398],[87.20060782330239,26.68082371295639],[87.24612077661448,26.664901133186504],[87.29147450118184,26.648679286759464],[87.33666872931651,26.632158341470475],[87.38170319683569,26.615338464833375],[87.41547039670172,26.602714179364366],[87.43797774441637,26.594293526745865],[87.44923018272652,26.5900818624257]]}},{"type":"Feature","id":"mountain-direction-ne_10m_geography_regions_polys-670","properties":{"id":"mountain-direction-ne_10m_geography_regions_polys-670","groupId":"ne_10m_geography_regions_polys-670","name":"帕米尔高原","kind":"mountain","labelCoordinates":[74.08567743462928,38.52946720071556],"bounds":[71.30215633994868,38.140946010695195,76.8847086910834,38.53488070530399],"geometryNote":"走向示意，非测绘山脊线；由Natural Earth 1:1000万山系命名概括范围的内部截面推导，未经DEM山脊提取或野外测量。","method":"local-aeqd-area-pca-cross-section-midpoints-smoothed-clipped-v1","sourceUrl":"https://raw.githubusercontent.com/nvkelso/natural-earth-vector/ca96624a56bd078437bca8184e78163e5039ad19/geojson/ne_10m_geography_regions_polys.geojson","sourceDataset":"ne_10m_geography_regions_polys","sourcePolygonId":"ne_10m_geography_regions_polys-670","sourceFeatureIndices":[670],"schematic":true,"minZoom":3.6},"geometry":{"type":"LineString","coordinates":[[71.30215633994868,38.140946010695195],[71.31556918583195,38.14669093165094],[71.3424011555922,38.158176209058354],[71.38266480833546,38.175392705688786],[71.43637899046679,38.1983266951389],[71.49093912636968,38.21285331238525],[71.5463270484085,38.218971271525604],[71.60252390004233,38.21667925411983],[71.65951016870015,38.205975911424865],[71.71601551774857,38.200194450442865],[71.77205155091345,38.199335676346514],[71.8276296500691,38.20340035758498],[71.88276098698026,38.21238922663705],[71.93764645844612,38.22421045674871],[71.99229232818844,38.23886442897617],[72.04670480566843,38.25635150929302],[72.10089004969625,38.2766720487935],[72.15515314558314,38.296424166885316],[72.20949292697499,38.315607763146055],[72.26390822083884,38.33422273851697],[72.31839784759309,38.35226899531726],[72.37306018978099,38.36857460257385],[72.42789148425824,38.38313932102889],[72.48288793415816,38.39596291447493],[72.53804571024274,38.407045149847185],[72.59322365486842,38.41806043010478],[72.64842164857362,38.42900873229536],[72.70363957159607,38.4398900336223],[72.75887730387446,38.4507043114451],[72.81428478648755,38.45955162661017],[72.86985760067434,38.46643173743814],[72.9255912944012,38.4713444059092],[72.98148138419363,38.47428939776428],[73.0373734037713,38.477241928007224],[73.09326739164588,38.480201995602144],[73.14916338634231,38.48316959944234],[73.20506142639864,38.48614473835029],[73.26096403919367,38.4890932357847],[73.31687118444174,38.492015086802255],[73.37278282182677,38.4949102865032],[73.42869891100247,38.49777883003146],[73.48461941159259,38.500620712574595],[73.54054428319124,38.50343592936391],[73.5964734853631,38.50622447567444],[73.65240697764371,38.50898634682501],[73.70834471953972,38.511721538178264],[73.76428667052919,38.51443004514069],[73.82023279006175,38.51711186316268],[73.87618303755906,38.51976698773853],[73.93213737241481,38.52239541440653],[73.98809575399525,38.52499713874893],[74.04405814163928,38.527572156392],[74.10002449465878,38.530120463006085],[74.15602600253371,38.532125515762225],[74.21206142643479,38.53358726929202],[74.26812952577289,38.53450567984701],[74.32422905834349,38.53488070530399],[74.38036120453984,38.53467003948148],[74.43652462080719,38.53387364037711],[74.49271796222607,38.53249146774535],[74.54893988268137,38.53052348310255],[74.60515872264516,38.52852856150499],[74.66137444063848,38.52650670633629],[74.71758699520375,38.524457921025196],[74.77379634490488,38.522382209045624],[74.83004597585156,38.51942804070399],[74.88633385667445,38.51559536683368],[74.94265795445774,38.51088414081609],[74.9990162351215,38.50529431858871],[75.05539334679202,38.4991033619369],[75.1117879052084,38.49231124781916],[75.1681985265222,38.484917955029225],[75.22462382747605,38.476923464198],[75.28098449810884,38.47006492505555],[75.33728322364303,38.46434240966407],[75.39352268294671,38.459755985412464],[75.44970554917559,38.45630571503531],[75.50585681689563,38.453456879666476],[75.56197790717887,38.45120951107609],[75.61807023964974,38.44956363874067],[75.6741352326631,38.4485192898478],[75.7303514460538,38.443493133027125],[75.78670963078059,38.43448502965092],[75.84320051794455,38.421494846478836],[75.89981482663896,38.404522455773126],[75.95641530781066,38.38716988870493],[76.01300112243453,38.36943716195104],[76.06957143385773,38.35132429335522],[76.12612540786526,38.33283130192512],[76.1825903834751,38.3161743271235],[76.2389706812116,38.301353451876096],[76.2952706063534,38.28836875096589],[76.35149445062021,38.27722029107213],[76.40770026590334,38.26607445393372],[76.4638880911315,38.25493125889485],[76.5200579652122,38.24379072522915],[76.57620992703173,38.232652872139816],[76.63234258831687,38.22157208487851],[76.68845611293172,38.21054838311187],[76.74455066448445,38.199581786250164],[76.80062640632929,38.188672313447846],[76.84267225269235,38.180472714053494],[76.87069759104115,38.17499798788836],[76.8847086910834,38.17225812769292]]}},{"type":"Feature","id":"mountain-direction-ne_10m_geography_regions_polys-671","properties":{"id":"mountain-direction-ne_10m_geography_regions_polys-671","groupId":"ne_10m_geography_regions_polys-671","name":"兴都库什山脉","kind":"mountain","labelCoordinates":[71.1885598549998,35.84794272459015],"bounds":[66.91575300983139,35.342106923913285,75.48931947153405,35.890713046212035],"geometryNote":"走向示意，非测绘山脊线；由Natural Earth 1:1000万山系命名概括范围的内部截面推导，未经DEM山脊提取或野外测量。","method":"local-aeqd-area-pca-cross-section-midpoints-smoothed-clipped-v1","sourceUrl":"https://raw.githubusercontent.com/nvkelso/natural-earth-vector/ca96624a56bd078437bca8184e78163e5039ad19/geojson/ne_10m_geography_regions_polys.geojson","sourceDataset":"ne_10m_geography_regions_polys","sourcePolygonId":"ne_10m_geography_regions_polys-671","sourceFeatureIndices":[671],"schematic":true,"minZoom":4.8},"geometry":{"type":"LineString","coordinates":[[66.91575300983139,35.342106923913285],[66.92857858276871,35.34748366049053],[66.95423476990871,35.35823312825044],[66.99273165592005,35.3743473097848],[67.04408437311399,35.39581416242834],[67.09540973295002,35.41774252316385],[67.14670859532836,35.440132448719226],[67.19798182094611,35.46298399444633],[67.24923027137886,35.48629721432357],[67.30069774169736,35.50786359013212],[67.3523811775446,35.52768279523276],[67.40427748086148,35.5457545041592],[67.4563835109266,35.56207839273048],[67.508862733339,35.57510427960821],[67.56170898544806,35.58483157019795],[67.6149159792488,35.591259668300886],[67.66847730552728,35.59438797648723],[67.72204278458291,35.59749247107424],[67.77561238547123,35.600573147537865],[67.82918607722375,35.60363000138784],[67.88276382884804,35.60666302816774],[67.93634560932799,35.609672223454815],[67.98993138762397,35.61265758286026],[68.04352113267295,35.615619102029086],[68.09711481338874,35.61855677664019],[68.15071239866214,35.62147060240639],[68.20431385736107,35.62436057507444],[68.25791915833084,35.62722669042509],[68.31152827039423,35.63006894427306],[68.36514116235175,35.6328873324671],[68.41875780298173,35.635681850890016],[68.47237816104057,35.63845249545868],[68.52600220526287,35.641199262124076],[68.57962990436164,35.64392214687132],[68.63326122702843,35.64662114571964],[68.68689614193359,35.64929625472254],[68.74053461772634,35.65194746996761],[68.79417662303506,35.65457478757676],[68.84782212646736,35.65717820370611],[68.90147109661035,35.65975771454604],[68.95512350203077,35.662313316321274],[69.00877931127518,35.66484500529088],[69.06243849287011,35.66735277774821],[69.11610101532231,35.66983663002103],[69.16976684711888,35.67229655847152],[69.22343595672746,35.67473255949627],[69.27710831259635,35.67714462952626],[69.33078388315487,35.67953276502704],[69.38446263681331,35.681896962498534],[69.43810786395191,35.68467661457146],[69.49172041099514,35.6878717755898],[69.54530112348911,35.691482498516265],[69.59885084617201,35.69550883493622],[69.65237485199908,35.69989602473573],[69.70587387546834,35.70464410995203],[69.75934865069205,35.70975313144504],[69.81279991144969,35.71522312889985],[69.86625845631073,35.72066941738278],[69.91972425607638,35.726091988979135],[69.97319728150627,35.731490835805694],[70.02667750331855,35.73686595001076],[70.08016489219011,35.74221732377426],[70.13365941875664,35.74754494930772],[70.18716105361287,35.75284881885437],[70.24066976731261,35.758128924689146],[70.29418553036898,35.76338525911881],[70.34770831325451,35.76861781448191],[70.40123808640132,35.77382658314888],[70.45477482020124,35.77901155752209],[70.50831848500597,35.78417273003587],[70.56186905112723,35.78931009315656],[70.61542648883695,35.79442363938258],[70.66899076836727,35.79951336124446],[70.72256185991091,35.804579251304865],[70.77613973362116,35.8096213021587],[70.82972435961213,35.8146395064331],[70.88331570795874,35.81963385678752],[70.93691535569876,35.82457954942979],[70.99052322315862,35.829476574874946],[71.04413923057672,35.83432492374178],[71.09776329810413,35.839124586753066],[71.1513744027207,35.84421265280017],[71.20497314048606,35.849589140847606],[71.2585601075589,35.85525406892952],[71.31213590023135,35.86120745415038],[71.365843930755,35.865046967260724],[71.41967995999526,35.86677243651202],[71.4736397265852,35.86638369373464],[71.52771894878333,35.86388057441156],[71.5817215506645,35.86264361513542],[71.63565012710762,35.86267291643093],[71.6895072660017,35.863968574058035],[71.74329554891614,35.866530679036906],[71.79724485726624,35.8661517791932],[71.85134923019952,35.862831670966614],[71.90560267525075,35.85657015473157],[71.95999917199279,35.84736703491606],[72.01440019908473,35.83780586458627],[72.06880504281504,35.82788663514036],[72.12321299019827,35.817609338965255],[72.17762332902846,35.80697396943651],[72.23177699889919,35.801304632153816],[72.28568416957526,35.80060163864311],[72.33935492700694,35.80486527199528],[72.39279928363437,35.81409578717035],[72.44624689432706,35.823501290829434],[72.49969813194582,35.83308177852665],[72.55315336981953,35.84283724524882],[72.6066129817581,35.85276768541489],[72.66019410631749,35.86016846456456],[72.71389167818405,35.86503946687535],[72.76770061072943,35.867380580554325],[72.82161579865776,35.867191697907266],[72.87558644002642,35.865601586189854],[72.92960970172462,35.86261019177497],[72.98368274741831,35.85821746419301],[73.03780273837575,35.85242335614747],[73.09191406412465,35.846625885103784],[73.14601673723888,35.840825060474195],[73.20011077029854,35.83502089164069],[73.25419617589016,35.829213387954916],[73.30824136864236,35.82430463558441],[73.36224819552096,35.82029466979498],[73.41621850092409,35.817183522701264],[73.47015412702193,35.81497122327442],[73.52401590431455,35.814926616482666],[73.57780824045255,35.81704975030383],[73.6315355382891,35.821340663879724],[73.6852021978366,35.82779938754204],[73.73894113206102,35.83208798944843],[73.79274796861957,35.83420643374018],[73.84661832885595,35.834154688636204],[73.90054782976264,35.83193272645833],[73.95450096064647,35.828696696209875],[74.00847568157131,35.824446591290844],[74.06246995334256,35.81918240759529],[74.11648173793694,35.81290414351316],[74.17042366432173,35.809135513926485],[74.22430083492802,35.80787653907798],[74.27811834895152,35.80912722860292],[74.33188130498274,35.81288758154952],[74.38557643062823,35.8200114792483],[74.43921056303434,35.8304988926246],[74.49279055097267,35.844349777074186],[74.54632325956214,35.861564072463054],[74.59995350374446,35.87480750777796],[74.6536732310184,35.884080120246765],[74.707474381627,35.889381951222674],[74.76134889513267,35.890713046212035],[74.81528071175106,35.8885708004681],[74.86926279720292,35.88295526164677],[74.92328813164396,35.873866481889586],[74.97734971471021,35.86130451781351],[75.03135427317751,35.85170830338659],[75.08530781731665,35.845077807214906],[75.13921635952758,35.841412984759856],[75.19308591801652,35.84071377833934],[75.2469518121006,35.84024301512074],[75.30081452118284,35.84000068932475],[75.35467452471602,35.8399867944294],[75.40853230222434,35.84020132316993],[75.44892581677658,35.84034637712598],[75.4758549052198,35.8404355356003],[75.48931947153405,35.840477851575955]]}},{"type":"Feature","id":"mountain-direction-ne_10m_geography_regions_polys-672","properties":{"id":"mountain-direction-ne_10m_geography_regions_polys-672","groupId":"ne_10m_geography_regions_polys-672","name":"喀喇昆仑山脉","kind":"mountain","labelCoordinates":[77.25498147801792,35.524458353602355],"bounds":[75.33844709098962,33.49312104940258,79.10268042884289,37.47892131023943],"geometryNote":"走向示意，非测绘山脊线；由Natural Earth 1:1000万山系命名概括范围的内部截面推导，未经DEM山脊提取或野外测量。","method":"local-aeqd-area-pca-cross-section-midpoints-smoothed-clipped-v1","sourceUrl":"https://raw.githubusercontent.com/nvkelso/natural-earth-vector/ca96624a56bd078437bca8184e78163e5039ad19/geojson/ne_10m_geography_regions_polys.geojson","sourceDataset":"ne_10m_geography_regions_polys","sourcePolygonId":"ne_10m_geography_regions_polys-672","sourceFeatureIndices":[672],"schematic":true,"minZoom":4.5},"geometry":{"type":"LineString","coordinates":[[75.33844709098962,37.44066403347117],[75.36597291707643,37.44436122050658],[75.42103255044005,37.45173699284855],[75.50364189569522,37.462754125449756],[75.61382466493228,37.47735672697932],[75.70408829906638,37.47892131023943],[75.77438540238089,37.46749181065321],[75.82468892620327,37.44310252161211],[75.85499212894385,37.405778012350986],[75.88659338751387,37.36930455632904],[75.91949195975369,37.33368114698855],[75.95368718945231,37.298906736828634],[75.9891785057278,37.26498023737025],[76.0250134651876,37.23128549900076],[76.06119197754785,37.19782221546285],[76.09771395832777,37.16459007760445],[76.1345793288109,37.13158877337384],[76.17064842933671,37.098082746278195],[76.20592160712351,37.06407269347709],[76.24039924081153,37.02955929649334],[76.27408174024016,36.994543221196054],[76.3055626030461,36.95811833191341],[76.33484321210479,36.92028631853817],[76.36192518762249,36.88104875125536],[76.3868103852687,36.84040708054646],[76.40963512570828,36.79844913999886],[76.43040157646422,36.75517607346863],[76.44911210697359,36.71058891954113],[76.46576928674246,36.664688611712265],[76.48297921265467,36.61915495724347],[76.50074119352912,36.573987723901475],[76.5190545558094,36.52918667214092],[76.53791864341311,36.484751555120226],[76.5582368628949,36.44126555342881],[76.5800075832033,36.39872794616115],[76.60322928232574,36.35713796078617],[76.62790054636224,36.31649477322024],[76.65279905712106,36.27600945096022],[76.6779246444337,36.23568185324585],[76.7032771411583,36.195511838111926],[76.7288563831574,36.15549926238857],[76.7544095263196,36.11548091045041],[76.77993663159121,36.07545679589877],[76.80543775977266,36.035426932299565],[76.83091297151903,35.9953913331835],[76.85812014709637,35.95648428358891],[76.88705794858134,35.91870462832096],[76.91772518635763,35.882051138220895],[76.9501208179898,35.846522510164405],[76.9825333079175,35.81101444433655],[77.014962687656,35.775526923469],[77.04740898863479,35.740059930274356],[77.07987224219804,35.704613447446064],[77.11256028775006,35.66932131891308],[77.1454730472283,35.6341833605339],[77.17861044503428,35.59919938693369],[77.21197240801703,35.56436921150267],[77.24743955755672,35.530902831402805],[77.28501110662732,35.49879840718361],[77.32468647948362,35.46805398871482],[77.36646531028912,35.43866751500119],[77.41163746341084,35.41146530824172],[77.46020320506848,35.386443577888514],[77.51216334134037,35.36359824301824],[77.56751921541456,35.342924931248106],[77.62140952474701,35.321306084349416],[77.6738335909689,35.29874365263733],[77.72479084315344,35.27523953371266],[77.7742808173344,35.25079557221772],[77.82217010103076,35.22532864015087],[77.86845842737645,35.19884062833284],[77.91314565444449,35.17133336374757],[77.95623176457757,35.142808609332526],[77.99873211003141,35.11391455169828],[78.04064676893931,35.08465180044346],[78.08197583633707,35.055020956592074],[78.1227194240623,35.02502261257352],[78.16153031234089,34.99380104093978],[78.19840901777609,34.96135808615326],[78.23335623243734,34.927695498141965],[78.26637282269262,34.89281493217061],[78.29921834435149,34.85783432076057],[78.33189292549314,34.822753798299104],[78.36439669534803,34.7875734983823],[78.39672978428842,34.75229355381494],[78.42812512847023,34.716427518441314],[78.45858332115778,34.679976110357096],[78.48810499523559,34.64294002508724],[78.51669082290688,34.605319935584696],[78.54486325739211,34.56744721270856],[78.57262264045286,34.52932213804717],[78.5999693209086,34.490944988699255],[78.6269036545776,34.45231603727632],[78.65295305825711,34.41313586528462],[78.67811830488243,34.37340503092802],[78.70240020120113,34.33312407214383],[78.72579958748918,34.292293506621604],[78.74917651473353,34.25145827139054],[78.77253103669602,34.21061837754629],[78.79586320700916,34.16977383615653],[78.8191730791765,34.128924658261084],[78.84494629181839,34.0896459672571],[78.87318081062261,34.05193621896366],[78.9038748820255,34.01579371512905],[78.93702703108794,33.981216603464745],[78.97135999918324,33.94739498516787],[79.0068732929021,33.91432785884055],[79.04356648206002,33.88201418755723],[79.08143919927491,33.850452898823264],[79.10113711992531,33.807404586976176],[79.10268042884289,33.752877791578854],[79.08610409545886,33.68687258981369],[79.05145771182804,33.60938064067649],[79.0255154941109,33.551254087164885],[79.00824088554914,33.51249944786099],[78.99960962864725,33.49312104940258]]}},{"type":"Feature","id":"mountain-direction-ne_10m_geography_regions_polys-673","properties":{"id":"mountain-direction-ne_10m_geography_regions_polys-673","groupId":"ne_10m_geography_regions_polys-673","name":"昆仑山脉","kind":"mountain","labelCoordinates":[88.700878317645,36.60881052946033],"bounds":[78.5192762458735,35.643729507764085,98.9779774910742,36.614837902164545],"geometryNote":"走向示意，非测绘山脊线；由Natural Earth 1:1000万山系命名概括范围的内部截面推导，未经DEM山脊提取或野外测量。","method":"local-aeqd-area-pca-cross-section-midpoints-smoothed-clipped-v1","sourceUrl":"https://raw.githubusercontent.com/nvkelso/natural-earth-vector/ca96624a56bd078437bca8184e78163e5039ad19/geojson/ne_10m_geography_regions_polys.geojson","sourceDataset":"ne_10m_geography_regions_polys","sourcePolygonId":"ne_10m_geography_regions_polys-673","sourceFeatureIndices":[673],"schematic":true,"minZoom":3.2},"geometry":{"type":"LineString","coordinates":[[78.5192762458735,36.57150365011549],[78.53994867249236,36.56956114718922],[78.58129039111815,36.56566522174313],[78.64329510511672,36.55979404111187],[78.72595330110886,36.55191487268062],[78.80870136505779,36.54291243016032],[78.89153568289609,36.53278635397604],[78.97445262951014,36.52153629135274],[79.05744856959625,36.50916189637661],[79.14079826379331,36.492757741175666],[79.22448824559334,36.47232245423782],[79.3085048812687,36.447854678266175],[79.39283438136553,36.419353071064116],[79.47717439149935,36.38998055078758],[79.56152205869415,36.35973693938676],[79.64587453496864,36.32862206483279],[79.73022897784053,36.29663576112499],[79.81467058714968,36.26275935983924],[79.89919294648027,36.22699235894576],[79.98378963432117,36.18933426843123],[80.06845422656129,36.149784610406684],[80.15300531997585,36.11048544661838],[80.23744409610394,36.07143703176809],[80.32177172975135,36.03263961763484],[80.40598938906194,35.9940934530955],[80.48981419515239,35.95948893195147],[80.57325997322616,35.92882743155014],[80.65634031675408,35.9021102827941],[80.7390685987647,35.87933877111159],[80.82156180924717,35.85908233528241],[80.90382829446138,35.84134177689522],[80.9858763133578,35.82611787294828],[81.0677140418706,35.813411376206936],[81.14918827926614,35.80558712176487],[81.23031439629375,35.80264641249539],[81.3111075286345,35.80459049772877],[81.39158259198453,35.81142057428509],[81.4718676628197,35.8213714173931],[81.55197208181835,35.83444372665041],[81.63190512170348,35.850638173831655],[81.71167599310212,35.869955403219805],[81.79139772284434,35.890672677432775],[81.87107446316547,35.912790234529915],[81.9507103646962,35.93630830220065],[82.030309577651,35.96122709780163],[82.11016277003692,35.98246771338447],[82.19025934114252,36.000029366354994],[82.27058854901736,36.013911287359015],[82.35113951847681,36.024112720801966],[82.4317596359252,36.033335163042885],[82.51244601211931,36.04157840541447],[82.59319574649349,36.04884224486671],[82.6740059277474,36.05512648400538],[82.75482889588581,36.06135629755668],[82.83566454456832,36.06753166468362],[82.91651276728562,36.07365256472232],[82.99737345736084,36.07971897718236],[83.07824641474225,36.08573298709831],[83.15913153884962,36.091694574673895],[83.24002872894671,36.09760372027329],[83.32093788414262,36.10346040442118],[83.4017824961776,36.11116571016207],[83.4825682601622,36.12071990364048],[83.56330085929474,36.13212323638219],[83.64398596700354,36.14537594536188],[83.72467287945175,36.159271294610456],[83.80536361652564,36.173809332911766],[83.88606020054672,36.18899010435273],[83.96676465653663,36.20481364832249],[84.0475013850847,36.22058327068045],[84.12827030758633,36.2362989189292],[84.20907134504007,36.25196054069299],[84.28990441804795,36.26756808371854],[84.3707694468157,36.28312149587566],[84.45166635115307,36.298620725157974],[84.53259505047416,36.31406571968351],[84.61355546379772,36.32945642769555],[84.69454750974748,36.3447927975631],[84.77557110655243,36.3600747777818],[84.85662617204729,36.375302316974405],[84.93771262367268,36.3904753638916],[85.01883037847568,36.40559386741265],[85.09997935311004,36.42065777654598],[85.18115946383668,36.4356670404301],[85.26237062652395,36.450621608333975],[85.34361275664826,36.465521429657976],[85.42488576929416,36.480366453934366],[85.50618957915513,36.495156630828134],[85.58752410053371,36.50989191013756],[85.66888770128334,36.52470515456988],[85.75028070841023,36.53959632112907],[85.83170344954274,36.55456536604667],[85.91315625293576,36.569612244780224],[85.99467399530883,36.58011532925495],[86.07624252717639,36.58607438549819],[86.15784764236312,36.58748920004331],[86.23947509143827,36.58435958010103],[86.32109661952327,36.58095558930572],[86.4027114211555,36.577277231198465],[86.48431869128815,36.57332451099104],[86.56591762533881,36.569097435564956],[86.64750998078762,36.567349412748904],[86.72910362572512,36.56808050599533],[86.8107064229443,36.57129075828936],[86.89232623395587,36.57698019215929],[86.97396007075385,36.583031868233306],[87.0556091368002,36.58944576775288],[87.13727463671032,36.596221869180546],[87.21895777633951,36.6033601481967],[87.300630836265,36.60776002914618],[87.38228524035605,36.60942151878212],[87.46391241031777,36.608344638893264],[87.54550377060102,36.604529426288735],[87.62710423470658,36.6019280708985],[87.70871768694492,36.600540558181294],[87.79034801155736,36.60036686424422],[87.87199909367962,36.60140695583688],[87.95365230392275,36.60239139087168],[88.03530752539801,36.60332016596057],[88.11696464118876,36.60419327790677],[88.19862353435211,36.60501072370488],[88.2802840879205,36.60577250054077],[88.36194618490336,36.6064786057918],[88.44360970828869,36.60712903702674],[88.52527454104477,36.60772379200587],[88.6069405661216,36.608262868680946],[88.68860766645273,36.60874626519533],[88.77027572495675,36.609173979883934],[88.851944624539,36.60954601127328],[88.93361512264276,36.60989116033791],[89.01528719304115,36.610209423712284],[89.09696080949567,36.61050079802372],[89.17863594575631,36.61076527989228],[89.26031479382578,36.61106702307643],[89.34199752992687,36.611406018221636],[89.42368433028258,36.61178225551978],[89.5053753711169,36.6121957247091],[89.58706901792402,36.61259973432812],[89.6687652995277,36.612994278198585],[89.7504642447377,36.61337935001403],[89.83216588234947,36.6137549433397],[89.91386825183663,36.61407479527471],[89.99557123588826,36.61433890471485],[90.0772747171849,36.614547270747956],[90.15897857840024,36.61469989265393],[90.24068270220259,36.61479676990478],[90.32238697125669,36.614837902164545],[90.40409126822523,36.6148232892894],[90.48579547577047,36.61475293132761],[90.56749947655592,36.6146268285195],[90.64920315324798,36.61444498129752],[90.7309063885175,36.61420739028617],[90.8126090650415,36.613914056302065],[90.894253068327,36.61252301488894],[90.97583499969409,36.61003443553677],[91.05735146886003,36.60644849436355],[91.13879909472085,36.60176537407812],[91.2200626509304,36.594116209587476],[91.30113298708508,36.58350151515338],[91.38200102463648,36.56992181892327],[91.46265776243578,36.55337766262214],[91.5431468255049,36.53469154795508],[91.62346184406972,36.5138638992575],[91.70359650220884,36.490895151186066],[91.78354454058228,36.46578574852158],[91.86344151525495,36.44062383122617],[91.94328740009978,36.415409481198445],[92.02308216951442,36.39014278036202],[92.10282579841989,36.364823810664724],[92.18251826225907,36.339452654077796],[92.26215953699533,36.3140293925951],[92.34174959911113,36.28855410823222],[92.42128842560655,36.26302688302577],[92.50087887792458,36.23880631011899],[92.58052487853224,36.21589218599274],[92.66023034913086,36.194284297474866],[92.73999921170397,36.17398242170494],[92.81991287246234,36.15595901250678],[92.8999781275639,36.14021360496093],[92.98020180070466,36.12674571529595],[93.06059074626356,36.115554840708725],[93.14103927737408,36.10529493745634],[93.2215502538384,36.095965799316765],[93.30212653907199,36.08756721305477],[93.38277100063846,36.080098958391446],[93.46340017820233,36.07257659712217],[93.54401396865163,36.06500015426756],[93.62461226907688,36.05736965501474],[93.7051949767722,36.04968512471707],[93.78576206633227,36.04194742900699],[93.86631343799031,36.034156593337386],[93.94684899218255,36.02631264332081],[94.02736862954922,36.01841560472909],[94.10787901084318,36.01053605743854],[94.18838024886725,36.00267400715195],[94.2688724563238,35.994829459270186],[94.34935574581485,35.98700241889231],[94.42982497897815,35.97914030344501],[94.51028011068425,35.97124313331984],[94.59072109591938,35.96331092895078],[94.67114788978576,35.95534371081392],[94.75156132659166,35.94734996187765],[94.8319613869468,35.93932970003391],[94.91234805153738,35.931282943161676],[94.99272130112595,35.9232097091268],[95.07354513399149,35.919409892428526],[95.15483257310146,35.91988207839003],[95.23659686519234,35.92462480295197],[95.31885149224424,35.933636551567716],[95.40093529841606,35.9409002118046],[95.48284279705386,35.94641636095539],[95.56456853534092,35.95018558523135],[95.64610709627155,35.952208479586695],[95.72723177018568,35.95058410124042],[95.80793143188154,35.9453137499445],[95.88819514197235,35.93639873391139],[95.96801215496511,35.92384036896135],[96.04780738141051,35.91125748739848],[96.12758081754573,35.8986501198089],[96.2073324597154,35.886018296739756],[96.28706230437129,35.87336204869916],[96.36676686682499,35.86065340217247],[96.44644606269208,35.847892398115626],[96.52609980789939,35.835079077616804],[96.60572801868551,35.822213481895865],[96.68533061160157,35.80929565230389],[96.76490750351161,35.796325630322535],[96.8444586115933,35.78330345756359],[96.92398385333848,35.77022917576838],[97.00348314655366,35.75710282680723],[97.08295640936066,35.743924452678975],[97.16240356019703,35.73069409551032],[97.24182451781675,35.717411797555414],[97.32141816838232,35.70554039098235],[97.40118863585212,35.69507931143234],[97.48114006809989,35.686027982599406],[97.56127663806633,35.67838581609725],[97.64162897950752,35.67234101968828],[97.72220188282895,35.667892897515735],[97.80300017598721,35.66504073907694],[97.88402872601296,35.66378381903022],[97.96560650491965,35.666300312321695],[98.0477452904716,35.67258844593803],[98.13045710897103,35.68264639658435],[98.21375424441405,35.69647228946368],[98.2965724489617,35.70681699047295],[98.37890049482272,35.71368213488727],[98.4607273495224,35.71706936381989],[98.54204218374463,35.71698032323229],[98.62267094820277,35.71234701435223],[98.70260011148933,35.70317159827133],[98.78181652773617,35.68945622959829],[98.86030744839613,35.67120305473688],[98.91915242975166,35.657480339690466],[98.95837135210272,35.6483162410326],[98.9779774910742,35.643729507764085]]}},{"type":"Feature","id":"mountain-direction-ne_10m_geography_regions_polys-713","properties":{"id":"mountain-direction-ne_10m_geography_regions_polys-713","groupId":"ne_10m_geography_regions_polys-713","name":"天山山脉","kind":"mountain","labelCoordinates":[83.72915680118133,42.75926523489806],"bounds":[73.40230875990109,40.20921676249277,94.64117741537471,43.65624265459533],"geometryNote":"走向示意，非测绘山脊线；由Natural Earth 1:1000万山系命名概括范围的内部截面推导，未经DEM山脊提取或野外测量。","method":"local-aeqd-area-pca-cross-section-midpoints-smoothed-clipped-v1","sourceUrl":"https://raw.githubusercontent.com/nvkelso/natural-earth-vector/ca96624a56bd078437bca8184e78163e5039ad19/geojson/ne_10m_geography_regions_polys.geojson","sourceDataset":"ne_10m_geography_regions_polys","sourcePolygonId":"ne_10m_geography_regions_polys-713","sourceFeatureIndices":[713],"schematic":true,"minZoom":3.0},"geometry":{"type":"LineString","coordinates":[[73.40230875990109,40.20921676249277],[73.41613677494729,40.22963243072168],[73.44381604843169,40.27045925924694],[73.48539321639416,40.331688202373186],[73.54093860745523,40.4133056166774],[73.58991815916218,40.512010019512616],[73.63233234700157,40.62780942771703],[73.6681701322452,40.760710217458765],[73.69740878374887,40.91071713314991],[73.73948998904419,41.02827562240829],[73.79443940409666,41.1133735213446],[73.8622390697847,41.16599258917605],[73.9428271355035,41.1861085933908],[74.02547474445761,41.2010029042193],[74.11016386717064,41.210670553934584],[74.19687532416478,41.21510646172842],[74.28558880504208,41.21430543917738],[74.37416884644638,41.213776916451714],[74.4626166600689,41.21352124389452],[74.55093345474683,41.21353876844888],[74.63912043652115,41.21382983367756],[74.72716652540082,41.21442732191403],[74.81507305326066,41.21533160205177],[74.9028413486392,41.21654303925622],[74.99047273681163,41.21806199498779],[75.0780876032149,41.2195684371005],[75.16568598729586,41.22106241228435],[75.25326792865742,41.22254396703283],[75.34083346705792,41.22401314764281],[75.42788603010685,41.226827538076904],[75.51443102551431,41.23098845355334],[75.60047379620123,41.23649718807733],[75.68601962170627,41.24335501479853],[75.770451137597,41.25329117583861],[75.85377979706222,41.266308418570254],[75.93601672605008,41.28240942157132],[76.01717272978401,41.30159679628867],[76.09789976509789,41.32206784910987],[76.17820221205207,41.34382360785731],[76.25808440756848,41.366865084382155],[76.33755064646422,41.39119327481019],[76.41664690840042,41.416690165793895],[76.49537703529649,41.4433566301056],[76.57374483851953,41.4711935274519],[76.65175409970934,41.50020170465835],[76.73015425117573,41.52822799542387],[76.80894240812306,41.555271592726385],[76.88811563591648,41.581331690590524],[76.9676709505388,41.60640748426074],[77.04788333028203,41.62968417543218],[77.12874697731932,41.651160333493706],[77.21025595627668,41.670834525438714],[77.29240419615057,41.6887053164167],[77.37459775274922,41.70651753421736],[77.45683653056484,41.724271110404615],[77.53912043346486,41.74196597667013],[77.62144936469178,41.759602064834425],[77.70382322686316,41.777179306848],[77.78624192197142,41.79469763479217],[77.86870535138384,41.81215698088037],[77.95121341584252,41.82955727745901],[78.0337660154643,41.846898457008635],[78.11636304974076,41.864180452144915],[78.19900441753829,41.88140319561977],[78.28169001709796,41.89856662032233],[78.36441974603571,41.91567065928007],[78.44719350134228,41.93271524565986],[78.53001117938338,41.949700312768954],[78.6128726758997,41.966625794056114],[78.69577788600701,41.98349162311264],[78.7787267041964,42.000297733673435],[78.86171902433423,42.017044059618065],[78.94475473966247,42.03373053497181],[79.02783374279878,42.05035709390673],[79.11095592573668,42.06692367074273],[79.19412117984582,42.083430199948616],[79.2773293958722,42.099876616143135],[79.36058046393839,42.11626285409607],[79.4438742735438,42.13258884872932],[79.52721071356497,42.14885453511786],[79.6105896722559,42.165059848490934],[79.69401103724832,42.181204724233034],[79.77747469555202,42.197289097885],[79.86098053355526,42.21331290514501],[79.94452843702514,42.229276081869784],[80.02811829110793,42.245178564075495],[80.11174998032953,42.261020287938976],[80.19542338859593,42.27680118979859],[80.27913839919357,42.292521206155534],[80.3628948947899,42.308180273674715],[80.44669275743381,42.32377832918587],[80.53053186855612,42.33931530968463],[80.61441210897021,42.35479115233365],[80.69833335887242,42.37020579446351],[80.78229549784268,42.38555917357395],[80.86629840484515,42.40085122733482],[80.95034195822873,42.416081893587204],[81.03442603572772,42.43125111034439],[81.11855051446241,42.44635881579309],[81.20271527093983,42.46140494829432],[81.28692018105438,42.47638944638457],[81.3711651200885,42.49131224877686],[81.45544996271342,42.50617329436174],[81.53977458298988,42.520972522208396],[81.62413885436888,42.53570987156569],[81.70875839960854,42.54958365496104],[81.79362998889142,42.562593340250594],[81.87875036498475,42.5747384000039],[81.96411624382394,42.58601831161163],[82.0497337484759,42.596396782915534],[82.1355994001779,42.6058732804471],[82.22170969332393,42.614447276029054],[82.30806109613889,42.62211824688668],[82.39443357334116,42.629724351846136],[82.48082695660491,42.637265558081666],[82.56724107724719,42.6447418330272],[82.65367576623046,42.65215314437714],[82.74013085416529,42.65949946008691],[82.82660617131269,42.66678074837364],[82.91310154758696,42.67399697771678],[82.9996168125581,42.681148116858736],[83.08615179545453,42.68823413480548],[83.17270632516569,42.69525500082718],[83.25928023024468,42.70221068445882],[83.34587333891092,42.70910115550077],[83.43210525975233,42.71750204483778],[83.5179822115872,42.72741413428618],[83.6035103725646,42.73883818827901],[83.68869588213582,42.75177495411318],[83.77326069378618,42.76742991694457],[83.85721554945911,42.78580437131502],[83.940571064499,42.806899576904385],[84.02333773367612,42.83071675926394],[84.10649923199895,42.853037586020434],[84.19005004389435,42.87386130444198],[84.27398458440068,42.89318716858959],[84.35829720086299,42.91101443958914],[84.44343590233733,42.92532872209175],[84.52938682091627,42.93612836975347],[84.61613580635161,42.94341174422604],[84.70366843673757,42.94717721649464],[84.79153705795423,42.94939448445345],[84.8797352130966,42.95006285390365],[84.96825639684715,42.94918164073187],[85.05709405773507,42.94675017115361],[85.14592465874556,42.9442503643817],[85.23474800544986,42.94168223184671],[85.32356390355247,42.93904578528916],[85.41237215889484,42.936341036759295],[85.50117257745875,42.93356799861678],[85.58996496536994,42.9307266835305],[85.67874912890161,42.92781710447824],[85.76752487447783,42.92483927474638],[85.85627017094083,42.921901297442574],[85.94498529114118,42.91900323056712],[86.03367050789085,42.91614513141424],[86.12232609396368,42.913327056572925],[86.21067391971333,42.91196811040404],[86.2987203290423,42.912068897120385],[86.38647163037345,42.9136300045057],[86.47393409866103,42.916652004115114],[86.56090952035079,42.922208873297315],[86.64740856283217,42.93030153686757],[86.73344180625679,42.94093088974762],[86.81901974936265,42.954097797484486],[86.90469817068958,42.966854300504316],[86.99047551250628,42.9792002265622],[87.07635021084906,42.99113540633337],[87.16232069566227,43.002659673432916],[87.24811758303913,43.015265703148984],[87.33374541273783,43.02895381122815],[87.41920871858913,43.04372430286318],[87.50451202955631,43.05957747276141],[87.58985932900536,43.075366656193864],[87.67525048569809,43.091091785670734],[87.7606853677005,43.106752793887985],[87.84616384238348,43.12234961372869],[87.9312485543791,43.14047855148525],[88.01594992422243,43.16114026751051],[88.10027832726189,43.18433539538917],[88.18424409934956,43.21006454229751],[88.2674921343906,43.24056981427],[88.35004148854297,43.27585232935247],[88.43191105714064,43.31591314947678],[88.51311959395248,43.36075328164167],[88.5965939041826,43.39194785050259],[88.68227997937807,43.40949344650386],[88.77012144754815,43.41338661446031],[88.86005974079482,43.40362386560351],[88.9502279633884,43.39209002594783],[89.04061834702367,43.378784710231336],[89.13122310791599,43.36370754778753],[89.2220344499953,43.34685818268905],[89.31257841369515,43.33143068881499],[89.4028615208565,43.31742549916584],[89.49289025675377,43.30484303077988],[89.58267107219878,43.293683684899364],[89.67181565700818,43.28676754853441],[89.76034269506798,43.284095584285645],[89.84827069334575,43.2856687024414],[89.9356179995592,43.291487761985394],[90.0227932906975,43.29864490526668],[90.10980236311123,43.30714036469727],[90.1966510066387,43.31697435941421],[90.2833450063111,43.32814709535075],[90.36893244412816,43.3481075877202],[90.45345014994923,43.37685719141631],[90.53693454258057,43.414397141879284],[90.6194216995333,43.460728558058065],[90.70306484323586,43.49865819799814],[90.78782996803868,43.52818476597518],[90.87368238269772,43.549306993464334],[90.96058677329805,43.562023642408825],[91.04768998649132,43.57329237250741],[91.13498592013597,43.58311294809726],[91.22246844770824,43.591485144939604],[91.31013142030717,43.59840875032228],[91.39781438070825,43.60526524976665],[91.48551714345409,43.6120546121957],[91.57323952273074,43.61877680681889],[91.6609813323708,43.62543180313295],[91.74874238585637,43.63201957092243],[91.83652249632222,43.63854008026038],[91.92432147655875,43.64499330150897],[92.01213913901522,43.6513792053201],[92.10023228463605,43.655129066907406],[92.18858950619719,43.65624265459533],[92.27719936635373,43.65471975743742],[92.36605040454036,43.65056018540698],[92.45500793326147,43.64507193802587],[92.54406622027028,43.638254953408605],[92.63321953491658,43.63010918098326],[92.72246214991199,43.620634581513656],[92.81213979244195,43.60585175667093],[92.90222924331508,43.58576049040205],[92.99270730127517,43.560360604890484],[93.0835508113818,43.529651960912396],[93.17442306972097,43.497438647113306],[93.26531777635576,43.463720752918114],[93.35622866785745,43.428498380530264],[93.44714951939412,43.39177164487088],[93.53753933652666,43.36052029352235],[93.62742216818165,43.33474459730301],[93.71682192824127,43.314444763378646],[93.80576242586632,43.29962093591876],[93.89443436585836,43.28791730675701],[93.98285130067728,43.279333918791146],[94.07102676213165,43.27387078237461],[94.15897427091747,43.27152787545153],[94.24681914558715,43.27058885020402],[94.33456752226543,43.271053673453714],[94.42222553917266,43.27292229826383],[94.50979933853829,43.27619466394767],[94.57548580162236,43.27860483527577],[94.61927964347024,43.28019061135986],[94.64117741537471,43.280977197289545]]}},{"type":"Feature","id":"mountain-direction-ne_10m_geography_regions_polys-716","properties":{"id":"mountain-direction-ne_10m_geography_regions_polys-716","groupId":"ne_10m_geography_regions_polys-716","name":"喜马拉雅山脉","kind":"mountain","labelCoordinates":[84.86542090881852,28.380632882785527],"bounds":[76.09346464097626,27.932805349018196,94.74288791718834,33.009537418531295],"geometryNote":"走向示意，非测绘山脊线；由Natural Earth 1:1000万山系命名概括范围的内部截面推导，未经DEM山脊提取或野外测量。","method":"local-aeqd-area-pca-cross-section-midpoints-smoothed-clipped-v1","sourceUrl":"https://raw.githubusercontent.com/nvkelso/natural-earth-vector/ca96624a56bd078437bca8184e78163e5039ad19/geojson/ne_10m_geography_regions_polys.geojson","sourceDataset":"ne_10m_geography_regions_polys","sourcePolygonId":"ne_10m_geography_regions_polys-716","sourceFeatureIndices":[716],"schematic":true,"minZoom":2.6},"geometry":{"type":"LineString","coordinates":[[76.09346464097626,33.009537418531295],[76.11264011941705,33.00516853038434],[76.1509854589321,32.996422085961434],[76.20848941375482,32.98328076052523],[76.28513508777493,32.96571859580189],[76.36151123917656,32.94721869978962],[76.43761564506441,32.927781405150526],[76.51344610032261,32.90740704816514],[76.58900041799346,32.8860959686529],[76.66452954533153,32.864779431875434],[76.74003354809483,32.84345748322678],[76.81551249201024,32.822130167953404],[76.89096644277306,32.80079753115442],[76.96504458053228,32.77455068988547],[77.03773562375747,32.7433913016214],[77.1090286549372,32.70732101630179],[77.17891312974993,32.6663414744214],[77.24817435562291,32.62331407765926],[77.31680828235034,32.578239557222375],[77.38481094577548,32.53111864571155],[77.45217846893668,32.4819520767771],[77.51979052666441,32.43388528551809],[77.5876495215841,32.386918022445954],[77.65575785434844,32.34105003267299],[77.72411792410965,32.29628105585813],[77.79269183239694,32.25246879869887],[77.86148169114064,32.20961303658101],[77.93048961021893,32.16771354014789],[77.99971769782361,32.1267700752584],[78.06890487108643,32.08586389331602],[78.13805137863886,32.04499506311786],[78.20715746822701,32.00416365304546],[78.27622338671515,31.963369731066408],[78.34522721509302,31.922536758178126],[78.41416904652606,31.881664828037287],[78.4830489743606,31.84075403414838],[78.551867092122,31.799804469863712],[78.62062349351237,31.75881622838342],[78.68931827240884,31.717789402755475],[78.7579515228613,31.676724085875524],[78.82652333909061,31.63562037048709],[78.89503381548654,31.594478349181404],[78.96348304660575,31.553298114397474],[79.03187112716995,31.512079758422075],[79.10019815206387,31.470823373389745],[79.16846421633333,31.429529051282817],[79.23666941518337,31.38819688393138],[79.30481384397628,31.34682696301333],[79.37289759822971,31.305419380054367],[79.44094618918123,31.264058892342668],[79.50895987098974,31.222745559633132],[79.57693889685494,31.18147944126381],[79.64488351902158,31.14026059615772],[79.71281989487942,31.0991746318662],[79.78074843306668,31.058221574090872],[79.84866954040635,31.017401447831418],[79.91658362192054,30.97671427738775],[79.98443913028683,30.935990000221526],[80.0522361552995,30.895228704870615],[80.1199747869073,30.854430479731572],[80.18765511521185,30.813595413059662],[80.25527723046574,30.77272359296888],[80.32284122307081,30.73181510743192],[80.39034718357652,30.690870044280228],[80.45779520267807,30.649888491203992],[80.52518537121486,30.608870535752143],[80.59251778016865,30.567816265332414],[80.65979252066188,30.52672576721134],[80.72700968395606,30.485599128514284],[80.79416936145005,30.44443643622546],[80.86127164467837,30.403237777187982],[80.92831662530958,30.362003238103863],[80.99530439514461,30.32073290553408],[81.0622350461151,30.279426865898614],[81.1291086702819,30.238085205476434],[81.1959253598332,30.19670801040564],[81.26268520708317,30.155295366683397],[81.32938830447024,30.113847360166055],[81.39603474455551,30.072364076569198],[81.46262462002117,30.030845601467647],[81.52915802366897,29.989292020295554],[81.5956350484186,29.947703418346475],[81.66205578730616,29.90607988077337],[81.72842033348262,29.864421492588686],[81.79472878021222,29.822728338664497],[81.86098122087108,29.78100050373243],[81.92717774894554,29.739238072383873],[81.99331845803071,29.697441129069954],[82.05940344182898,29.65560975810163],[82.12531240764406,29.613373887486993],[82.19104485212567,29.570733760211805],[82.25660027932119,29.52768961968905],[82.3219782006866,29.484241709739237],[82.38695572553364,29.439711228171532],[82.45153133228115,29.394098710298085],[82.51570353306278,29.347404690876896],[82.57947087388821,29.29962970400016],[82.64413723904725,29.254733116647753],[82.70970718280614,29.212713757609276],[82.7761853722496,29.17357042744791],[82.8435765892538,29.13730189786465],[82.91185483627348,29.103813883378972],[82.98102496771978,29.073105140256747],[83.05109195063295,29.045174395569646],[83.1220608669086,29.020020346525325],[83.19299496394693,28.99482784842796],[83.26389424139676,28.969596958467474],[83.3347586991487,28.944327733836772],[83.40558833733436,28.919020231731576],[83.47579405009724,28.891928557108102],[83.5453727151831,28.863053640254147],[83.61432128443663,28.832396408699104],[83.6826367846309,28.799957786891337],[83.75026746890629,28.765594976637168],[83.81721028594886,28.72930896443472],[83.88346227312711,28.691100731625067],[83.9490205572627,28.650971254034424],[84.01560314778327,28.61395046330896],[84.08321504227338,28.580036915498805],[84.15186139060638,28.549229129539686],[84.2215474974015,28.52152558641066],[84.29198500466967,28.49607233750346],[84.36317797378615,28.47286824124385],[84.43513054668495,28.451912132516266],[84.50784694741994,28.433202822174035],[84.58155513339119,28.417382779821626],[84.65626077939226,28.404450399527164],[84.7319697094235,28.3944040365003],[84.80868789968332,28.38724200617967],[84.88481312356461,28.378373782799535],[84.96034186786727,28.367800374777495],[85.03527068268819,28.35552278959023],[85.10959618248481,28.341542033437097],[85.18385332635047,28.327382188097083],[85.25804180216933,28.313043368932554],[85.33216129926164,28.298525691899943],[85.40621150839317,28.283829273545425],[85.48060958332954,28.27012585571538],[85.55535751862372,28.257414854797066],[85.63045732466112,28.245695679186973],[85.70591102801185,28.23496772918175],[85.78173656473172,28.22527463058789],[85.85793608619,28.216615739454692],[85.93451176276682,28.2089904028559],[86.01146578425565,28.202397958762557],[86.08841020650058,28.195761134635926],[86.16534496897273,28.189079947921392],[86.24227001124457,28.182354416174476],[86.3191852729905,28.17558455706078],[86.39609069398742,28.168770388355693],[86.47298621411528,28.161911927944313],[86.5498717733577,28.155009193821193],[86.62674731180248,28.14806220409023],[86.7038391334485,28.141685050324927],[86.78114847100365,28.13587734089847],[86.85867656301909,28.13063867981611],[86.93642465401483,28.12596866667318],[87.01547276464096,28.124768191914466],[87.09582862650319,28.127034810441874],[87.17750023857938,28.132766009218653],[87.26049587246835,28.14195920559162],[87.34260664910735,28.1487049037659],[87.42382673999987,28.153004859601694],[87.50415044670196,28.154860821002476],[87.58357220352406,28.154274527095662],[87.66237035461728,28.15199691688378],[87.74054121373743,28.14802917702183],[87.81808116210648,28.142372491815145],[87.89498664954682,28.13502804284045],[87.97223261580069,28.12855871632983],[88.0498209325008,28.122963874705942],[88.12775348726636,28.11824287233253],[88.20603218399714,28.114395055410423],[88.28527144180616,28.113009839570523],[88.36547676185579,28.114085357665527],[88.44665378865052,28.117619701058192],[88.52880831262021,28.123610918734116],[88.61178979118134,28.13165450977272],[88.69560330374253,28.14174876406673],[88.78025403825094,28.153891937567835],[88.86574729324208,28.168082251594345],[88.9501815522894,28.179460983356343],[89.03354973357553,28.188030390111603],[89.11584493814763,28.19379271308757],[89.19706045370621,28.19675017629023],[89.27646270941953,28.195069853235925],[89.35404142035239,28.18875535239448],[89.42978684434051,28.177810206054353],[89.5036897900773,28.162237867305976],[89.57770813988111,28.146968260395745],[89.65184250259907,28.13200117143924],[89.72609348788457,28.117336384671972],[89.8004617062286,28.102973682438847],[89.87563056936199,28.09061084901265],[89.95160400649087,28.080246374319227],[90.02838604156041,28.07187871859408],[90.10598079463752,28.065506311832547],[90.18395280194791,28.060042750529416],[90.26230402329479,28.055487285510374],[90.34103643824979,28.051839158189722],[90.42015204646819,28.049097600446096],[90.49926354883581,28.046309143927864],[90.57837087641835,28.04347379639634],[90.65747396032843,28.04059156574206],[90.73657273172631,28.037662459984663],[90.81566712182071,28.034686487272776],[90.89475706186951,28.031663655884003],[90.97384248318059,28.028593974224773],[91.05292331711249,28.025477450830273],[91.13199949507526,28.022314094364337],[91.21107094853114,28.019103913619393],[91.29013760899538,28.015846917516342],[91.3691994080369,28.01254311510443],[91.44825627727916,28.00919251556124],[91.5273081484008,28.005795128192496],[91.60635495313653,28.002350962432033],[91.68539662327765,27.998860027841662],[91.76412804000816,27.994599742372277],[91.84254758189863,27.989570746009377],[91.92065364513813,27.983773679564084],[91.99844464375629,27.977209184583547],[92.07641233726318,27.971037447698667],[92.15455758112806,27.96525810441156],[92.23288123429526,27.95987078701558],[92.31138415924025,27.954875124570506],[92.38995312912766,27.950004660931352],[92.46858844348463,27.945259256969543],[92.54729040201605,27.940638772620293],[92.62605930460998,27.936143066879797],[92.70565628891082,27.933532513715058],[92.78608552856983,27.932805349018196],[92.86735129861044,27.933959774872534],[92.94945797684998,27.936993958946136],[93.0348529275586,27.94751060859264],[93.12355553972668,27.965502045997336],[93.21558688540783,27.990960172200406],[93.31096975030911,28.023876455737106],[93.40475220186984,28.052949982415562],[93.49692230730417,28.078184992227243],[93.58746852710719,28.099585669913914],[93.67637972394876,28.11715614198649],[93.76638368250599,28.137051952072248],[93.85748726751412,28.15927036030451],[93.94969752945764,28.183808566691663],[94.04302170774872,28.21066370986971],[94.12785463599124,28.218467776951194],[94.20414778592276,28.207240763985098],[94.27186386450096,28.17700027386097],[94.33097692932985,28.127761458419183],[94.39549498703482,28.090571107224505],[94.46543191776078,28.065420240837955],[94.54080602790884,28.052298825880502],[94.62164007987778,28.05119575532705],[94.68226449690778,28.050336128776994],[94.72268022312672,28.049747652993343],[94.74288791718834,28.04944879783867]]}}]}
