{"type":"FeatureCollection","metadata":{"version":"1.0.0","sourceManifestUrl":"/data/physical-geography-sources.json","coordinateSystem":"WGS84 longitude/latitude, EPSG:4326","scale":"Natural Earth 1:10m (1:10,000,000)","modernBackgroundOnly":true},"features":[{"type":"Feature","id":"ne_10m_geography_regions_polys-223","properties":{"id":"ne_10m_geography_regions_polys-223","groupId":"ne_10m_geography_regions_polys-223","name":"肯特山","nameEn":"Khentii Mountains","kind":"mountain","sourceDataset":"ne_10m_geography_regions_polys","sourceUrl":"https://raw.githubusercontent.com/nvkelso/natural-earth-vector/ca96624a56bd078437bca8184e78163e5039ad19/geojson/ne_10m_geography_regions_polys.geojson","sourceFeatureIndices":[223],"sourceId":1159103037,"sourceName":"Hentiyn Mts.","nameOrigin":"natural-earth-name_zh","geometryNote":"Natural Earth 1:1000万地图概括命名范围；使用来源原始多边形，不是测绘边界或精确山体边界。","bounds":[105.525279,47.00788,112.526866,50.642524],"labelCoordinates":[108.96954627944895,48.8096375],"labelCoordinateMethod":"interior-representative-point-of-feature-polygon","minZoom":5.4,"modernBackgroundOnly":true,"unnamed":false,"sourceFeatureClass":"Range/mtn","sourceNameZh":"肯特山","sourceWikidataId":"Q748435","geometryDerivation":"exact-source-geometry"},"geometry":{"type":"Polygon","coordinates":[[[112.220225,48.112006],[111.79066,47.82508],[111.571422,47.625861],[111.526378,47.60163],[111.424205,47.572394],[110.600597,47.474066],[110.399913,47.382636],[110.10731,47.159003],[109.974864,47.095893],[109.351817,47.00788],[109.203258,47.012397],[109.136851,47.024359],[109.067393,47.049262],[108.94276,47.130988],[108.611217,47.467475],[108.484752,47.518988],[108.244029,47.663764],[108.114146,47.712165],[106.941661,47.700507],[106.863048,47.71662],[106.720225,47.778144],[106.454967,47.942206],[106.324596,47.996039],[106.203258,48.011725],[105.957042,48.008307],[105.826671,48.026007],[105.776622,48.044379],[105.740367,48.068854],[105.713878,48.099799],[105.541515,48.528632],[105.525279,48.654486],[105.532237,48.715155],[105.552257,48.77265],[105.589488,48.8263],[105.640269,48.869574],[106.026866,49.028144],[106.401744,49.296698],[106.700938,49.640448],[106.837607,49.88183],[106.991466,50.153571],[107.055675,50.226203],[107.129527,50.287177],[107.456676,50.461798],[107.812266,50.571723],[108.552989,50.642524],[108.756118,50.616623],[108.790416,50.61225],[108.959406,50.52879],[110.553477,49.741523],[110.602796,49.738011],[110.645304,49.734984],[112.122081,49.629828],[112.2317,49.59748],[112.332164,49.54267],[112.421153,49.459784],[112.435092,49.440144],[112.47816,49.379462],[112.512462,49.303534],[112.526866,49.230658],[112.523692,49.159735],[112.50587,49.089423],[112.35255,48.792975],[112.333751,48.714972],[112.329478,48.318488],[112.308849,48.238715],[112.273204,48.172858],[112.220225,48.112006]]]}},{"type":"Feature","id":"ne_10m_geography_regions_polys-224","properties":{"id":"ne_10m_geography_regions_polys-224","groupId":"ne_10m_geography_regions_polys-224","name":"布雷因斯山脉","nameEn":"Bureinsky Ridge","kind":"mountain","sourceDataset":"ne_10m_geography_regions_polys","sourceUrl":"https://raw.githubusercontent.com/nvkelso/natural-earth-vector/ca96624a56bd078437bca8184e78163e5039ad19/geojson/ne_10m_geography_regions_polys.geojson","sourceFeatureIndices":[224],"sourceId":1159103039,"sourceName":"Bureinskiy Ra.","nameOrigin":"natural-earth-name_zh","geometryNote":"Natural Earth 1:1000万地图概括命名范围；使用来源原始多边形，不是测绘边界或精确山体边界。","bounds":[133.03419,50.364997,135.977183,52.187262],"labelCoordinates":[134.08336570051443,51.209998],"labelCoordinateMethod":"interior-representative-point-of-feature-polygon","minZoom":5.4,"modernBackgroundOnly":true,"unnamed":false,"sourceFeatureClass":"Range/mtn","sourceNameZh":"布雷因斯山脉","sourceWikidataId":"Q893279","geometryDerivation":"exact-source-geometry"},"geometry":{"type":"Polygon","coordinates":[[[133.335216,50.392279],[133.223033,50.364997],[133.112559,50.425727],[133.056407,50.527961],[133.03419,50.658087],[133.046519,50.792792],[133.09315,50.908881],[133.138194,50.960822],[133.196056,51.005805],[133.387462,51.128058],[133.575084,51.291938],[133.68568,51.363898],[133.927257,51.466315],[134.038829,51.530585],[134.327647,51.755316],[134.430553,51.820746],[134.611583,51.91474],[134.797252,51.9961],[134.987804,52.0633],[135.183726,52.114997],[135.53419,52.183905],[135.710826,52.187262],[135.885997,52.146552],[135.977183,52.064582],[135.949596,51.966498],[135.859874,51.872321],[135.765391,51.802314],[135.043834,51.373786],[134.291026,51.029731],[134.205089,50.980292],[133.964366,50.802558],[133.548473,50.545478],[133.444957,50.466193],[133.335216,50.392279]]]}},{"type":"Feature","id":"ne_10m_geography_regions_polys-225","properties":{"id":"ne_10m_geography_regions_polys-225","groupId":"ne_10m_geography_regions_polys-225","name":"扬阿林山脉","nameEn":"Yam-Alin","kind":"mountain","sourceDataset":"ne_10m_geography_regions_polys","sourceUrl":"https://raw.githubusercontent.com/nvkelso/natural-earth-vector/ca96624a56bd078437bca8184e78163e5039ad19/geojson/ne_10m_geography_regions_polys.geojson","sourceFeatureIndices":[225],"sourceId":1159103041,"sourceName":"Yam Alin’ Range","nameOrigin":"natural-earth-name_zh","geometryNote":"Natural Earth 1:1000万地图概括命名范围；使用来源原始多边形，不是测绘边界或精确山体边界。","bounds":[134.152354,52.26557,135.559825,54.373969],"labelCoordinates":[134.7698810583457,53.324988000000005],"labelCoordinateMethod":"interior-representative-point-of-feature-polygon","minZoom":5.4,"modernBackgroundOnly":true,"unnamed":false,"sourceFeatureClass":"Range/mtn","sourceNameZh":"扬阿林山脉","sourceWikidataId":"Q4537513","geometryDerivation":"exact-source-geometry"},"geometry":{"type":"Polygon","coordinates":[[[135.180064,52.267524],[135.052501,52.26557],[134.712657,52.319525],[134.60023,52.353339],[134.509532,52.410712],[134.444835,52.479315],[134.381602,52.560248],[134.330943,52.648261],[134.304454,52.738105],[134.298961,52.995978],[134.284557,53.085273],[134.200206,53.350714],[134.166026,53.482611],[134.152354,53.622565],[134.154796,53.981024],[134.162486,54.036628],[134.175426,54.089789],[134.193858,54.139777],[134.237804,54.216498],[134.297618,54.280219],[134.37379,54.328376],[134.466441,54.358344],[134.589366,54.373969],[134.727794,54.37342],[134.862804,54.350409],[134.975474,54.29859],[135.049937,54.221991],[135.098155,54.128241],[135.29066,53.560675],[135.303844,53.504889],[135.320567,53.373053],[135.337169,53.299262],[135.36378,53.236396],[135.394298,53.176642],[135.42335,53.111884],[135.443736,53.040351],[135.472545,52.887458],[135.492931,52.813178],[135.548228,52.687812],[135.559825,52.62934],[135.548228,52.552436],[135.526988,52.494513],[135.497813,52.441657],[135.46046,52.394416],[135.414317,52.353339],[135.303477,52.294745],[135.180064,52.267524]]]}},{"type":"Feature","id":"ne_10m_geography_regions_polys-228","properties":{"id":"ne_10m_geography_regions_polys-228","groupId":"ne_10m_geography_regions_polys-228","name":"朱格朱尔山脉","nameEn":"Dzhugdzhur Mountains","kind":"mountain","sourceDataset":"ne_10m_geography_regions_polys","sourceUrl":"https://raw.githubusercontent.com/nvkelso/natural-earth-vector/ca96624a56bd078437bca8184e78163e5039ad19/geojson/ne_10m_geography_regions_polys.geojson","sourceFeatureIndices":[228],"sourceId":1730071613,"sourceName":"Dzhugdzhur Range","nameOrigin":"natural-earth-name_zh","geometryNote":"Natural Earth 1:1000万地图概括命名范围；使用来源原始多边形，不是测绘边界或精确山体边界。","bounds":[133.799693,55.220893,140.209483,59.037787],"labelCoordinates":[137.7126651768961,57.154212],"labelCoordinateMethod":"interior-representative-point-of-feature-polygon","minZoom":5.4,"modernBackgroundOnly":true,"unnamed":false,"sourceFeatureClass":"Range/mtn","sourceNameZh":"朱格朱尔山脉","sourceWikidataId":null,"geometryDerivation":"exact-source-geometry"},"geometry":{"type":"Polygon","coordinates":[[[134.958385,55.228034],[134.818004,55.220893],[134.367076,55.225653],[134.266246,55.23725],[134.084972,55.297797],[133.935191,55.403266],[133.834361,55.551215],[133.799693,55.739325],[133.803599,55.826545],[133.816173,55.912848],[133.843761,55.99433],[133.892833,56.066901],[134.015147,56.148993],[134.160167,56.190558],[134.310069,56.224982],[134.447398,56.285712],[134.580943,56.361457],[134.712413,56.410834],[135.091807,56.497321],[135.274425,56.523261],[135.362804,56.550544],[135.626964,56.656562],[135.762218,56.69892],[136.076305,56.765815],[136.235118,56.823432],[136.379621,56.899169],[136.38441,56.901679],[136.529063,57.0008],[136.916881,57.307624],[139.010997,58.668341],[139.193492,58.768012],[139.384288,58.850653],[139.854015,59.016486],[139.996104,59.037787],[140.117442,58.989081],[140.206309,58.810004],[140.209483,58.570624],[140.152354,58.329535],[140.060191,58.145514],[139.853648,57.923407],[139.610362,57.73432],[138.377208,56.946479],[138.294235,56.870906],[138.161632,56.750128],[138.09923,56.686285],[138.053355,56.63935],[137.94044,56.539862],[137.697398,56.357428],[137.618419,56.311469],[137.362315,56.199286],[137.311046,56.16883],[137.17213,56.064948],[137.052013,55.988776],[136.931407,55.930487],[136.80421,55.883429],[136.510949,55.792388],[136.485118,55.784369],[136.308604,55.714606],[135.942271,55.537665],[135.698741,55.372687],[135.612559,55.328681],[135.521129,55.301825],[134.958385,55.228034]]]}},{"type":"Feature","id":"ne_10m_geography_regions_polys-231","properties":{"id":"ne_10m_geography_regions_polys-231","groupId":"ne_10m_geography_regions_polys-231","name":"卡拉套山","nameEn":"Karatau Mountains","kind":"mountain","sourceDataset":"ne_10m_geography_regions_polys","sourceUrl":"https://raw.githubusercontent.com/nvkelso/natural-earth-vector/ca96624a56bd078437bca8184e78163e5039ad19/geojson/ne_10m_geography_regions_polys.geojson","sourceFeatureIndices":[231],"sourceId":1159103055,"sourceName":"Karatau Range","nameOrigin":"natural-earth-name_zh","geometryNote":"Natural Earth 1:1000万地图概括命名范围；使用来源原始多边形，不是测绘边界或精确山体边界。","bounds":[66.18922,42.566107,71.334361,45.201056],"labelCoordinates":[68.60853355115103,43.8218165],"labelCoordinateMethod":"interior-representative-point-of-feature-polygon","minZoom":5.4,"modernBackgroundOnly":true,"unnamed":false,"sourceFeatureClass":"Range/mtn","sourceNameZh":"卡拉套山","sourceWikidataId":"Q2062939","geometryDerivation":"exact-source-geometry"},"geometry":{"type":"Polygon","coordinates":[[[70.678599,42.57508],[70.59193,42.566107],[70.506236,42.575263],[70.2588,42.638617],[70.026256,42.668463],[69.922984,42.699652],[69.825572,42.750251],[69.735118,42.813544],[69.652232,42.88288],[69.588023,42.955268],[69.536143,43.031745],[69.480479,43.104926],[69.405162,43.167182],[69.097545,43.349494],[69.0171,43.381049],[68.77943,43.432318],[68.570726,43.505007],[68.554942,43.510504],[67.421641,44.074652],[67.193736,44.211005],[66.988658,44.372199],[66.894298,44.457404],[66.801524,44.532233],[66.702891,44.599433],[66.361949,44.785102],[66.264659,44.868903],[66.197765,44.978217],[66.18922,45.068305],[66.235606,45.125373],[66.319591,45.160224],[66.479503,45.194525],[66.504161,45.198188],[66.528941,45.200568],[66.553599,45.201056],[66.578014,45.199164],[66.770518,45.13996],[66.892729,45.064983],[66.937755,45.03736],[67.098643,44.919867],[68.215709,44.255378],[68.661998,44.049994],[68.994447,43.928722],[69.580577,43.714911],[70.030528,43.516059],[70.105379,43.470042],[70.435191,43.267279],[70.531871,43.19831],[70.635997,43.132209],[70.743663,43.071906],[70.851085,43.020392],[70.953624,42.994086],[71.159434,42.988471],[71.257701,42.969245],[71.306163,42.945624],[71.331309,42.917121],[71.334361,42.881537],[71.316295,42.836737],[71.254649,42.773139],[71.180064,42.752509],[71.099132,42.750373],[71.018809,42.742438],[70.927989,42.706916],[70.764659,42.608771],[70.678599,42.57508]]]}},{"type":"Feature","id":"ne_10m_geography_regions_polys-232","properties":{"id":"ne_10m_geography_regions_polys-232","groupId":"ne_10m_geography_regions_polys-232","name":"阿瓦利拉山脉","nameEn":"Aravalli Range","kind":"mountain","sourceDataset":"ne_10m_geography_regions_polys","sourceUrl":"https://raw.githubusercontent.com/nvkelso/natural-earth-vector/ca96624a56bd078437bca8184e78163e5039ad19/geojson/ne_10m_geography_regions_polys.geojson","sourceFeatureIndices":[232],"sourceId":1730071631,"sourceName":"Arvalli Ra.","nameOrigin":"natural-earth-name_zh","geometryNote":"Natural Earth 1:1000万地图概括命名范围；使用来源原始多边形，不是测绘边界或精确山体边界。","bounds":[72.098888,24.599982,74.524791,27.110419],"labelCoordinates":[73.27227651786444,25.8330145],"labelCoordinateMethod":"interior-representative-point-of-feature-polygon","minZoom":5.4,"modernBackgroundOnly":true,"unnamed":false,"sourceFeatureClass":"Range/mtn","sourceNameZh":"阿瓦利拉山脉","sourceWikidataId":null,"geometryDerivation":"exact-source-geometry"},"geometry":{"type":"Polygon","coordinates":[[[72.656505,24.627204],[72.456432,24.599982],[72.353038,24.604682],[72.308116,24.618354],[72.270763,24.64234],[72.222667,24.700873],[72.13026,24.871955],[72.105968,24.944403],[72.098888,25.002021],[72.109508,25.114997],[72.148082,25.222113],[72.207286,25.31977],[72.502818,25.622382],[72.550059,25.694831],[72.569713,25.745612],[72.602061,26.011176],[72.611095,26.038188],[72.61439,26.048041],[72.631602,26.082038],[72.65504,26.113105],[72.685557,26.141364],[72.717179,26.159103],[73.066905,26.355292],[73.569347,26.822272],[74.054698,27.100409],[74.094859,27.110053],[74.135753,27.110419],[74.177013,27.099555],[74.461436,26.943122],[74.496593,26.912787],[74.516978,26.880194],[74.524791,26.845771],[74.522227,26.81037],[74.511485,26.77442],[74.437266,26.636664],[74.436534,26.603583],[74.465709,26.507209],[74.470103,26.477545],[74.463756,26.449713],[74.125621,26.045661],[74.049205,25.920417],[73.398204,25.251105],[73.045177,25.030097],[72.896007,24.827643],[72.88441,24.804145],[72.870128,24.721381],[72.86671,24.712897],[72.850108,24.6883],[72.841441,24.679816],[72.832042,24.673407],[72.821544,24.66883],[72.656505,24.627204]]]}},{"type":"Feature","id":"ne_10m_geography_regions_polys-233","properties":{"id":"ne_10m_geography_regions_polys-233","groupId":"ne_10m_geography_regions_polys-233","name":"苏莱曼山脉","nameEn":"Sulaiman Mountains","kind":"mountain","sourceDataset":"ne_10m_geography_regions_polys","sourceUrl":"https://raw.githubusercontent.com/nvkelso/natural-earth-vector/ca96624a56bd078437bca8184e78163e5039ad19/geojson/ne_10m_geography_regions_polys.geojson","sourceFeatureIndices":[233],"sourceId":1159103059,"sourceName":"Sulaiman Ra.","nameOrigin":"natural-earth-name_zh+opencc-tw-to-cn","geometryNote":"Natural Earth 1:1000万地图概括命名范围；使用来源原始多边形，不是测绘边界或精确山体边界。","bounds":[68.925059,29.077094,70.640514,33.730658],"labelCoordinates":[69.89648004119046,31.526984],"labelCoordinateMethod":"interior-representative-point-of-feature-polygon","minZoom":5.4,"modernBackgroundOnly":true,"unnamed":false,"sourceFeatureClass":"Range/mtn","sourceNameZh":"蘇萊曼山脈","sourceWikidataId":"Q784189","geometryDerivation":"exact-source-geometry","nameBeforeSimplification":"蘇萊曼山脈"},"geometry":{"type":"Polygon","coordinates":[[[70.436778,33.40235],[70.507945,33.302802],[70.562633,33.195624],[70.580455,33.136298],[70.587901,33.009223],[70.504161,32.460028],[70.369884,32.115241],[70.34901,31.940924],[70.388194,31.697699],[70.618663,30.998236],[70.640514,30.188666],[70.628429,30.152411],[70.606944,30.125495],[70.515758,30.05329],[70.486461,30.016425],[70.285167,29.486151],[70.232555,29.390998],[70.223033,29.351508],[70.209727,29.201361],[70.194957,29.170478],[70.16859,29.144171],[70.087901,29.097113],[70.018077,29.077094],[69.957164,29.080268],[69.902843,29.10279],[69.853038,29.140815],[69.511363,29.579169],[69.455211,29.700507],[69.430553,29.796576],[69.383433,31.266852],[69.358165,31.356269],[69.305186,32.293647],[69.286021,32.348822],[69.253917,32.395392],[69.09193,32.553473],[69.066783,32.60047],[69.048595,32.795172],[69.031139,32.859015],[68.946056,33.034186],[68.931773,33.08747],[68.925059,33.150519],[68.932017,33.214789],[68.952281,33.278327],[68.964366,33.303473],[68.976207,33.320868],[68.986583,33.327948],[68.994273,33.32215],[69.047252,33.384223],[69.368175,33.639228],[69.466685,33.6883],[69.695445,33.730658],[69.922008,33.718817],[70.037486,33.686164],[70.254893,33.571051],[70.436778,33.40235]]]}},{"type":"Feature","id":"ne_10m_geography_regions_polys-310","properties":{"id":"ne_10m_geography_regions_polys-310","groupId":"ne_10m_geography_regions_polys-310","name":"焦达讷格布尔高原","nameEn":"Chota Nagpur Plateau","kind":"plateau","sourceDataset":"ne_10m_geography_regions_polys","sourceUrl":"https://raw.githubusercontent.com/nvkelso/natural-earth-vector/ca96624a56bd078437bca8184e78163e5039ad19/geojson/ne_10m_geography_regions_polys.geojson","sourceFeatureIndices":[310],"sourceId":1159103231,"sourceName":"Chota Nägpur Plateau","nameOrigin":"natural-earth-name_zh","geometryNote":"Natural Earth 1:1000万地图概括命名范围；使用来源原始多边形，不是测绘边界或精确山体边界。","bounds":[79.745128,21.040595,86.884166,25.245429],"labelCoordinates":[83.22832596856544,23.0016515],"labelCoordinateMethod":"interior-representative-point-of-feature-polygon","minZoom":5.4,"modernBackgroundOnly":true,"unnamed":false,"sourceFeatureClass":"Plateau","sourceNameZh":"焦达讷格布尔高原","sourceWikidataId":"Q1881042","geometryDerivation":"exact-source-geometry"},"geometry":{"type":"Polygon","coordinates":[[[86.496593,23.539801],[86.760997,22.199286],[86.880382,21.89942],[86.884166,21.839423],[86.813975,21.434577],[86.720836,21.249762],[86.552501,21.127997],[86.3296,21.059333],[85.803966,21.040595],[85.035289,21.190131],[84.829723,21.295966],[84.627818,21.444159],[84.470225,21.619269],[84.401622,21.742377],[84.372447,21.768195],[84.182994,21.876044],[84.157237,21.902961],[84.077403,22.074652],[84.056285,22.102301],[84.028453,22.123603],[83.515636,22.291327],[83.425792,22.296393],[83.346202,22.283515],[82.989513,22.131781],[82.545787,22.13172],[82.214854,22.248847],[81.528209,22.337104],[81.490489,22.332038],[81.466075,22.318183],[80.934337,21.346015],[80.848277,21.267646],[80.76295,21.246894],[80.65797,21.298651],[80.547862,21.410346],[80.23109,21.936896],[80.009766,22.561685],[79.930107,22.786561],[79.777721,23.216742],[79.745128,23.53913],[79.869884,24.764716],[79.927379,24.864814],[79.99818,24.922065],[80.868419,25.245429],[81.117776,25.199783],[81.300213,25.166387],[85.589732,24.381171],[86.053966,24.072272],[86.421886,23.692816],[86.496593,23.539801]]]}},{"type":"Feature","id":"ne_10m_geography_regions_polys-418","properties":{"id":"ne_10m_geography_regions_polys-418","groupId":"ne_10m_geography_regions_polys-418","name":"杭爱山","nameEn":"Khangai Mountains","kind":"mountain","sourceDataset":"ne_10m_geography_regions_polys","sourceUrl":"https://raw.githubusercontent.com/nvkelso/natural-earth-vector/ca96624a56bd078437bca8184e78163e5039ad19/geojson/ne_10m_geography_regions_polys.geojson","sourceFeatureIndices":[418],"sourceId":1159103543,"sourceName":"Hangayn Mts.","nameOrigin":"natural-earth-name_zh","geometryNote":"Natural Earth 1:1000万地图概括命名范围；使用来源原始多边形，不是测绘边界或精确山体边界。","bounds":[95.7942,45.583686,103.800426,48.791327],"labelCoordinates":[99.81147962686434,47.1361455],"labelCoordinateMethod":"interior-representative-point-of-feature-polygon","minZoom":5.3,"modernBackgroundOnly":true,"unnamed":false,"sourceFeatureClass":"Range/mtn","sourceNameZh":"杭爱山","sourceWikidataId":"Q747843","geometryDerivation":"exact-source-geometry"},"geometry":{"type":"Polygon","coordinates":[[[103.47047,45.900214],[103.042735,45.687751],[102.584361,45.583686],[101.984705,45.658539],[101.349254,45.73786],[101.028941,45.704596],[100.721324,45.739386],[99.364024,46.138983],[99.086314,46.285651],[98.954845,46.319525],[98.553477,46.506293],[96.659801,46.864081],[96.560435,46.9112],[96.474376,46.968756],[96.43214,47.010932],[96.406016,47.052497],[96.361827,47.219794],[96.340587,47.263739],[96.305308,47.309211],[96.253184,47.352484],[95.936046,47.498725],[95.882945,47.540351],[95.840465,47.594977],[95.811778,47.671393],[95.7942,47.863715],[95.803722,47.946723],[95.843028,48.0539],[95.908092,48.149298],[95.993175,48.23371],[96.201427,48.373114],[97.113536,48.751166],[97.549571,48.791327],[98.86024,48.707038],[100.45399,48.210517],[100.760265,48.053107],[101.792349,47.748957],[102.607921,47.508612],[103.479747,46.994086],[103.60731,46.879401],[103.708751,46.75019],[103.775523,46.604132],[103.800426,46.476447],[103.797618,46.357978],[103.769908,46.248603],[103.720348,46.148261],[103.651866,46.05683],[103.47047,45.900214]]]}},{"type":"Feature","id":"ne_10m_geography_regions_polys-419","properties":{"id":"ne_10m_geography_regions_polys-419","groupId":"ne_10m_geography_regions_polys-419","name":"咸镜山脉","nameEn":"Hamgyong Mountains","kind":"mountain","sourceDataset":"ne_10m_geography_regions_polys","sourceUrl":"https://raw.githubusercontent.com/nvkelso/natural-earth-vector/ca96624a56bd078437bca8184e78163e5039ad19/geojson/ne_10m_geography_regions_polys.geojson","sourceFeatureIndices":[419],"sourceId":1159103545,"sourceName":"Hamgyong Mts.","nameOrigin":"natural-earth-name_zh","geometryNote":"Natural Earth 1:1000万地图概括命名范围；使用来源原始多边形，不是测绘边界或精确山体边界。","bounds":[126.519664,39.463813,130.570079,42.884711],"labelCoordinates":[128.16797100660125,41.170905000000005],"labelCoordinateMethod":"interior-representative-point-of-feature-polygon","minZoom":5.3,"modernBackgroundOnly":true,"unnamed":false,"sourceFeatureClass":"Range/mtn","sourceNameZh":"咸镜山脉","sourceWikidataId":"Q5644542","geometryDerivation":"exact-source-geometry"},"geometry":{"type":"Polygon","coordinates":[[[129.683116,41.589484],[129.684337,41.547126],[129.684453,41.546674],[129.682422,41.494336],[129.733125,41.426237],[129.752452,41.384467],[129.7588,41.340461],[129.756114,41.285468],[129.742076,41.247504],[129.648692,41.104804],[129.628307,41.058539],[129.626964,41.018378],[129.653087,40.987677],[129.715099,40.969672],[129.707652,40.930854],[129.687144,40.894232],[129.656993,40.860236],[129.602564,40.8195],[129.341113,40.726318],[129.245117,40.661035],[129.213243,40.621008],[128.946756,40.428473],[128.945215,40.427881],[128.842969,40.358496],[128.701367,40.317529],[128.610742,40.1979],[128.51123,40.130225],[128.392969,40.088965],[128.304492,40.035937],[128.106348,40.032568],[127.966602,39.995605],[127.86709,39.895947],[127.568164,39.781982],[127.527441,39.695703],[127.547266,39.562793],[127.548541,39.484647],[127.506969,39.463813],[127.180308,39.57807],[127.123302,39.611029],[127.080455,39.653388],[127.056895,39.707953],[127.052257,39.753852],[127.056407,39.789862],[127.081676,39.870185],[127.080821,39.897895],[127.068492,39.93122],[127.016246,40.002326],[126.607188,40.397773],[126.559337,40.473212],[126.532237,40.560126],[126.52108,40.983939],[126.519664,41.037726],[126.526744,41.064826],[126.534923,41.081794],[126.544444,41.094123],[126.601695,41.133734],[126.619762,41.15412],[126.668224,41.18769],[126.675426,41.195197],[126.682506,41.207404],[126.685557,41.220649],[126.683238,41.276313],[126.685435,41.289008],[126.691417,41.30036],[126.719127,41.328315],[126.75233,41.349616],[127.066905,41.435248],[127.129039,41.470587],[127.271617,41.606024],[127.300426,41.618842],[127.329478,41.621955],[127.462413,41.602973],[127.761241,41.661322],[127.807628,41.683173],[127.850352,41.71247],[127.888194,41.751105],[127.93629,41.824408],[128.104747,42.240302],[128.153819,42.309699],[128.217662,42.366645],[128.923595,42.678107],[130.031993,42.884711],[130.099132,42.876593],[130.161143,42.857001],[130.215343,42.822943],[130.280528,42.747138],[130.438853,42.658393],[130.464976,42.637213],[130.557628,42.475531],[130.567882,42.443244],[130.570079,42.411261],[130.562633,42.379523],[130.542979,42.347785],[130.513438,42.320868],[130.469038,42.300677],[130.45752,42.301709],[130.418032,42.277482],[130.249034,42.200629],[130.096206,42.058575],[130.068262,42.045752],[130.007324,41.991162],[129.94981,41.9225],[129.845592,41.825629],[129.774186,41.726117],[129.756348,41.712256],[129.717268,41.646796],[129.688975,41.607367],[129.683116,41.589484]]]}},{"type":"Feature","id":"ne_10m_geography_regions_polys-424","properties":{"id":"ne_10m_geography_regions_polys-424","groupId":"ne_10m_geography_regions_polys-424","name":"钦山脉","nameEn":"Chin Hills","kind":"mountain","sourceDataset":"ne_10m_geography_regions_polys","sourceUrl":"https://raw.githubusercontent.com/nvkelso/natural-earth-vector/ca96624a56bd078437bca8184e78163e5039ad19/geojson/ne_10m_geography_regions_polys.geojson","sourceFeatureIndices":[424],"sourceId":1159103557,"sourceName":"Chin Hills","nameOrigin":"natural-earth-name_zh","geometryNote":"Natural Earth 1:1000万地图概括命名范围；使用来源原始多边形，不是测绘边界或精确山体边界。","bounds":[92.287364,21.373664,93.775157,23.868537],"labelCoordinates":[93.09113880888977,22.6263495],"labelCoordinateMethod":"interior-representative-point-of-feature-polygon","minZoom":5.3,"modernBackgroundOnly":true,"unnamed":false,"sourceFeatureClass":"Range/mtn","sourceNameZh":"钦山脉","sourceWikidataId":"Q2597340","geometryDerivation":"exact-source-geometry"},"geometry":{"type":"Polygon","coordinates":[[[93.563243,21.491034],[93.490733,21.406012],[93.5171,21.445746],[92.984386,21.373664],[92.948497,21.379828],[92.911876,21.392829],[92.709361,21.540778],[92.631724,21.630133],[92.6067,21.679572],[92.589854,21.73609],[92.578136,22.06269],[92.566905,22.12049],[92.41859,22.380988],[92.396739,22.475775],[92.400157,22.562201],[92.422252,22.64289],[92.562999,22.961432],[92.577891,23.053412],[92.566661,23.176154],[92.570079,23.18653],[92.576671,23.196051],[92.612315,23.233588],[92.617686,23.244879],[92.619151,23.257758],[92.607432,23.307868],[92.580821,23.357367],[92.334972,23.623542],[92.287364,23.725104],[92.289561,23.797797],[92.330699,23.844123],[92.399791,23.866828],[92.486339,23.868537],[92.579478,23.851874],[92.66859,23.819464],[93.309825,23.263068],[93.661876,22.841376],[93.746226,22.68714],[93.769542,22.609809],[93.775157,22.513495],[93.675426,22.130927],[93.639171,21.682318],[93.611705,21.580512],[93.563243,21.491034]]]}},{"type":"Feature","id":"ne_10m_geography_regions_polys-425","properties":{"id":"ne_10m_geography_regions_polys-425","groupId":"ne_10m_geography_regions_polys-425","name":"阴山","nameEn":"Yin Mountains","kind":"mountain","sourceDataset":"ne_10m_geography_regions_polys","sourceUrl":"https://raw.githubusercontent.com/nvkelso/natural-earth-vector/ca96624a56bd078437bca8184e78163e5039ad19/geojson/ne_10m_geography_regions_polys.geojson","sourceFeatureIndices":[425],"sourceId":1730072653,"sourceName":"Yin Mts.","nameOrigin":"natural-earth-name_zh","geometryNote":"Natural Earth 1:1000万地图概括命名范围；使用来源原始多边形，不是测绘边界或精确山体边界。","bounds":[105.700938,40.835211,111.70692,42.403632],"labelCoordinates":[108.65917559880864,41.611365],"labelCoordinateMethod":"interior-representative-point-of-feature-polygon","minZoom":4.5,"modernBackgroundOnly":true,"unnamed":false,"existingLabelId":"mountain-ne_10m_geography_regions_polys-425","sourceFeatureClass":"Range/mtn","sourceNameZh":"阴山","sourceWikidataId":"Q1152132","geometryDerivation":"exact-source-geometry"},"geometry":{"type":"Polygon","coordinates":[[[111.557017,41.681891],[111.703245,41.234576],[111.70692,41.223334],[111.631905,41.178586],[111.434114,41.060598],[111.204234,40.923468],[110.816173,40.835211],[107.350289,41.339969],[107.182628,41.364386],[107.006114,41.188056],[106.547618,41.046881],[106.159434,41.223334],[105.700938,41.540839],[106.018443,42.140509],[106.563975,42.326483],[107.682628,42.403632],[111.098399,41.964179],[111.557017,41.681891]]]}},{"type":"Feature","id":"ne_10m_geography_regions_polys-426","properties":{"id":"ne_10m_geography_regions_polys-426","groupId":"ne_10m_geography_regions_polys-426","name":"西萨彦岭","nameEn":"Western Sayan","kind":"mountain","sourceDataset":"ne_10m_geography_regions_polys","sourceUrl":"https://raw.githubusercontent.com/nvkelso/natural-earth-vector/ca96624a56bd078437bca8184e78163e5039ad19/geojson/ne_10m_geography_regions_polys.geojson","sourceFeatureIndices":[426],"sourceId":1730072659,"sourceName":"Western Sayan Mts.","nameOrigin":"natural-earth-name_zh","geometryNote":"Natural Earth 1:1000万地图概括命名范围；使用来源原始多边形，不是测绘边界或精确山体边界。","bounds":[90.84547,51.336737,96.028575,53.213568],"labelCoordinates":[93.47884573416425,52.2789935],"labelCoordinateMethod":"interior-representative-point-of-feature-polygon","minZoom":5.3,"modernBackgroundOnly":true,"unnamed":false,"sourceFeatureClass":"Range/mtn","sourceNameZh":"西萨彦岭","sourceWikidataId":"Q1974954","geometryDerivation":"exact-source-geometry"},"geometry":{"type":"Polygon","coordinates":[[[95.779185,51.630683],[95.746837,51.591071],[95.706309,51.560309],[95.652843,51.536383],[95.487804,51.5008],[95.30836,51.489447],[94.644664,51.626593],[92.090343,51.508368],[91.409312,51.344428],[91.067638,51.336737],[91.002696,51.353705],[90.948009,51.385627],[90.904307,51.430182],[90.871959,51.485053],[90.852343,51.54798],[90.852306,51.548102],[90.84547,51.616828],[90.852672,51.688971],[90.8744,51.762274],[90.938586,51.863333],[90.977672,51.924872],[90.991466,51.957587],[91.000255,51.999335],[90.968761,52.423407],[90.969791,52.433228],[90.984508,52.573554],[91.03004,52.722052],[91.058081,52.770047],[91.065807,52.783271],[91.111095,52.829352],[91.166637,52.855109],[91.199351,52.936957],[93.998595,53.131357],[95.182384,53.213568],[95.468883,53.16297],[95.594981,53.111029],[95.702891,53.035956],[95.828624,52.895026],[95.880626,52.809272],[95.898936,52.766059],[95.909923,52.723822],[95.901378,52.504462],[95.912974,52.427253],[95.940531,52.364621],[96.01588,52.193366],[96.025645,52.153388],[96.028575,52.114203],[96.022838,52.070502],[96.009776,52.030951],[95.779185,51.630683]]]}},{"type":"Feature","id":"ne_10m_geography_regions_polys-427","properties":{"id":"ne_10m_geography_regions_polys-427","groupId":"ne_10m_geography_regions_polys-427","name":"阿巴坎斯基拉山脉","nameEn":"Abakan Range","kind":"mountain","sourceDataset":"ne_10m_geography_regions_polys","sourceUrl":"https://raw.githubusercontent.com/nvkelso/natural-earth-vector/ca96624a56bd078437bca8184e78163e5039ad19/geojson/ne_10m_geography_regions_polys.geojson","sourceFeatureIndices":[427],"sourceId":1730072663,"sourceName":"Abakanskiy Ra.","nameOrigin":"natural-earth-name_zh","geometryNote":"Natural Earth 1:1000万地图概括命名范围；使用来源原始多边形，不是测绘边界或精确山体边界。","bounds":[88.367931,49.159125,91.189098,54.170295],"labelCoordinates":[89.64950138329945,51.661474999999996],"labelCoordinateMethod":"interior-representative-point-of-feature-polygon","minZoom":5.3,"modernBackgroundOnly":true,"unnamed":false,"sourceFeatureClass":"Range/mtn","sourceNameZh":"阿巴坎斯基拉山脉","sourceWikidataId":null,"geometryDerivation":"exact-source-geometry"},"geometry":{"type":"Polygon","coordinates":[[[90.999156,49.846869],[90.962413,49.159125],[90.355113,49.248969],[90.202525,49.411933],[90.11671,49.494757],[90.104869,49.51142],[90.094859,49.531256],[89.922862,49.623847],[89.812389,49.62818],[89.69691,49.661811],[89.010997,50.060736],[88.720217,50.158896],[88.66566,50.177314],[88.61024,50.208686],[88.570689,50.243964],[88.544322,50.283332],[88.528575,50.327094],[88.521488,50.527498],[88.52064,50.551459],[88.535899,50.660956],[88.539129,50.671372],[88.596202,50.855414],[88.60316,50.906623],[88.602061,50.961493],[88.567271,51.110785],[88.396007,51.529853],[88.367931,51.823065],[88.549327,53.073676],[88.637096,53.258734],[88.762584,53.416022],[88.885753,53.502753],[89.028575,53.557196],[89.675304,53.665961],[89.82606,53.71955],[89.960826,53.804999],[90.177013,54.077155],[90.219005,54.114569],[90.266734,54.143134],[90.308849,54.157538],[90.407603,54.170295],[90.769664,54.142401],[90.86378,54.108161],[90.943614,54.057685],[91.010509,53.992926],[91.066173,53.915778],[91.179576,53.628974],[91.189098,53.558905],[91.182628,53.493903],[91.068248,53.176032],[91.058081,52.770047],[91.05775,52.756842],[90.969791,52.433228],[90.958263,52.390815],[90.938586,51.863333],[90.932506,51.700324],[90.898692,51.622626],[90.852343,51.54798],[90.54359,51.050727],[90.529674,51.004218],[90.526744,50.956061],[90.534312,50.903388],[90.564146,50.823039],[90.670024,50.537887],[90.678355,50.515448],[90.911388,50.143988],[90.973277,49.986762],[90.990889,49.891558],[90.999156,49.846869]]]}},{"type":"Feature","id":"ne_10m_geography_regions_polys-428","properties":{"id":"ne_10m_geography_regions_polys-428","groupId":"ne_10m_geography_regions_polys-428","name":"唐努乌拉山脉","nameEn":"Tannu-Ola mountains","kind":"mountain","sourceDataset":"ne_10m_geography_regions_polys","sourceUrl":"https://raw.githubusercontent.com/nvkelso/natural-earth-vector/ca96624a56bd078437bca8184e78163e5039ad19/geojson/ne_10m_geography_regions_polys.geojson","sourceFeatureIndices":[428],"sourceId":1159103567,"sourceName":"Tannu-Ola Ra.","nameOrigin":"natural-earth-name_zh+opencc-tw-to-cn","geometryNote":"Natural Earth 1:1000万地图概括命名范围；使用来源原始多边形，不是测绘边界或精确山体边界。","bounds":[90.160777,49.870063,96.65797,51.597113],"labelCoordinates":[92.10084618846585,50.729163],"labelCoordinateMethod":"interior-representative-point-of-feature-polygon","minZoom":5.3,"modernBackgroundOnly":true,"unnamed":false,"sourceFeatureClass":"Range/mtn","sourceNameZh":"唐努烏拉山脈","sourceWikidataId":"Q620493","geometryDerivation":"exact-source-geometry","nameBeforeSimplification":"唐努烏拉山脈"},"geometry":{"type":"Polygon","coordinates":[[[96.177379,50.998969],[96.493785,50.717353],[96.618419,50.538092],[96.649547,50.457099],[96.65797,50.381293],[96.642223,50.310309],[96.633324,50.295905],[96.601085,50.24372],[96.533092,50.181281],[96.357188,50.083869],[96.188975,50.022589],[96.01356,49.996894],[95.924937,50.002875],[95.836681,50.024115],[95.749156,50.062995],[95.660655,50.128669],[95.464423,50.343337],[95.436534,50.373847],[95.357188,50.433112],[94.906749,50.612311],[94.089122,50.740973],[92.52296,50.684272],[92.319224,50.642585],[91.944834,50.486157],[91.895885,50.465705],[91.873302,50.444342],[91.801402,50.314337],[91.603282,50.120429],[91.589854,50.095649],[91.466319,50.078009],[91.087657,49.909247],[90.990889,49.891558],[90.873302,49.870063],[90.772227,49.873114],[90.680064,49.895575],[90.642223,49.91474],[90.445811,50.095587],[90.408336,50.118109],[90.241466,50.167243],[90.210948,50.181891],[90.1869,50.20539],[90.169932,50.241461],[90.160777,50.294074],[90.169078,50.387519],[90.204356,50.478583],[90.261003,50.554484],[90.331309,50.648688],[90.564146,50.823039],[90.973521,51.129584],[91.34193,51.287177],[91.802257,51.344001],[92.349132,51.50672],[94.245006,51.597113],[95.799571,51.209479],[96.177379,50.998969]]]}},{"type":"Feature","id":"ne_10m_geography_regions_polys-429","properties":{"id":"ne_10m_geography_regions_polys-429","groupId":"ne_10m_geography_regions_polys-429","name":"太行山","nameEn":"Taihang Mountains","kind":"mountain","sourceDataset":"ne_10m_geography_regions_polys","sourceUrl":"https://raw.githubusercontent.com/nvkelso/natural-earth-vector/ca96624a56bd078437bca8184e78163e5039ad19/geojson/ne_10m_geography_regions_polys.geojson","sourceFeatureIndices":[429],"sourceId":1159103569,"sourceName":"Taihang Mts.","nameOrigin":"natural-earth-name_zh","geometryNote":"Natural Earth 1:1000万地图概括命名范围；使用来源原始多边形，不是测绘边界或精确山体边界。","bounds":[112.876231,35.356208,114.897472,41.665595],"labelCoordinates":[113.74059554863126,38.642493],"labelCoordinateMethod":"interior-representative-point-of-feature-polygon","minZoom":4.2,"modernBackgroundOnly":true,"unnamed":false,"existingLabelId":"mountain-ne_10m_geography_regions_polys-429","sourceFeatureClass":"Range/mtn","sourceNameZh":"太行山","sourceWikidataId":"Q284226","geometryDerivation":"exact-source-geometry"},"geometry":{"type":"Polygon","coordinates":[[[113.86317,35.477301],[113.250865,35.356208],[113.154918,35.359809],[113.095103,35.388251],[113.065562,35.4383],[113.059703,35.507025],[113.170543,36.071479],[113.09669,36.758307],[112.988536,37.074836],[112.965587,37.214911],[112.979503,37.324958],[113.058726,37.589484],[113.063487,37.66175],[113.053355,37.725043],[112.909679,37.999762],[112.889293,38.064948],[112.876231,38.209052],[112.898814,38.335211],[112.948375,38.448188],[113.242686,38.865363],[113.29713,38.984992],[113.325328,39.116767],[113.340465,40.957282],[113.258922,41.223395],[113.258922,41.274359],[113.273204,41.323554],[113.303722,41.37226],[113.342296,41.409186],[113.387218,41.436103],[113.489024,41.466559],[113.702647,41.487555],[113.750865,41.504035],[113.960948,41.633979],[114.013682,41.653022],[114.081065,41.665595],[114.223643,41.662299],[114.503184,41.581794],[114.637706,41.51612],[114.757579,41.423407],[114.80421,41.36872],[114.841685,41.308234],[114.869884,41.241645],[114.897472,41.089423],[114.893321,40.97956],[114.839976,40.786139],[114.661143,40.429877],[114.609141,40.265998],[114.603404,40.119574],[114.686534,39.728217],[114.684459,39.709723],[114.675304,39.700568],[114.648448,39.691779],[114.637462,39.68299],[114.632823,39.665107],[114.641124,39.592414],[114.633678,39.553046],[114.55836,39.400153],[114.545665,39.35987],[114.542735,39.193793],[114.535899,39.157355],[114.435802,38.970649],[114.393932,38.836798],[114.402559,37.907961],[114.41074,37.027248],[114.41325,36.75706],[114.418101,36.234809],[114.391612,36.137763],[114.346934,36.038947],[114.000011,35.57392],[113.932872,35.517035],[113.86317,35.477301]]]}},{"type":"Feature","id":"ne_10m_geography_regions_polys-430","properties":{"id":"ne_10m_geography_regions_polys-430","groupId":"ne_10m_geography_regions_polys-430","name":"吕梁山","nameEn":"Lüliang Mountains","kind":"mountain","sourceDataset":"ne_10m_geography_regions_polys","sourceUrl":"https://raw.githubusercontent.com/nvkelso/natural-earth-vector/ca96624a56bd078437bca8184e78163e5039ad19/geojson/ne_10m_geography_regions_polys.geojson","sourceFeatureIndices":[430],"sourceId":1159103571,"sourceName":"Lüliang Mts.","nameOrigin":"natural-earth-name_zh","geometryNote":"Natural Earth 1:1000万地图概括命名范围；使用来源原始多边形，不是测绘边界或精确山体边界。","bounds":[111.136485,34.717597,113.033946,41.011054],"labelCoordinates":[112.06143782259,37.821082000000004],"labelCoordinateMethod":"interior-representative-point-of-feature-polygon","minZoom":5.0,"modernBackgroundOnly":true,"unnamed":false,"existingLabelId":"mountain-ne_10m_geography_regions_polys-430","sourceFeatureClass":"Range/mtn","sourceNameZh":"吕梁山","sourceWikidataId":"Q1538623","geometryDerivation":"exact-source-geometry"},"geometry":{"type":"Polygon","coordinates":[[[112.51828,34.783599],[112.216563,34.717597],[112.120982,34.73432],[111.916759,34.832221],[111.847179,34.846381],[111.803966,34.846869],[111.764171,34.860114],[111.666881,34.868964],[111.577281,34.912909],[111.496715,34.984198],[111.368053,35.17713],[111.290782,35.384833],[111.268214,35.991165],[111.264356,36.094824],[111.217296,37.359198],[111.29835,37.740058],[111.298717,37.877387],[111.144908,38.377204],[111.136485,38.485785],[111.165416,38.702155],[111.553722,39.879096],[111.580333,40.083991],[111.568492,40.364447],[111.588145,40.449897],[111.62672,40.52088],[111.670909,40.571112],[111.932872,40.756171],[112.141734,40.965644],[112.1963,41.003852],[112.211314,41.011054],[112.33314,40.719489],[112.592784,39.367621],[112.701671,39.143744],[112.732677,39.016791],[112.828624,37.764777],[112.959727,37.333808],[113.033946,35.505805],[112.984752,35.172431],[112.915782,34.951606],[112.889049,34.907294],[112.85731,34.873053],[112.823922,34.851622],[112.821178,34.84986],[112.51828,34.783599]]]}},{"type":"Feature","id":"ne_10m_geography_regions_polys-431","properties":{"id":"ne_10m_geography_regions_polys-431","groupId":"ne_10m_geography_regions_polys-431","name":"秦岭","nameEn":"Qinling","kind":"mountain","sourceDataset":"ne_10m_geography_regions_polys","sourceUrl":"https://raw.githubusercontent.com/nvkelso/natural-earth-vector/ca96624a56bd078437bca8184e78163e5039ad19/geojson/ne_10m_geography_regions_polys.geojson","sourceFeatureIndices":[431],"sourceId":1159103573,"sourceName":"Qinling Mountains","nameOrigin":"natural-earth-name_zh","geometryNote":"Natural Earth 1:1000万地图概括命名范围；使用来源原始多边形，不是测绘边界或精确山体边界。","bounds":[105.027599,32.525031,114.2046,34.857489],"labelCoordinates":[109.266923577623,33.7241275],"labelCoordinateMethod":"interior-representative-point-of-feature-polygon","minZoom":3.6,"modernBackgroundOnly":true,"unnamed":false,"existingLabelId":"mountain-ne_10m_geography_regions_polys-431","sourceFeatureClass":"Range/mtn","sourceNameZh":"秦岭","sourceWikidataId":"Q863798","geometryDerivation":"exact-source-geometry"},"geometry":{"type":"Polygon","coordinates":[[[112.99232,34.727668],[113.391002,34.11695],[113.411021,34.045905],[113.3921,34.010749],[113.333507,33.981452],[113.307384,33.945441],[113.306773,33.903998],[113.325938,33.858344],[113.597789,33.483832],[114.168712,32.94184],[114.19337,32.895758],[114.2046,32.85401],[114.203136,32.815009],[114.189708,32.776984],[113.98878,32.550971],[113.96339,32.533026],[113.9369,32.525031],[113.906627,32.528449],[113.870006,32.544501],[112.764293,33.513007],[112.580699,33.605048],[112.525035,33.618537],[112.414439,33.61579],[112.41505,33.554023],[112.433482,33.496588],[112.485362,33.394294],[112.499034,33.349372],[112.491588,33.308478],[112.452891,33.271552],[112.373424,33.238532],[112.296886,33.221259],[112.227672,33.216376],[112.163463,33.221869],[111.858653,33.335028],[111.859386,33.286628],[111.872813,33.245246],[111.93922,33.138983],[111.954112,33.101264],[111.957286,33.058356],[111.943736,33.007758],[111.93336,32.988959],[111.838878,32.902411],[111.826671,32.886054],[111.811778,32.84986],[111.792003,32.772528],[111.785167,32.756354],[111.776134,32.742804],[111.685435,32.681586],[111.56776,32.662299],[110.774425,32.84925],[110.487804,32.814582],[109.935313,32.653205],[109.793101,32.634223],[108.931285,32.700507],[108.840587,32.73017],[108.575938,32.888922],[107.598155,33.271796],[105.88856,33.197882],[105.591807,33.233588],[105.463267,33.280402],[105.355968,33.353034],[105.242931,33.482123],[105.146739,33.639228],[105.074229,33.809027],[105.032359,33.976081],[105.027599,34.035468],[105.031627,34.087348],[105.043712,34.133612],[105.087901,34.215583],[105.291759,34.440802],[105.402476,34.519538],[105.519786,34.577216],[105.771251,34.642157],[106.255748,34.65882],[106.847179,34.555609],[107.34901,34.539313],[107.848155,34.357856],[109.213634,34.347419],[111.140025,34.800666],[111.406993,34.79151],[112.07545,34.67237],[112.222789,34.679267],[112.51828,34.783599],[112.708018,34.850592],[112.808604,34.857489],[112.823922,34.851622],[112.903087,34.821295],[112.99232,34.727668]]]}},{"type":"Feature","id":"ne_10m_geography_regions_polys-432","properties":{"id":"ne_10m_geography_regions_polys-432","groupId":"ne_10m_geography_regions_polys-432","name":"大娄山","nameEn":"Dalou Mountains","kind":"mountain","sourceDataset":"ne_10m_geography_regions_polys","sourceUrl":"https://raw.githubusercontent.com/nvkelso/natural-earth-vector/ca96624a56bd078437bca8184e78163e5039ad19/geojson/ne_10m_geography_regions_polys.geojson","sourceFeatureIndices":[432],"sourceId":1159103575,"sourceName":"Dalou Mts.","nameOrigin":"natural-earth-name_zh","geometryNote":"Natural Earth 1:1000万地图概括命名范围；使用来源原始多边形，不是测绘边界或精确山体边界。","bounds":[103.851695,26.395087,108.337413,29.643927],"labelCoordinates":[106.00948304234703,27.984595499999998],"labelCoordinateMethod":"interior-representative-point-of-feature-polygon","minZoom":5.3,"modernBackgroundOnly":true,"unnamed":false,"sourceFeatureClass":"Range/mtn","sourceNameZh":"大娄山","sourceWikidataId":"Q1158071","geometryDerivation":"exact-source-geometry"},"geometry":{"type":"Polygon","coordinates":[[[107.844615,29.242011],[107.885875,29.226386],[107.900157,29.229254],[108.036632,29.350898],[108.05128,29.355658],[108.080089,29.33869],[108.149669,29.241461],[108.274181,28.951056],[108.337413,28.583197],[108.333385,28.554206],[108.319591,28.508612],[108.305919,28.479865],[108.292125,28.462836],[108.248302,28.429145],[108.232066,28.406317],[108.21461,28.369086],[108.138682,27.916877],[108.108531,27.853278],[108.073985,27.807624],[107.978526,27.733588],[107.757457,27.615546],[107.454112,27.380927],[107.390636,27.351386],[107.327525,27.336676],[107.000377,27.376715],[106.666515,27.341742],[106.595348,27.315009],[106.566772,27.29535],[106.52943,27.26966],[106.25233,26.961798],[106.126964,26.868476],[106.087901,26.814887],[106.075572,26.763068],[106.094493,26.615424],[106.084605,26.568061],[106.049205,26.521308],[105.963634,26.454474],[105.887584,26.414374],[105.818614,26.395087],[105.445811,26.408759],[105.405772,26.429267],[105.37794,26.462836],[105.313487,26.590094],[105.28065,26.623847],[104.891246,26.748053],[104.826305,26.751532],[104.787852,26.761542],[104.767467,26.777106],[104.745494,26.821906],[104.726817,26.849433],[104.691173,26.879218],[104.543346,26.954474],[104.395518,27.072455],[104.005992,27.609931],[103.911265,27.813178],[103.852183,28.052314],[103.851695,28.096503],[103.862193,28.137824],[103.886119,28.178534],[103.926158,28.221137],[104.117076,28.36994],[104.175059,28.435736],[104.218272,28.520392],[104.236949,28.575202],[104.254771,28.609076],[104.281459,28.628763],[104.281993,28.629157],[104.317271,28.638983],[104.504161,28.644965],[104.681163,28.683661],[105.092418,28.681037],[105.191173,28.699713],[105.296153,28.745368],[105.343517,28.779088],[105.411632,28.827582],[105.45692,28.848822],[105.515636,28.852973],[105.767819,28.814433],[105.805186,28.808722],[105.87086,28.810126],[105.92567,28.827582],[106.167331,29.023428],[106.713145,29.465766],[106.915948,29.537163],[106.959849,29.552619],[106.973366,29.554745],[107.098765,29.574469],[107.255138,29.63935],[107.281383,29.643927],[107.310557,29.640937],[107.344737,29.628363],[107.390147,29.598273],[107.559215,29.380378],[107.600352,29.349189],[107.743541,29.298835],[107.844615,29.242011]]]}},{"type":"Feature","id":"ne_10m_geography_regions_polys-433","properties":{"id":"ne_10m_geography_regions_polys-433","groupId":"ne_10m_geography_regions_polys-433","name":"扁担山脉","nameEn":"Dângrêk Mountains","kind":"mountain","sourceDataset":"ne_10m_geography_regions_polys","sourceUrl":"https://raw.githubusercontent.com/nvkelso/natural-earth-vector/ca96624a56bd078437bca8184e78163e5039ad19/geojson/ne_10m_geography_regions_polys.geojson","sourceFeatureIndices":[433],"sourceId":1159103577,"sourceName":"Dângrêk Ra.","nameOrigin":"natural-earth-name_zh+opencc-tw-to-cn","geometryNote":"Natural Earth 1:1000万地图概括命名范围；使用来源原始多边形，不是测绘边界或精确山体边界。","bounds":[100.645885,13.830146,105.760387,15.568976],"labelCoordinates":[103.24319008928472,14.692175500000001],"labelCoordinateMethod":"interior-representative-point-of-feature-polygon","minZoom":5.3,"modernBackgroundOnly":true,"unnamed":false,"sourceFeatureClass":"Range/mtn","sourceNameZh":"扁擔山脈","sourceWikidataId":"Q939398","geometryDerivation":"exact-source-geometry","nameBeforeSimplification":"扁擔山脈"},"geometry":{"type":"Polygon","coordinates":[[[101.68275,15.096137],[104.868907,14.922614],[105.039439,14.94184],[105.205089,14.985541],[105.386729,15.086493],[105.418712,15.092353],[105.451427,15.088752],[105.475719,15.077887],[105.680431,14.870551],[105.722179,14.809638],[105.747691,14.745307],[105.760387,14.671759],[105.758311,14.529303],[105.739146,14.433051],[105.705455,14.343207],[105.657725,14.26203],[105.596324,14.191718],[105.521617,14.134467],[105.433971,14.092475],[105.231578,14.057257],[105.036265,14.060004],[104.307506,14.257392],[103.952891,14.27558],[103.206554,14.156806],[103.156139,14.140998],[103.108409,14.117865],[103.06422,14.085395],[102.879283,13.886969],[102.84254,13.862616],[102.801524,13.844977],[102.739146,13.834174],[102.543468,13.830146],[102.473033,13.883002],[101.230235,14.255683],[100.785167,14.613959],[100.747325,14.659491],[100.718394,14.712592],[100.653575,14.932746],[100.645885,14.987189],[100.648936,15.017035],[100.667613,15.073127],[100.765147,15.243598],[101.084117,15.545417],[101.114757,15.561957],[101.146983,15.568976],[101.187511,15.564032],[101.229015,15.547309],[101.310313,15.489203],[101.437144,15.347541],[101.543712,15.180976],[101.588267,15.134772],[101.611827,15.118537],[101.635265,15.107184],[101.68275,15.096137]]]}},{"type":"Feature","id":"ne_10m_geography_regions_polys-434","properties":{"id":"ne_10m_geography_regions_polys-434","groupId":"ne_10m_geography_regions_polys-434","name":"纳加丘陵","nameEn":"Naga hills","kind":"mountain","sourceDataset":"ne_10m_geography_regions_polys","sourceUrl":"https://raw.githubusercontent.com/nvkelso/natural-earth-vector/ca96624a56bd078437bca8184e78163e5039ad19/geojson/ne_10m_geography_regions_polys.geojson","sourceFeatureIndices":[434],"sourceId":1159103579,"sourceName":"Naga Hills","nameOrigin":"natural-earth-name_zh+opencc-tw-to-cn","geometryNote":"Natural Earth 1:1000万地图概括命名范围；使用来源原始多边形，不是测绘边界或精确山体边界。","bounds":[93.300792,23.33747,95.919932,27.293647],"labelCoordinates":[94.31329758782312,25.4149845],"labelCoordinateMethod":"interior-representative-point-of-feature-polygon","minZoom":5.3,"modernBackgroundOnly":true,"unnamed":false,"sourceFeatureClass":"Range/mtn","sourceNameZh":"納加丘陵","sourceWikidataId":"Q3109835","geometryDerivation":"exact-source-geometry","nameBeforeSimplification":"納加丘陵"},"geometry":{"type":"Polygon","coordinates":[[[94.073985,23.345526],[94.023936,23.33747],[93.968376,23.393068],[93.935802,23.425666],[93.743541,23.430915],[93.697276,23.442023],[93.656627,23.46247],[93.61964,23.495124],[93.361217,23.955939],[93.312266,24.102301],[93.300792,24.183234],[93.304698,24.376471],[93.848155,25.98609],[94.025401,26.225043],[94.703746,26.865241],[95.493663,27.286444],[95.619395,27.293647],[95.721202,27.256659],[95.800426,27.184638],[95.858531,27.086859],[95.896861,26.97248],[95.919932,26.730536],[95.907237,26.621405],[95.876353,26.530463],[95.85349,26.494163],[95.82484,26.448676],[95.706211,26.342692],[95.367931,26.040473],[95.202358,25.813526],[95.075328,25.639411],[94.867198,25.190558],[94.641124,24.296759],[94.580577,24.163336],[94.502208,24.045295],[94.25587,23.788031],[94.233165,23.745917],[94.171886,23.426154],[94.158336,23.398932],[94.139049,23.376349],[94.111705,23.358527],[94.073985,23.345526]]]}},{"type":"Feature","id":"ne_10m_geography_regions_polys-435","properties":{"id":"ne_10m_geography_regions_polys-435","groupId":"ne_10m_geography_regions_polys-435","name":"若开山脉","nameEn":"Arakan Mountains","kind":"mountain","sourceDataset":"ne_10m_geography_regions_polys","sourceUrl":"https://raw.githubusercontent.com/nvkelso/natural-earth-vector/ca96624a56bd078437bca8184e78163e5039ad19/geojson/ne_10m_geography_regions_polys.geojson","sourceFeatureIndices":[435],"sourceId":1159103581,"sourceName":"Arakan Yoma","nameOrigin":"natural-earth-name_zh","geometryNote":"Natural Earth 1:1000万地图概括命名范围；使用来源原始多边形，不是测绘边界或精确山体边界。","bounds":[93.256358,17.226691,95.125377,21.343085],"labelCoordinates":[94.59298677658035,19.211432000000002],"labelCoordinateMethod":"interior-representative-point-of-feature-polygon","minZoom":5.3,"modernBackgroundOnly":true,"unnamed":false,"sourceFeatureClass":"Range/mtn","sourceNameZh":"若开山脉","sourceWikidataId":"Q625425","geometryDerivation":"exact-source-geometry"},"geometry":{"type":"Polygon","coordinates":[[[94.906993,17.226691],[94.832774,17.239081],[94.799083,17.252875],[94.767833,17.272956],[94.765057,17.275557],[94.73878,17.300177],[94.711925,17.335395],[94.62379,17.517279],[94.461192,18.177863],[94.418468,18.231276],[94.407112,18.245473],[94.26582,18.507227],[94.262304,18.533451],[94.27579,18.744482],[94.278331,18.784247],[94.211925,19.115851],[94.136485,19.307013],[94.038463,19.473639],[93.682751,19.882298],[93.707031,19.912158],[93.657649,19.911137],[93.513194,20.077094],[93.489635,20.114203],[93.477916,20.155463],[93.481456,20.202155],[93.521251,20.294806],[93.518809,20.381842],[93.493663,20.462409],[93.423513,20.574535],[93.305675,20.762885],[93.271495,20.84339],[93.256358,20.930487],[93.267345,21.046332],[93.307262,21.140692],[93.370738,21.215094],[93.453258,21.271003],[93.549937,21.309943],[93.645551,21.324584],[93.766368,21.343085],[93.876475,21.340216],[93.97816,21.321784],[94.067149,21.285224],[94.143932,21.232733],[94.209239,21.166693],[94.263682,21.089179],[94.34254,20.908881],[94.377208,20.754645],[94.391124,20.526129],[94.415294,20.419989],[94.439342,20.371649],[94.507579,20.291266],[94.74879,20.080817],[94.851085,19.92005],[94.992198,19.542121],[95.10658,17.609377],[95.125377,17.291754],[95.122813,17.269294],[95.111217,17.253241],[95.087413,17.242011],[94.906993,17.226691]]]}},{"type":"Feature","id":"ne_10m_geography_regions_polys-436","properties":{"id":"ne_10m_geography_regions_polys-436","groupId":"ne_10m_geography_regions_polys-436","name":"南高止山脉","nameEn":"Western Ghats","kind":"mountain","sourceDataset":"ne_10m_geography_regions_polys","sourceUrl":"https://raw.githubusercontent.com/nvkelso/natural-earth-vector/ca96624a56bd078437bca8184e78163e5039ad19/geojson/ne_10m_geography_regions_polys.geojson","sourceFeatureIndices":[436],"sourceId":1730072703,"sourceName":"Southern Ghats","nameOrigin":"natural-earth-name_zh","geometryNote":"Natural Earth 1:1000万地图概括命名范围；使用来源原始多边形，不是测绘边界或精确山体边界。","bounds":[76.344005,8.273383,78.600597,10.725898],"labelCoordinates":[77.13049385910782,9.5485295],"labelCoordinateMethod":"interior-representative-point-of-feature-polygon","minZoom":5.3,"modernBackgroundOnly":true,"unnamed":false,"sourceFeatureClass":"Range/mtn","sourceNameZh":"南高止山脉","sourceWikidataId":null,"geometryDerivation":"exact-source-geometry"},"geometry":{"type":"Polygon","coordinates":[[[78.480724,10.725898],[78.5796,10.460273],[78.600597,10.31977],[78.591441,10.178168],[78.56837,10.102973],[78.531016,10.035712],[78.423595,9.921271],[78.148204,9.745063],[77.531749,9.48194],[77.445079,9.414069],[77.371104,9.32746],[77.328868,9.206549],[77.361339,9.096686],[77.745006,8.664252],[77.780772,8.531989],[77.743175,8.379706],[77.760875,8.397345],[77.737071,8.327948],[77.678111,8.288275],[77.594371,8.273383],[77.496104,8.278266],[77.296641,8.32746],[77.215953,8.361823],[77.161632,8.396064],[77.120372,8.44007],[77.090465,8.489081],[76.993907,8.826483],[76.534434,9.615119],[76.404063,9.95307],[76.344005,10.305365],[76.365709,10.6239],[76.368907,10.670844],[76.538097,10.637641],[76.764972,10.55212],[76.874889,10.510688],[77.054698,10.477484],[77.176524,10.484015],[77.269298,10.51258],[77.575328,10.668708],[77.826182,10.723944],[78.480724,10.725898]]]}},{"type":"Feature","id":"ne_10m_geography_regions_polys-437","properties":{"id":"ne_10m_geography_regions_polys-437","groupId":"ne_10m_geography_regions_polys-437","name":"萨特布拉山脉","nameEn":"Satpura Range","kind":"mountain","sourceDataset":"ne_10m_geography_regions_polys","sourceUrl":"https://raw.githubusercontent.com/nvkelso/natural-earth-vector/ca96624a56bd078437bca8184e78163e5039ad19/geojson/ne_10m_geography_regions_polys.geojson","sourceFeatureIndices":[437],"sourceId":1159103587,"sourceName":"Satpura Range","nameOrigin":"natural-earth-name_zh+opencc-tw-to-cn","geometryNote":"Natural Earth 1:1000万地图概括命名范围；使用来源原始多边形，不是测绘边界或精确山体边界。","bounds":[74.859019,21.064093,80.016124,22.977607],"labelCoordinates":[77.6271209421829,22.0749575],"labelCoordinateMethod":"interior-representative-point-of-feature-polygon","minZoom":5.3,"modernBackgroundOnly":true,"unnamed":false,"sourceFeatureClass":"Range/mtn","sourceNameZh":"薩特布拉山脈","sourceWikidataId":"Q1145416","geometryDerivation":"exact-source-geometry","nameBeforeSimplification":"薩特布拉山脈"},"geometry":{"type":"Polygon","coordinates":[[[79.310557,21.671088],[79.249522,21.646613],[79.181651,21.63288],[78.653697,21.649359],[78.507091,21.627265],[78.318858,21.565009],[77.629283,21.221015],[77.449962,21.1836],[76.814586,21.163275],[76.558482,21.064093],[75.307262,21.069709],[75.155284,21.103888],[75.086436,21.135382],[75.022838,21.179023],[74.96461,21.236457],[74.911998,21.309516],[74.880015,21.371833],[74.862682,21.429328],[74.859019,21.482795],[74.867564,21.53321],[74.887462,21.58161],[74.917247,21.628791],[75.002208,21.723517],[75.026134,21.830329],[75.048473,21.868537],[75.079845,21.903754],[75.160167,21.962958],[75.248057,22.003546],[77.563975,22.439643],[78.021617,22.673224],[78.370128,22.752387],[78.764415,22.914801],[79.673106,22.977607],[79.765391,22.956732],[79.807628,22.93537],[79.847057,22.904364],[79.883678,22.862128],[79.930107,22.786561],[79.931041,22.785041],[80.006114,22.593085],[80.009766,22.561685],[80.016124,22.507025],[80.00587,22.451728],[79.982432,22.406867],[79.948863,22.369818],[79.72523,22.219184],[79.662486,22.146369],[79.547374,21.915045],[79.462901,21.797614],[79.365977,21.705207],[79.310557,21.671088]]]}},{"type":"Feature","id":"ne_10m_geography_regions_polys-438","properties":{"id":"ne_10m_geography_regions_polys-438","groupId":"ne_10m_geography_regions_polys-438","name":"盐岭","nameEn":"Salt Range","kind":"mountain","sourceDataset":"ne_10m_geography_regions_polys","sourceUrl":"https://raw.githubusercontent.com/nvkelso/natural-earth-vector/ca96624a56bd078437bca8184e78163e5039ad19/geojson/ne_10m_geography_regions_polys.geojson","sourceFeatureIndices":[438],"sourceId":1730072715,"sourceName":"Salt Ra.","nameOrigin":"natural-earth-name_zh","geometryNote":"Natural Earth 1:1000万地图概括命名范围；使用来源原始多边形，不是测绘边界或精确山体边界。","bounds":[72.626842,32.905829,75.265636,34.157782],"labelCoordinates":[73.95114157941558,33.658179000000004],"labelCoordinateMethod":"interior-representative-point-of-feature-polygon","minZoom":5.3,"modernBackgroundOnly":true,"unnamed":false,"sourceFeatureClass":"Range/mtn","sourceNameZh":"盐岭","sourceWikidataId":null,"geometryDerivation":"exact-source-geometry"},"geometry":{"type":"Polygon","coordinates":[[[73.23878,32.909857],[73.16273,32.905829],[72.896617,32.941718],[72.823497,32.963446],[72.742564,33.015326],[72.690074,33.067511],[72.655284,33.122077],[72.635265,33.179023],[72.626842,33.238044],[72.64796,33.492865],[72.631724,33.880561],[72.639415,33.949042],[72.660533,33.997931],[72.69337,34.031195],[72.736705,34.052741],[72.788951,34.066535],[73.13085,34.094991],[73.505692,34.12619],[73.556131,34.130388],[73.739024,34.145611],[73.812785,34.15175],[73.885265,34.157782],[73.912732,34.154926],[73.96665,34.14932],[74.405557,34.103683],[74.47755,34.096198],[75.167003,33.917548],[75.208263,33.893744],[75.239879,33.862799],[75.2588,33.823493],[75.265636,33.361518],[75.200572,33.19831],[75.188731,33.182746],[75.173595,33.168586],[75.14149,33.152228],[74.81776,33.082221],[74.712835,33.074936],[74.516443,33.0613],[73.920882,33.019949],[73.51234,32.991584],[73.406689,32.96002],[73.23878,32.909857]]]}},{"type":"Feature","id":"ne_10m_geography_regions_polys-439","properties":{"id":"ne_10m_geography_regions_polys-439","groupId":"ne_10m_geography_regions_polys-439","name":"博罗科努山","nameEn":"Borohoro Mountains","kind":"mountain","sourceDataset":"ne_10m_geography_regions_polys","sourceUrl":"https://raw.githubusercontent.com/nvkelso/natural-earth-vector/ca96624a56bd078437bca8184e78163e5039ad19/geojson/ne_10m_geography_regions_polys.geojson","sourceFeatureIndices":[439],"sourceId":1159103591,"sourceName":"Borohoro Mts.","nameOrigin":"editorial-translation","geometryNote":"Natural Earth 1:1000万地图概括命名范围；使用来源原始多边形，不是测绘边界或精确山体边界。","bounds":[81.149547,42.937995,86.899547,44.960456],"labelCoordinates":[83.6767805407909,44.0002185],"labelCoordinateMethod":"interior-representative-point-of-feature-polygon","minZoom":5.3,"modernBackgroundOnly":true,"unnamed":false,"sourceFeatureClass":"Range/mtn","sourceNameZh":null,"sourceWikidataId":"Q9177711","geometryDerivation":"exact-source-geometry"},"geometry":{"type":"Polygon","coordinates":[[[85.675611,44.060672],[86.771251,43.605475],[86.843516,43.543219],[86.889171,43.468207],[86.899547,43.37757],[86.849498,43.223761],[86.743419,43.107306],[86.594981,43.024359],[86.418346,42.971015],[86.035045,42.937995],[85.704112,42.977668],[83.579508,43.599195],[83.345225,43.667731],[82.237315,43.738959],[82.079723,43.796881],[81.958873,43.886847],[81.853038,43.939765],[81.795665,43.925605],[81.722057,43.930121],[81.242931,44.107245],[81.183849,44.168341],[81.152354,44.275763],[81.149547,44.412787],[81.176768,44.562934],[81.234874,44.709357],[81.32545,44.835578],[81.449351,44.924811],[81.607921,44.960456],[82.140269,44.902167],[83.024303,44.591376],[83.637367,44.498087],[84.669739,44.340994],[85.192271,44.261481],[85.675611,44.060672]]]}},{"type":"Feature","id":"ne_10m_geography_regions_polys-440","properties":{"id":"ne_10m_geography_regions_polys-440","groupId":"ne_10m_geography_regions_polys-440","name":"阿拉塔山脉","nameEn":"Alataw Mountains","kind":"mountain","sourceDataset":"ne_10m_geography_regions_polys","sourceUrl":"https://raw.githubusercontent.com/nvkelso/natural-earth-vector/ca96624a56bd078437bca8184e78163e5039ad19/geojson/ne_10m_geography_regions_polys.geojson","sourceFeatureIndices":[440],"sourceId":1730072723,"sourceName":"Alataw Mts.","nameOrigin":"natural-earth-name_zh","geometryNote":"Natural Earth 1:1000万地图概括命名范围；使用来源原始多边形，不是测绘边界或精确山体边界。","bounds":[76.792491,43.928656,83.254649,46.313971],"labelCoordinates":[79.62884035689069,45.1299505],"labelCoordinateMethod":"interior-representative-point-of-feature-polygon","minZoom":5.3,"modernBackgroundOnly":true,"unnamed":false,"sourceFeatureClass":"Range/mtn","sourceNameZh":"阿拉塔山脉","sourceWikidataId":null,"geometryDerivation":"exact-source-geometry"},"geometry":{"type":"Polygon","coordinates":[[[82.048961,45.672187],[82.152843,45.663459],[82.238292,45.677436],[82.71339,45.965766],[82.817638,46.00373],[82.919444,46.013495],[83.016734,45.985846],[83.075816,45.926459],[83.183971,45.684943],[83.249156,45.387702],[83.254649,45.258612],[83.236095,45.16413],[83.18922,45.120429],[81.83192,45.193549],[81.478892,45.139472],[81.425792,45.113471],[81.371715,45.065497],[81.227428,44.822028],[81.006358,44.57569],[80.976329,44.509772],[80.906139,44.437323],[80.775645,44.398322],[79.861461,44.367255],[79.754893,44.326422],[79.596934,44.228522],[79.084239,44.070868],[78.806529,43.935065],[78.770885,43.928656],[78.733043,43.93183],[78.574474,43.977118],[78.536876,43.980719],[78.048473,43.939765],[77.736705,43.939887],[77.707042,43.95954],[77.680553,43.999701],[77.585948,44.220526],[77.559581,44.254706],[77.53004,44.266059],[77.027599,44.229499],[76.917125,44.246405],[76.834972,44.286872],[76.792491,44.357367],[76.800548,44.464484],[76.858653,44.589911],[76.940074,44.670661],[77.037852,44.718451],[77.360362,44.781317],[77.454356,44.814521],[78.175914,45.476386],[78.312266,45.555121],[78.704234,45.647284],[79.907481,45.701545],[80.047374,45.765937],[80.521251,46.182135],[80.65919,46.264594],[80.821178,46.313971],[80.890514,46.308356],[80.966197,46.275092],[81.429698,45.908087],[81.813975,45.736884],[82.048961,45.672187]]]}},{"type":"Feature","id":"ne_10m_geography_regions_polys-441","properties":{"id":"ne_10m_geography_regions_polys-441","groupId":"ne_10m_geography_regions_polys-441","name":"卡西丘陵","nameEn":"Khasi Hills","kind":"mountain","sourceDataset":"ne_10m_geography_regions_polys","sourceUrl":"https://raw.githubusercontent.com/nvkelso/natural-earth-vector/ca96624a56bd078437bca8184e78163e5039ad19/geojson/ne_10m_geography_regions_polys.geojson","sourceFeatureIndices":[441],"sourceId":1159103595,"sourceName":"Khasi Hills","nameOrigin":"natural-earth-name_zh","geometryNote":"Natural Earth 1:1000万地图概括命名范围；使用来源原始多边形，不是测绘边界或精确山体边界。","bounds":[90.318004,25.091071,93.952037,26.659735],"labelCoordinates":[91.94046135429036,25.8937745],"labelCoordinateMethod":"interior-representative-point-of-feature-polygon","minZoom":5.3,"modernBackgroundOnly":true,"unnamed":false,"sourceFeatureClass":"Range/mtn","sourceNameZh":"卡西丘陵","sourceWikidataId":"Q3182012","geometryDerivation":"exact-source-geometry"},"geometry":{"type":"Polygon","coordinates":[[[93.931651,26.486884],[93.381969,25.726447],[93.370372,25.693061],[93.380504,25.669379],[93.428844,25.61225],[93.453136,25.540717],[93.456187,25.460334],[93.440318,25.37696],[93.408092,25.296088],[93.362071,25.223456],[93.304698,25.164679],[93.238536,25.125495],[93.151866,25.100165],[93.067149,25.091071],[92.983775,25.094794],[91.982066,25.318],[90.667613,25.289374],[90.478526,25.341193],[90.40211,25.380011],[90.36964,25.412055],[90.345225,25.458808],[90.318492,25.580573],[90.318004,25.713629],[90.339488,25.826483],[90.362437,25.875067],[90.393565,25.912482],[90.431529,25.940192],[90.475108,25.95954],[90.573131,25.979315],[90.67689,25.983344],[90.650401,25.983344],[90.7671,26.021674],[91.136485,26.069037],[91.837779,26.26142],[92.490001,26.281928],[92.736461,26.338752],[92.808238,26.375861],[92.865489,26.423529],[93.005626,26.621405],[93.032725,26.648078],[93.062266,26.655768],[93.766856,26.659735],[93.866466,26.637885],[93.938365,26.599066],[93.952037,26.554938],[93.931651,26.486884]]]}},{"type":"Feature","id":"ne_10m_geography_regions_polys-493","properties":{"id":"ne_10m_geography_regions_polys-493","groupId":"ne_10m_geography_regions_polys-493","name":"哈萨克高地","nameEn":"Kazakh Uplands","kind":"plateau","sourceDataset":"ne_10m_geography_regions_polys","sourceUrl":"https://raw.githubusercontent.com/nvkelso/natural-earth-vector/ca96624a56bd078437bca8184e78163e5039ad19/geojson/ne_10m_geography_regions_polys.geojson","sourceFeatureIndices":[493],"sourceId":1730072971,"sourceName":"KAZAKH UPLAND","nameOrigin":"natural-earth-name_zh","geometryNote":"Natural Earth 1:1000万地图概括命名范围；使用来源原始多边形，不是测绘边界或精确山体边界。","bounds":[69.204723,46.313971,78.436656,50.683783],"labelCoordinates":[73.71983689675658,48.468146000000004],"labelCoordinateMethod":"interior-representative-point-of-feature-polygon","minZoom":5.3,"modernBackgroundOnly":true,"unnamed":false,"sourceFeatureClass":"Plateau","sourceNameZh":"哈萨克高地","sourceWikidataId":null,"geometryDerivation":"exact-source-geometry"},"geometry":{"type":"Polygon","coordinates":[[[74.182628,50.659796],[74.840831,50.500556],[75.696544,50.504828],[75.747325,50.490668],[75.824596,50.454779],[75.868053,50.442206],[75.925548,50.439215],[76.187511,50.468878],[76.594737,50.448432],[77.185802,50.32392],[78.354503,49.789374],[78.417613,49.748053],[78.436656,49.685736],[78.422496,49.579779],[78.208995,49.061713],[78.160045,48.994391],[78.130504,48.986212],[78.115001,48.995429],[78.101817,48.975531],[78.086192,48.873114],[78.092784,48.727973],[78.107432,48.654792],[78.155284,48.529303],[78.182872,48.406989],[78.197154,47.777777],[78.170665,47.700995],[78.039928,47.487982],[77.978289,47.315755],[77.903819,47.107672],[77.826671,47.022162],[77.712413,46.956122],[77.420787,46.873969],[76.91505,46.851935],[76.120982,46.949774],[75.558238,46.922553],[75.312022,46.973822],[74.846202,46.944525],[74.804576,46.933051],[74.560069,46.780951],[74.430919,46.658942],[74.062999,46.455268],[73.886485,46.389411],[72.689952,46.313971],[71.437755,46.437018],[69.905894,46.704779],[69.525039,46.876036],[69.308116,46.973578],[69.274791,46.998603],[69.254405,47.036872],[69.204723,47.818183],[69.318004,48.93592],[70.009776,49.915839],[70.349742,50.226813],[71.234752,50.683783],[74.182628,50.659796]]]}},{"type":"Feature","id":"ne_10m_geography_regions_polys-495","properties":{"id":"ne_10m_geography_regions_polys-495","groupId":"ne_10m_geography_regions_polys-495","name":"斯坦诺沃伊高地","nameEn":"Stanovoy Range","kind":"plateau","sourceDataset":"ne_10m_geography_regions_polys","sourceUrl":"https://raw.githubusercontent.com/nvkelso/natural-earth-vector/ca96624a56bd078437bca8184e78163e5039ad19/geojson/ne_10m_geography_regions_polys.geojson","sourceFeatureIndices":[495],"sourceId":1730072981,"sourceName":"STANOVOY UPLAND","nameOrigin":"natural-earth-name_zh","geometryNote":"Natural Earth 1:1000万地图概括命名范围；使用来源原始多边形，不是测绘边界或精确山体边界。","bounds":[108.310313,53.710822,116.395885,59.915168],"labelCoordinates":[111.81458471493977,56.8707035],"labelCoordinateMethod":"interior-representative-point-of-feature-polygon","minZoom":5.3,"modernBackgroundOnly":true,"unnamed":false,"sourceFeatureClass":"Plateau","sourceNameZh":"斯坦诺沃伊高地","sourceWikidataId":null,"geometryDerivation":"exact-source-geometry"},"geometry":{"type":"Polygon","coordinates":[[[114.500743,56.006781],[114.366588,54.962348],[114.457286,54.944953],[114.55067,54.944159],[114.564342,54.842108],[114.534434,54.733588],[114.471202,54.622382],[113.693858,53.897406],[113.448253,53.761725],[113.317149,53.722724],[113.181895,53.710822],[113.043101,53.732001],[112.995372,53.751593],[112.952281,53.780463],[112.713756,54.011054],[112.631358,54.055365],[112.458873,54.107123],[111.265147,54.086615],[111.146983,54.042792],[111.138438,54.03498],[111.133922,54.023444],[111.126475,53.964362],[111.120006,53.952277],[111.108775,53.94361],[111.061046,53.928656],[110.622203,53.940985],[110.533946,54.02912],[110.321422,54.043219],[109.884288,54.172187],[109.700938,54.276068],[109.618419,54.347419],[109.568736,54.419379],[109.547374,54.49256],[109.549571,54.56745],[109.570689,54.644538],[109.755748,55.011847],[109.852794,55.34101],[109.873057,55.51081],[109.859874,55.656195],[109.802501,55.756171],[109.689952,55.789862],[109.511363,55.736151],[109.436778,55.691596],[109.377452,55.63935],[109.291759,55.516547],[109.157725,55.231635],[109.067638,55.103217],[108.57606,54.602301],[108.535899,54.540656],[108.464122,54.333441],[108.442027,54.309149],[108.415416,54.30622],[108.383678,54.331488],[108.351573,54.401801],[108.351329,54.487067],[108.558849,55.034491],[108.560191,55.101569],[108.536388,55.221259],[108.349864,55.708197],[108.310313,56.001776],[108.323009,56.21601],[108.380504,56.481391],[108.480846,56.726935],[108.782481,57.155646],[109.657237,57.794135],[109.765269,57.850165],[109.921031,57.886298],[110.714244,57.901435],[110.962169,57.945929],[111.173595,58.034064],[111.585704,58.351142],[112.823401,58.988608],[113.653064,59.415919],[114.324596,59.761786],[115.014086,59.891014],[115.142955,59.915168],[115.619151,59.906195],[115.852011,59.850495],[116.054454,59.802069],[116.237071,59.705024],[116.31898,59.629584],[116.370128,59.5409],[116.395885,59.44184],[116.394054,59.224433],[116.246349,58.526679],[116.132579,58.326789],[115.966197,58.146308],[115.246593,57.647711],[115.128917,57.529181],[115.044444,57.389228],[115.00294,57.22016],[115.013805,57.014472],[115.086314,56.702033],[115.083263,56.651007],[115.06837,56.60755],[115.039806,56.570075],[114.700694,56.353034],[114.626964,56.271186],[114.570567,56.186286],[114.500743,56.006781]]]}},{"type":"Feature","id":"ne_10m_geography_regions_polys-496","properties":{"id":"ne_10m_geography_regions_polys-496","groupId":"ne_10m_geography_regions_polys-496","name":"黄土高原","nameEn":"Loess Plateau","kind":"plateau","sourceDataset":"ne_10m_geography_regions_polys","sourceUrl":"https://raw.githubusercontent.com/nvkelso/natural-earth-vector/ca96624a56bd078437bca8184e78163e5039ad19/geojson/ne_10m_geography_regions_polys.geojson","sourceFeatureIndices":[496],"sourceId":1159103717,"sourceName":"Loess Plateau","nameOrigin":"natural-earth-name_zh","geometryNote":"Natural Earth 1:1000万地图概括命名范围；使用来源原始多边形，不是测绘边界或精确山体边界。","bounds":[103.601817,34.563483,111.281505,37.771979],"labelCoordinates":[107.45657931198228,36.199683],"labelCoordinateMethod":"interior-representative-point-of-feature-polygon","minZoom":4.0,"modernBackgroundOnly":true,"unnamed":false,"sourceFeatureClass":"Plateau","sourceNameZh":"黄土高原","sourceWikidataId":"Q293730","geometryDerivation":"exact-source-geometry"},"geometry":{"type":"Polygon","coordinates":[[[104.255992,37.771979],[107.160533,37.456],[107.415172,37.481513],[107.539348,37.519331],[107.567882,37.528022],[107.572815,37.528196],[109.288423,37.588922],[109.635387,37.601203],[109.715465,37.586188],[109.863414,37.524054],[110.202469,37.24741],[110.306407,37.162604],[110.443736,36.987128],[110.592906,36.692572],[110.645763,36.622809],[110.687633,36.586493],[110.955089,36.463202],[111.099864,36.33515],[111.234508,36.167426],[111.261241,36.109809],[111.264356,36.094824],[111.272838,36.054023],[111.27003,35.997626],[111.268214,35.991165],[111.253307,35.938117],[111.147594,35.733832],[111.137218,35.678412],[111.144298,35.629889],[111.251598,35.435126],[111.274303,35.368964],[111.281505,35.286811],[111.262462,35.217047],[111.222667,35.158026],[111.167003,35.1081],[110.344493,34.684882],[110.137218,34.645514],[109.200694,34.688788],[108.734752,34.635199],[108.435191,34.563483],[107.306407,34.627631],[106.237071,34.884101],[105.519176,34.900946],[105.410899,34.93592],[105.315929,34.988105],[104.81898,35.400641],[104.755382,35.425727],[104.354503,35.461615],[104.29005,35.479987],[104.141368,35.561103],[104.004039,35.678412],[103.886729,35.815985],[103.843942,35.884053],[103.797374,35.958136],[103.692149,36.23194],[103.648936,36.664019],[103.601817,37.135138],[103.625255,37.325507],[103.692149,37.479743],[103.795421,37.599677],[103.928355,37.68714],[104.084239,37.743964],[104.255992,37.771979]]]}},{"type":"Feature","id":"ne_10m_geography_regions_polys-546","properties":{"id":"ne_10m_geography_regions_polys-546","groupId":"ne_10m_geography_regions_polys-546","name":"小兴安岭","nameEn":"Lesser Khingan","kind":"mountain","sourceDataset":"ne_10m_geography_regions_polys","sourceUrl":"https://raw.githubusercontent.com/nvkelso/natural-earth-vector/ca96624a56bd078437bca8184e78163e5039ad19/geojson/ne_10m_geography_regions_polys.geojson","sourceFeatureIndices":[546],"sourceId":1159103895,"sourceName":"Lesser Khingan Range","nameOrigin":"natural-earth-name_zh","geometryNote":"Natural Earth 1:1000万地图概括命名范围；使用来源原始多边形，不是测绘边界或精确山体边界。","bounds":[124.361827,46.444586,130.962413,51.656928],"labelCoordinates":[128.11499628689262,49.032904],"labelCoordinateMethod":"interior-representative-point-of-feature-polygon","minZoom":5.0,"modernBackgroundOnly":true,"unnamed":false,"existingLabelId":"mountain-ne_10m_geography_regions_polys-546","sourceFeatureClass":"Range/mtn","sourceNameZh":"小兴安岭","sourceWikidataId":"Q404600","geometryDerivation":"exact-source-geometry"},"geometry":{"type":"Polygon","coordinates":[[[128.870372,46.454596],[128.766978,46.444586],[128.676158,46.469062],[128.595225,46.520697],[128.206065,47.00257],[128.197154,47.021735],[128.192027,47.044135],[128.197765,47.185797],[128.193004,47.207221],[127.271495,48.570746],[126.951671,48.852423],[126.831309,48.908515],[126.691051,48.941046],[126.285411,48.966742],[125.002696,49.341559],[124.773204,49.482978],[124.580821,49.675421],[124.559481,49.710486],[124.43922,49.908087],[124.361827,50.170172],[124.413065,50.863827],[124.41981,50.955146],[124.458995,51.044867],[124.520274,51.123542],[124.610567,51.194142],[124.687633,51.254401],[125.266734,51.550788],[125.783092,51.656928],[126.059703,51.656195],[126.327769,51.612616],[126.571178,51.52088],[126.774425,51.3758],[126.921519,51.172248],[126.939342,51.118354],[126.959239,50.964301],[127.07252,50.752204],[127.187999,50.293219],[127.229137,50.206244],[127.28065,50.135077],[127.74569,49.78153],[127.834361,49.714118],[127.942638,49.656867],[128.782237,49.572943],[130.077891,49.099066],[130.292979,48.946234],[130.440318,48.765326],[130.764659,48.130316],[130.840343,47.877814],[130.84962,47.75788],[130.826915,47.658576],[130.762462,47.59217],[130.646495,47.57099],[130.895518,47.380683],[130.925182,47.339606],[130.945445,47.29151],[130.962413,47.213507],[130.960704,47.191169],[130.952037,47.175788],[130.936046,47.16413],[130.764659,47.086432],[130.305308,47.023932],[130.232555,46.99549],[130.06898,46.881659],[129.994395,46.850653],[129.908702,46.835273],[129.735362,46.831488],[129.22877,46.686774],[128.988536,46.506415],[128.870372,46.454596]]]}},{"type":"Feature","id":"ne_10m_geography_regions_polys-547","properties":{"id":"ne_10m_geography_regions_polys-547","groupId":"ne_10m_geography_regions_polys-547","name":"锡霍特山脉","nameEn":"Sikhote-Alin","kind":"mountain","sourceDataset":"ne_10m_geography_regions_polys","sourceUrl":"https://raw.githubusercontent.com/nvkelso/natural-earth-vector/ca96624a56bd078437bca8184e78163e5039ad19/geojson/ne_10m_geography_regions_polys.geojson","sourceFeatureIndices":[547],"sourceId":1159103897,"sourceName":"SIKHOTE-ALIN’ RANGE","nameOrigin":"natural-earth-name_zh","geometryNote":"Natural Earth 1:1000万地图概括命名范围；使用来源原始多边形，不是测绘边界或精确山体边界。","bounds":[132.515636,42.827582,140.559093,51.501166],"labelCoordinates":[137.6437323863016,47.57688],"labelCoordinateMethod":"interior-representative-point-of-feature-polygon","minZoom":5.0,"modernBackgroundOnly":true,"unnamed":false,"sourceFeatureClass":"Range/mtn","sourceNameZh":"锡霍特山脉","sourceWikidataId":"Q155322","geometryDerivation":"exact-source-geometry"},"geometry":{"type":"Polygon","coordinates":[[[133.133556,42.827582],[133.019542,42.828437],[132.907481,42.834052],[132.787852,42.846564],[132.733795,42.862657],[132.708984,42.87583],[132.691434,42.875267],[132.676524,42.879706],[132.589122,42.947089],[132.534312,43.056037],[132.515636,43.179145],[132.518932,43.306525],[132.529674,43.428168],[132.549449,43.527655],[132.587535,43.624518],[132.63734,43.716193],[132.69276,43.800055],[132.800792,43.941107],[133.663341,44.877631],[133.804332,45.01026],[134.258067,45.35932],[134.90565,45.919745],[135.92213,47.001715],[137.200206,48.536139],[137.355479,48.698432],[137.427135,48.783393],[137.487071,48.877997],[137.505382,48.919318],[137.556407,49.06391],[137.604869,49.169806],[137.786021,49.468451],[137.997447,49.874152],[138.076549,50.004523],[138.153087,50.096381],[138.804332,50.60163],[138.914561,50.707099],[139.223033,51.035285],[139.421519,51.224921],[139.630748,51.401862],[139.713023,51.446967],[139.797618,51.466376],[140.19044,51.501166],[140.296275,51.498969],[140.397716,51.47779],[140.506602,51.41352],[140.554454,51.323981],[140.559093,51.215766],[140.53773,51.095404],[140.37379,50.407843],[140.307628,49.796088],[140.305431,49.694159],[140.316661,49.486518],[140.310191,49.38526],[140.303233,49.366767],[140.280284,49.33869],[140.272227,49.320441],[140.271373,49.304023],[140.275645,49.269294],[140.273936,49.252875],[140.237315,49.143683],[140.194957,49.045356],[140.139415,48.964179],[140.007213,48.808478],[139.882823,48.637458],[139.816905,48.557074],[139.736827,48.482489],[139.481456,48.294928],[139.399913,48.226386],[139.326915,48.152045],[138.396739,46.937934],[137.766002,46.263007],[137.539683,45.987677],[137.362315,45.806586],[136.982677,45.469062],[136.866466,45.353766],[136.55128,44.98078],[136.427135,44.866523],[135.843883,44.390998],[135.500865,44.06507],[134.766124,43.451728],[134.697032,43.409552],[134.556651,43.350531],[134.263072,43.245185],[133.617198,42.960028],[133.339732,42.863044],[133.237926,42.839545],[133.133556,42.827582]]]}},{"type":"Feature","id":"ne_10m_geography_regions_polys-549","properties":{"id":"ne_10m_geography_regions_polys-549","groupId":"ne_10m_geography_regions_polys-549","name":"中央高地","nameEn":"Central Highlands","kind":"mountain","sourceDataset":"ne_10m_geography_regions_polys","sourceUrl":"https://raw.githubusercontent.com/nvkelso/natural-earth-vector/ca96624a56bd078437bca8184e78163e5039ad19/geojson/ne_10m_geography_regions_polys.geojson","sourceFeatureIndices":[549],"sourceId":1730073365,"sourceName":"Central Highlands","nameOrigin":"natural-earth-name_zh","geometryNote":"Natural Earth 1:1000万地图概括命名范围；使用来源原始多边形，不是测绘边界或精确山体边界。","bounds":[106.799815,11.707587,108.78419,15.930121],"labelCoordinates":[107.72970653509722,14.112769],"labelCoordinateMethod":"interior-representative-point-of-feature-polygon","minZoom":5.0,"modernBackgroundOnly":true,"unnamed":false,"sourceFeatureClass":"Range/mtn","sourceNameZh":"中央高地","sourceWikidataId":null,"geometryDerivation":"exact-source-geometry"},"geometry":{"type":"Polygon","coordinates":[[[108.542735,11.729865],[108.461681,11.707587],[107.734141,11.721137],[107.628429,11.74549],[107.543346,11.785407],[107.47755,11.840766],[107.42982,11.9112],[107.398814,11.996527],[107.3567,13.009467],[107.076549,13.778693],[107.037364,14.446845],[106.883311,14.783087],[106.813487,15.118659],[106.799815,15.753913],[106.812877,15.789252],[106.86024,15.817328],[107.129527,15.893073],[107.463634,15.930121],[107.55067,15.911994],[107.751964,15.837653],[107.826793,15.789252],[107.867442,15.743354],[107.986827,15.520148],[108.781261,12.830085],[108.78419,12.354926],[108.748668,12.210211],[108.679698,11.923346],[108.634044,11.816657],[108.597423,11.766547],[108.542735,11.729865]]]}},{"type":"Feature","id":"ne_10m_geography_regions_polys-550","properties":{"id":"ne_10m_geography_regions_polys-550","groupId":"ne_10m_geography_regions_polys-550","name":"祁连山","nameEn":"Qilian Mountains","kind":"mountain","sourceDataset":"ne_10m_geography_regions_polys","sourceUrl":"https://raw.githubusercontent.com/nvkelso/natural-earth-vector/ca96624a56bd078437bca8184e78163e5039ad19/geojson/ne_10m_geography_regions_polys.geojson","sourceFeatureIndices":[550],"sourceId":1159103903,"sourceName":"QUILIAN MOUNTAINS","nameOrigin":"natural-earth-name_zh","geometryNote":"Natural Earth 1:1000万地图概括命名范围；使用来源原始多边形，不是测绘边界或精确山体边界。","bounds":[94.345225,36.046942,102.959605,40.140692],"labelCoordinates":[99.05067789756721,38.024939],"labelCoordinateMethod":"interior-representative-point-of-feature-polygon","minZoom":3.8,"modernBackgroundOnly":true,"unnamed":false,"existingLabelId":"mountain-ne_10m_geography_regions_polys-550","sourceFeatureClass":"Range/mtn","sourceNameZh":"祁连山","sourceWikidataId":"Q1072879","geometryDerivation":"exact-source-geometry"},"geometry":{"type":"Polygon","coordinates":[[[102.956798,37.451117],[102.462047,36.439704],[102.303355,36.218573],[102.16505,36.076606],[102.06422,36.046942],[102.025523,36.070624],[101.940196,36.164008],[101.914928,36.179267],[101.879283,36.188361],[101.104381,36.155585],[100.789806,36.204291],[99.873668,36.559027],[99.465343,36.840461],[99.240001,36.928839],[98.992686,36.962714],[98.364757,36.919684],[98.213145,36.946906],[98.082164,37.020819],[97.620494,37.460273],[97.48463,37.525336],[96.673106,37.544135],[96.459483,37.607245],[96.353648,37.660163],[96.333018,37.722419],[96.276622,37.767829],[95.791392,37.893622],[95.296397,38.110968],[95.088267,38.273383],[94.582042,38.458503],[94.506969,38.520941],[94.476573,38.597113],[94.506358,38.689154],[94.56898,38.749396],[94.656016,38.785346],[95.285289,38.806952],[95.372081,38.832831],[95.421397,38.862494],[95.438121,38.895209],[95.426768,38.930487],[95.391856,38.967658],[95.19337,39.084662],[94.492931,39.245978],[94.392955,39.308173],[94.345225,39.397528],[94.366466,39.521186],[94.453868,39.672492],[94.570079,39.797126],[94.708507,39.897711],[95.02589,40.037482],[95.635142,40.140692],[95.656393,40.138259],[96.268827,40.068136],[97.435944,39.934502],[98.297252,39.835883],[98.530053,39.768007],[99.427073,39.506471],[99.527445,39.477206],[99.645396,39.442816],[99.697204,39.401835],[99.71105,39.390883],[100.858653,38.4831],[101.013316,38.392829],[101.113048,38.355048],[102.014445,38.26528],[102.238292,38.242987],[102.374889,38.192084],[102.497325,38.123358],[102.706676,37.93891],[102.864468,37.708619],[102.959605,37.56977],[102.956798,37.451117]]]}},{"type":"Feature","id":"ne_10m_geography_regions_polys-551","properties":{"id":"ne_10m_geography_regions_polys-551","groupId":"ne_10m_geography_regions_polys-551","name":"东萨彦岭","nameEn":"Eastern Sayan Mountains","kind":"mountain","sourceDataset":"ne_10m_geography_regions_polys","sourceUrl":"https://raw.githubusercontent.com/nvkelso/natural-earth-vector/ca96624a56bd078437bca8184e78163e5039ad19/geojson/ne_10m_geography_regions_polys.geojson","sourceFeatureIndices":[551],"sourceId":1730073373,"sourceName":"EASTERN SAYAN MTS.","nameOrigin":"editorial-translation","geometryNote":"Natural Earth 1:1000万地图概括命名范围；使用来源原始多边形，不是测绘边界或精确山体边界。","bounds":[91.621226,51.705451,103.718639,55.884833],"labelCoordinates":[97.14714426917318,53.508307],"labelCoordinateMethod":"interior-representative-point-of-feature-polygon","minZoom":4.6,"modernBackgroundOnly":true,"unnamed":false,"sourceFeatureClass":"Range/mtn","sourceNameZh":"萨彦岭","sourceWikidataId":null,"geometryDerivation":"exact-source-geometry"},"geometry":{"type":"Polygon","coordinates":[[[94.623057,55.216803],[95.015636,55.193305],[95.126598,55.203131],[95.325572,55.265204],[95.701793,55.446784],[95.928477,55.507453],[96.463145,55.526801],[96.72523,55.479621],[98.95753,54.633124],[99.284801,54.453315],[99.815807,54.036933],[103.432017,52.356879],[103.618663,52.224066],[103.686534,52.142157],[103.708873,52.099677],[103.718639,52.063056],[103.718516,52.03028],[103.663585,51.860419],[103.642711,51.848883],[103.293956,51.843207],[103.247081,51.828864],[103.231456,51.802314],[103.224864,51.769782],[103.198009,51.758185],[102.907481,51.810614],[102.725352,51.774115],[102.647227,51.77381],[102.599864,51.792792],[102.545909,51.853461],[102.513438,51.877936],[102.459849,51.886786],[102.286143,51.855902],[101.9463,51.894355],[101.680797,51.883124],[100.985484,51.705451],[98.388438,51.716376],[96.61085,52.009955],[95.940531,52.364621],[95.094371,52.812323],[93.998595,53.131357],[93.836558,53.178534],[92.844737,53.83808],[92.467784,54.188727],[91.824229,54.605536],[91.764171,54.666144],[91.712413,54.735663],[91.669932,54.816352],[91.638438,54.910651],[91.621226,55.007636],[91.621837,55.089789],[91.638316,55.160285],[91.668834,55.221991],[91.764415,55.330878],[92.213327,55.689465],[92.248546,55.717597],[92.442515,55.819892],[92.664806,55.880255],[92.675824,55.880466],[92.904307,55.884833],[93.135631,55.835761],[94.255015,55.294013],[94.623057,55.216803]]]}},{"type":"Feature","id":"ne_10m_geography_regions_polys-552","properties":{"id":"ne_10m_geography_regions_polys-552","groupId":"ne_10m_geography_regions_polys-552","name":"雅布洛诺夫山脉","nameEn":"Yablonoi Mountains","kind":"mountain","sourceDataset":"ne_10m_geography_regions_polys","sourceUrl":"https://raw.githubusercontent.com/nvkelso/natural-earth-vector/ca96624a56bd078437bca8184e78163e5039ad19/geojson/ne_10m_geography_regions_polys.geojson","sourceFeatureIndices":[552],"sourceId":1730073379,"sourceName":"YABLONOVYY RANGE","nameOrigin":"natural-earth-name_zh","geometryNote":"Natural Earth 1:1000万地图概括命名范围；使用来源原始多边形，不是测绘边界或精确山体边界。","bounds":[111.053233,49.370002,121.397105,58.907904],"labelCoordinates":[117.04814337537772,54.090185500000004],"labelCoordinateMethod":"interior-representative-point-of-feature-polygon","minZoom":4.6,"modernBackgroundOnly":true,"unnamed":false,"sourceFeatureClass":"Range/mtn","sourceNameZh":"雅布洛诺夫山脉","sourceWikidataId":"Q201678","geometryDerivation":"exact-source-geometry"},"geometry":{"type":"Polygon","coordinates":[[[117.701305,51.748603],[117.059215,51.266242],[116.986827,51.232123],[116.90504,51.224799],[116.541148,51.307624],[116.438853,51.286139],[116.030284,51.055976],[115.924449,51.016852],[115.506236,50.986029],[115.384532,50.940375],[115.282237,50.871833],[115.197765,50.780768],[115.128917,50.667609],[114.887828,49.866339],[114.754649,49.635993],[114.662608,49.540717],[114.585251,49.488087],[114.549571,49.463813],[114.440807,49.417426],[114.200206,49.370002],[113.576671,49.372504],[113.371042,49.461013],[112.864268,49.679145],[111.26295,49.94184],[111.144176,50.011298],[111.067882,50.119452],[111.053233,50.215155],[111.088145,50.303046],[111.472545,50.673407],[111.898082,51.405036],[113.48585,52.896491],[113.702647,53.169562],[113.781383,53.324286],[113.864879,53.746405],[113.886241,53.804999],[113.921153,53.865607],[114.693614,54.715766],[114.815929,54.805304],[114.871226,54.859198],[115.432872,56.403693],[115.647716,56.731147],[116.194469,57.310309],[116.791392,58.34101],[116.919444,58.491645],[117.078868,58.622504],[117.278331,58.728339],[117.654063,58.851264],[118.00172,58.907172],[118.319713,58.907904],[118.860362,58.790412],[119.695567,58.340766],[120.599132,58.184394],[120.771251,58.097724],[120.938609,57.966681],[121.092418,57.800116],[121.223888,57.607001],[121.324229,57.396247],[121.38502,57.176703],[121.397105,56.957404],[121.074474,55.675299],[120.991954,55.525214],[120.349742,54.685004],[120.287486,54.50672],[120.249278,54.439032],[120.007213,54.159796],[119.934947,54.020575],[119.52711,53.611335],[119.462901,53.577521],[119.184703,53.515876],[119.128673,53.480292],[118.685069,52.708258],[118.397838,52.436957],[118.35963,52.386115],[118.330333,52.327216],[118.295543,52.279242],[118.240123,52.248481],[117.952647,52.186713],[117.899425,52.158637],[117.867808,52.114386],[117.769786,51.848578],[117.701305,51.748603]]]}},{"type":"Feature","id":"ne_10m_geography_regions_polys-553","properties":{"id":"ne_10m_geography_regions_polys-553","groupId":"ne_10m_geography_regions_polys-553","name":"大别山","nameEn":"Dabie Mountains","kind":"mountain","sourceDataset":"ne_10m_geography_regions_polys","sourceUrl":"https://raw.githubusercontent.com/nvkelso/natural-earth-vector/ca96624a56bd078437bca8184e78163e5039ad19/geojson/ne_10m_geography_regions_polys.geojson","sourceFeatureIndices":[553],"sourceId":1159103911,"sourceName":"Dabie Mts.","nameOrigin":"natural-earth-name_zh","geometryNote":"Natural Earth 1:1000万地图概括命名范围；使用来源原始多边形，不是测绘边界或精确山体边界。","bounds":[112.825572,30.029975,117.204356,32.584418],"labelCoordinates":[115.15756819670712,31.30799],"labelCoordinateMethod":"interior-representative-point-of-feature-polygon","minZoom":5.2,"modernBackgroundOnly":true,"unnamed":false,"existingLabelId":"mountain-ne_10m_geography_regions_polys-553","sourceFeatureClass":"Range/mtn","sourceNameZh":"大别山","sourceWikidataId":"Q1156557","geometryDerivation":"exact-source-geometry"},"geometry":{"type":"Polygon","coordinates":[[[117.201427,31.20661],[117.177501,31.159003],[116.022227,30.078803],[115.961192,30.048468],[115.897105,30.031623],[115.832286,30.029975],[115.768809,30.045111],[115.708751,30.078925],[115.654185,30.132941],[115.615489,30.195502],[115.549571,30.434882],[115.520518,30.487372],[115.472667,30.53498],[115.398936,30.576728],[115.192638,30.654486],[115.149181,30.679633],[115.111461,30.712043],[115.080699,30.754218],[115.05836,30.808722],[115.047008,30.870307],[115.045665,30.903022],[115.041759,30.914618],[115.031749,30.926459],[114.982799,30.960456],[114.931895,30.982856],[114.568858,31.023627],[114.396861,31.089789],[113.848155,31.119574],[113.609141,31.183661],[113.436534,31.17829],[113.380504,31.185065],[113.247569,31.238776],[113.116588,31.325019],[113.00172,31.430915],[112.917491,31.543891],[112.861217,31.676581],[112.825572,32.285712],[112.839122,32.363044],[112.865489,32.428961],[112.907848,32.4831],[112.969737,32.525336],[113.054698,32.555182],[113.321422,32.584418],[113.544688,32.577521],[113.590221,32.566474],[113.626964,32.550666],[113.93214,32.302253],[114.06776,32.231452],[114.203258,32.198249],[115.126964,32.177436],[115.637218,32.090827],[116.504039,31.736762],[117.097423,31.376715],[117.151378,31.332465],[117.187511,31.290961],[117.204356,31.249823],[117.201427,31.20661]]]}},{"type":"Feature","id":"ne_10m_geography_regions_polys-554","properties":{"id":"ne_10m_geography_regions_polys-554","groupId":"ne_10m_geography_regions_polys-554","name":"南岭","nameEn":"Nanling Mountains","kind":"mountain","sourceDataset":"ne_10m_geography_regions_polys","sourceUrl":"https://raw.githubusercontent.com/nvkelso/natural-earth-vector/ca96624a56bd078437bca8184e78163e5039ad19/geojson/ne_10m_geography_regions_polys.geojson","sourceFeatureIndices":[554],"sourceId":1159103913,"sourceName":"Nan Ling Mts.","nameOrigin":"natural-earth-name_zh","geometryNote":"Natural Earth 1:1000万地图概括命名范围；使用来源原始多边形，不是测绘边界或精确山体边界。","bounds":[109.42274,23.262641,114.119884,25.869513],"labelCoordinates":[111.62068915495004,24.587134],"labelCoordinateMethod":"interior-representative-point-of-feature-polygon","minZoom":4.9,"modernBackgroundOnly":true,"unnamed":false,"existingLabelId":"mountain-ne_10m_geography_regions_polys-554","sourceFeatureClass":"Range/mtn","sourceNameZh":"南岭","sourceWikidataId":"Q1195285","geometryDerivation":"exact-source-geometry"},"geometry":{"type":"Polygon","coordinates":[[[113.088878,23.652838],[112.859141,23.60401],[112.302257,23.2956],[112.183116,23.262641],[111.859019,23.262885],[111.714366,23.289862],[111.572032,23.3581],[111.323009,23.543402],[111.196788,23.604804],[111.129405,23.623358],[111.058482,23.631781],[110.983653,23.628546],[110.785289,23.721137],[110.006847,23.853034],[109.975963,23.868354],[109.934825,23.898566],[109.899303,23.935004],[109.844493,24.021735],[109.809703,24.117987],[109.793101,24.213263],[109.800304,24.387274],[109.795909,24.413703],[109.786876,24.436164],[109.762218,24.466864],[109.731334,24.488593],[109.54713,24.541632],[109.517589,24.557196],[109.457774,24.617072],[109.427867,24.687262],[109.42274,24.763983],[109.438121,24.843268],[109.469249,24.921515],[109.560435,25.059211],[109.69044,25.185004],[109.7046,25.204901],[109.715099,25.227362],[109.749156,25.372077],[109.821544,25.55036],[109.826671,25.583319],[109.823863,25.613654],[110.111583,25.815619],[110.212413,25.854926],[110.306285,25.869513],[111.556529,25.869025],[111.661388,25.846747],[111.7588,25.802069],[111.927989,25.648139],[111.961803,25.627692],[112.040538,25.601752],[113.514049,25.395575],[113.756847,25.319159],[113.909312,25.242682],[113.991954,25.179267],[114.064098,25.099677],[114.091563,25.055365],[114.11085,25.009101],[114.119884,24.961371],[114.118663,24.906745],[114.106944,24.867682],[114.086192,24.840766],[114.05775,24.822455],[113.897105,24.766913],[113.822765,24.71424],[113.772349,24.64588],[113.662974,24.301398],[113.622813,24.21894],[113.562877,24.14643],[113.375377,23.999762],[113.322032,23.939032],[113.191905,23.72602],[113.161632,23.696295],[113.124889,23.670233],[113.088878,23.652838]]]}},{"type":"Feature","id":"ne_10m_geography_regions_polys-555","properties":{"id":"ne_10m_geography_regions_polys-555","groupId":"ne_10m_geography_regions_polys-555","name":"西高止山脉","nameEn":"Western Ghats","kind":"mountain","sourceDataset":"ne_10m_geography_regions_polys","sourceUrl":"https://raw.githubusercontent.com/nvkelso/natural-earth-vector/ca96624a56bd078437bca8184e78163e5039ad19/geojson/ne_10m_geography_regions_polys.geojson","sourceFeatureIndices":[555],"sourceId":1159103915,"sourceName":"WESTERN GHATS","nameOrigin":"natural-earth-name_zh","geometryNote":"Natural Earth 1:1000万地图概括命名范围；使用来源原始多边形，不是测绘边界或精确山体边界。","bounds":[72.852238,10.549262,77.39503,20.810492],"labelCoordinates":[74.38531056949492,15.809912],"labelCoordinateMethod":"interior-representative-point-of-feature-polygon","minZoom":4.6,"modernBackgroundOnly":true,"unnamed":false,"sourceFeatureClass":"Range/mtn","sourceNameZh":"西高止山脉","sourceWikidataId":"Q4527","geometryDerivation":"exact-source-geometry"},"geometry":{"type":"Polygon","coordinates":[[[76.79066,10.549262],[76.764972,10.55212],[76.467052,10.585273],[76.365709,10.6239],[76.278575,10.657111],[76.101695,10.777411],[76.041093,10.839479],[75.914928,10.968695],[75.833168,11.086429],[75.723828,11.361768],[75.646094,11.468408],[75.609772,11.538528],[75.562687,11.703008],[75.48878,11.961188],[75.448863,12.04383],[75.135753,12.49433],[74.863048,13.55091],[74.590953,14.138739],[74.391197,14.442313],[74.382227,14.494727],[74.335059,14.575439],[74.280371,14.649512],[74.223047,14.708887],[74.114946,14.864512],[74.051524,15.021247],[73.932384,15.584967],[73.636607,16.034857],[72.89009,18.749182],[72.89873,18.778955],[72.976855,18.927197],[73.005566,19.021094],[72.97207,19.15332],[72.900684,19.014502],[72.852238,18.985943],[72.858954,19.293134],[72.987207,19.277441],[72.859806,19.332122],[72.867076,19.664679],[72.947642,19.947638],[73.388927,20.725592],[73.424815,20.76435],[73.471446,20.793036],[73.533458,20.810492],[73.72877,20.8086],[73.83192,20.783942],[73.876842,20.761359],[73.915538,20.730048],[73.94691,20.688605],[73.969737,20.635627],[73.981456,20.576911],[73.985362,20.509955],[73.959972,20.211432],[74.083385,18.525458],[75.859141,13.183783],[76.338878,12.259772],[76.414561,12.1706],[76.541392,12.119635],[77.209972,12.040473],[77.3296,11.987311],[77.39503,11.894965],[77.389293,11.784552],[76.885997,10.784491],[76.878917,10.672736],[76.79066,10.549262]]]}},{"type":"Feature","id":"ne_10m_geography_regions_polys-556","properties":{"id":"ne_10m_geography_regions_polys-556","groupId":"ne_10m_geography_regions_polys-556","name":"东高止山脉","nameEn":"Eastern Ghats","kind":"mountain","sourceDataset":"ne_10m_geography_regions_polys","sourceUrl":"https://raw.githubusercontent.com/nvkelso/natural-earth-vector/ca96624a56bd078437bca8184e78163e5039ad19/geojson/ne_10m_geography_regions_polys.geojson","sourceFeatureIndices":[556],"sourceId":1159103917,"sourceName":"EASTERN GHATS","nameOrigin":"natural-earth-name_zh+opencc-tw-to-cn","geometryNote":"Natural Earth 1:1000万地图概括命名范围；使用来源原始多边形，不是测绘边界或精确山体边界。","bounds":[77.678722,11.290045,85.236217,20.738288],"labelCoordinates":[79.34297320483451,15.964178500000001],"labelCoordinateMethod":"interior-representative-point-of-feature-polygon","minZoom":4.6,"modernBackgroundOnly":true,"unnamed":false,"sourceFeatureClass":"Range/mtn","sourceNameZh":"東高止山脈","sourceWikidataId":"Q465055","geometryDerivation":"exact-source-geometry","nameBeforeSimplification":"東高止山脈"},"geometry":{"type":"Polygon","coordinates":[[[78.699962,11.327887],[78.284679,11.290045],[78.095103,11.307502],[78.036143,11.327033],[77.889781,11.432929],[77.756724,11.578253],[77.708995,11.656256],[77.681163,11.732733],[77.678722,11.804084],[78.181895,12.681281],[78.679698,14.150397],[78.668468,15.555365],[78.753917,15.871405],[78.828868,16.022345],[79.798651,17.13373],[79.870128,17.215644],[79.939313,17.269622],[80.324962,17.570502],[81.19984,18.583808],[81.232677,18.677008],[81.279918,19.09101],[81.308238,19.188056],[81.358043,19.275946],[81.960582,19.867011],[82.024181,19.895453],[82.305919,19.928961],[82.372325,19.954535],[82.876964,20.419806],[83.132701,20.58393],[83.506969,20.706305],[83.712901,20.738288],[84.425304,20.675605],[84.517467,20.646552],[85.194591,20.195929],[85.236217,20.138251],[85.234996,20.077277],[85.190196,20.002692],[84.76234,19.582587],[84.595714,19.203681],[84.163097,18.626044],[83.134288,17.709906],[82.815684,17.531989],[82.458263,17.420966],[81.387462,17.348761],[81.197642,17.301093],[81.025767,17.212836],[80.725352,16.950019],[79.836436,15.906012],[79.74879,15.741889],[79.643809,15.077338],[79.638927,14.75788],[79.603038,14.664801],[79.479259,14.452826],[79.465953,14.406501],[79.460582,14.323004],[79.478038,14.259101],[79.512828,14.209174],[79.714122,14.034247],[79.752208,13.968146],[79.846446,13.616034],[79.861339,13.429023],[79.856212,13.344672],[79.573253,12.528266],[79.546397,12.348822],[79.507823,12.230902],[79.176158,11.798529],[79.158824,11.765937],[79.149669,11.740363],[79.150767,11.724189],[79.015636,11.503363],[78.985606,11.457892],[78.960216,11.429328],[78.937022,11.41297],[78.699962,11.327887]]]}},{"type":"Feature","id":"ne_10m_geography_regions_polys-557","properties":{"id":"ne_10m_geography_regions_polys-557","groupId":"ne_10m_geography_regions_polys-557","name":"温迪亚山脉","nameEn":"Vindhya Range","kind":"mountain","sourceDataset":"ne_10m_geography_regions_polys","sourceUrl":"https://raw.githubusercontent.com/nvkelso/natural-earth-vector/ca96624a56bd078437bca8184e78163e5039ad19/geojson/ne_10m_geography_regions_polys.geojson","sourceFeatureIndices":[557],"sourceId":1159103919,"sourceName":"Vindhya Range","nameOrigin":"natural-earth-name_zh","geometryNote":"Natural Earth 1:1000万地图概括命名范围；使用来源原始多边形，不是测绘边界或精确山体边界。","bounds":[73.533946,21.845893,79.683971,24.540595],"labelCoordinates":[77.1838367956322,23.1982485],"labelCoordinateMethod":"interior-representative-point-of-feature-polygon","minZoom":5.0,"modernBackgroundOnly":true,"unnamed":false,"sourceFeatureClass":"Range/mtn","sourceNameZh":"温迪亚山脉","sourceWikidataId":"Q271435","geometryDerivation":"exact-source-geometry"},"geometry":{"type":"Polygon","coordinates":[[[76.878673,22.713568],[75.911998,22.223334],[75.747203,22.203742],[75.398082,22.253791],[75.28712,22.253485],[73.900401,21.845893],[73.774181,21.850348],[73.71693,21.867499],[73.644908,21.925544],[73.589244,22.023017],[73.551768,22.146186],[73.533946,22.281684],[73.537242,22.415961],[73.563487,22.535407],[73.614024,22.626593],[73.690684,22.676032],[73.717174,22.70246],[73.823985,22.716864],[74.408214,22.640998],[74.516246,22.656501],[74.615001,22.702216],[74.630382,22.715155],[74.715831,22.82331],[74.774181,22.861335],[76.0796,23.192267],[78.399058,24.488593],[78.644786,24.537116],[78.951305,24.540595],[79.252452,24.476264],[79.38856,24.412909],[79.508556,24.325568],[79.607188,24.21192],[79.666881,24.081244],[79.683971,23.937995],[79.663951,23.790107],[79.612071,23.645453],[79.533702,23.51203],[79.433726,23.397773],[79.31776,23.310553],[79.191051,23.258246],[78.290294,23.20423],[78.240977,23.181403],[78.198375,23.15174],[78.043956,23.000556],[77.929698,22.921759],[77.789073,22.857184],[76.878673,22.713568]]]}},{"type":"Feature","id":"ne_10m_geography_regions_polys-558","properties":{"id":"ne_10m_geography_regions_polys-558","groupId":"ne_10m_geography_regions_polys-558","name":"武夷山脉","nameEn":"Wuyi Mountains","kind":"mountain","sourceDataset":"ne_10m_geography_regions_polys","sourceUrl":"https://raw.githubusercontent.com/nvkelso/natural-earth-vector/ca96624a56bd078437bca8184e78163e5039ad19/geojson/ne_10m_geography_regions_polys.geojson","sourceFeatureIndices":[558],"sourceId":1159103921,"sourceName":"Wuyi Mts.","nameOrigin":"natural-earth-name_zh","geometryNote":"Natural Earth 1:1000万地图概括命名范围；使用来源原始多边形，不是测绘边界或精确山体边界。","bounds":[115.771861,25.355475,118.334117,28.465033],"labelCoordinates":[116.96890719362281,26.778876],"labelCoordinateMethod":"interior-representative-point-of-feature-polygon","minZoom":5.0,"modernBackgroundOnly":true,"unnamed":false,"existingLabelId":"mountain-ne_10m_geography_regions_polys-558","sourceFeatureClass":"Range/mtn","sourceNameZh":"武夷山脉","sourceWikidataId":"Q207692","geometryDerivation":"exact-source-geometry"},"geometry":{"type":"Polygon","coordinates":[[[116.910167,25.368354],[116.861461,25.355475],[116.797862,25.362799],[116.306407,25.554145],[116.15919,25.646064],[116.008556,25.776374],[115.896495,25.910468],[115.779796,26.214362],[115.771861,26.261786],[115.771861,26.308234],[115.913707,26.917914],[116.131969,27.440802],[116.353404,27.7956],[116.38148,27.826911],[117.157848,28.398383],[117.243541,28.435004],[117.463878,28.465033],[117.576793,28.460517],[118.242931,28.285651],[118.279307,28.263312],[118.325572,28.19184],[118.334117,28.094428],[118.02711,26.639838],[118.03358,26.511664],[117.868175,25.824408],[117.744395,25.630255],[117.667247,25.557257],[117.581554,25.508185],[116.910167,25.368354]]]}},{"type":"Feature","id":"ne_10m_geography_regions_polys-559","properties":{"id":"ne_10m_geography_regions_polys-559","groupId":"ne_10m_geography_regions_polys-559","name":"塔尔巴哈台山","nameEn":"Tarbagatai Mountains","kind":"mountain","sourceDataset":"ne_10m_geography_regions_polys","sourceUrl":"https://raw.githubusercontent.com/nvkelso/natural-earth-vector/ca96624a56bd078437bca8184e78163e5039ad19/geojson/ne_10m_geography_regions_polys.geojson","sourceFeatureIndices":[559],"sourceId":1159103923,"sourceName":"Tarbagatay Ra.","nameOrigin":"natural-earth-name_zh","geometryNote":"Natural Earth 1:1000万地图概括命名范围；使用来源原始多边形，不是测绘边界或精确山体边界。","bounds":[79.020152,46.347968,85.776622,48.838019],"labelCoordinates":[81.69248630980435,47.593909],"labelCoordinateMethod":"interior-representative-point-of-feature-polygon","minZoom":5.0,"modernBackgroundOnly":true,"unnamed":false,"sourceFeatureClass":"Range/mtn","sourceNameZh":"塔尔巴哈台山","sourceWikidataId":"Q128500","geometryDerivation":"exact-source-geometry"},"geometry":{"type":"Polygon","coordinates":[[[85.743175,47.200263],[85.766734,47.138861],[85.776622,47.082526],[85.775035,47.028754],[85.693614,46.789984],[85.636974,46.697577],[85.548839,46.614875],[85.308849,46.481635],[85.035655,46.396186],[84.296886,46.347968],[84.043224,46.380133],[83.987071,46.398261],[83.96461,46.411566],[83.894542,46.483771],[83.876842,46.5362],[83.899181,46.588385],[84.099132,46.777777],[84.104015,46.815802],[84.061656,46.848334],[83.545421,46.987006],[83.255626,47.003241],[83.133067,46.982917],[82.986705,46.911383],[82.926402,46.896186],[82.513316,46.906806],[82.399425,46.934699],[82.07545,47.084662],[82.015025,47.123969],[81.976695,47.157782],[81.71754,47.1305],[81.386363,47.143256],[81.2942,47.168891],[81.181651,47.202948],[80.485118,47.205756],[80.271861,47.242194],[80.10705,47.321839],[79.521251,47.604926],[79.273936,47.78974],[79.059215,48.058722],[79.028087,48.141913],[79.020152,48.217108],[79.03065,48.285346],[79.054698,48.347419],[79.328624,48.752936],[79.374156,48.794623],[79.427745,48.823737],[79.492686,48.838019],[81.161876,48.71485],[81.806285,48.564276],[82.757805,48.110474],[83.864024,47.582892],[85.476085,47.423896],[85.563609,47.392646],[85.640514,47.342719],[85.704112,47.269294],[85.743175,47.200263]]]}},{"type":"Feature","id":"ne_10m_geography_regions_polys-560","properties":{"id":"ne_10m_geography_regions_polys-560","groupId":"ne_10m_geography_regions_polys-560","name":"阿尔金山脉","nameEn":"Altyn-Tagh","kind":"mountain","sourceDataset":"ne_10m_geography_regions_polys","sourceUrl":"https://raw.githubusercontent.com/nvkelso/natural-earth-vector/ca96624a56bd078437bca8184e78163e5039ad19/geojson/ne_10m_geography_regions_polys.geojson","sourceFeatureIndices":[560],"sourceId":1159103927,"sourceName":"ALTUN MTS.","nameOrigin":"natural-earth-name_zh","geometryNote":"Natural Earth 1:1000万地图概括命名范围；使用来源原始多边形，不是测绘边界或精确山体边界。","bounds":[86.472423,37.504523,94.051402,39.518195],"labelCoordinates":[89.42462375326453,38.4953985],"labelCoordinateMethod":"interior-representative-point-of-feature-polygon","minZoom":4.2,"modernBackgroundOnly":true,"unnamed":false,"existingLabelId":"mountain-ne_10m_geography_regions_polys-560","sourceFeatureClass":"Range/mtn","sourceNameZh":"阿尔金山脉","sourceWikidataId":"Q682334","geometryDerivation":"exact-source-geometry"},"geometry":{"type":"Polygon","coordinates":[[[94.051402,38.875312],[94.002086,38.54505],[94.003307,38.46894],[94.023692,38.403266],[93.541881,38.400336],[93.404552,38.43769],[92.807872,38.711676],[92.625011,38.758368],[91.275645,38.670111],[91.220958,38.644355],[91.210216,38.609015],[91.236949,38.567206],[91.295177,38.521857],[91.739757,38.331366],[91.796886,38.286322],[91.843761,38.231635],[91.84982,38.220875],[91.88026,38.166815],[91.906016,38.091437],[91.919753,37.95648],[91.924815,37.906745],[91.909801,37.823676],[91.871104,37.762885],[91.813609,37.721564],[91.741588,37.69715],[91.659923,37.687018],[91.125865,37.745246],[90.618663,37.715949],[90.410655,37.747138],[90.36024,37.745795],[90.308971,37.735236],[90.053722,37.629889],[89.51339,37.530691],[89.420055,37.513556],[89.218765,37.526688],[89.063609,37.536811],[88.979137,37.554389],[88.979137,37.589728],[87.587413,37.504523],[86.869029,37.626837],[86.637218,37.725531],[86.507579,37.822272],[86.472423,37.922858],[86.511485,38.023139],[86.604991,38.119147],[86.874766,38.28205],[87.174223,38.385504],[87.912737,38.640642],[89.260848,39.106379],[89.472179,39.179389],[89.929578,39.21489],[93.837413,39.518195],[93.826671,39.290534],[93.837413,39.23841],[93.858897,39.188971],[94.011485,39.0008],[94.042491,38.944648],[94.051402,38.875312]]]}},{"type":"Feature","id":"ne_10m_geography_regions_polys-605","properties":{"id":"ne_10m_geography_regions_polys-605","groupId":"ne_10m_geography_regions_polys-605","name":"云贵高原","nameEn":"Yunnan-Guizhou Plateau","kind":"plateau","sourceDataset":"ne_10m_geography_regions_polys","sourceUrl":"https://raw.githubusercontent.com/nvkelso/natural-earth-vector/ca96624a56bd078437bca8184e78163e5039ad19/geojson/ne_10m_geography_regions_polys.geojson","sourceFeatureIndices":[605],"sourceId":1159104027,"sourceName":"YUNGUI PLATEAU","nameOrigin":"natural-earth-name_zh","geometryNote":"Natural Earth 1:1000万地图概括命名范围；使用来源原始多边形，不是测绘边界或精确山体边界。","bounds":[98.089976,23.33393,107.183849,29.312018],"labelCoordinates":[102.72347071821082,26.296729],"labelCoordinateMethod":"interior-representative-point-of-feature-polygon","minZoom":4.2,"modernBackgroundOnly":true,"unnamed":false,"sourceFeatureClass":"Plateau","sourceNameZh":"云贵高原","sourceWikidataId":"Q604329","geometryDerivation":"exact-source-geometry"},"geometry":{"type":"Polygon","coordinates":[[[106.243053,24.690985],[106.217662,23.888312],[106.187266,23.815863],[106.117198,23.725714],[106.02357,23.649237],[105.789928,23.532294],[104.884532,23.340033],[104.452403,23.33393],[104.223399,23.39881],[102.887462,24.051398],[102.511485,23.946662],[102.405162,23.923896],[102.158458,23.927863],[101.415416,24.119391],[100.60255,24.621161],[100.058987,24.724448],[100.017955,24.732245],[99.777476,24.823859],[99.664317,24.898871],[99.439464,25.134772],[99.104991,25.67005],[99.02589,25.745429],[98.462535,26.09571],[98.307384,26.247443],[98.232188,26.346015],[98.127452,26.534674],[98.089976,26.69599],[98.108479,26.82154],[98.110484,26.83515],[98.179454,26.95716],[98.287364,27.067206],[98.938803,27.481587],[98.982921,27.50965],[99.176422,27.584907],[101.776988,28.59632],[101.953026,28.723419],[102.022227,28.773383],[102.086803,28.804999],[102.22376,28.827658],[102.402965,28.857306],[102.538341,28.918891],[103.067393,29.268317],[103.201427,29.312018],[103.337779,29.310492],[103.45045,29.27851],[103.52968,29.241991],[103.542613,29.236029],[103.610005,29.180936],[103.969737,28.886847],[104.023326,28.772284],[104.13795,28.681403],[104.281459,28.628763],[104.482555,28.554999],[105.154918,28.415534],[105.456065,28.273566],[106.566772,27.29535],[106.737804,27.144721],[107.083751,26.658942],[107.172862,26.401435],[107.183849,26.13349],[107.099132,25.854743],[106.901744,25.564582],[106.361949,24.974005],[106.291392,24.84162],[106.243053,24.690985]]]}},{"type":"Feature","id":"ne_10m_geography_regions_polys-606","properties":{"id":"ne_10m_geography_regions_polys-606","groupId":"ne_10m_geography_regions_polys-606","name":"呵叻高原","nameEn":"Khorat Plateau","kind":"plateau","sourceDataset":"ne_10m_geography_regions_polys","sourceUrl":"https://raw.githubusercontent.com/nvkelso/natural-earth-vector/ca96624a56bd078437bca8184e78163e5039ad19/geojson/ne_10m_geography_regions_polys.geojson","sourceFeatureIndices":[606],"sourceId":1159104029,"sourceName":"Khorat Plat.","nameOrigin":"natural-earth-name_zh","geometryNote":"Natural Earth 1:1000万地图概括命名范围；使用来源原始多边形，不是测绘边界或精确山体边界。","bounds":[99.735118,14.975287,105.435191,18.648444],"labelCoordinates":[102.57379653470873,16.8522405],"labelCoordinateMethod":"interior-representative-point-of-feature-polygon","minZoom":4.6,"modernBackgroundOnly":true,"unnamed":false,"sourceFeatureClass":"Plateau","sourceNameZh":"呵叻高原","sourceWikidataId":"Q874816","geometryDerivation":"exact-source-geometry"},"geometry":{"type":"Polygon","coordinates":[[[105.406627,15.419013],[105.430553,15.344672],[105.435191,15.308051],[105.43275,15.273505],[105.421397,15.242255],[105.394298,15.210578],[105.298839,15.152045],[104.922618,14.996772],[104.812266,14.975287],[104.585094,14.984809],[103.609141,15.324652],[103.046886,15.386786],[102.145274,15.28382],[101.972911,15.184882],[101.911143,15.16059],[101.854747,15.15351],[101.673106,15.162848],[101.657115,15.201545],[101.670421,15.241217],[101.542247,15.450812],[101.504161,15.494391],[101.459483,15.530524],[101.406261,15.557318],[101.342174,15.572821],[101.018565,15.584052],[100.901744,15.62342],[100.784557,15.694586],[100.738902,15.737128],[100.703014,15.785285],[100.677623,15.840033],[100.663219,15.902106],[100.660899,15.972357],[100.671153,16.051581],[100.78358,16.334906],[100.790782,16.384955],[100.787486,16.438056],[100.769298,16.498236],[100.737071,16.555182],[100.643565,16.659552],[99.79359,17.318183],[99.768565,17.350287],[99.751231,17.383124],[99.73878,17.423774],[99.735118,17.457892],[99.739024,17.48664],[99.749522,17.511115],[99.765391,17.532416],[100.110728,17.786505],[100.153331,17.835273],[100.191661,17.895209],[100.27943,18.095404],[100.41273,18.306647],[100.586314,18.468451],[100.807872,18.585211],[101.034679,18.64643],[101.121349,18.648444],[102.211436,18.399604],[102.25294,18.375434],[102.289439,18.344062],[102.390636,18.222785],[102.414317,18.206061],[102.445567,18.193854],[103.444469,18.166205],[103.640269,18.122748],[103.740123,18.075934],[103.902354,17.956244],[104.301768,17.46601],[104.734264,17.077033],[104.757823,17.04444],[104.774058,17.009284],[104.780894,16.97132],[104.778331,16.934882],[104.727061,16.769599],[104.726939,16.732856],[104.73585,16.69245],[104.841319,16.494757],[104.966075,16.089667],[105.312144,15.604132],[105.406627,15.419013]]]}},{"type":"Feature","id":"ne_10m_geography_regions_polys-607","properties":{"id":"ne_10m_geography_regions_polys-607","groupId":"ne_10m_geography_regions_polys-607","name":"掸部高原","nameEn":"Shan Plateau","kind":"plateau","sourceDataset":"ne_10m_geography_regions_polys","sourceUrl":"https://raw.githubusercontent.com/nvkelso/natural-earth-vector/ca96624a56bd078437bca8184e78163e5039ad19/geojson/ne_10m_geography_regions_polys.geojson","sourceFeatureIndices":[607],"sourceId":1159104031,"sourceName":"SHAN PLATEAU","nameOrigin":"natural-earth-name_zh","geometryNote":"Natural Earth 1:1000万地图概括命名范围；使用来源原始多边形，不是测绘边界或精确山体边界。","bounds":[94.325938,19.203559,98.965099,24.060004],"labelCoordinates":[96.58035886794625,21.660651],"labelCoordinateMethod":"interior-representative-point-of-feature-polygon","minZoom":5.0,"modernBackgroundOnly":true,"unnamed":false,"sourceFeatureClass":"Plateau","sourceNameZh":"掸部高原","sourceWikidataId":"Q27696359","geometryDerivation":"exact-source-geometry"},"geometry":{"type":"Polygon","coordinates":[[[97.752574,24.005866],[97.910289,23.165778],[97.951182,23.108771],[98.361827,22.972663],[98.535411,22.842414],[98.659557,22.616523],[98.794932,22.010565],[98.864024,21.110053],[98.965099,20.913214],[98.960704,20.903815],[98.942271,20.893012],[98.912974,20.863166],[98.875865,20.796576],[98.833995,20.675544],[98.81422,20.559027],[98.819713,20.465949],[98.864268,20.296088],[98.848155,20.265692],[98.795909,20.243293],[98.612682,20.206916],[98.07899,19.967353],[97.996715,19.952521],[97.903575,19.914374],[97.816051,19.825568],[97.49171,19.338324],[97.410899,19.277228],[97.327159,19.277899],[97.183482,19.326911],[97.059215,19.341986],[96.94752,19.331488],[96.489757,19.203559],[95.82899,19.210273],[95.63734,19.258063],[95.540782,19.298163],[95.487926,19.386359],[95.397105,19.436164],[94.739146,20.18067],[94.344249,21.27558],[94.325938,21.57215],[94.351939,21.749152],[94.406627,21.920111],[94.491344,22.06977],[94.823741,22.419989],[94.860728,22.487128],[94.886241,22.564337],[94.906749,22.955207],[94.91627,22.994208],[94.938731,23.012091],[95.269054,23.078498],[95.581187,23.189093],[95.631114,23.189704],[95.734019,23.163947],[95.779307,23.173102],[95.816051,23.197455],[95.876353,23.260443],[95.906261,23.283332],[95.940196,23.289984],[95.981334,23.27265],[96.047618,23.265082],[96.125255,23.314093],[96.56837,23.822516],[96.644542,23.85987],[97.602916,24.060004],[97.706187,24.05268],[97.752574,24.005866]]]}},{"type":"Feature","id":"ne_10m_geography_regions_polys-665","properties":{"id":"ne_10m_geography_regions_polys-665","groupId":"ne_10m_geography_regions_polys-665","name":"阿尔泰山脉","nameEn":"Altai Mountains","kind":"mountain","sourceDataset":"ne_10m_geography_regions_polys","sourceUrl":"https://raw.githubusercontent.com/nvkelso/natural-earth-vector/ca96624a56bd078437bca8184e78163e5039ad19/geojson/ne_10m_geography_regions_polys.geojson","sourceFeatureIndices":[665],"sourceId":1159104169,"sourceName":"ALTAY MOUNTAINS","nameOrigin":"natural-earth-name_zh","geometryNote":"Natural Earth 1:1000万地图概括命名范围；使用来源原始多边形，不是测绘边界或精确山体边界。","bounds":[81.92567,43.248786,100.790538,52.304877],"labelCoordinates":[90.10425665932286,47.83090850000001],"labelCoordinateMethod":"interior-representative-point-of-feature-polygon","minZoom":4.0,"modernBackgroundOnly":true,"unnamed":false,"existingLabelId":"mountain-ne_10m_geography_regions_polys-665","sourceFeatureClass":"Range/mtn","sourceNameZh":"阿尔泰山脉","sourceWikidataId":"Q5955","geometryDerivation":"exact-source-geometry"},"geometry":{"type":"Polygon","coordinates":[[[100.566905,44.103949],[100.329356,44.038764],[98.774303,43.984748],[98.260004,44.063996],[98.043101,44.097419],[97.970103,44.082709],[97.898448,44.05152],[97.806602,43.981753],[97.768199,43.952582],[97.463794,43.621247],[97.381847,43.53205],[97.140269,43.363471],[97.0088,43.304511],[96.87086,43.265448],[96.726939,43.248786],[96.577647,43.25672],[96.423595,43.291693],[96.266368,43.367743],[95.377611,44.086325],[95.13795,44.280097],[95.010509,44.339545],[94.874889,44.368903],[92.862682,44.411322],[91.924815,44.628852],[91.115123,44.675482],[90.655772,44.879706],[90.074962,45.421454],[89.761119,46.002326],[89.615123,46.398017],[89.336192,46.796881],[88.918224,47.220465],[88.400279,47.557746],[86.630138,48.097113],[84.334239,48.304877],[84.228404,48.437201],[83.924693,48.750312],[83.39149,49.783515],[83.302867,49.902533],[83.184581,50.011664],[82.999118,50.093941],[82.254527,50.424262],[82.104137,50.520453],[82.001475,50.644599],[81.943248,50.788947],[81.92567,50.945807],[81.945079,51.107428],[81.998057,51.266181],[82.081065,51.414252],[82.587169,52.061591],[82.676646,52.124396],[82.890269,52.217658],[83.338145,52.304877],[84.126196,52.240222],[85.724579,52.109084],[86.699962,52.029059],[87.250377,51.842597],[87.754405,51.563727],[88.297984,51.096869],[88.462657,50.866523],[88.493046,50.6914],[88.521488,50.527498],[88.570689,50.243964],[88.720217,50.158896],[89.653087,49.62818],[89.732432,49.446112],[89.77589,49.401557],[89.901866,49.321051],[90.043834,49.268866],[90.820079,49.142646],[90.954723,49.086493],[92.049449,48.103522],[92.239757,47.980109],[92.447032,47.890998],[92.962413,47.770819],[94.913341,46.912055],[95.612315,46.832099],[97.044566,46.181647],[98.97755,45.680121],[99.890758,45.091315],[100.440684,44.855048],[100.539627,44.793086],[100.563487,44.778144],[100.667491,44.684394],[100.746349,44.568915],[100.751449,44.553726],[100.790538,44.437323],[100.786388,44.326117],[100.742442,44.234137],[100.666515,44.160468],[100.566905,44.103949]]]}},{"type":"Feature","id":"ne_10m_geography_regions_polys-666","properties":{"id":"ne_10m_geography_regions_polys-666","groupId":"ne_10m_geography_regions_polys-666","name":"大兴安岭","nameEn":"Greater Khingan","kind":"mountain","sourceDataset":"ne_10m_geography_regions_polys","sourceUrl":"https://raw.githubusercontent.com/nvkelso/natural-earth-vector/ca96624a56bd078437bca8184e78163e5039ad19/geojson/ne_10m_geography_regions_polys.geojson","sourceFeatureIndices":[666],"sourceId":1159104171,"sourceName":"GREATER KHINGAN RANGE","nameOrigin":"natural-earth-name_zh","geometryNote":"Natural Earth 1:1000万地图概括命名范围；使用来源原始多边形，不是测绘边界或精确山体边界。","bounds":[117.382823,43.162665,125.15919,53.52088],"labelCoordinates":[121.30813535358057,48.534766],"labelCoordinateMethod":"interior-representative-point-of-feature-polygon","minZoom":3.7,"modernBackgroundOnly":true,"unnamed":false,"existingLabelId":"mountain-ne_10m_geography_regions_polys-666","sourceFeatureClass":"Range/mtn","sourceNameZh":"大兴安岭","sourceWikidataId":"Q293713","geometryDerivation":"exact-source-geometry"},"geometry":{"type":"Polygon","coordinates":[[[119.371349,43.443671],[119.344493,43.296942],[117.998302,43.305426],[117.647349,43.225104],[117.505626,43.1706],[117.453014,43.162665],[117.414195,43.177436],[117.390391,43.222357],[117.382823,43.304877],[117.924449,46.281317],[117.973033,46.38288],[118.210704,46.667975],[119.661143,49.545356],[119.675203,49.60158],[119.90919,50.537299],[120.00233,50.731879],[120.123912,51.546332],[120.165172,51.630255],[120.268687,51.740851],[120.37318,51.812873],[120.655772,51.926642],[120.727794,51.973822],[120.782848,52.047309],[120.817393,52.160102],[120.821788,52.286505],[120.796519,52.402716],[120.542491,52.857367],[120.529552,52.928717],[120.554088,52.994574],[120.617076,53.054145],[121.097057,53.25141],[122.185557,53.514716],[123.123546,53.52088],[124.028331,53.388739],[124.750743,53.147162],[124.925304,53.032172],[125.048595,52.889716],[125.124766,52.72486],[125.15919,52.542548],[125.156383,52.34809],[125.057994,51.94245],[124.610567,51.194142],[124.413065,50.863827],[124.251475,50.593573],[123.545055,49.848883],[123.522227,49.760443],[123.537509,49.687699],[123.548961,49.633185],[123.63795,49.433722],[123.899303,49.109503],[123.946178,48.938056],[123.870738,48.794684],[123.05836,48.274848],[122.906139,48.101264],[122.845714,47.887397],[122.867198,47.776984],[123.323985,46.954535],[123.334972,46.843207],[123.267345,46.561469],[123.15089,46.335395],[122.907585,46.056354],[122.778018,45.907757],[122.275805,45.33178],[121.92335,44.927558],[121.403256,44.538288],[121.151256,44.349677],[119.591197,43.642646],[119.458018,43.555854],[119.371349,43.443671]]]}},{"type":"Feature","id":"ne_10m_geography_regions_polys-667","properties":{"id":"ne_10m_geography_regions_polys-667","groupId":"ne_10m_geography_regions_polys-667","name":"外兴安岭","nameEn":"Stanovoy Range","kind":"mountain","sourceDataset":"ne_10m_geography_regions_polys","sourceUrl":"https://raw.githubusercontent.com/nvkelso/natural-earth-vector/ca96624a56bd078437bca8184e78163e5039ad19/geojson/ne_10m_geography_regions_polys.geojson","sourceFeatureIndices":[667],"sourceId":1159104173,"sourceName":"STANOVOY RANGE","nameOrigin":"natural-earth-name_zh","geometryNote":"Natural Earth 1:1000万地图概括命名范围；使用来源原始多边形，不是测绘边界或精确山体边界。","bounds":[123.101817,54.31446,138.134044,57.39527],"labelCoordinates":[130.14191777032636,55.602393],"labelCoordinateMethod":"interior-representative-point-of-feature-polygon","minZoom":4.6,"modernBackgroundOnly":true,"unnamed":false,"sourceFeatureClass":"Range/mtn","sourceNameZh":"外兴安岭","sourceWikidataId":"Q214284","geometryDerivation":"exact-source-geometry"},"geometry":{"type":"Polygon","coordinates":[[[126.141368,57.28913],[126.189464,57.275702],[126.4369,57.315741],[127.199962,57.243048],[127.643565,57.01966],[127.851695,56.970954],[128.04713,56.849982],[128.410045,56.73902],[129.78385,56.769695],[130.022369,56.775021],[130.574962,56.78736],[131.601695,57.082587],[131.71754,57.091986],[134.561046,56.849738],[134.620372,56.858527],[134.753795,56.902777],[136.378917,56.898993],[136.379621,56.899169],[137.399058,57.153449],[137.546641,57.161505],[137.61964,57.145758],[137.700328,57.106635],[137.868419,56.978095],[138.018077,56.815497],[138.068878,56.734612],[138.09923,56.686285],[138.11671,56.658454],[138.134044,56.565009],[138.106456,56.480902],[138.054423,56.418196],[138.027606,56.397592],[134.993467,54.836613],[134.733775,54.703009],[134.173717,54.508918],[131.245372,54.31446],[131.08546,54.34162],[130.952769,54.398627],[130.548106,54.675727],[130.329967,54.752509],[128.763927,54.882758],[128.017833,54.748969],[127.87086,54.750373],[127.723399,54.787665],[127.367564,54.688788],[127.258189,54.737372],[126.146373,54.899115],[124.786143,54.886298],[124.588023,54.963446],[124.068614,55.33216],[123.535167,55.872626],[123.319347,56.164618],[123.167491,56.448249],[123.101817,56.70661],[123.13087,56.808295],[123.218761,56.915961],[123.508311,57.12757],[123.842784,57.297919],[124.094737,57.383429],[125.734141,57.344916],[125.803966,57.356879],[125.904674,57.39527],[125.949474,57.389228],[126.141368,57.28913]]]}},{"type":"Feature","id":"ne_10m_geography_regions_polys-668","properties":{"id":"ne_10m_geography_regions_polys-668","groupId":"ne_10m_geography_regions_polys-668","name":"安南山脉","nameEn":"Annamite Range","kind":"mountain","sourceDataset":"ne_10m_geography_regions_polys","sourceUrl":"https://raw.githubusercontent.com/nvkelso/natural-earth-vector/ca96624a56bd078437bca8184e78163e5039ad19/geojson/ne_10m_geography_regions_polys.geojson","sourceFeatureIndices":[668],"sourceId":1730073913,"sourceName":"CHAÎNE ANNAMITIQUE","nameOrigin":"natural-earth-name_zh","geometryNote":"Natural Earth 1:1000万地图概括命名范围；使用来源原始多边形，不是测绘边界或精确山体边界。","bounds":[102.483409,10.743354,109.327621,21.715949],"labelCoordinates":[106.72787542664184,16.1156985],"labelCoordinateMethod":"interior-representative-point-of-feature-polygon","minZoom":5.0,"modernBackgroundOnly":true,"unnamed":false,"sourceFeatureClass":"Range/mtn","sourceNameZh":"安南山脉","sourceWikidataId":"Q842139","geometryDerivation":"exact-source-geometry"},"geometry":{"type":"Polygon","coordinates":[[[105.796886,18.403205],[106.405318,17.746767],[106.355859,17.765039],[106.370508,17.746875],[106.444791,17.70418],[106.650632,17.482097],[106.735742,17.367188],[106.809434,17.310766],[106.825938,17.29296],[106.827058,17.291752],[107.172115,16.919469],[107.180371,16.897949],[107.206513,16.882358],[108.584849,15.39527],[108.80482,15.028937],[109.009776,14.241461],[109.249966,13.701107],[109.252051,13.590527],[109.288086,13.450781],[109.271875,13.279346],[109.30957,13.219189],[109.327621,13.167149],[109.102306,12.575568],[109.080089,12.45893],[109.111217,11.763922],[109.086803,11.653693],[109.058992,11.594425],[109.039648,11.592676],[109.031189,11.543051],[108.962901,11.46369],[108.918224,11.431525],[108.874156,11.412238],[108.653575,11.387519],[108.607677,11.372931],[108.509044,11.318915],[108.445689,11.258673],[108.209483,10.957099],[108.154382,10.914024],[108.094922,10.897266],[108.068125,10.846596],[108.065196,10.844306],[107.898692,10.771857],[107.702891,10.743354],[107.570323,10.745307],[107.395152,10.768134],[107.248546,10.850165],[107.130504,10.97956],[107.041881,11.144782],[106.982677,11.334113],[106.95338,11.535712],[106.954356,11.738044],[107.006602,12.088324],[106.989879,12.235602],[106.71461,12.916266],[106.674815,13.454291],[106.506358,14.092414],[106.488536,14.1305],[106.459239,14.166571],[106.191173,14.370673],[105.837901,14.870795],[105.778209,15.02265],[105.380748,16.836127],[103.942271,18.504706],[103.895885,18.53559],[103.845958,18.551581],[103.780772,18.54975],[103.198375,18.336371],[103.084972,18.332343],[102.978648,18.366889],[102.879893,18.433234],[102.789561,18.524359],[102.63734,18.75318],[102.528331,18.997687],[102.483409,19.190192],[102.489024,19.364753],[102.533092,19.526374],[102.85316,20.143805],[102.969005,20.710089],[103.282603,21.249823],[103.428722,21.410285],[103.664928,21.581183],[103.935313,21.68946],[104.077159,21.714118],[104.220103,21.715949],[105.504527,21.291999],[105.877208,21.102851],[106.020763,20.996894],[106.081554,20.934882],[106.130382,20.866523],[106.164195,20.79151],[106.18568,20.700873],[106.18629,20.632148],[106.168956,20.580634],[106.136241,20.541815],[105.793468,20.340522],[105.602306,20.134711],[105.466685,19.885016],[105.389293,19.61164],[105.375377,19.340766],[105.43214,19.093695],[105.796886,18.403205]]]}},{"type":"Feature","id":"ne_10m_geography_regions_polys-669","properties":{"id":"ne_10m_geography_regions_polys-669","groupId":"ne_10m_geography_regions_polys-669","name":"西瓦利克山脉","nameEn":"Siwalik Hills","kind":"mountain","sourceDataset":"ne_10m_geography_regions_polys","sourceUrl":"https://raw.githubusercontent.com/nvkelso/natural-earth-vector/ca96624a56bd078437bca8184e78163e5039ad19/geojson/ne_10m_geography_regions_polys.geojson","sourceFeatureIndices":[669],"sourceId":1159104179,"sourceName":"Siwalik Hills","nameOrigin":"natural-earth-name_zh","geometryNote":"Natural Earth 1:1000万地图概括命名范围；使用来源原始多边形，不是测绘边界或精确山体边界。","bounds":[79.061534,26.365424,87.705699,29.963752],"labelCoordinates":[82.95502570050823,28.112265],"labelCoordinateMethod":"interior-representative-point-of-feature-polygon","minZoom":4.6,"modernBackgroundOnly":true,"unnamed":false,"sourceFeatureClass":"Range/mtn","sourceNameZh":"西瓦利克山脉","sourceWikidataId":"Q26813923","geometryDerivation":"exact-source-geometry"},"geometry":{"type":"Polygon","coordinates":[[[80.407237,29.492987],[87.018734,27.026632],[87.018825,27.026598],[87.5088,26.843817],[87.53266,26.830165],[87.62379,26.778022],[87.695811,26.695624],[87.705699,26.593817],[87.634776,26.47016],[87.549937,26.402289],[87.451182,26.369757],[87.342662,26.365424],[86.203987,26.717299],[84.447482,27.260097],[84.034129,27.387832],[83.807017,27.458014],[83.584266,27.486436],[83.118663,27.545844],[82.098888,27.860541],[81.982921,27.936347],[81.620173,28.288183],[81.575084,28.331916],[81.411057,28.405589],[80.780579,28.688769],[79.767726,29.143694],[79.61732,29.211249],[79.564464,29.198004],[79.408702,29.272406],[79.387123,29.289141],[79.248546,29.396613],[79.120494,29.548285],[79.080089,29.627387],[79.071566,29.663049],[79.070444,29.667742],[79.061534,29.705024],[79.063487,29.779608],[79.081554,29.838507],[79.11317,29.883612],[79.156261,29.916754],[79.208385,29.939948],[79.305125,29.95885],[79.330211,29.963752],[79.635875,29.960761],[79.785777,29.92829],[79.933726,29.866889],[80.407237,29.492987]]]}},{"type":"Feature","id":"ne_10m_geography_regions_polys-670","properties":{"id":"ne_10m_geography_regions_polys-670","groupId":"ne_10m_geography_regions_polys-670","name":"帕米尔高原","nameEn":"Pamir mountains","kind":"mountain","sourceDataset":"ne_10m_geography_regions_polys","sourceUrl":"https://raw.githubusercontent.com/nvkelso/natural-earth-vector/ca96624a56bd078437bca8184e78163e5039ad19/geojson/ne_10m_geography_regions_polys.geojson","sourceFeatureIndices":[670],"sourceId":1159104181,"sourceName":"PAMIRS","nameOrigin":"natural-earth-name_zh+opencc-tw-to-cn","geometryNote":"Natural Earth 1:1000万地图概括命名范围；使用来源原始多边形，不是测绘边界或精确山体边界。","bounds":[71.204845,37.083136,77.032237,39.559943],"labelCoordinates":[74.07145585195488,38.292792],"labelCoordinateMethod":"interior-representative-point-of-feature-polygon","minZoom":3.6,"modernBackgroundOnly":true,"unnamed":false,"existingLabelId":"mountain-ne_10m_geography_regions_polys-670","sourceFeatureClass":"Range/mtn","sourceNameZh":"帕米爾高原","sourceWikidataId":"Q161750","geometryDerivation":"exact-source-geometry","nameBeforeSimplification":"帕米爾高原"},"geometry":{"type":"Polygon","coordinates":[[[74.903941,39.465216],[75.67335,39.195502],[75.896251,39.031256],[76.121837,38.810004],[76.867564,38.34693],[76.988536,38.238654],[77.032237,38.13819],[76.972667,38.047797],[76.911618,38.020104],[76.859508,37.996466],[76.454301,37.899932],[75.985995,37.788365],[75.674083,37.714057],[75.50172,37.603217],[75.110448,37.574001],[74.355358,37.51762],[73.098617,37.423782],[72.917857,37.410285],[72.794191,37.363687],[72.485873,37.247514],[72.107021,37.104762],[72.086558,37.097052],[71.932994,37.083136],[71.785045,37.10517],[71.662218,37.167302],[71.649547,37.173712],[71.525279,37.252692],[71.446056,37.284491],[71.424083,37.304877],[71.319835,37.448981],[71.259776,37.506415],[71.23463,37.538642],[71.215587,37.582526],[71.204845,37.645026],[71.226817,39.065924],[71.252086,39.166205],[71.288707,39.226264],[71.326305,39.259223],[71.366222,39.27204],[71.577037,39.261908],[71.896739,39.367743],[71.918101,39.381598],[72.243907,39.505561],[74.239635,39.559943],[74.903941,39.465216]]]}},{"type":"Feature","id":"ne_10m_geography_regions_polys-671","properties":{"id":"ne_10m_geography_regions_polys-671","groupId":"ne_10m_geography_regions_polys-671","name":"兴都库什山脉","nameEn":"Hindu Kush","kind":"mountain","sourceDataset":"ne_10m_geography_regions_polys","sourceUrl":"https://raw.githubusercontent.com/nvkelso/natural-earth-vector/ca96624a56bd078437bca8184e78163e5039ad19/geojson/ne_10m_geography_regions_polys.geojson","sourceFeatureIndices":[671],"sourceId":1159104183,"sourceName":"HINDU KUSH","nameOrigin":"natural-earth-name_zh+opencc-tw-to-cn","geometryNote":"Natural Earth 1:1000万地图概括命名范围；使用来源原始多边形，不是测绘边界或精确山体边界。","bounds":[66.673595,34.082404,75.716563,37.523139],"labelCoordinates":[71.20141909929954,35.837866500000004],"labelCoordinateMethod":"interior-representative-point-of-feature-polygon","minZoom":4.8,"modernBackgroundOnly":true,"unnamed":false,"existingLabelId":"mountain-ne_10m_geography_regions_polys-671","sourceFeatureClass":"Range/mtn","sourceNameZh":"興都庫什山脈","sourceWikidataId":"Q5472","geometryDerivation":"exact-source-geometry","nameBeforeSimplification":"興都庫什山脈"},"geometry":{"type":"Polygon","coordinates":[[[74.749086,37.45936],[75.169712,36.999812],[75.438975,36.705634],[75.483719,36.630628],[75.636241,36.374945],[75.692027,36.226142],[75.716563,35.744025],[75.640514,35.273871],[75.607921,35.17945],[75.559093,35.100592],[75.489879,35.045233],[75.132579,34.582831],[74.461192,34.123481],[74.405557,34.103683],[74.3744,34.092597],[74.298595,34.082404],[74.229503,34.087531],[73.96665,34.14932],[73.93922,34.155768],[73.912732,34.154926],[73.812785,34.15175],[73.75294,34.149848],[73.739024,34.145611],[73.712047,34.137397],[73.703868,34.123481],[73.711925,34.11048],[73.720225,34.10102],[73.712413,34.097602],[73.556131,34.130388],[73.485724,34.145159],[73.468028,34.148871],[72.823741,34.417609],[72.681837,34.429968],[72.32899,34.4607],[72.019542,34.599799],[71.951305,34.608954],[71.865001,34.601569],[71.789439,34.576911],[71.770968,34.563304],[71.483531,34.351569],[71.462376,34.340596],[71.418224,34.317694],[71.268321,34.278144],[69.675792,34.311713],[67.019298,34.645636],[66.94752,34.694648],[66.87672,34.794623],[66.752208,35.099799],[66.674815,35.465949],[66.673595,35.798102],[66.708507,35.877631],[67.324229,36.55329],[67.372691,36.587348],[71.066539,37.412238],[71.203502,37.416632],[71.326549,37.382514],[71.487804,37.245307],[71.563365,37.201117],[71.662218,37.167302],[71.749644,37.137397],[71.949718,37.105536],[72.107021,37.104762],[72.123424,37.104682],[72.206676,37.120185],[72.485873,37.247514],[72.699718,37.345038],[72.794191,37.363687],[73.098617,37.423782],[73.601939,37.523139],[74.355358,37.51762],[74.618541,37.515692],[74.684093,37.499457],[74.734508,37.475287],[74.749086,37.45936]]]}},{"type":"Feature","id":"ne_10m_geography_regions_polys-672","properties":{"id":"ne_10m_geography_regions_polys-672","groupId":"ne_10m_geography_regions_polys-672","name":"喀喇昆仑山脉","nameEn":"Karakoram","kind":"mountain","sourceDataset":"ne_10m_geography_regions_polys","sourceUrl":"https://raw.githubusercontent.com/nvkelso/natural-earth-vector/ca96624a56bd078437bca8184e78163e5039ad19/geojson/ne_10m_geography_regions_polys.geojson","sourceFeatureIndices":[672],"sourceId":1159104185,"sourceName":"KARAKORAM RA.","nameOrigin":"natural-earth-name_zh","geometryNote":"Natural Earth 1:1000万地图概括命名范围；使用来源原始多边形，不是测绘边界或精确山体边界。","bounds":[74.919688,33.3357,79.855968,37.91352],"labelCoordinates":[77.63168642486909,35.5232915],"labelCoordinateMethod":"interior-representative-point-of-feature-polygon","minZoom":4.5,"modernBackgroundOnly":true,"unnamed":false,"existingLabelId":"mountain-ne_10m_geography_regions_polys-672","sourceFeatureClass":"Range/mtn","sourceNameZh":"喀喇昆仑山脉","sourceWikidataId":"Q5469","geometryDerivation":"exact-source-geometry"},"geometry":{"type":"Polygon","coordinates":[[[79.017955,33.35401],[78.896861,33.3357],[78.374522,33.354315],[78.238658,33.389106],[78.224375,33.396532],[78.11024,33.455878],[78.029398,33.522815],[77.075816,34.312384],[76.386485,34.704352],[76.266978,34.817939],[76.105113,35.059088],[75.74818,35.810187],[75.707286,35.942694],[75.689952,36.30152],[75.658092,36.406317],[75.61024,36.487494],[75.483719,36.630628],[75.251842,36.892951],[75.198985,36.952033],[75.172252,36.992499],[75.169712,36.999812],[75.162608,37.02027],[75.15919,37.061164],[75.147594,37.086005],[74.928233,37.284613],[74.919688,37.309333],[74.92921,37.334662],[74.960704,37.361396],[75.985995,37.788365],[76.247691,37.897345],[76.357432,37.91352],[76.444469,37.906378],[76.454301,37.899932],[76.499766,37.870124],[76.610728,37.740424],[76.972667,37.482428],[77.809093,36.48432],[77.861095,36.449469],[77.999766,36.387641],[78.261479,36.19122],[78.351085,36.123969],[78.480846,36.072638],[78.812266,35.995978],[78.971848,35.916236],[79.011485,35.89643],[79.274425,35.668647],[79.483287,35.377936],[79.62086,35.058966],[79.700328,34.597113],[79.844859,34.357611],[79.855968,34.313544],[79.855846,34.265143],[79.841685,34.211371],[79.82484,34.177741],[79.50294,33.828925],[79.245006,33.651496],[79.226451,33.631049],[79.196056,33.577216],[79.148692,33.454169],[79.133311,33.427619],[79.114268,33.405219],[79.070567,33.374579],[79.017955,33.35401]]]}},{"type":"Feature","id":"ne_10m_geography_regions_polys-673","properties":{"id":"ne_10m_geography_regions_polys-673","groupId":"ne_10m_geography_regions_polys-673","name":"昆仑山脉","nameEn":"Kunlun Mountains","kind":"mountain","sourceDataset":"ne_10m_geography_regions_polys","sourceUrl":"https://raw.githubusercontent.com/nvkelso/natural-earth-vector/ca96624a56bd078437bca8184e78163e5039ad19/geojson/ne_10m_geography_regions_polys.geojson","sourceFeatureIndices":[673],"sourceId":1159104187,"sourceName":"KUNLUN MOUNTAINS","nameOrigin":"natural-earth-name_zh","geometryNote":"Natural Earth 1:1000万地图概括命名范围；使用来源原始多边形，不是测绘边界或精确山体边界。","bounds":[77.960094,35.086737,99.475597,37.711371],"labelCoordinates":[86.28064144473984,36.3990085],"labelCoordinateMethod":"interior-representative-point-of-feature-polygon","minZoom":3.2,"modernBackgroundOnly":true,"unnamed":false,"existingLabelId":"mountain-ne_10m_geography_regions_polys-673","sourceFeatureClass":"Range/mtn","sourceNameZh":"昆仑山脉","sourceWikidataId":"Q187871","geometryDerivation":"exact-source-geometry"},"geometry":{"type":"Polygon","coordinates":[[[86.800792,37.625006],[87.587413,37.504523],[89.218765,37.526688],[89.51339,37.530691],[91.199107,37.553595],[91.530894,37.462165],[92.672618,36.761664],[92.709139,36.746089],[92.859717,36.681871],[93.013805,36.616156],[94.186672,36.442518],[94.663,36.372],[94.994919,36.322861],[95.145908,36.300507],[95.156383,36.298957],[95.426126,36.371076],[95.659068,36.433356],[95.761607,36.439765],[95.927309,36.396704],[97.583263,35.966376],[97.787934,35.988752],[97.984921,36.010288],[97.986339,36.010443],[98.018059,36.020415],[98.138026,36.058126],[98.151378,36.062323],[98.496715,36.252753],[98.589244,36.273261],[98.798106,36.267585],[99.009898,36.213141],[99.189342,36.12641],[99.258433,36.06977],[99.316783,35.998358],[99.403819,35.825019],[99.455089,35.634223],[99.475597,35.453742],[99.47169,35.363898],[99.452281,35.286689],[99.418712,35.221991],[99.372081,35.169745],[99.313121,35.129828],[99.243175,35.102179],[99.162852,35.086737],[98.908702,35.097235],[97.592784,35.360236],[87.336436,35.687751],[86.738536,35.487738],[82.29066,35.354499],[81.853526,35.229254],[81.385265,35.166449],[80.825084,35.177558],[80.554454,35.226447],[79.290172,35.831122],[79.085826,35.896857],[78.971848,35.916236],[78.667979,35.967902],[78.471568,36.0362],[78.281016,36.169806],[78.261479,36.19122],[78.099864,36.368354],[78.029185,36.481513],[77.980479,36.598578],[77.960094,36.715155],[77.97462,36.827277],[78.041637,36.954962],[78.143809,37.047431],[78.272594,37.109748],[78.574718,37.164618],[79.159679,37.131964],[79.740733,36.986762],[80.523065,36.62994],[80.673836,36.561174],[80.715343,36.542243],[80.842839,36.505772],[81.162487,36.414337],[81.208018,36.401313],[81.343639,36.409919],[82.13502,36.679877],[83.402218,36.816884],[83.494395,36.82685],[83.670658,36.888033],[85.708278,37.595319],[86.042613,37.711371],[86.800792,37.625006]]]}},{"type":"Feature","id":"ne_10m_geography_regions_polys-692","properties":{"id":"ne_10m_geography_regions_polys-692","groupId":"ne_10m_geography_regions_polys-692","name":"蒙古高原","nameEn":"Mongolian Plateau","kind":"plateau","sourceDataset":"ne_10m_geography_regions_polys","sourceUrl":"https://raw.githubusercontent.com/nvkelso/natural-earth-vector/ca96624a56bd078437bca8184e78163e5039ad19/geojson/ne_10m_geography_regions_polys.geojson","sourceFeatureIndices":[692],"sourceId":1159104229,"sourceName":"MONGOLIAN PLATEAU","nameOrigin":"natural-earth-name_zh","geometryNote":"Natural Earth 1:1000万地图概括命名范围；使用来源原始多边形，不是测绘边界或精确山体边界。","bounds":[97.321544,41.849494,115.184093,50.661139],"labelCoordinates":[108.65717242562613,46.276953500000005],"labelCoordinateMethod":"interior-representative-point-of-feature-polygon","minZoom":4.0,"modernBackgroundOnly":true,"unnamed":false,"sourceFeatureClass":"Plateau","sourceNameZh":"蒙古高原","sourceWikidataId":"Q560198","geometryDerivation":"exact-source-geometry"},"geometry":{"type":"Polygon","coordinates":[[[108.959406,50.52879],[110.249522,49.971381],[110.468028,49.798529],[110.549449,49.751166],[110.602796,49.738011],[110.621226,49.733466],[110.645304,49.734984],[110.690929,49.73786],[111.106334,49.824836],[111.406627,49.80268],[111.920909,49.681708],[112.058116,49.680976],[112.309947,49.725592],[112.377208,49.717353],[112.421275,49.691169],[112.486827,49.618232],[112.531749,49.588019],[112.600597,49.572943],[112.77064,49.57923],[112.822154,49.552497],[112.906944,49.450665],[112.933604,49.418647],[112.970348,49.38758],[113.013805,49.379035],[113.068126,49.402533],[113.141612,49.448371],[113.156016,49.448554],[113.203136,49.395514],[113.245616,49.370368],[113.466563,49.299262],[113.921886,49.075873],[114.317393,49.026374],[114.41627,48.969306],[114.487193,48.880378],[114.536021,48.764899],[114.714854,47.819831],[114.741131,47.756323],[114.976207,47.188178],[115.163585,45.309272],[115.136119,45.108588],[115.071056,44.92536],[115.184093,44.105048],[115.182017,43.859565],[115.130504,43.61756],[115.010997,43.388922],[114.940929,43.330268],[113.984874,42.77851],[113.920543,42.710822],[113.802867,42.648139],[111.322398,42.001837],[107.682628,42.403632],[106.831309,42.289008],[106.694469,42.296088],[106.563975,42.326483],[106.459849,42.329474],[105.474376,41.988959],[105.232921,42.019355],[103.290538,41.849494],[103.15211,41.871894],[102.885142,41.961554],[99.031016,42.363044],[97.408214,43.062567],[97.336436,43.086493],[97.321544,43.159491],[97.463794,43.621247],[97.47755,43.6659],[97.481822,43.776923],[97.436778,43.85401],[97.480235,43.922553],[97.806602,43.981753],[98.260004,44.063996],[99.742076,44.332831],[99.781016,44.368903],[99.776866,44.405707],[99.912081,44.474378],[100.539627,44.793086],[100.863536,44.957587],[100.905284,45.0409],[100.922862,45.125983],[101.008556,45.200202],[101.783702,45.488593],[101.873668,45.5456],[101.984705,45.658539],[102.123057,45.799262],[102.205455,45.938849],[102.232066,46.022223],[102.251964,46.200873],[102.242564,46.353034],[102.154796,46.639777],[101.945201,47.022101],[101.664317,47.299384],[101.638438,47.347357],[101.625133,47.40058],[101.629039,47.448188],[101.676524,47.570868],[101.792349,47.748957],[101.835704,47.815619],[101.925792,47.903632],[103.02064,48.640937],[103.299937,48.764838],[103.508678,48.813788],[103.605724,48.819342],[104.466197,48.609565],[104.647472,48.635382],[104.837169,48.739814],[105.596568,49.33747],[105.766002,49.3805],[105.9192,49.32038],[105.973643,49.333991],[106.333391,49.90229],[106.519542,50.196357],[106.586681,50.227118],[106.6869,50.223578],[106.806285,50.255866],[107.470714,50.566352],[108.653087,50.661139],[108.756118,50.616623],[108.959406,50.52879]]]}},{"type":"Feature","id":"ne_10m_geography_regions_polys-693","properties":{"id":"ne_10m_geography_regions_polys-693","groupId":"ne_10m_geography_regions_polys-693","name":"德干高原","nameEn":"Deccan Plateau","kind":"plateau","sourceDataset":"ne_10m_geography_regions_polys","sourceUrl":"https://raw.githubusercontent.com/nvkelso/natural-earth-vector/ca96624a56bd078437bca8184e78163e5039ad19/geojson/ne_10m_geography_regions_polys.geojson","sourceFeatureIndices":[693],"sourceId":1159104233,"sourceName":"DECCAN PLATEAU","nameOrigin":"natural-earth-name_zh","geometryNote":"Natural Earth 1:1000万地图概括命名范围；使用来源原始多边形，不是测绘边界或精确山体边界。","bounds":[74.197398,12.463446,81.263927,20.113471],"labelCoordinates":[76.96486490004405,16.2363655],"labelCoordinateMethod":"interior-representative-point-of-feature-polygon","minZoom":4.6,"modernBackgroundOnly":true,"unnamed":false,"sourceFeatureClass":"Plateau","sourceNameZh":"德干高原","sourceWikidataId":"Q169966","geometryDerivation":"exact-source-geometry"},"geometry":{"type":"Polygon","coordinates":[[[78.925059,19.809699],[79.171886,19.77442],[79.259654,19.796088],[80.321422,19.844428],[81.117931,19.754218],[81.157725,19.730048],[81.189586,19.696662],[81.214732,19.651679],[81.249766,19.517768],[81.263927,19.283515],[81.233897,19.052558],[81.172496,18.9112],[81.084483,18.788214],[80.651134,18.346503],[80.568858,18.215277],[80.445201,17.78974],[80.381724,17.697028],[79.939313,17.269622],[79.798651,17.13373],[78.546153,15.923712],[78.531261,15.902777],[78.521129,15.878669],[78.379283,15.200751],[78.381358,15.130133],[78.484874,14.771552],[78.486827,14.696234],[78.475108,14.612555],[78.355235,14.203437],[78.195079,13.854987],[78.185069,13.748175],[78.304332,13.167792],[78.300792,13.057807],[78.268565,12.981513],[78.099742,12.796637],[77.849376,12.614081],[77.586314,12.488105],[77.471568,12.463446],[76.887218,12.548957],[76.458385,12.721564],[76.278575,12.848029],[76.142589,13.003791],[76.065807,13.190619],[76.05775,13.279731],[76.128429,13.684943],[76.11439,13.766913],[76.073985,13.852179],[75.539683,14.424384],[75.478282,14.539008],[75.440074,14.67237],[75.393443,15.219672],[75.348643,15.400397],[75.078502,15.969001],[75.041392,16.50373],[74.442393,17.587409],[74.209361,18.317755],[74.197398,18.539496],[74.230113,18.727851],[74.298839,18.894232],[74.400401,19.043097],[74.826305,19.433783],[75.082652,19.8664],[75.185313,19.958197],[75.370494,20.060126],[75.560802,20.112006],[75.976207,20.113471],[76.124522,20.08216],[76.397227,19.980719],[76.543712,19.949591],[78.925059,19.809699]]]}},{"type":"Feature","id":"ne_10m_geography_regions_polys-713","properties":{"id":"ne_10m_geography_regions_polys-713","groupId":"ne_10m_geography_regions_polys-713","name":"天山山脉","nameEn":"Tian Shan","kind":"mountain","sourceDataset":"ne_10m_geography_regions_polys","sourceUrl":"https://raw.githubusercontent.com/nvkelso/natural-earth-vector/ca96624a56bd078437bca8184e78163e5039ad19/geojson/ne_10m_geography_regions_polys.geojson","sourceFeatureIndices":[713],"sourceId":1159104299,"sourceName":"TIAN SHAN","nameOrigin":"natural-earth-name_zh+opencc-tw-to-cn","geometryNote":"Natural Earth 1:1000万地图概括命名范围；使用来源原始多边形，不是测绘边界或精确山体边界。","bounds":[72.977061,39.660285,95.221446,44.174872],"labelCoordinates":[78.76392531427942,41.9563665],"labelCoordinateMethod":"interior-representative-point-of-feature-polygon","minZoom":3.0,"modernBackgroundOnly":true,"unnamed":false,"existingLabelId":"mountain-ne_10m_geography_regions_polys-713","sourceFeatureClass":"Range/mtn","sourceNameZh":"天山山脈","sourceWikidataId":"Q5474","geometryDerivation":"exact-source-geometry","nameBeforeSimplification":"天山山脈"},"geometry":{"type":"MultiPolygon","coordinates":[[[[74.73428,42.683085],[74.599369,42.690713],[74.391831,42.705301],[74.706798,42.689154],[74.73428,42.683085]]],[[[74.391831,42.705301],[73.851939,42.732978],[74.599369,42.690713],[74.746593,42.680365],[74.73428,42.683085],[75.091075,42.662909],[75.415782,42.717658],[76.323497,43.213202],[83.412608,43.55506],[83.579508,43.599195],[83.653575,43.618781],[84.391856,43.962897],[85.675611,44.060672],[86.703014,44.138922],[87.991222,43.905463],[90.29713,43.877936],[92.107555,44.174872],[94.928722,43.895453],[95.010997,43.874091],[95.080699,43.837165],[95.13734,43.779242],[95.180186,43.69477],[95.208629,43.578131],[95.221446,43.295233],[95.168101,43.062934],[95.057628,42.877875],[94.898692,42.73664],[94.69984,42.636176],[94.469981,42.573004],[93.951671,42.5456],[93.81544,42.563056],[93.699718,42.596076],[93.509166,42.69953],[93.139659,42.989508],[92.936412,43.092597],[92.726085,43.140815],[90.957408,43.158637],[90.720592,43.094855],[90.567149,42.984076],[90.528697,42.815436],[90.028819,42.685614],[89.780528,42.660773],[89.650035,42.672309],[88.858775,42.952338],[88.725719,42.957343],[88.602428,42.923041],[88.493663,42.838629],[88.468516,42.803229],[88.452525,42.766303],[88.423961,42.615119],[88.411632,42.579352],[88.39149,42.5456],[88.357799,42.510382],[87.280406,41.8487],[86.87672,41.72956],[86.598888,41.712531],[84.488292,41.997199],[82.165538,41.662604],[77.174693,39.885688],[74.85316,39.660285],[73.056651,39.754279],[73.011241,39.768866],[72.985973,39.799689],[72.977061,39.853339],[72.990123,40.020209],[73.210948,40.673712],[73.354259,41.795356],[73.340465,41.915534],[73.12379,42.422614],[73.1244,42.506537],[73.198375,42.649115],[73.330821,42.731879],[73.508311,42.767401],[74.391831,42.705301]]]]}},{"type":"Feature","id":"ne_10m_geography_regions_polys-716","properties":{"id":"ne_10m_geography_regions_polys-716","groupId":"ne_10m_geography_regions_polys-716","name":"喜马拉雅山脉","nameEn":"Himalayas","kind":"mountain","sourceDataset":"ne_10m_geography_regions_polys","sourceUrl":"https://raw.githubusercontent.com/nvkelso/natural-earth-vector/ca96624a56bd078437bca8184e78163e5039ad19/geojson/ne_10m_geography_regions_polys.geojson","sourceFeatureIndices":[716],"sourceId":1159104307,"sourceName":"HIMALAYAS","nameOrigin":"natural-earth-name_zh","geometryNote":"Natural Earth 1:1000万地图概括命名范围；使用来源原始多边形，不是测绘边界或精确山体边界。","bounds":[75.521861,26.859809,95.662608,33.911933],"labelCoordinates":[80.47017268358769,30.542569],"labelCoordinateMethod":"interior-representative-point-of-feature-polygon","minZoom":2.6,"modernBackgroundOnly":true,"unnamed":false,"existingLabelId":"mountain-ne_10m_geography_regions_polys-716","sourceFeatureClass":"Range/mtn","sourceNameZh":"喜马拉雅山脉","sourceWikidataId":"Q5451","geometryDerivation":"exact-source-geometry"},"geometry":{"type":"Polygon","coordinates":[[[84.908092,29.178717],[87.393687,29.133612],[87.717296,29.257148],[88.05775,29.320441],[92.473155,29.102973],[93.201671,28.906989],[93.365733,28.88758],[93.520152,28.897895],[93.619395,28.927008],[93.903087,29.112738],[94.393565,29.243476],[94.77685,29.426268],[94.906383,29.488044],[95.163829,29.728156],[95.214122,29.757025],[95.27064,29.775214],[95.331065,29.782111],[95.393321,29.777594],[95.455211,29.761115],[95.514659,29.732367],[95.569347,29.690985],[95.617198,29.636542],[95.64259,29.595118],[95.650645,29.581977],[95.655788,29.564346],[95.662608,29.540961],[95.65565,29.510199],[95.632213,29.486274],[94.958995,29.19422],[94.895152,29.151313],[94.847179,29.104071],[94.796397,29.009528],[94.790538,28.921576],[94.820689,28.840155],[94.877696,28.765143],[95.255015,28.475226],[95.28297,28.434027],[95.289195,28.397467],[95.274547,28.322333],[95.272716,28.275702],[95.286998,28.217719],[95.310321,28.174817],[95.326915,28.144294],[94.908715,27.80222],[94.347179,27.342902],[93.830089,27.124335],[91.682384,26.859809],[89.645489,26.902885],[89.589976,26.904059],[89.382823,26.953803],[89.197594,27.028166],[88.900279,27.147528],[88.80067,27.160102],[88.686778,27.149482],[88.652944,27.13696],[88.251231,26.988288],[87.780528,26.903998],[87.018734,27.026632],[85.336925,27.29737],[84.665782,27.573065],[83.859264,27.701361],[83.729503,27.746772],[83.501353,27.874701],[83.297374,27.95185],[82.486827,28.014533],[82.39796,28.049018],[82.000133,28.37873],[79.305125,29.95885],[77.313975,31.126288],[75.94909,32.226119],[75.719859,32.410834],[75.582408,32.60224],[75.554412,32.681234],[75.521861,32.773078],[75.531016,32.919745],[75.594859,33.049079],[76.091563,33.527411],[76.20045,33.670966],[76.273326,33.743109],[76.381847,33.790717],[77.000089,33.866127],[77.375621,33.911933],[77.490245,33.872016],[78.029398,33.522815],[78.224375,33.396532],[84.52064,29.318549],[84.908092,29.178717]]]}},{"type":"Feature","id":"ne_10m_geography_regions_polys-733","properties":{"id":"ne_10m_geography_regions_polys-733","groupId":"ne_10m_geography_regions_polys-733","name":"青藏高原","nameEn":"Tibetan Plateau","kind":"plateau","sourceDataset":"ne_10m_geography_regions_polys","sourceUrl":"https://raw.githubusercontent.com/nvkelso/natural-earth-vector/ca96624a56bd078437bca8184e78163e5039ad19/geojson/ne_10m_geography_regions_polys.geojson","sourceFeatureIndices":[733],"sourceId":1159104345,"sourceName":"PLATEAU OF TIBET","nameOrigin":"natural-earth-name_zh","geometryNote":"Natural Earth 1:1000万地图概括命名范围；使用来源原始多边形，不是测绘边界或精确山体边界。","bounds":[73.03651,26.859809,104.112193,40.140692],"labelCoordinates":[89.18607777595297,33.406287000000006],"labelCoordinateMethod":"interior-representative-point-of-feature-polygon","minZoom":3.0,"modernBackgroundOnly":true,"unnamed":false,"sourceFeatureClass":"Plateau","sourceNameZh":"青藏高原","sourceWikidataId":"Q179842","geometryDerivation":"exact-source-geometry"},"geometry":{"type":"Polygon","coordinates":[[[103.648936,36.664019],[103.752086,36.24433],[103.843942,35.884053],[103.990489,35.309272],[103.949107,34.362372],[104.112193,33.108893],[104.043101,31.86341],[103.883556,31.376044],[103.860362,31.33808],[103.424327,30.979132],[103.08192,30.440924],[103.225963,30.061896],[103.121349,29.699591],[102.909679,29.331122],[102.512828,28.942023],[102.22376,28.827658],[101.964854,28.725226],[101.953026,28.723419],[101.477794,28.650824],[99.363536,27.666266],[99.176422,27.584907],[98.938803,27.481587],[98.75587,27.402045],[96.283458,27.955695],[95.654439,28.284252],[95.545543,28.341132],[95.310321,28.174817],[95.310313,28.174811],[95.326915,28.144294],[94.908715,27.80222],[94.347179,27.342902],[93.830089,27.124335],[91.682384,26.859809],[89.645489,26.902885],[89.589976,26.904059],[89.5442,26.915045],[89.195567,26.923896],[88.985658,27.038055],[88.835094,27.11994],[88.652944,27.13696],[88.652843,27.136969],[88.251231,26.988288],[87.780528,26.903998],[87.459239,26.955695],[87.018825,27.026598],[85.336925,27.29737],[84.665782,27.573065],[83.859264,27.701361],[83.729503,27.746772],[83.501353,27.874701],[83.297374,27.95185],[82.486827,28.014533],[82.39796,28.049018],[82.000133,28.37873],[79.305125,29.95885],[77.313975,31.126288],[75.949107,32.226142],[75.94909,32.226119],[75.921031,32.189276],[74.966807,32.871772],[74.712835,33.074936],[74.521373,33.228095],[74.075938,33.584479],[73.505692,34.12619],[73.485724,34.145159],[73.481944,34.148749],[73.03651,34.445685],[73.422496,35.989936],[74.610362,37.415351],[74.749086,37.45936],[75.110448,37.574001],[76.08253,37.882392],[76.911618,38.020104],[77.018443,38.037848],[78.724864,37.221808],[79.749278,37.021491],[80.523065,36.62994],[80.631602,36.575019],[80.673836,36.561174],[80.842839,36.505772],[81.140269,36.408271],[81.162487,36.414337],[82.13502,36.679877],[83.32606,36.796698],[83.402218,36.816884],[83.670658,36.888033],[85.200084,37.293402],[85.708278,37.595319],[87.038341,38.385504],[87.174223,38.385504],[87.562389,38.385504],[87.912737,38.640642],[88.349132,38.958441],[89.260848,39.106379],[89.929578,39.21489],[95.635142,40.140692],[95.654685,40.139069],[96.438696,40.073946],[96.454466,40.072636],[96.616832,40.059149],[96.819582,40.028296],[97.435944,39.934502],[98.530053,39.768007],[98.936479,39.70616],[98.968928,39.701222],[99.051036,39.688727],[99.369278,39.547431],[99.527445,39.477206],[99.697204,39.401835],[99.841075,39.337958],[100.445441,38.872987],[100.955943,38.480231],[100.995591,38.472896],[101.744314,38.334377],[102.238292,38.242987],[102.284293,38.210481],[102.597179,37.989386],[102.864468,37.708619],[103.128551,37.43122],[103.575328,36.963507],[103.648936,36.664019]]]}}]}
