{"type":"FeatureCollection","bbox":[70,10,142,56],"metadata":{"source":"Natural Earth 1:10m","commit":"ca96624a56bd078437bca8184e78163e5039ad19","modernBackgroundOnly":true,"simplificationDegrees":0.012,"sourceManifest":"natural-geography-sources.json"},"features":[{"type":"Feature","id":"ne_10m_rivers_lake_centerlines-0","properties":{"name":"Irrawaddy Delta","nameEn":"Irrawaddy Delta","nameOrigin":"natural-earth-original","sourceName":"Irrawaddy Delta","sourceDataset":"ne_10m_rivers_lake_centerlines","sourceFeatureIndex":0,"sourceId":0,"scalerank":1.0,"minZoom":2.0,"min_zoom":2.0,"featurecla":"River"},"geometry":{"type":"MultiLineString","coordinates":[[[95.451101,17.820502],[95.427664,17.844672],[95.305268,17.749945],[95.255463,17.748155],[95.197276,17.67654],[95.210948,17.631659],[95.160737,17.609442],[95.166515,17.542426],[95.10906,17.488389],[95.115245,17.46365],[95.08546,17.459825],[95.067475,17.429511],[95.092052,17.429755],[95.075125,17.380439],[95.000011,17.333604],[94.981049,17.358507],[94.944591,17.343126],[94.930186,17.278632],[94.957042,17.228624],[94.875662,17.148301],[94.859386,17.095323],[94.820323,17.06977],[94.841563,17.038438],[94.787852,17.027859],[94.741222,16.970649],[94.724864,16.785224],[94.745372,16.720323],[94.724864,16.692694],[94.732351,16.648017],[94.677013,16.532009]],[[95.450287,17.791327],[95.492605,17.843817],[95.492605,17.909247],[95.557546,17.929145],[95.587413,17.895087],[95.602468,17.902452],[95.60434,17.814724],[95.64446,17.734483],[95.68629,17.718614],[95.663259,17.686469],[95.727143,17.598578],[95.724864,17.531928],[95.778331,17.500067],[95.777761,17.452501],[95.821544,17.400336],[95.808686,17.393337],[95.839854,17.351589],[95.855235,17.279853],[95.95753,17.157538],[95.938243,17.107286],[95.949474,17.04682],[96.050304,16.980658],[96.128998,16.776679],[96.171153,16.771552]],[[95.465261,17.706895],[95.385916,17.721625],[95.369151,17.634874],[95.313975,17.634874],[95.334972,17.580268],[95.266124,17.498358],[95.341807,17.457384],[95.302419,17.415798],[95.332937,17.352607],[95.317149,17.334581],[95.26946,17.333279],[95.261648,17.350369],[95.281342,17.370632],[95.265391,17.393907],[95.23878,17.329535],[95.279796,17.29914],[95.214692,17.309394],[95.25172,17.251329],[95.246186,17.208116],[95.265554,17.195583],[95.195893,17.127224],[95.205658,17.016669],[95.156261,16.929226],[95.231944,16.826199],[95.19101,16.706366],[95.157481,16.706651],[95.158946,16.6612],[95.122081,16.620714],[95.129893,16.578477],[95.037608,16.561347],[95.04005,16.538153],[94.992605,16.494818],[94.945242,16.329698],[94.819753,16.217393],[94.793712,16.162055]],[[95.606619,16.857856],[95.66684,16.81623],[95.663259,16.737372],[95.758311,16.717719],[95.785574,16.63821],[95.859386,16.66238],[95.884044,16.625352],[95.883067,16.53502],[95.834727,16.497178],[95.877533,16.4206],[96.006602,16.387315]],[[95.479015,16.805691],[95.480724,16.749864],[95.439871,16.722032],[95.437429,16.682807],[95.417003,16.679063],[95.389659,16.504014],[95.369151,16.518337],[95.375987,16.452826],[95.348643,16.401638],[95.3213,16.391059],[95.282237,16.303575],[95.271576,16.169013],[95.184825,16.044745],[95.132498,16.024848]]]}},{"type":"Feature","id":"ne_10m_rivers_lake_centerlines-1","properties":{"name":"Tonle Sap","nameEn":"Tonle Sap","nameOrigin":"natural-earth-original","sourceName":"Tonle Sap","sourceDataset":"ne_10m_rivers_lake_centerlines","sourceFeatureIndex":1,"sourceId":1001,"scalerank":9.0,"minZoom":7.1,"min_zoom":7.1,"featurecla":"Lake Centerline"},"geometry":{"type":"MultiLineString","coordinates":[[[103.687429,13.224677],[103.74879,13.207953],[104.225108,12.709255]],[[104.225108,12.709255],[104.132335,12.701117]],[[104.225108,12.709255],[104.434011,12.529893],[104.503835,12.519355],[104.533376,12.468329],[104.605479,12.417426],[104.612804,12.381415]],[[104.225597,12.709174],[104.225108,12.709255]]]}},{"type":"Feature","id":"ne_10m_rivers_lake_centerlines-2","properties":{"name":"Tonle Sap","nameEn":"Tonle Sap","nameOrigin":"natural-earth-original","sourceName":"Tonle Sap","sourceDataset":"ne_10m_rivers_lake_centerlines","sourceFeatureIndex":2,"sourceId":1001,"scalerank":9.0,"minZoom":7.1,"min_zoom":7.1,"featurecla":"River"},"geometry":{"type":"LineString","coordinates":[[104.614757,12.382025],[104.684988,12.323676],[104.724539,12.235948],[104.785167,12.257107],[104.845795,12.187038],[104.777599,12.076972],[104.822358,11.928412],[104.788829,11.871365],[104.855235,11.679511],[104.951182,11.590888]]}},{"type":"Feature","id":"ne_10m_rivers_lake_centerlines-90","properties":{"name":"汾河","nameEn":"Fen","nameOrigin":"editorial-translation","sourceName":"Fen","sourceDataset":"ne_10m_rivers_lake_centerlines","sourceFeatureIndex":90,"sourceId":1070,"scalerank":9.0,"minZoom":7.1,"min_zoom":7.1,"featurecla":"River"},"geometry":{"type":"LineString","coordinates":[[112.075613,38.861274],[112.123953,38.726345],[112.100352,38.652696],[111.99822,38.559027],[111.963145,38.415473],[111.84962,38.241156],[111.837413,38.139228],[111.904307,38.05622],[112.14796,37.911241],[112.296479,37.93948],[112.378673,38.008368],[112.415457,38.009589],[112.429779,37.983913],[112.466075,37.97366],[112.511811,37.905056],[112.528087,37.710273],[112.408376,37.646186],[112.373546,37.607449],[112.370372,37.562771],[112.32252,37.478298],[112.158702,37.309516],[112.062511,37.17239],[111.904307,37.103461],[111.75058,36.929023],[111.753998,36.849555],[111.695323,36.82331],[111.656505,36.769151],[111.671804,36.614814],[111.705658,36.575873],[111.685802,36.534247],[111.689708,36.480251],[111.659109,36.44245],[111.662364,36.289903],[111.500255,36.130805],[111.481049,36.072577],[111.402761,36.001003],[111.422455,35.904568],[111.412852,35.773139],[111.353119,35.678331],[111.296641,35.669867],[111.275483,35.630927],[111.178722,35.568468],[111.088634,35.588935],[110.958995,35.588935],[110.782481,35.557888],[110.739268,35.568468],[110.554861,35.458604]]}},{"type":"Feature","id":"ne_10m_rivers_lake_centerlines-91","properties":{"name":"Yi","nameEn":"Yi","nameOrigin":"natural-earth-original","sourceName":"Yi","sourceDataset":"ne_10m_rivers_lake_centerlines","sourceFeatureIndex":91,"sourceId":1071,"scalerank":9.0,"minZoom":7.1,"min_zoom":7.1,"featurecla":"River"},"geometry":{"type":"LineString","coordinates":[[118.503429,36.103542],[118.57073,36.126247],[118.59962,36.096055],[118.590831,36.06863],[118.739838,35.9831],[118.771251,35.904812],[118.835378,35.849392],[118.874034,35.745958],[118.85849,35.557685],[118.734304,35.420437],[118.665701,35.30919],[118.644786,35.177598],[118.616222,35.122911],[118.523448,35.030341],[118.530772,34.815009],[118.567556,34.770819],[118.837169,34.765245],[118.887706,34.718126],[118.94044,34.701239],[119.141124,34.683173],[119.200287,34.713813]]}},{"type":"Feature","id":"ne_10m_rivers_lake_centerlines-92","properties":{"name":"Bogcang","nameEn":"Bogcang","nameOrigin":"natural-earth-original","sourceName":"Bogcang","sourceDataset":"ne_10m_rivers_lake_centerlines","sourceFeatureIndex":92,"sourceId":1072,"scalerank":9.0,"minZoom":7.1,"min_zoom":7.1,"featurecla":"River"},"geometry":{"type":"MultiLineString","coordinates":[[[85.748546,31.867947],[85.750662,31.866889]],[[85.750662,31.866889],[85.835948,31.828477],[85.946381,31.826972],[86.171397,31.90001],[86.414968,31.813056],[86.5088,31.840644],[86.634288,31.774929],[86.876557,31.766059],[86.949718,31.789822],[87.067556,31.726345],[87.208425,31.785997],[87.276459,31.884223],[87.413585,31.887152]],[[85.750662,31.866889],[85.754649,31.867947]],[[85.802989,31.655626],[85.610606,31.689765],[85.562918,31.723944],[85.557221,31.756049],[85.57545,31.777696],[85.750662,31.866889]]]}},{"type":"Feature","id":"ne_10m_rivers_lake_centerlines-95","properties":{"name":"Herlen","nameEn":"Kerulen","nameOrigin":"natural-earth-original","sourceName":"Herlen","sourceDataset":"ne_10m_rivers_lake_centerlines","sourceFeatureIndex":95,"sourceId":1075,"scalerank":9.0,"minZoom":7.1,"min_zoom":7.1,"featurecla":"River"},"geometry":{"type":"LineString","coordinates":[[109.134858,48.684882],[109.033214,48.623603],[109.000499,48.573757],[108.855479,48.526638],[108.811941,48.493679],[108.78712,48.403673],[108.717296,48.328192],[108.646007,48.201687],[108.640147,48.103868],[108.602794,48.045925],[108.550792,48.037624],[108.488455,47.970649],[108.481049,47.900214],[108.458263,47.869249],[108.471202,47.783637],[108.492768,47.759345],[108.484874,47.711005],[108.413259,47.628933],[108.428722,47.556342],[108.396088,47.509304],[108.439952,47.474555],[108.471202,47.40998],[108.546967,47.35163],[108.569591,47.284003],[108.623546,47.234565],[108.694021,47.09809],[108.83839,47.006537],[108.958263,46.976142],[109.122325,47.012763],[109.266368,46.957465],[109.368744,46.943874],[109.427419,46.909044],[109.649913,46.895453],[109.781342,46.910956],[109.910085,46.955268],[110.013682,46.999091],[110.050304,47.052517],[110.172374,47.09573],[110.457612,47.148261],[110.499604,47.190863],[110.585704,47.218207],[110.658214,47.306179],[110.87322,47.389512],[111.023041,47.489854],[111.403901,47.574286],[111.54184,47.595526],[111.592703,47.581244],[111.721934,47.613145],[111.864024,47.702745],[112.057384,47.761583],[112.230724,47.76671],[112.293224,47.794257],[112.489757,47.785712],[112.739675,47.81448],[112.93214,47.944403],[113.058849,47.990261],[113.696707,48.045356],[113.889415,48.011013],[114.608653,48.071804],[114.952891,48.256049],[114.967459,48.29918],[115.055268,48.373114],[115.146251,48.526638],[115.285248,48.603949],[115.434988,48.559923],[115.439952,48.486274],[115.372488,48.452216],[115.330496,48.396837],[115.566905,48.081122],[115.65325,48.080593],[115.715343,48.131171],[115.809825,48.148708],[116.009532,48.239814],[116.114675,48.26793],[116.175304,48.398057],[116.291921,48.474392],[116.368582,48.489366],[116.52239,48.576117],[116.684825,48.575019],[116.796397,48.625312],[116.97462,48.657091],[117.044851,48.699083],[117.057872,48.759955]]}},{"type":"Feature","id":"ne_10m_rivers_lake_centerlines-98","properties":{"name":"","nameEn":"","nameOrigin":"natural-earth-original","sourceName":null,"sourceDataset":"ne_10m_rivers_lake_centerlines","sourceFeatureIndex":98,"sourceId":1078,"scalerank":9.0,"minZoom":7.1,"min_zoom":7.1,"featurecla":"River"},"geometry":{"type":"LineString","coordinates":[[88.653819,48.156684],[88.639578,47.985378],[88.670339,47.959662],[88.653819,47.862413],[88.595225,47.838243],[88.591807,47.804145],[88.680675,47.729315],[88.72519,47.595526],[88.941905,47.491889],[88.967865,47.506171],[89.047455,47.342637],[89.023204,47.32807],[89.033132,47.27265],[88.983409,47.197618],[88.900401,47.122016]]}},{"type":"Feature","id":"ne_10m_rivers_lake_centerlines-99","properties":{"name":"","nameEn":"","nameOrigin":"natural-earth-original","sourceName":null,"sourceDataset":"ne_10m_rivers_lake_centerlines","sourceFeatureIndex":99,"sourceId":1079,"scalerank":9.0,"minZoom":7.1,"min_zoom":7.1,"featurecla":"River"},"geometry":{"type":"LineString","coordinates":[[85.432546,30.024482],[85.494558,30.09337],[85.593842,30.079698],[85.630626,30.099555],[85.675548,30.09337],[85.716075,30.136542],[85.740326,30.126899],[85.805919,30.159857],[85.878184,30.229926],[85.938894,30.247748],[85.957612,30.309027],[85.932709,30.339789],[85.877371,30.358222],[85.799246,30.482693],[85.706147,30.559516],[85.535655,30.573188],[85.432872,30.636339],[85.254324,30.657904],[85.202403,30.686387],[85.089366,30.881659],[85.135834,31.000352],[85.183116,31.029364],[85.24171,31.034613],[85.292003,31.073432],[85.375662,31.059841],[85.398367,31.038682]]}},{"type":"Feature","id":"ne_10m_rivers_lake_centerlines-100","properties":{"name":"Shishhid Gol","nameEn":"Shishhid Gol","nameOrigin":"natural-earth-original","sourceName":"Shishhid Gol","sourceDataset":"ne_10m_rivers_lake_centerlines","sourceFeatureIndex":100,"sourceId":107,"scalerank":4.0,"minZoom":4.0,"min_zoom":4.0,"featurecla":"Lake Centerline"},"geometry":{"type":"LineString","coordinates":[[99.426768,51.3487],[99.309825,51.410427]]}},{"type":"Feature","id":"ne_10m_rivers_lake_centerlines-101","properties":{"name":"Shishhid Gol","nameEn":"Shishhid Gol","nameOrigin":"natural-earth-original","sourceName":"Shishhid Gol","sourceDataset":"ne_10m_rivers_lake_centerlines","sourceFeatureIndex":101,"sourceId":107,"scalerank":4.0,"minZoom":4.0,"min_zoom":4.0,"featurecla":"River"},"geometry":{"type":"MultiLineString","coordinates":[[[99.309825,51.410427],[98.902354,51.493272],[98.685476,51.492987],[98.559255,51.46129],[98.51588,51.472724],[98.458751,51.425971],[98.349132,51.417914],[98.220144,51.47545],[98.110932,51.484931],[98.044932,51.465644],[98.042247,51.512519],[98.000255,51.514106]],[[98.809011,50.627021],[98.847097,50.590684],[98.901134,50.59394],[99.043875,50.53323],[99.086436,50.554999],[99.120942,50.610216],[99.213796,50.630154],[99.210948,50.667589],[99.247813,50.699001],[99.198416,50.739773],[99.192882,50.767768],[99.342703,50.797309],[99.364838,50.823065],[99.375011,50.909125],[99.438569,50.967719],[99.451427,51.053331],[99.515229,51.123074],[99.456065,51.156521],[99.419688,51.226101],[99.453868,51.253445],[99.480561,51.322292],[99.45574,51.3487],[99.42392,51.349473]]]}},{"type":"Feature","id":"ne_10m_rivers_lake_centerlines-102","properties":{"name":"Qarqan","nameEn":"Qarqan","nameOrigin":"natural-earth-original","sourceName":"Qarqan","sourceDataset":"ne_10m_rivers_lake_centerlines","sourceFeatureIndex":102,"sourceId":1080,"scalerank":9.0,"minZoom":7.1,"min_zoom":7.1,"featurecla":"River"},"geometry":{"type":"LineString","coordinates":[[87.282156,36.504706],[87.228119,36.559353],[87.256114,36.628241],[87.221446,36.703966],[87.159923,36.74494],[87.189464,36.82746],[87.132498,36.950385],[87.066417,37.022773],[87.025076,37.016221],[86.965424,37.050727],[86.947032,37.094346],[87.06837,37.221259],[87.056895,37.374945],[87.086925,37.401638],[87.221446,37.416531],[87.268565,37.508979],[87.257823,37.57392],[87.137462,37.588243],[86.97934,37.654853],[86.806407,37.642401],[86.73406,37.684027],[86.671886,37.67475],[86.628917,37.693305],[86.254324,37.636664],[86.12558,37.576239],[85.905528,37.515163],[85.864838,37.519599],[85.72047,37.678656],[85.678966,37.772773]]}},{"type":"Feature","id":"ne_10m_rivers_lake_centerlines-103","properties":{"name":"Huan","nameEn":"Huan","nameOrigin":"natural-earth-original","sourceName":"Huan","sourceDataset":"ne_10m_rivers_lake_centerlines","sourceFeatureIndex":103,"sourceId":1081,"scalerank":9.0,"minZoom":7.1,"min_zoom":7.1,"featurecla":"River"},"geometry":{"type":"LineString","coordinates":[[107.224213,37.31977],[107.285737,37.261746],[107.326671,37.155219],[107.277436,37.043728],[107.293224,36.945828],[107.203868,36.788764],[107.194347,36.725287],[107.231049,36.637885],[107.427826,36.448188],[107.532725,36.267401],[107.652599,36.209662],[107.937918,35.934353],[107.956716,35.873847],[107.922455,35.767768],[107.929128,35.567003],[107.880789,35.396308],[107.892019,35.324897],[107.943614,35.260037]]}},{"type":"Feature","id":"ne_10m_rivers_lake_centerlines-104","properties":{"name":"Zi","nameEn":"Zi","nameOrigin":"natural-earth-original","sourceName":"Zi","sourceDataset":"ne_10m_rivers_lake_centerlines","sourceFeatureIndex":104,"sourceId":1082,"scalerank":9.0,"minZoom":7.1,"min_zoom":7.1,"featurecla":"River"},"geometry":{"type":"LineString","coordinates":[[95.598562,33.277167],[95.692312,33.244493],[95.879242,32.985175],[96.03476,32.942572],[96.106212,32.892401],[96.225678,32.895819],[96.259776,32.859442],[96.307058,32.849473],[96.375987,32.790961],[96.53419,32.708564],[96.564952,32.60163],[96.607188,32.542019],[96.883067,32.349555],[96.915457,32.271023],[96.892996,32.256415],[96.855724,32.265163],[96.872081,32.221869],[97.03004,32.133979],[96.999766,32.046698],[96.942312,31.990261],[96.945079,31.964179]]}},{"type":"Feature","id":"ne_10m_rivers_lake_centerlines-105","properties":{"name":"Kaladan","nameEn":"Kaladan","nameOrigin":"natural-earth-original","sourceName":"Kaladan","sourceDataset":"ne_10m_rivers_lake_centerlines","sourceFeatureIndex":105,"sourceId":1083,"scalerank":9.0,"minZoom":7.1,"min_zoom":7.1,"featurecla":"River"},"geometry":{"type":"LineString","coordinates":[[93.073253,20.554633],[93.06837,20.579454],[93.014171,20.626085],[92.994884,20.718085],[92.959972,20.736843],[92.977468,20.780585],[92.972179,20.862982],[93.007742,20.899278],[92.984386,20.976508],[92.997813,21.011176],[92.915294,21.203966],[92.822765,21.349555],[92.736501,21.558295],[92.77825,21.600287],[92.782319,21.731391],[92.864024,21.754218],[92.879487,21.78974],[92.873057,21.863796],[92.838959,21.921942],[92.83546,22.29975],[92.913829,22.391221],[92.950125,22.393093],[92.935964,22.458035],[92.941335,22.711941],[92.913259,22.828721],[92.964285,22.925849],[93.008067,22.943956],[93.115733,22.798651],[93.175141,22.881903],[93.137787,23.005439],[93.152192,23.050116],[93.196218,23.054063],[93.246104,23.004706],[93.29835,23.018134],[93.332937,23.052517],[93.374522,23.12995],[93.377533,23.296983],[93.40683,23.34748],[93.399832,23.45421],[93.432058,23.647528],[93.405854,23.719306]]}},{"type":"Feature","id":"ne_10m_rivers_lake_centerlines-106","properties":{"name":"Mytitha","nameEn":"Mytitha","nameOrigin":"natural-earth-original","sourceName":"Mytitha","sourceDataset":"ne_10m_rivers_lake_centerlines","sourceFeatureIndex":106,"sourceId":1084,"scalerank":9.0,"minZoom":7.1,"min_zoom":7.1,"featurecla":"River"},"geometry":{"type":"LineString","coordinates":[[93.638194,21.939887],[93.856619,21.97366],[93.986095,21.923285],[94.043956,21.961534],[94.040701,21.990424],[94.067393,22.029975],[94.107432,22.051785],[94.103282,22.141547],[94.136974,22.201361],[94.123627,22.235378],[94.143891,22.337429],[94.132335,22.385281],[94.097179,22.415839],[94.10906,22.444403],[94.125255,22.439643],[94.141612,22.517646],[94.117686,22.564154],[94.129324,22.651313],[94.101736,22.869412],[94.061046,22.925645],[94.054454,22.966824],[94.088471,23.039984],[94.076915,23.050889],[94.109467,23.133368],[94.092214,23.176459],[94.119884,23.239691],[94.165457,23.247504],[94.223074,23.210028],[94.307709,23.208686]]}},{"type":"Feature","id":"ne_10m_rivers_lake_centerlines-107","properties":{"name":"Jiulong","nameEn":"Jiulong","nameOrigin":"natural-earth-original","sourceName":"Jiulong","sourceDataset":"ne_10m_rivers_lake_centerlines","sourceFeatureIndex":107,"sourceId":1085,"scalerank":9.0,"minZoom":7.1,"min_zoom":7.1,"featurecla":"River"},"geometry":{"type":"LineString","coordinates":[[116.79835,25.012803],[116.888927,24.988837],[116.973888,25.025987],[117.142589,25.278998],[117.295665,25.331366],[117.343842,25.304511],[117.483328,25.277126],[117.511729,25.226874],[117.502615,25.145779],[117.530528,25.085964],[117.507091,24.923204],[117.555431,24.861192],[117.628998,24.6671],[117.768321,24.521064],[117.790538,24.459784]]}},{"type":"Feature","id":"ne_10m_rivers_lake_centerlines-108","properties":{"name":"Mei","nameEn":"Mei","nameOrigin":"natural-earth-original","sourceName":"Mei","sourceDataset":"ne_10m_rivers_lake_centerlines","sourceFeatureIndex":108,"sourceId":1086,"scalerank":9.0,"minZoom":7.1,"min_zoom":7.1,"featurecla":"River"},"geometry":{"type":"LineString","coordinates":[[116.102468,27.10696],[116.056163,26.942084],[116.083425,26.819648],[115.98463,26.358466],[115.878429,26.244452],[115.846609,26.16824],[115.789073,26.180284],[115.750499,26.158393],[115.698741,26.17768],[115.631602,26.086737],[115.594493,26.064073],[115.449474,26.039374],[115.395763,25.950629],[115.259532,25.898749],[115.107839,25.950019],[115.075694,25.889228]]}},{"type":"Feature","id":"ne_10m_rivers_lake_centerlines-109","properties":{"name":"Tuo","nameEn":"Tuo","nameOrigin":"natural-earth-original","sourceName":"Tuo","sourceDataset":"ne_10m_rivers_lake_centerlines","sourceFeatureIndex":109,"sourceId":1087,"scalerank":9.0,"minZoom":7.1,"min_zoom":7.1,"featurecla":"River"},"geometry":{"type":"LineString","coordinates":[[103.530528,33.067491],[103.58074,33.021593],[103.53712,32.933458],[103.537608,32.886542],[103.577647,32.806464],[103.626231,32.76557],[103.606863,32.591254],[103.727061,32.403266],[103.735362,32.312445],[103.775076,32.223253],[103.72991,32.096625],[103.695404,32.050564],[103.690033,31.903144],[103.726573,31.835883],[103.857188,31.741645],[103.859467,31.708319],[103.679779,31.526557],[103.566173,31.459825],[103.471202,31.327175],[103.492686,31.195746],[103.472097,31.013617],[103.570893,31.035956],[103.634044,31.006944],[103.706554,31.037543],[103.757823,31.022976],[103.83546,30.955146],[103.939952,30.92003],[104.282807,30.927843],[104.348399,30.92003],[104.405284,30.888495],[104.542898,30.720649],[104.506114,30.63349],[104.520763,30.600043],[104.494558,30.575629],[104.519054,30.511746],[104.545909,30.508165],[104.564545,30.476752],[104.53419,30.434272],[104.588308,30.358954],[104.627533,30.34988],[104.67392,30.295722],[104.653087,30.292182],[104.628347,30.248643],[104.704275,30.172919],[104.705007,30.150092],[104.673269,30.134792],[104.653331,30.086249],[104.682628,30.03738],[104.655203,30.004991],[104.669526,29.967353],[104.720876,29.951728],[104.77003,29.858181],[104.841238,29.822537],[104.862641,29.784735],[104.938569,29.76907],[105.038503,29.59748],[105.101166,29.551825],[105.092459,29.531073],[105.050955,29.55211],[105.030772,29.516384],[105.007904,29.524604],[105.028412,29.477484],[105.014252,29.445014],[105.031505,29.390448],[105.001069,29.286566],[105.008556,29.201768],[104.961436,29.160997],[104.965343,29.124538],[105.004649,29.126573],[105.031668,29.094021],[105.063731,29.10338],[105.0713,29.050849],[105.220225,29.006415],[105.25294,28.95954],[105.274913,28.97309],[105.285574,28.942084],[105.3449,28.951728],[105.384044,28.903591],[105.445242,28.894151]]}},{"type":"Feature","id":"ne_10m_rivers_lake_centerlines-115","properties":{"name":"Son","nameEn":"Son","nameOrigin":"natural-earth-original","sourceName":"Son","sourceDataset":"ne_10m_rivers_lake_centerlines","sourceFeatureIndex":115,"sourceId":1092,"scalerank":9.0,"minZoom":7.1,"min_zoom":7.1,"featurecla":"River"},"geometry":{"type":"LineString","coordinates":[[82.047374,22.705919],[82.058849,22.768256],[82.044444,22.829128],[82.092784,22.934638],[81.95574,23.067939],[81.77296,23.130479],[81.684093,23.137966],[81.648936,23.191596],[81.617605,23.192654],[81.60906,23.226671],[81.47877,23.293809],[81.485606,23.357042],[81.460948,23.39704],[81.407481,23.399522],[81.400645,23.428656],[81.355235,23.425971],[81.3449,23.449246],[81.297293,23.456163],[81.283214,23.565945],[81.237885,23.58808],[81.229015,23.720282],[81.17392,23.806667],[81.176199,23.822781],[81.249115,23.843288],[81.163503,23.887763],[81.159109,23.923529],[81.10198,23.973985],[81.061046,23.970282],[80.996023,24.08751],[81.129405,24.136664],[81.207612,24.121649],[81.243744,24.171942],[81.344005,24.199815],[81.396658,24.257595],[81.45045,24.265082],[81.464773,24.300808],[81.553315,24.332831],[81.636322,24.406033],[81.677989,24.398546],[81.800792,24.446967],[82.187266,24.525662],[82.223074,24.559678],[82.308604,24.531806],[82.352061,24.562445],[82.553966,24.529812],[82.740001,24.604031],[82.806733,24.59516],[82.889171,24.615668],[82.97877,24.544704],[83.027354,24.528917],[83.060313,24.480292],[83.250499,24.467475],[83.437918,24.521023],[83.538666,24.531317],[83.750092,24.508409],[83.808686,24.542548],[83.93808,24.548692],[83.965831,24.576117],[84.000255,24.677924],[84.09433,24.800889],[84.185557,24.836778],[84.216319,24.901923],[84.289806,24.977607],[84.305431,25.032294],[84.428233,25.082465],[84.500255,25.193671],[84.591563,25.238634],[84.652436,25.244981],[84.725515,25.331651],[84.775076,25.433214],[84.769949,25.49962],[84.811534,25.597602],[84.80185,25.639268],[84.877615,25.707587]]}},{"type":"Feature","id":"ne_10m_rivers_lake_centerlines-116","properties":{"name":"","nameEn":"","nameOrigin":"natural-earth-original","sourceName":null,"sourceDataset":"ne_10m_rivers_lake_centerlines","sourceFeatureIndex":116,"sourceId":1093,"scalerank":9.0,"minZoom":7.1,"min_zoom":7.1,"featurecla":"River"},"geometry":{"type":"LineString","coordinates":[[77.765147,13.11876],[77.780284,12.986843],[77.836029,12.865343],[77.877696,12.818386],[77.88795,12.700059],[78.015391,12.577745],[78.119395,12.572537],[78.247,12.377224],[78.283702,12.288601],[78.368907,12.216254],[78.487071,12.172878],[78.549815,12.173367],[78.563569,12.189765],[78.590831,12.164903],[78.614268,12.180284],[78.638682,12.098578],[78.830007,12.190009],[79.034679,12.013373],[79.100841,11.995307],[79.135265,11.964667],[79.286062,11.944403],[79.454682,11.867703],[79.786062,11.769395]]}},{"type":"Feature","id":"ne_10m_rivers_lake_centerlines-117","properties":{"name":"","nameEn":"","nameOrigin":"natural-earth-original","sourceName":null,"sourceDataset":"ne_10m_rivers_lake_centerlines","sourceFeatureIndex":117,"sourceId":1094,"scalerank":9.0,"minZoom":7.1,"min_zoom":7.1,"featurecla":"River"},"geometry":{"type":"LineString","coordinates":[[85.185557,23.309272],[85.250987,23.288764],[85.322683,23.294989],[85.374278,23.372138],[85.439382,23.398627],[85.477143,23.446601],[85.538992,23.466905],[85.648204,23.452663],[85.775808,23.466905],[85.847097,23.425971],[85.884939,23.425971],[85.880626,23.356309],[85.829682,23.26085],[85.9192,23.117499],[86.016775,23.037136],[86.021902,22.923163],[86.111501,22.877265],[86.143647,22.840928],[86.292898,22.792182],[86.3296,22.732489],[86.367768,22.718451],[86.381602,22.661241],[86.59075,22.418565],[86.652354,22.314399],[86.67335,22.226752],[86.809825,22.192003],[86.823416,22.226752],[86.86671,22.193305],[86.884939,22.222357],[86.933442,22.205024],[86.977794,22.21247],[87.009532,22.174384],[87.105479,22.13288],[87.218028,22.017279],[87.242442,21.938788],[87.245616,21.856269],[87.157156,21.771308],[87.27589,21.684923],[87.303233,21.70539],[87.330577,21.623481],[87.315033,21.595811],[87.351736,21.564276]]}},{"type":"Feature","id":"ne_10m_rivers_lake_centerlines-118","properties":{"name":"Betwa","nameEn":"Betwa","nameOrigin":"natural-earth-original","sourceName":"Betwa","sourceDataset":"ne_10m_rivers_lake_centerlines","sourceFeatureIndex":118,"sourceId":1095,"scalerank":9.0,"minZoom":7.1,"min_zoom":7.1,"featurecla":"River"},"geometry":{"type":"LineString","coordinates":[[77.346202,23.240343],[77.480398,23.120185],[77.579194,23.11579],[77.618907,23.138292],[77.709972,23.322292],[77.737234,23.438992],[77.861908,23.638129],[77.838959,23.686062],[77.850515,23.809841],[77.982351,23.96365],[78.023936,24.039089],[78.037364,24.193671],[78.092784,24.32453],[78.183849,24.413764],[78.272227,24.467475],[78.223888,24.519314],[78.270437,24.603298],[78.261241,24.692694],[78.230724,24.734402],[78.224864,24.794216],[78.1692,24.877753],[78.324799,25.002224],[78.340587,25.045844],[78.330496,25.082058],[78.349213,25.10045],[78.537364,25.190131],[78.649832,25.334825],[78.661632,25.355577],[78.645112,25.373236],[78.717052,25.44599],[78.734304,25.502021],[78.908376,25.567003],[78.901541,25.601142],[79.040701,25.727078],[79.06129,25.794298],[79.099701,25.82335],[79.221446,25.796983],[79.285818,25.816026],[79.299408,25.810614],[79.285085,25.787543],[79.327647,25.77619],[79.408621,25.810981],[79.442475,25.792914],[79.486095,25.85753],[79.539073,25.823676],[79.566417,25.865831],[79.511729,25.878933],[79.596934,25.899726],[79.614187,25.933539],[79.646658,25.910264],[79.685476,25.928168],[79.738292,25.913031],[79.789561,25.872097],[79.805186,25.913926],[79.906261,25.878933],[79.957042,25.909939],[79.992931,25.885281],[80.049571,25.899441],[80.101329,25.94713],[80.209972,25.919867]]}},{"type":"Feature","id":"ne_10m_rivers_lake_centerlines-119","properties":{"name":"Ba","nameEn":"Ba","nameOrigin":"natural-earth-original","sourceName":"Ba","sourceDataset":"ne_10m_rivers_lake_centerlines","sourceFeatureIndex":119,"sourceId":1096,"scalerank":9.0,"minZoom":7.1,"min_zoom":7.1,"featurecla":"River"},"geometry":{"type":"LineString","coordinates":[[108.386241,14.4831],[108.384288,14.456651],[108.453624,14.392849],[108.524913,14.224433],[108.633474,14.092882],[108.664968,14.018988],[108.649099,13.956122],[108.49171,13.872911],[108.57366,13.677069],[108.512218,13.640204],[108.487804,13.589952],[108.463796,13.496161],[108.469656,13.377143],[108.49171,13.372016],[108.49171,13.393134],[108.597585,13.334744],[108.601573,13.297553],[108.622081,13.290107],[108.625906,13.248481],[108.661713,13.223497],[108.6692,13.185329],[108.751882,13.153591],[108.731944,13.133083],[108.77296,13.125596],[108.772472,13.102322],[108.811615,13.093085],[108.872813,13.02322],[108.923595,13.024359],[108.929454,13.06745],[108.982432,13.029405],[109.088308,13.051134],[109.161794,12.989203],[109.240001,13.017442],[109.328298,13.084662]]}},{"type":"Feature","id":"ne_10m_rivers_lake_centerlines-128","properties":{"name":"Parbati","nameEn":"Parbati","nameOrigin":"natural-earth-original","sourceName":"Parbati","sourceDataset":"ne_10m_rivers_lake_centerlines","sourceFeatureIndex":128,"sourceId":1102,"scalerank":9.0,"minZoom":7.1,"min_zoom":7.1,"featurecla":"River"},"geometry":{"type":"LineString","coordinates":[[76.655691,22.914903],[76.685069,22.995876],[76.978445,23.27558],[76.991791,23.403428],[77.12851,23.545356],[77.136241,23.621202],[77.214366,23.814154],[77.171479,23.94245],[77.167572,24.136583],[77.106863,24.281033],[77.095876,24.423774],[77.054617,24.526679],[77.059011,24.602362],[77.037364,24.670356],[76.956391,24.742621],[76.848074,24.759792],[76.699636,24.893134],[76.648936,24.970771],[76.610362,25.081732],[76.610769,25.21601],[76.561697,25.277533],[76.584727,25.433132],[76.546967,25.470811],[76.478445,25.719835],[76.512706,25.744696],[76.545909,25.848334]]}},{"type":"Feature","id":"ne_10m_rivers_lake_centerlines-129","properties":{"name":"Indravati","nameEn":"Indravati","nameOrigin":"natural-earth-original","sourceName":"Indravati","sourceDataset":"ne_10m_rivers_lake_centerlines","sourceFeatureIndex":129,"sourceId":1103,"scalerank":9.0,"minZoom":7.1,"min_zoom":7.1,"featurecla":"River"},"geometry":{"type":"LineString","coordinates":[[80.267345,18.713935],[80.266043,18.768256],[80.349213,18.831],[80.283946,18.920356],[80.271902,18.979519],[80.366466,19.117458],[80.405284,19.250434],[80.447276,19.272162],[80.480886,19.32864],[80.553396,19.38699],[80.587006,19.381944],[80.617279,19.31863],[80.690033,19.311225],[80.769216,19.160224],[80.883311,19.103542],[80.966807,19.130316],[81.013764,19.11933],[81.146983,19.020535],[81.201427,19.034735],[81.253429,19.103095],[81.338796,19.109809],[81.34669,19.15058],[81.384207,19.190701],[81.5442,19.221788],[81.591238,19.248969],[81.635509,19.183376],[81.696788,19.205349],[81.789073,19.199083],[81.851573,19.1588],[81.877371,19.211127],[81.892345,19.153144],[81.933442,19.118679],[81.995616,19.137519],[82.04835,19.104438],[82.120128,19.138739],[82.216401,19.126776],[82.365326,19.181912],[82.45574,19.178819],[82.545828,19.205878],[82.57366,19.206244],[82.638682,19.162706],[82.726492,19.227647],[82.809825,19.252143],[82.95989,19.480536]]}},{"type":"Feature","id":"ne_10m_rivers_lake_centerlines-130","properties":{"name":"","nameEn":"","nameOrigin":"natural-earth-original","sourceName":null,"sourceDataset":"ne_10m_rivers_lake_centerlines","sourceFeatureIndex":130,"sourceId":1104,"scalerank":9.0,"minZoom":7.1,"min_zoom":7.1,"featurecla":"River"},"geometry":{"type":"LineString","coordinates":[[93.80421,26.744167],[93.808116,26.829617],[93.860932,26.889675],[94.013764,26.967963],[94.108165,26.978583],[94.171316,27.015652],[94.175955,27.049628],[94.151947,27.085395],[94.212413,27.116319],[94.260265,27.177598],[94.269054,27.235053],[94.314952,27.257432],[94.309093,27.322618],[94.237885,27.406562],[94.28769,27.405585],[94.29241,27.462348],[94.212332,27.612616],[94.339854,27.728705],[94.310313,27.764431],[94.338634,27.824001],[94.336192,27.863349],[94.279796,27.992865],[94.220714,28.016628],[94.143565,28.103705],[94.134858,28.224962],[94.067556,28.291327],[94.023204,28.377224],[93.929617,28.380072],[93.846121,28.423122],[93.734467,28.419989],[93.598562,28.382188],[93.462901,28.383816],[93.347097,28.44241],[93.211925,28.450141],[93.102061,28.420681],[92.921479,28.326361],[92.772878,28.298122],[92.748546,28.309882],[92.746593,28.394151],[92.725515,28.413682],[92.651785,28.40644],[92.589122,28.444037],[92.498627,28.425564],[92.233979,28.440863],[92.146414,28.508124],[92.027843,28.544257],[91.975678,28.541693]]}},{"type":"Feature","id":"ne_10m_rivers_lake_centerlines-131","properties":{"name":"","nameEn":"","nameOrigin":"natural-earth-original","sourceName":null,"sourceDataset":"ne_10m_rivers_lake_centerlines","sourceFeatureIndex":131,"sourceId":1105,"scalerank":9.0,"minZoom":7.1,"min_zoom":7.1,"featurecla":"River"},"geometry":{"type":"LineString","coordinates":[[102.765636,14.08751],[102.894542,14.044542],[102.970876,13.941962],[102.987722,13.857449],[102.958914,13.774766],[102.956065,13.698676],[103.005382,13.602647],[103.116954,13.571885],[103.186046,13.479804],[103.250662,13.456855],[103.279796,13.356716],[103.386974,13.317491],[103.37322,13.262641],[103.392833,13.245429],[103.449636,13.256659],[103.52825,13.24197],[103.576915,13.265937]]}},{"type":"Feature","id":"ne_10m_rivers_lake_centerlines-132","properties":{"name":"","nameEn":"","nameOrigin":"natural-earth-original","sourceName":null,"sourceDataset":"ne_10m_rivers_lake_centerlines","sourceFeatureIndex":132,"sourceId":1106,"scalerank":9.0,"minZoom":7.1,"min_zoom":7.1,"featurecla":"River"},"geometry":{"type":"LineString","coordinates":[[103.132498,12.125312],[103.090017,12.27794],[103.156993,12.330268],[103.227957,12.329372],[103.272472,12.28502],[103.382742,12.347683],[103.524506,12.295518],[103.641531,12.2956],[103.780691,12.395575],[103.824799,12.501492],[103.915457,12.519355],[104.052989,12.66295],[104.132335,12.701117]]}},{"type":"Feature","id":"ne_10m_rivers_lake_centerlines-133","properties":{"name":"Ravi","nameEn":"Ravi","nameOrigin":"natural-earth-original","sourceName":"Ravi","sourceDataset":"ne_10m_rivers_lake_centerlines","sourceFeatureIndex":133,"sourceId":1107,"scalerank":9.0,"minZoom":7.1,"min_zoom":7.1,"featurecla":"River"},"geometry":{"type":"MultiLineString","coordinates":[[[76.82545,32.327257],[76.746593,32.299913],[76.705333,32.313585],[76.642507,32.287299],[76.601573,32.299343],[76.481619,32.386298],[76.458018,32.446804],[76.35255,32.443915],[76.280772,32.478095],[76.194835,32.470649],[76.129893,32.529608],[76.100678,32.600287],[76.064382,32.620958],[75.912852,32.610622],[75.828624,32.497911],[75.742931,32.464423],[75.698253,32.406073],[75.573253,32.374701],[75.455577,32.244696],[75.338308,32.190701],[75.309988,32.153876],[75.195242,32.12877],[75.173757,32.087022],[75.109955,32.077826],[75.022227,32.094916],[75.029796,32.066514],[74.985769,32.063422],[74.95517,32.032416],[74.888682,32.02912],[74.872813,32.011908],[74.828217,32.025662],[74.783295,31.943061],[74.698009,31.950507],[74.669526,31.904405],[74.550141,31.827216],[74.51588,31.737616],[74.47934,31.700303],[74.441417,31.704047],[74.343679,31.661729],[74.28655,31.577826],[74.211436,31.535224],[74.201752,31.497992]],[[74.208018,31.497992],[74.154714,31.462429],[74.166433,31.443386],[74.118663,31.436591],[74.091319,31.388129],[74.043468,31.416083],[73.983816,31.305243],[73.938894,31.322292],[73.872162,31.230496],[73.790457,31.259385],[73.708914,31.187527],[73.655365,31.184923],[73.659923,31.155382],[73.589447,31.150214],[73.567149,31.121283],[73.539561,31.131659],[73.543224,31.162177],[73.481049,31.114366],[73.406179,31.121283],[73.419688,31.100775],[73.350108,31.055365],[73.347341,31.008002],[73.257823,30.987576],[73.233002,30.939561],[73.135671,30.907172],[73.149506,30.855536],[73.101736,30.862616],[73.071544,30.819607],[73.039561,30.827012],[72.988292,30.799099],[72.997162,30.777777],[72.974701,30.76435],[72.885265,30.76435],[72.881765,30.730902],[72.848643,30.72663],[72.833425,30.701361],[72.763276,30.717475],[72.761729,30.696112],[72.734467,30.689236],[72.734467,30.633979],[72.689708,30.596462],[72.585216,30.595404],[72.556244,30.620958],[72.496186,30.628526],[72.446381,30.607286],[72.460053,30.593044],[72.423595,30.608466],[72.347179,30.586859],[72.17392,30.578192],[71.984304,30.616156],[71.918875,30.655707],[71.888194,30.630927],[71.822765,30.620958],[71.832042,30.604763],[71.817963,30.600043],[71.774913,30.614122]]]}},{"type":"Feature","id":"ne_10m_rivers_lake_centerlines-134","properties":{"name":"Tumen","nameEn":"Tumen","nameOrigin":"natural-earth-original","sourceName":"Tumen","sourceDataset":"ne_10m_rivers_lake_centerlines","sourceFeatureIndex":134,"sourceId":1108,"scalerank":9.0,"minZoom":7.1,"min_zoom":7.1,"featurecla":"River"},"geometry":{"type":"LineString","coordinates":[[128.19337,41.962226],[128.289236,41.95539],[128.407319,42.008612],[128.564057,42.001044],[128.607514,42.030463],[128.682221,42.025987],[128.720632,42.047878],[128.939708,42.03559],[128.963634,42.088813],[129.026296,42.102159],[129.064464,42.153998],[129.11964,42.149604],[129.210948,42.220242],[129.180593,42.243354],[129.227631,42.29796],[129.193614,42.318427],[129.235932,42.324164],[129.235769,42.374579],[129.303396,42.389838],[129.326264,42.427069],[129.351736,42.420844],[129.339854,42.445665],[129.385916,42.42829],[129.433849,42.441352],[129.534923,42.369818],[129.587413,42.411648],[129.591401,42.448188],[129.703054,42.442694],[129.728526,42.476142],[129.736339,42.585395],[129.762706,42.606472],[129.741303,42.629259],[129.776378,42.647406],[129.787201,42.677069],[129.757335,42.703925],[129.760916,42.746365],[129.851573,42.962104],[129.906749,42.976386],[129.879405,42.996283],[129.920421,43.010565],[129.995535,42.962104],[130.121349,42.982123],[130.1303,42.959744],[130.098562,42.921739],[130.238455,42.902533],[130.256114,42.867133],[130.242686,42.743598],[130.262299,42.708848],[130.324474,42.650499],[130.427419,42.599636],[130.430919,42.561794],[130.452159,42.549628],[130.467784,42.555203],[130.454845,42.585395],[130.467459,42.600653],[130.516124,42.599636],[130.57545,42.44599],[130.645518,42.401068],[130.662527,42.320828],[130.700206,42.295111]]}},{"type":"Feature","id":"ne_10m_rivers_lake_centerlines-138","properties":{"name":"Selemdzha","nameEn":"Selemdzha","nameOrigin":"natural-earth-original","sourceName":"Selemdzha","sourceDataset":"ne_10m_rivers_lake_centerlines","sourceFeatureIndex":138,"sourceId":1110,"scalerank":9.0,"minZoom":7.1,"min_zoom":7.1,"featurecla":"River"},"geometry":{"type":"LineString","coordinates":[[134.499278,52.556708],[134.385265,52.683661],[134.322195,52.711127],[134.302745,52.765245],[134.134858,52.878241],[134.187511,52.979071],[134.142589,53.095242],[134.105398,53.139512],[133.997569,53.144477],[133.92571,53.173407],[133.689138,53.133328],[133.501882,53.141791],[133.384288,53.215196],[133.198985,53.227891],[133.129975,53.189561],[133.113292,53.160671],[133.027599,53.143256],[132.825776,53.043972],[132.681814,52.947699],[132.627208,52.961982],[132.380056,52.906562],[132.291433,52.906765],[132.257335,52.886298],[132.162852,52.894395],[132.123057,52.860378],[132.010916,52.836371],[131.929617,52.86225],[131.831635,52.847764],[131.756602,52.803331],[131.591401,52.818386],[131.497813,52.767279],[131.375662,52.641628],[131.230154,52.623806],[131.051687,52.562364],[130.766368,52.502061],[130.715424,52.516303],[130.535167,52.442247],[130.128429,52.412706],[129.940847,52.426378],[129.877859,52.335964],[129.708751,52.326768],[129.656261,52.24079],[129.494314,52.166693],[129.433849,52.158881],[129.427175,52.127143],[129.447358,52.104275],[129.425792,52.092719],[129.430431,52.031928],[129.34962,51.987494],[129.33782,51.936876],[129.281749,51.915961],[129.177175,51.826768],[129.070079,51.7685],[129.031261,51.786689],[128.878917,51.741156]]}},{"type":"Feature","id":"ne_10m_rivers_lake_centerlines-141","properties":{"name":"Uchur","nameEn":"Uchur","nameOrigin":"natural-earth-original","sourceName":"Uchur","sourceDataset":"ne_10m_rivers_lake_centerlines","sourceFeatureIndex":141,"sourceId":1113,"scalerank":9.0,"minZoom":7.1,"min_zoom":7.1,"featurecla":"River"},"geometry":{"type":"LineString","coordinates":[[134.121755,55.804958],[134.167003,55.811103],[134.228282,55.851508],[134.365489,55.851508],[134.389903,55.87877],[134.394054,55.961127],[134.417172,56.0]]}},{"type":"Feature","id":"ne_10m_rivers_lake_centerlines-144","properties":{"name":"Nemor","nameEn":"Nemor","nameOrigin":"natural-earth-original","sourceName":"Nemor","sourceDataset":"ne_10m_rivers_lake_centerlines","sourceFeatureIndex":144,"sourceId":1116,"scalerank":9.0,"minZoom":7.1,"min_zoom":7.1,"featurecla":"River"},"geometry":{"type":"LineString","coordinates":[[127.741791,47.732123],[127.669526,47.802314],[127.646576,47.897895],[127.354096,48.181708],[127.343679,48.256659],[127.285492,48.31269],[127.190684,48.472195],[127.165131,48.499294],[127.077078,48.531521],[126.782237,48.534003],[126.6928,48.584052],[126.506358,48.61876],[126.207286,48.526557],[126.025401,48.561103],[125.870372,48.547065],[125.765717,48.576239],[125.682872,48.539415],[125.314871,48.526638],[125.04127,48.485622],[124.906261,48.443874],[124.838878,48.458319],[124.691824,48.42414],[124.54835,48.327948]]}},{"type":"Feature","id":"ne_10m_rivers_lake_centerlines-146","properties":{"name":"Quan","nameEn":"Quan","nameOrigin":"natural-earth-original","sourceName":"Quan","sourceDataset":"ne_10m_rivers_lake_centerlines","sourceFeatureIndex":146,"sourceId":1118,"scalerank":9.0,"minZoom":7.1,"min_zoom":7.1,"featurecla":"River"},"geometry":{"type":"LineString","coordinates":[[115.556407,33.197699],[115.382498,33.228705],[115.192556,33.338813],[114.908214,33.447862],[114.810151,33.540229],[114.656668,33.605007],[114.524506,33.602729],[114.2671,33.708197],[114.079112,33.626899],[114.040701,33.568793],[113.985362,33.563666],[113.871511,33.593817],[113.689464,33.60989],[113.629649,33.683702],[113.50294,33.710232],[113.439464,33.698188],[113.402192,33.655585],[113.385509,33.67239],[113.327403,33.637397],[113.176362,33.730821],[113.124766,33.716986],[113.001964,33.735175],[112.831635,33.72838],[112.731619,33.756781],[112.67685,33.736029],[112.463471,33.778835],[112.33489,33.775743]]}},{"type":"Feature","id":"ne_10m_rivers_lake_centerlines-147","properties":{"name":"Muling","nameEn":"Muling","nameOrigin":"natural-earth-original","sourceName":"Muling","sourceDataset":"ne_10m_rivers_lake_centerlines","sourceFeatureIndex":147,"sourceId":1119,"scalerank":9.0,"minZoom":7.1,"min_zoom":7.1,"featurecla":"River"},"geometry":{"type":"LineString","coordinates":[[130.079845,43.89643],[130.194021,44.119452],[130.25172,44.179958],[130.263438,44.221137],[130.307872,44.243109],[130.381602,44.362494],[130.371511,44.402615],[130.28004,44.420193],[130.230479,44.49197],[130.291515,44.580024],[130.385671,44.636786],[130.392833,44.702663],[130.4546,44.781684],[130.544037,45.004421],[130.594656,45.056993],[130.667654,45.093126],[130.674083,45.151475],[130.723888,45.181667],[130.807546,45.30744],[130.853526,45.343207],[130.929779,45.343451],[131.014171,45.30268],[131.115001,45.299628],[131.241628,45.264594],[131.441417,45.282538],[131.602794,45.338243],[131.692312,45.319648],[131.749766,45.345323],[131.939708,45.511094],[132.082123,45.582465],[132.170909,45.595404],[132.311046,45.698269],[132.495535,45.669501],[132.686941,45.672553],[132.880382,45.719916],[133.056244,45.738959],[133.345307,45.860175],[133.510183,45.873358]]}},{"type":"Feature","id":"ne_10m_rivers_lake_centerlines-169","properties":{"name":"","nameEn":"","nameOrigin":"natural-earth-original","sourceName":null,"sourceDataset":"ne_10m_rivers_lake_centerlines","sourceFeatureIndex":169,"sourceId":1136,"scalerank":9.0,"minZoom":7.1,"min_zoom":7.1,"featurecla":"River"},"geometry":{"type":"LineString","coordinates":[[92.197846,22.503607],[92.155284,22.514187],[92.140066,22.470038],[92.106619,22.44831],[92.042003,22.45954],[92.021658,22.418565],[91.908132,22.42475]]}},{"type":"Feature","id":"ne_10m_rivers_lake_centerlines-170","properties":{"name":"","nameEn":"","nameOrigin":"natural-earth-original","sourceName":null,"sourceDataset":"ne_10m_rivers_lake_centerlines","sourceFeatureIndex":170,"sourceId":1137,"scalerank":9.0,"minZoom":7.1,"min_zoom":7.1,"featurecla":"River"},"geometry":{"type":"LineString","coordinates":[[84.014171,30.51793],[83.930105,30.624457],[83.864187,30.65058],[83.792979,30.646918],[83.73585,30.611396],[83.696869,30.495144],[83.647227,30.450873],[83.585378,30.431342],[83.46282,30.326361],[83.342784,30.293077],[83.295502,30.203233],[83.295502,30.161689],[83.535574,29.93948]]}},{"type":"Feature","id":"ne_10m_rivers_lake_centerlines-171","properties":{"name":"Balak","nameEn":"Balak","nameOrigin":"natural-earth-original","sourceName":"Balak","sourceDataset":"ne_10m_rivers_lake_centerlines","sourceFeatureIndex":171,"sourceId":1138,"scalerank":9.0,"minZoom":7.1,"min_zoom":7.1,"featurecla":"Lake Centerline"},"geometry":{"type":"LineString","coordinates":[[91.164561,24.355251],[91.156261,24.270087],[91.080658,24.252712],[90.999766,24.162218],[91.04184,24.082628],[90.976492,24.007514]]}},{"type":"Feature","id":"ne_10m_rivers_lake_centerlines-172","properties":{"name":"Balak","nameEn":"Balak","nameOrigin":"natural-earth-original","sourceName":"Balak","sourceDataset":"ne_10m_rivers_lake_centerlines","sourceFeatureIndex":172,"sourceId":1138,"scalerank":9.0,"minZoom":7.1,"min_zoom":7.1,"featurecla":"River"},"geometry":{"type":"MultiLineString","coordinates":[[[94.258718,25.461208],[94.120209,25.388495],[94.101085,25.341091],[94.053233,25.296088],[94.066905,25.398505],[93.984386,25.419623],[93.888682,25.482367],[93.808604,25.446153],[93.679128,25.328315],[93.600841,25.18891],[93.496104,25.128241],[93.40504,24.931423],[93.409679,24.830593],[93.37322,24.814276],[93.330577,24.707099],[93.265636,24.666083],[93.217784,24.707058],[93.230886,24.63878],[93.146007,24.404161],[93.024913,24.234687],[93.014171,24.274482],[93.045909,24.326606],[93.011729,24.412869],[93.036632,24.414659],[93.064464,24.558946],[93.100597,24.577094],[93.080089,24.624538],[93.106212,24.671983],[93.028575,24.789618],[92.956554,24.80329],[92.928966,24.792344],[92.910818,24.74254],[92.888194,24.734402],[92.908702,24.748643],[92.867686,24.76911],[92.854096,24.748643],[92.822765,24.784857],[92.867686,24.816921],[92.85849,24.830878],[92.827403,24.824164],[92.733653,24.900458],[92.710704,24.877753],[92.731212,24.857856],[92.698741,24.86225],[92.697195,24.836778],[92.658946,24.830593],[92.649018,24.856228],[92.593435,24.877753],[92.477468,24.864081],[92.490896,24.912543],[92.453705,24.958319],[92.307628,25.026923],[92.22047,24.948676],[92.014578,24.864081],[91.929291,24.864081],[91.790131,24.904853],[91.771576,24.877753],[91.706472,24.926134],[91.69866,24.980536],[91.668549,24.995063],[91.696544,24.995063],[91.675955,25.022325],[91.688975,25.028591],[91.617442,25.00849],[91.575125,25.026435],[91.566173,25.05032],[91.528901,25.056952],[91.513601,25.082709],[91.47934,25.064968],[91.450857,25.094753],[91.414643,25.083808],[91.371104,25.024441],[91.394542,24.96072],[91.374441,24.960273],[91.348888,24.8935],[91.379405,24.836493],[91.358653,24.796007],[91.388927,24.767157],[91.379242,24.718207],[91.347097,24.670478],[91.304779,24.651801],[91.29127,24.600898],[91.243337,24.576117],[91.1963,24.498887],[91.181895,24.487901],[91.174571,24.501573],[91.160818,24.480496],[91.202403,24.439521],[91.161062,24.376776],[91.164561,24.355251]],[[90.976492,24.007514],[90.936453,23.976426],[90.852061,23.960801],[90.85434,23.884711],[90.759776,23.853461],[90.759695,23.801947],[90.721202,23.721869],[90.750906,23.680691],[90.715343,23.65001],[90.649343,23.668158],[90.650971,23.619412],[90.63323,23.596625]],[[90.734304,23.659288],[90.769623,23.622829],[90.702159,23.55504]]]}},{"type":"Feature","id":"ne_10m_rivers_lake_centerlines-173","properties":{"name":"Gandak","nameEn":"Gandak","nameOrigin":"natural-earth-original","sourceName":"Gandak","sourceDataset":"ne_10m_rivers_lake_centerlines","sourceFeatureIndex":173,"sourceId":1139,"scalerank":9.0,"minZoom":7.1,"min_zoom":7.1,"featurecla":"River"},"geometry":{"type":"LineString","coordinates":[[83.963145,29.200222],[83.955007,29.108669],[83.913178,29.014675],[83.826101,28.954535],[83.764171,28.808214],[83.588959,28.653998],[83.636811,28.598741],[83.629812,28.551052],[83.649018,28.504177],[83.588959,28.421251],[83.569347,28.347724],[83.623546,28.249823],[83.671641,28.215766],[83.618093,28.126288],[83.546397,28.055609],[83.589692,28.00373],[83.575125,27.981716],[83.507253,27.96129],[83.460216,27.968817],[83.438731,27.947862],[83.479096,27.920356],[83.501964,27.932481],[83.636241,27.908962],[83.766205,27.917751],[83.825206,27.876166],[83.923839,27.878119],[84.016775,27.908311],[84.092296,27.86282],[84.268077,27.845893],[84.321056,27.759304],[84.373546,27.782416],[84.400971,27.775173],[84.425792,27.728583],[84.411876,27.70307],[84.226573,27.659695],[84.195567,27.626736],[84.178722,27.632921],[84.103038,27.536729],[84.068858,27.557888],[83.938487,27.550401],[83.925385,27.527126],[83.959402,27.518663],[83.938487,27.461697],[83.833751,27.43419],[83.877208,27.370144],[83.841075,27.303005],[83.870942,27.266425],[83.938487,27.24254],[83.950206,27.214952],[84.020437,27.173651],[84.068858,27.084296],[84.108002,27.092637],[84.143484,27.063788],[84.205496,26.921454],[84.281749,26.879462],[84.308523,26.812771],[84.349864,26.780788],[84.372325,26.698554],[84.415457,26.664415],[84.425792,26.605089],[84.519135,26.598171],[84.552664,26.506049],[84.608816,26.47016],[84.684255,26.461493],[84.808035,26.289903],[84.875906,26.24669],[84.915538,26.13585],[84.973888,26.084337],[84.946218,26.042182],[85.045665,25.982367],[85.172862,25.827501],[85.192963,25.720649],[85.182709,25.637641]]}},{"type":"Feature","id":"ne_10m_rivers_lake_centerlines-175","properties":{"name":"","nameEn":"","nameOrigin":"natural-earth-original","sourceName":null,"sourceDataset":"ne_10m_rivers_lake_centerlines","sourceFeatureIndex":175,"sourceId":1140,"scalerank":9.0,"minZoom":7.1,"min_zoom":7.1,"featurecla":"River"},"geometry":{"type":"LineString","coordinates":[[92.813243,12.900255],[92.874278,12.88703],[92.888194,12.900255]]}},{"type":"Feature","id":"ne_10m_rivers_lake_centerlines-176","properties":{"name":"","nameEn":"","nameOrigin":"natural-earth-original","sourceName":null,"sourceDataset":"ne_10m_rivers_lake_centerlines","sourceFeatureIndex":176,"sourceId":1141,"scalerank":9.0,"minZoom":7.1,"min_zoom":7.1,"featurecla":"River"},"geometry":{"type":"LineString","coordinates":[[92.778901,12.310085],[92.795014,12.323757],[92.874522,12.310085]]}},{"type":"Feature","id":"ne_10m_rivers_lake_centerlines-177","properties":{"name":"","nameEn":"","nameOrigin":"natural-earth-original","sourceName":null,"sourceDataset":"ne_10m_rivers_lake_centerlines","sourceFeatureIndex":177,"sourceId":1142,"scalerank":9.0,"minZoom":7.1,"min_zoom":7.1,"featurecla":"River"},"geometry":{"type":"LineString","coordinates":[[92.765391,12.180284],[92.757416,12.07746]]}},{"type":"Feature","id":"ne_10m_rivers_lake_centerlines-178","properties":{"name":"Ying","nameEn":"Ying","nameOrigin":"natural-earth-original","sourceName":"Ying","sourceDataset":"ne_10m_rivers_lake_centerlines","sourceFeatureIndex":178,"sourceId":1143,"scalerank":9.0,"minZoom":7.1,"min_zoom":7.1,"featurecla":"River"},"geometry":{"type":"LineString","coordinates":[[116.521902,32.498847],[116.480235,32.497667],[116.341319,32.556952],[116.318126,32.608018],[116.260916,32.639472],[116.241222,32.727607],[116.202891,32.771796],[116.11671,32.763373],[116.067393,32.812364],[115.995372,32.818142],[115.871349,32.871527],[115.766775,33.00788],[115.72226,33.019151],[115.684174,33.085761],[115.604096,33.125556],[115.556407,33.197699]]}},{"type":"Feature","id":"ne_10m_rivers_lake_centerlines-183","properties":{"name":"Ob","nameEn":"Ob","nameOrigin":"natural-earth-original","sourceName":"Ob","sourceDataset":"ne_10m_rivers_lake_centerlines","sourceFeatureIndex":183,"sourceId":114,"scalerank":4.0,"minZoom":4.0,"min_zoom":4.0,"featurecla":"Lake Centerline"},"geometry":{"type":"LineString","coordinates":[[83.025401,54.845242],[82.996674,54.801052],[82.815033,54.729804],[82.641694,54.635932],[82.457042,54.582953],[82.285167,54.46955],[82.074799,54.372748],[81.791433,54.315212],[81.720876,54.270209],[81.677175,54.191677],[81.58782,54.129991],[81.324962,54.026313],[81.301768,53.938666],[81.334076,53.885606]]}},{"type":"Feature","id":"ne_10m_rivers_lake_centerlines-184","properties":{"name":"Ob","nameEn":"Ob","nameOrigin":"natural-earth-original","sourceName":"Ob","sourceDataset":"ne_10m_rivers_lake_centerlines","sourceFeatureIndex":184,"sourceId":114,"scalerank":4.0,"minZoom":4.0,"min_zoom":4.0,"featurecla":"River"},"geometry":{"type":"MultiLineString","coordinates":[[[83.865849,56.0],[83.874766,55.875271],[83.795095,55.797309],[83.70224,55.752997],[83.653087,55.705268],[83.644054,55.677191],[83.665619,55.639838],[83.597748,55.573676],[83.432058,55.510443],[83.305919,55.488837],[83.216726,55.432685],[82.972179,55.447862],[82.881277,55.419704],[82.859874,55.388739],[82.896414,55.194648],[82.817882,55.107611],[82.84962,55.052924],[82.934255,55.023301],[83.062755,54.938341],[83.025401,54.845242]],[[85.056163,52.433621],[84.929128,52.446845],[84.829845,52.426378],[84.433442,52.417914],[84.089366,52.316474],[83.745128,52.376899],[83.677175,52.526435],[83.675141,52.724311],[83.698822,52.789496],[83.646658,52.859565],[83.636974,52.971503],[83.643647,53.018866],[83.691417,53.070014],[83.698822,53.104804],[83.740489,53.083686],[83.764903,53.102851],[83.856537,53.111029],[83.828298,53.159125],[83.870942,53.179877],[83.784679,53.237169],[83.781668,53.257676],[83.822358,53.330105],[83.829275,53.409532],[83.749766,53.41413],[83.709076,53.447374],[83.383067,53.433702],[83.177013,53.525662],[83.154063,53.52497],[83.134044,53.480577],[82.981375,53.443305],[82.643891,53.419501],[82.54713,53.443793],[82.391205,53.525336],[82.372569,53.550076],[82.376231,53.604438],[82.275076,53.648953],[82.218028,53.65412],[82.190522,53.710028],[82.103526,53.694281],[82.088634,53.708441],[82.10255,53.735419],[81.882823,53.741645],[81.819835,53.805365],[81.599539,53.775173],[81.448741,53.782416],[81.377045,53.81977],[81.334076,53.885606]]]}},{"type":"Feature","id":"ne_10m_rivers_lake_centerlines-192","properties":{"name":"Tuotuo","nameEn":"Tuotuo","nameOrigin":"natural-earth-original","sourceName":"Tuotuo","sourceDataset":"ne_10m_rivers_lake_centerlines","sourceFeatureIndex":192,"sourceId":11,"scalerank":1.0,"minZoom":2.0,"min_zoom":2.0,"featurecla":"River"},"geometry":{"type":"LineString","coordinates":[[90.794688,34.300401],[91.066498,34.341376],[91.259858,34.316596],[91.340424,34.285102],[91.414643,34.294216],[91.704845,34.256537],[91.811534,34.268175],[91.836681,34.215928],[91.97755,34.136542],[92.030528,34.13996],[92.064952,34.18769],[92.148448,34.238959],[92.216319,34.250027],[92.58546,34.210313],[92.631277,34.174099],[92.648692,34.129096],[92.722585,34.087226],[92.992768,34.100287]]}},{"type":"Feature","id":"ne_10m_rivers_lake_centerlines-198","properties":{"name":"Nmai","nameEn":"Nmai","nameOrigin":"natural-earth-original","sourceName":"Nmai","sourceDataset":"ne_10m_rivers_lake_centerlines","sourceFeatureIndex":198,"sourceId":125,"scalerank":4.0,"minZoom":3.0,"min_zoom":3.0,"featurecla":"River"},"geometry":{"type":"LineString","coordinates":[[97.983165,28.424994],[98.030935,28.417833],[98.061615,28.387071],[98.085948,28.311387],[98.295665,28.167344],[98.331716,28.092475],[98.311127,28.05683],[98.34433,27.928778],[98.327159,27.823594],[98.346934,27.767279],[98.315522,27.708075],[98.295665,27.695095],[98.279389,27.709011],[98.237071,27.6671],[98.171479,27.652777],[98.099864,27.736029],[98.03712,27.730048],[98.019542,27.696885],[98.110037,27.426866],[98.186615,27.319159],[98.227794,27.209988],[98.302013,27.146999],[98.34962,27.060004],[98.377859,26.787543],[98.333018,26.704698],[98.337006,26.603217],[98.309255,26.591417],[98.288178,26.505479],[98.292247,26.361111],[98.116954,25.892524],[98.034272,25.789578],[97.802257,25.590888],[97.739024,25.627509],[97.692393,25.707587],[97.537039,25.717637],[97.486339,25.700751]]}},{"type":"Feature","id":"ne_10m_rivers_lake_centerlines-201","properties":{"name":"Nanpan","nameEn":"Nanpan","nameOrigin":"natural-earth-original","sourceName":"Nanpan","sourceDataset":"ne_10m_rivers_lake_centerlines","sourceFeatureIndex":201,"sourceId":128,"scalerank":4.0,"minZoom":4.0,"min_zoom":4.0,"featurecla":"River"},"geometry":{"type":"LineString","coordinates":[[103.921641,25.878933],[103.874766,25.837836],[103.870128,25.775255],[103.832286,25.775255],[103.832286,25.697048],[103.852631,25.669745],[103.819916,25.62405],[103.866303,25.553046],[103.861908,25.295966],[103.895437,25.263983],[103.859467,25.193671],[103.804861,25.165717],[103.770112,25.118598],[103.784434,25.08751],[103.585867,24.973944],[103.566742,24.98253],[103.523692,24.946641],[103.464366,24.934272],[103.427338,24.932929],[103.422455,24.995429],[103.380382,25.022325],[103.316417,25.00849],[103.249441,25.022325],[103.207774,24.987982],[103.174327,24.995063],[103.165131,24.822618],[103.12794,24.776679],[103.073171,24.752468],[103.038097,24.674018],[103.032237,24.606798],[103.049083,24.566026],[103.092296,24.569892],[103.120209,24.550849],[103.105398,24.453192],[103.058686,24.427273],[103.089854,24.401882],[103.092296,24.329657],[103.112804,24.303005],[103.098888,24.235907],[103.146983,24.158393],[103.126475,24.035468],[103.159434,23.98078],[103.177257,23.825548],[103.230479,23.80036],[103.270518,23.802069],[103.300222,23.854804],[103.434255,23.88463],[103.602306,23.888699],[103.598888,23.925605],[103.634288,23.997626],[103.578298,24.062771],[103.583507,24.105821],[103.649669,24.181342],[103.781668,24.213324],[103.846202,24.34162],[103.95517,24.44184],[104.004487,24.454372],[104.083588,24.441352],[104.229503,24.528917],[104.372162,24.570746],[104.401134,24.627509],[104.537364,24.741156],[104.555756,24.745307],[104.729096,24.631374],[104.780772,24.679551],[104.840831,24.694892],[104.889415,24.765326],[105.012218,24.797431],[105.047862,24.895331],[105.099864,24.95421],[105.163585,24.978787],[105.188487,25.008734],[105.248627,24.970974],[105.267019,24.938096],[105.380463,24.957058],[105.430675,24.934027],[105.457774,24.866319],[105.508393,24.81741],[105.593028,24.810655],[105.654796,24.780626],[105.675141,24.789618],[105.805431,24.707058],[105.870616,24.734402],[105.916108,24.728624],[106.020437,24.641872],[106.059255,24.693427],[106.175955,24.782172],[106.199148,24.829779],[106.198334,24.876736],[106.155365,24.960273],[106.306244,24.981391],[106.456554,25.035997],[106.586843,25.104315],[106.666515,25.173407],[106.885753,25.196885],[106.923595,25.254828],[106.97047,25.234646]]}},{"type":"Feature","id":"ne_10m_rivers_lake_centerlines-203","properties":{"name":"Lena","nameEn":"Lena","nameOrigin":"natural-earth-original","sourceName":"Lena","sourceDataset":"ne_10m_rivers_lake_centerlines","sourceFeatureIndex":203,"sourceId":12,"scalerank":1.0,"minZoom":2.0,"min_zoom":2.0,"featurecla":"River"},"geometry":{"type":"LineString","coordinates":[[105.864129,56.0],[105.784923,55.879421],[105.789806,55.815945],[105.761648,55.768378],[105.674571,55.709906],[105.554291,55.572577],[105.553722,55.525824],[105.48935,55.44831],[105.478119,55.354071],[105.415294,55.243679],[105.329194,55.184109],[105.138927,55.127021],[105.079194,55.056342],[105.113292,55.029079],[105.073009,55.001085],[105.086681,54.966986],[105.052419,54.946479],[105.066824,54.864569],[105.231456,54.805609],[105.207286,54.752509],[105.250499,54.655341],[105.229991,54.625027],[105.243663,54.597032],[105.216807,54.559027],[105.216075,54.485907],[105.164806,54.408637],[105.293386,54.349311],[105.336192,54.347235],[105.360362,54.309638],[105.387706,54.309638],[105.403575,54.272162],[105.511241,54.186143],[105.601166,54.045722],[105.750662,53.987494],[105.79184,54.008002],[105.815359,53.987576],[105.853282,54.001166],[105.901541,53.959581],[105.904714,53.909695],[105.932221,53.888251],[106.09726,53.848253],[106.318777,53.868476],[106.42213,53.842108],[106.655935,53.894802],[106.927175,53.884345],[107.005056,53.840155],[107.086843,53.846462],[107.183442,53.888251],[107.177745,53.981024],[107.402843,54.054389],[107.454519,54.096137],[107.469168,54.154975],[107.503673,54.19123],[107.5713,54.210761],[107.615245,54.254828],[107.78297,54.293769],[107.842703,54.287055],[107.897634,54.256049],[108.024913,54.265245],[108.100678,54.230658],[108.131358,54.160956],[108.124115,54.107693],[108.07545,54.048448],[107.980072,54.004177]]}},{"type":"Feature","id":"ne_10m_rivers_lake_centerlines-207","properties":{"name":"Kyzyl-Khem","nameEn":"Kyzyl-Khem","nameOrigin":"natural-earth-original","sourceName":"Kyzyl-Khem","sourceDataset":"ne_10m_rivers_lake_centerlines","sourceFeatureIndex":207,"sourceId":133,"scalerank":4.0,"minZoom":4.0,"min_zoom":4.0,"featurecla":"River"},"geometry":{"type":"LineString","coordinates":[[98.000255,51.514106],[97.83839,51.52029],[97.753917,51.499823],[97.609793,51.417914],[97.556733,51.419216],[97.49114,51.388983],[97.342377,51.386746],[97.277354,51.351426],[97.191498,51.363308],[96.973074,51.342108],[96.821544,51.376288],[96.640636,51.370063],[96.59905,51.348985],[96.266043,51.342108],[96.202159,51.362738],[96.186615,51.391059],[96.143647,51.396796],[96.053966,51.38227],[96.01295,51.338813],[95.930431,51.344672],[95.78004,51.294989]]}},{"type":"Feature","id":"ne_10m_rivers_lake_centerlines-208","properties":{"name":"Nu","nameEn":"Salween","nameOrigin":"natural-earth-original","sourceName":"Nu","sourceDataset":"ne_10m_rivers_lake_centerlines","sourceFeatureIndex":208,"sourceId":134,"scalerank":4.0,"minZoom":4.0,"min_zoom":4.0,"featurecla":"River"},"geometry":{"type":"LineString","coordinates":[[91.518321,31.943061],[91.554698,31.772081],[91.659434,31.718817],[91.688975,31.6824],[91.73585,31.6706],[91.730724,31.597276],[91.776296,31.569281],[91.808849,31.508897],[91.784679,31.4713],[91.812999,31.414252],[91.874034,31.402411],[91.938975,31.443386],[92.012625,31.428738],[92.03769,31.409125],[92.038829,31.340888],[92.089854,31.296454],[92.218761,31.289252],[92.264415,31.306749],[92.326264,31.37405],[92.320567,31.442694],[92.336843,31.469753],[92.381358,31.451361],[92.531993,31.50198],[92.664236,31.515937],[92.730968,31.547797],[92.884532,31.573106],[92.924083,31.572577],[92.948741,31.540351],[93.009939,31.565253],[93.060802,31.521186],[93.129487,31.545966],[93.442149,31.552069],[93.767996,31.488593],[93.847667,31.512722],[93.925304,31.512152],[93.973237,31.537624],[94.183197,31.480089],[94.257335,31.509711],[94.30128,31.479682],[94.487641,31.484402],[94.579845,31.455512],[94.59905,31.429958],[94.57252,31.381863],[94.567963,31.314765],[94.505463,31.25788],[94.60849,31.229438],[94.639171,31.127468],[94.689138,31.096015],[94.772716,31.074774],[94.900645,31.128526],[94.921641,31.16706],[94.967296,31.185126],[95.058197,31.169745],[95.112071,31.188747],[95.251964,31.18891],[95.44752,31.118923],[95.527924,30.980821],[95.601573,30.939805],[95.693777,30.96601],[95.780284,30.953966],[95.822765,31.000922],[95.864838,31.006619],[95.889903,30.97956],[96.254975,30.892401],[96.290701,30.85989],[96.335704,30.860785],[96.367768,30.81623],[96.44394,30.566107],[96.540457,30.433539],[96.595632,30.447943]]}},{"type":"Feature","id":"ne_10m_rivers_lake_centerlines-212","properties":{"name":"Ayeyarwady","nameEn":"Irrawaddy","nameOrigin":"natural-earth-original","sourceName":"Ayeyarwady","sourceDataset":"ne_10m_rivers_lake_centerlines","sourceFeatureIndex":212,"sourceId":138,"scalerank":4.0,"minZoom":3.0,"min_zoom":3.0,"featurecla":"River"},"geometry":{"type":"LineString","coordinates":[[97.486339,25.700751],[97.53419,25.676296],[97.506765,25.631903],[97.486339,25.52204],[97.403575,25.381415],[97.420502,25.330186],[97.378835,25.333279],[97.336925,25.369452],[97.313487,25.357204],[97.313731,25.318671],[97.267833,25.289252],[97.271495,25.217353],[97.233002,25.186225],[97.243744,25.126776],[97.318858,25.126899],[97.314952,25.104315],[97.297944,25.081488],[97.259858,25.098009],[97.214122,25.086453],[97.233002,25.035997],[97.221934,24.997016],[97.116954,24.932969],[97.102794,24.867784],[97.034434,24.823106],[97.060557,24.716376],[97.115489,24.611396],[97.121593,24.372504],[97.205007,24.270453],[97.185313,24.206732],[97.084076,24.142198],[96.976085,24.144721],[96.92921,24.128119],[96.8213,24.212755],[96.781993,24.290391],[96.633556,24.357286],[96.591889,24.352403],[96.532319,24.297471],[96.437999,24.303005],[96.431407,24.253241],[96.362641,24.200222],[96.295014,24.096218],[96.289968,23.970282],[96.205007,23.7685],[96.155528,23.749701],[96.127371,23.670722],[96.020274,23.55504],[95.978119,23.261746],[95.964854,22.76907],[95.910492,22.739447],[95.901296,22.707221],[95.990245,22.529324],[95.964773,22.472602],[95.963796,22.392524],[96.012706,22.331855],[95.986095,22.281358],[95.987804,22.216498],[96.007498,22.089423],[96.048106,21.994005],[96.04127,21.923448],[95.992931,21.876736],[95.913829,21.856269],[95.848888,21.910834],[95.776459,21.931505],[95.511974,21.917507],[95.45045,21.780829],[95.387136,21.7331],[95.324474,21.537462],[95.33017,21.463935],[95.275483,21.445095],[95.141612,21.31391],[95.021902,21.311225],[94.985606,21.249823],[94.848399,21.225613],[94.803315,21.16352],[94.820323,20.972357],[94.806407,20.924506],[94.713145,20.813829],[94.752208,20.691189],[94.794932,20.643419],[94.820323,20.506212],[94.858653,20.482001],[94.905203,20.364854],[94.90976,20.204617],[94.896658,20.184109],[94.91448,20.124335],[94.937755,20.088487],[95.010834,20.04918],[95.014089,19.996446],[95.053803,19.96837],[95.052175,19.915107],[95.112641,19.890733],[95.160167,19.823065],[95.135753,19.739081],[95.169932,19.622382],[95.16448,19.500556],[95.197276,19.37226],[95.174897,19.15294],[95.127045,19.095649],[95.112722,19.015163],[95.134207,18.930854],[95.19337,18.865831],[95.213145,18.805487],[95.185639,18.737576],[95.101573,18.697537],[95.079845,18.66706],[95.062999,18.561794],[95.084565,18.522244],[95.179454,18.447618],[95.20989,18.363227],[95.287364,18.320014],[95.382823,18.23078],[95.450287,18.033067],[95.444835,17.957099],[95.423839,17.929145],[95.459076,17.839952],[95.4581,17.72602],[95.492605,17.655382],[95.565522,17.614285],[95.541026,17.559841],[95.547862,17.500067],[95.623057,17.443142],[95.674246,17.436591],[95.677013,17.418972],[95.610362,17.366034],[95.588878,17.302558],[95.591319,17.25141],[95.646495,17.109931],[95.635916,17.073188],[95.560964,17.014838],[95.612641,16.86404],[95.334972,16.75788],[95.348643,16.67536],[95.323741,16.661444],[95.317556,16.610175],[95.262706,16.587714],[95.258881,16.529242],[95.080089,16.393866],[95.033783,16.281277],[94.992442,16.2508]]}},{"type":"Feature","id":"ne_10m_rivers_lake_centerlines-214","properties":{"name":"Tongtian","nameEn":"Tongtian","nameOrigin":"natural-earth-original","sourceName":"Tongtian","sourceDataset":"ne_10m_rivers_lake_centerlines","sourceFeatureIndex":214,"sourceId":13,"scalerank":1.0,"minZoom":2.0,"min_zoom":2.0,"featurecla":"River"},"geometry":{"type":"LineString","coordinates":[[92.992768,34.100287],[93.03419,34.163031],[93.128429,34.225898],[93.348155,34.232123],[93.392019,34.218451],[93.477306,34.232123],[93.662852,34.211697],[93.748627,34.232286],[93.813731,34.273057],[93.811127,34.316718],[93.849864,34.327338],[93.917247,34.453559],[93.973155,34.4713],[94.068126,34.561347],[94.169444,34.589057],[94.264578,34.583767],[94.351166,34.670966],[94.362315,34.656684],[94.392345,34.684394],[94.475841,34.695339],[94.558442,34.764024],[94.602468,34.767524],[94.652354,34.741278],[94.883393,34.700954],[94.94394,34.66352],[94.967459,34.6706],[94.989024,34.608913],[95.006765,34.585801],[95.053803,34.574774],[95.067475,34.5338],[95.111501,34.530707],[95.169932,34.486029],[95.211436,34.49962],[95.235362,34.464911],[95.313975,34.458686],[95.33839,34.485907],[95.466563,34.362616],[95.555919,34.329942],[95.578054,34.311143],[95.5678,34.280544],[95.588878,34.259467],[95.5678,34.238959],[95.680268,34.200792],[95.706635,34.129177],[95.794363,34.053331],[95.825857,34.051866],[95.898204,33.914374],[95.992931,33.869005],[95.987071,33.843207],[96.122081,33.797919],[96.095876,33.779649],[96.130626,33.764838],[96.218272,33.786444],[96.231944,33.751736],[96.197765,33.746161],[96.23463,33.717963],[96.314708,33.731879],[96.35906,33.765977],[96.400076,33.746161],[96.403819,33.684109],[96.430186,33.690863],[96.500011,33.643134],[96.472097,33.622626],[96.577566,33.611151],[96.617768,33.588406],[96.623546,33.546902],[96.700694,33.547309],[96.706716,33.51911],[96.689464,33.50613],[96.722748,33.43948],[96.705496,33.423407],[96.732839,33.396674],[96.753347,33.409735],[96.773692,33.35574],[96.800955,33.389838],[96.828298,33.313544],[96.848888,33.334581],[96.917735,33.327175],[96.963959,33.348212],[96.97934,33.327175],[97.007091,33.341417],[97.023936,33.214464],[97.134288,33.133246],[97.185313,33.046658],[97.229991,33.022732],[97.25351,32.9442],[97.360769,32.896999],[97.3838,32.77912],[97.430431,32.700222],[97.56544,32.624823],[97.603038,32.621446],[97.663585,32.559841],[98.013927,32.464423],[98.080333,32.404608],[98.205577,32.355577],[98.2199,32.252143],[98.309255,32.128607],[98.374522,32.080349],[98.452729,31.983995],[98.444835,31.907904],[98.418875,31.879828],[98.435069,31.838324],[98.425385,31.8133],[98.541515,31.689765]]}},{"type":"Feature","id":"ne_10m_rivers_lake_centerlines-219","properties":{"name":"Malyy Yenisey","nameEn":"Malyy Yenisey","nameOrigin":"natural-earth-original","sourceName":"Malyy Yenisey","sourceDataset":"ne_10m_rivers_lake_centerlines","sourceFeatureIndex":219,"sourceId":144,"scalerank":4.0,"minZoom":4.0,"min_zoom":4.0,"featurecla":"River"},"geometry":{"type":"LineString","coordinates":[[95.78004,51.294989],[95.753917,51.303046],[95.742686,51.370429],[95.48463,51.535956],[95.420421,51.55504],[95.328705,51.543647],[95.160818,51.585395],[95.033946,51.657497],[94.918468,51.631863],[94.787608,51.694607],[94.464773,51.73371]]}},{"type":"Feature","id":"ne_10m_rivers_lake_centerlines-220","properties":{"name":"Verkhniy Yenisey","nameEn":"Verkhniy Yenisey","nameOrigin":"natural-earth-original","sourceName":"Verkhniy Yenisey","sourceDataset":"ne_10m_rivers_lake_centerlines","sourceFeatureIndex":220,"sourceId":145,"scalerank":4.0,"minZoom":4.0,"min_zoom":4.0,"featurecla":"Lake Centerline"},"geometry":{"type":"LineString","coordinates":[[91.510916,53.735419],[91.442882,53.799262],[91.435557,53.861762],[91.459239,53.932074],[91.512625,53.958075],[91.558849,54.02912],[91.547781,54.095282],[91.380463,54.310574],[91.294037,54.38227],[91.260265,54.51142],[90.959402,54.639675],[90.934255,54.666571],[90.951427,54.88699],[91.03476,55.001899],[91.099132,55.042344],[91.34726,55.06448],[91.818126,55.149115],[92.106863,55.220811],[92.235606,55.307196],[92.408376,55.503119]]}},{"type":"Feature","id":"ne_10m_rivers_lake_centerlines-221","properties":{"name":"Verkhniy Yenisey","nameEn":"Verkhniy Yenisey","nameOrigin":"natural-earth-original","sourceName":"Verkhniy Yenisey","sourceDataset":"ne_10m_rivers_lake_centerlines","sourceFeatureIndex":221,"sourceId":145,"scalerank":4.0,"minZoom":4.0,"min_zoom":4.0,"featurecla":"River"},"geometry":{"type":"MultiLineString","coordinates":[[[92.853801,56.0],[92.708588,55.974636],[92.367768,55.972968],[92.280284,55.922471],[92.24407,55.851996],[92.260671,55.817979],[92.356944,55.764594],[92.458751,55.744696],[92.497162,55.653998],[92.500092,55.609931],[92.408376,55.503119]],[[94.464773,51.73371],[94.307628,51.69005],[94.135183,51.590277],[93.938731,51.560981],[93.82366,51.590277],[93.618175,51.590277],[93.497813,51.5692],[93.327078,51.603949],[93.247,51.58865],[93.011322,51.610785],[92.806407,51.5692],[92.71046,51.587348],[92.593435,51.637478],[92.519135,51.634345],[92.367605,51.706366],[92.209727,51.741156],[92.21575,51.754665],[92.148448,51.782091],[92.140391,51.840155],[91.977061,51.959581],[92.005056,51.994493],[92.342784,52.169135],[92.478282,52.347724],[92.317393,52.467312],[92.298595,52.501532],[92.32252,52.580634],[92.285818,52.60871],[92.203217,52.621039],[92.11085,52.57038],[91.946218,52.618679],[91.849132,52.590196],[91.779307,52.592719],[91.72047,52.639268],[91.784679,52.645453],[91.736908,52.68476],[91.667979,52.702257],[91.475515,52.654812],[91.382498,52.690701],[91.331472,52.733181],[91.332774,52.789496],[91.424083,52.857001],[91.439382,52.890408],[91.476736,52.899359],[91.518321,52.987494],[91.44752,53.084052],[91.47462,53.153876],[91.727306,53.179877],[91.791433,53.248155],[91.970225,53.378485],[91.908702,53.456732],[91.823334,53.468817],[91.74879,53.535224],[91.663503,53.544257],[91.625662,53.606065],[91.545014,53.646064],[91.600352,53.700629],[91.510916,53.735419]]]}},{"type":"Feature","id":"ne_10m_rivers_lake_centerlines-222","properties":{"name":"怒江","nameEn":"Nu","nameOrigin":"editorial-translation","sourceName":"Nu","sourceDataset":"ne_10m_rivers_lake_centerlines","sourceFeatureIndex":222,"sourceId":146,"scalerank":4.0,"minZoom":4.0,"min_zoom":4.0,"featurecla":"River"},"geometry":{"type":"LineString","coordinates":[[96.595632,30.447943],[96.701752,30.441759],[96.691742,30.370225],[96.722179,30.297065],[96.772553,30.291449],[96.857432,30.239936],[96.917979,30.241767],[96.991954,30.197537],[97.060313,30.194281],[97.169037,30.113389],[97.247813,30.089667],[97.337413,29.974311],[97.358165,29.899482],[97.418061,29.860663],[97.447276,29.773139],[97.442393,29.684678],[97.561453,29.548041],[97.581147,29.486111],[97.703705,29.450873],[97.723643,29.422716],[97.848155,29.371772],[97.866466,29.339219],[97.897716,29.327826],[97.897227,29.290839],[97.935639,29.25491],[97.944347,29.194119],[98.040538,29.072455],[98.046967,29.038153],[98.082286,29.019151],[98.103282,28.921495],[98.182384,28.818468],[98.257498,28.790229],[98.343435,28.71544],[98.374441,28.531195],[98.439057,28.492947],[98.445323,28.339301],[98.47047,28.297675],[98.485444,28.129665],[98.568858,28.096015],[98.651378,28.006293],[98.667003,27.956081],[98.685476,27.96129],[98.658214,27.927802],[98.68629,27.867377],[98.673106,27.769558],[98.731619,27.669013],[98.829519,27.561306],[98.809011,27.461697],[98.88616,27.261013],[98.868663,27.173855],[98.898448,26.454901],[98.889415,26.373358],[98.859467,26.335639],[98.871104,26.145819],[98.843028,26.084337],[98.836925,25.920478],[98.894786,25.471259],[98.871104,25.3817],[98.877371,25.324042],[98.843028,25.28616],[98.858653,25.198513],[98.843028,25.188056],[98.843028,25.073269],[98.905284,24.918728],[98.888601,24.901557],[98.895437,24.873603],[98.955496,24.746039],[99.035492,24.69713],[99.054698,24.653876],[99.024994,24.490261],[98.97934,24.415391],[99.046967,24.383897],[99.064952,24.321479],[99.125255,24.284247],[98.999034,24.243232],[98.85491,24.139228],[98.715831,24.121527],[98.492931,24.046698],[98.411632,23.963446],[98.444916,23.841498],[98.574718,23.744981],[98.648936,23.608913],[98.589854,23.504177],[98.617768,23.445828],[98.606863,23.42654],[98.658214,23.425971],[98.720225,23.388048],[98.724213,23.262315],[98.640554,23.227851],[98.588471,23.241278],[98.510916,23.206244],[98.443451,23.205512],[98.471202,23.17003],[98.516043,23.152777],[98.564708,23.076443],[98.499522,23.042507],[98.517589,22.97016],[98.54892,22.974718],[98.66505,22.90119],[98.651134,22.847032],[98.545095,22.822618],[98.521983,22.781602],[98.54892,22.737331],[98.558849,22.639268],[98.578298,22.634874],[98.644542,22.480048],[98.568858,22.288194],[98.643484,22.139431],[98.774425,22.040229],[98.738048,22.026719],[98.720225,21.972276],[98.569347,21.893622],[98.54892,21.85932],[98.58546,21.715277],[98.644542,21.630316],[98.648529,21.581366],[98.582286,21.547716],[98.568858,21.513617],[98.625255,21.417019],[98.673106,21.390082],[98.678722,21.30447],[98.71282,21.239285],[98.703136,21.178534],[98.78297,21.102118],[98.801687,21.074734],[98.796397,21.043402],[98.740733,20.992255],[98.638927,20.990546],[98.607432,20.960395],[98.507904,20.951239]]}},{"type":"Feature","id":"ne_10m_rivers_lake_centerlines-223","properties":{"name":"Hongshui","nameEn":"Hongshui","nameOrigin":"natural-earth-original","sourceName":"Hongshui","sourceDataset":"ne_10m_rivers_lake_centerlines","sourceFeatureIndex":223,"sourceId":147,"scalerank":4.0,"minZoom":4.0,"min_zoom":4.0,"featurecla":"River"},"geometry":{"type":"LineString","coordinates":[[106.97047,25.241482],[106.981944,25.134304],[107.03183,25.035997],[107.085704,24.997341],[107.155935,25.008734],[107.195079,24.9442],[107.246186,24.915351],[107.310313,24.840155],[107.334565,24.751085],[107.306895,24.707058],[107.3449,24.622585],[107.456065,24.509101],[107.514171,24.395575],[107.519786,24.323513],[107.563243,24.350775],[107.60198,24.317979],[107.608409,24.21365],[107.5595,24.163886],[107.532725,24.172634],[107.485606,24.114569],[107.521088,24.078396],[107.498546,24.055976],[107.520763,24.002509],[107.556407,23.963446],[107.62794,23.937445],[107.689057,23.969428],[107.782319,23.861843],[107.864838,23.711249],[107.922455,23.746853],[108.011974,23.754259],[108.042003,23.808295],[108.110362,23.830878],[108.121023,23.863349],[108.16269,23.836249],[108.197276,23.88585],[108.265717,23.915635],[108.28004,23.966579],[108.301524,23.958441],[108.320404,24.007514],[108.352794,24.004828],[108.402843,24.048163],[108.503429,24.005439],[108.601573,23.993923],[108.721202,23.856879],[108.751882,23.878445],[108.796641,23.835761],[108.869721,23.829413],[108.857026,23.79914],[108.882823,23.768581],[108.850108,23.734565],[108.942393,23.638373],[108.982432,23.641303],[109.168549,23.736274],[109.211192,23.727607],[109.261241,23.681342],[109.342052,23.706488],[109.424897,23.763699],[109.430919,23.850531],[109.449474,23.864203],[109.487234,23.803087],[109.528575,23.796413]]}},{"type":"Feature","id":"ne_10m_rivers_lake_centerlines-224","properties":{"name":"Quan","nameEn":"Quan","nameOrigin":"natural-earth-original","sourceName":"Quan","sourceDataset":"ne_10m_rivers_lake_centerlines","sourceFeatureIndex":224,"sourceId":148,"scalerank":4.0,"minZoom":4.0,"min_zoom":4.0,"featurecla":"River"},"geometry":{"type":"LineString","coordinates":[[109.528575,23.796413],[109.560964,23.789496],[109.567963,23.764838],[109.547537,23.706488],[109.602631,23.711697],[109.612315,23.682563],[109.655528,23.682318],[109.663585,23.658718],[109.635916,23.611151],[109.683604,23.582343],[109.74464,23.465196],[109.815359,23.485216],[109.838878,23.473456],[109.853282,23.429389],[109.951589,23.418524],[109.998139,23.467312],[110.089366,23.404853]]}},{"type":"Feature","id":"ne_10m_rivers_lake_centerlines-225","properties":{"name":"Xun","nameEn":"Xun","nameOrigin":"natural-earth-original","sourceName":"Xun","sourceDataset":"ne_10m_rivers_lake_centerlines","sourceFeatureIndex":225,"sourceId":149,"scalerank":4.0,"minZoom":4.0,"min_zoom":4.0,"featurecla":"River"},"geometry":{"type":"LineString","coordinates":[[110.089285,23.407986],[110.113699,23.418158],[110.126557,23.470486],[110.163178,23.475369],[110.16505,23.523464],[110.208263,23.583075],[110.237885,23.590766],[110.287852,23.579372],[110.312592,23.540147],[110.39739,23.532416],[110.462494,23.487372],[110.521658,23.477362],[110.553152,23.435736],[110.587901,23.462429],[110.693451,23.447292],[110.734874,23.471951],[110.786388,23.471869],[110.846934,23.43769],[110.868744,23.37877],[110.895112,23.371527],[111.070567,23.452501],[111.216319,23.430854],[111.253835,23.478339],[111.301362,23.480658]]}},{"type":"Feature","id":"ne_10m_rivers_lake_centerlines-230","properties":{"name":"Salween","nameEn":"Salween","nameOrigin":"natural-earth-original","sourceName":"Salween","sourceDataset":"ne_10m_rivers_lake_centerlines","sourceFeatureIndex":230,"sourceId":153,"scalerank":4.0,"minZoom":4.0,"min_zoom":4.0,"featurecla":"River"},"geometry":{"type":"LineString","coordinates":[[98.507904,20.951239],[98.49171,20.876776],[98.500499,20.787421],[98.649832,20.484931],[98.644135,20.377509],[98.6963,20.293891],[98.689464,20.201443],[98.606944,20.146552],[98.565929,20.14997],[98.488455,20.085028],[98.377533,20.074815],[98.233653,19.999132],[98.020274,19.953233],[97.917735,19.964952],[97.877045,19.950792],[97.829519,19.861925],[97.751069,19.846503],[97.740245,19.780056],[97.655365,19.690497],[97.633067,19.547187],[97.58546,19.419501],[97.525645,19.374294],[97.534597,19.150458],[97.490001,19.05036],[97.465831,18.862006],[97.431651,18.820421],[97.386974,18.823554],[97.351329,18.87169],[97.33489,18.875067],[97.32724,18.850857],[97.362804,18.587673],[97.34547,18.561591],[97.4428,18.40351],[97.452159,18.333808],[97.527924,18.26557],[97.562022,18.330675],[97.637218,18.306505],[97.642833,18.27322],[97.617605,18.241889],[97.683849,18.146308],[97.693858,18.061713],[97.719656,18.05329],[97.753835,17.969265],[97.691417,17.895819],[97.698416,17.833564],[97.675955,17.815253],[97.720714,17.591661],[97.772716,17.47248],[97.759939,17.405626],[97.690522,17.361396],[97.674815,17.323432],[97.674246,17.182969],[97.655284,17.173122],[97.609793,17.03502],[97.640066,16.932563],[97.605398,16.684353],[97.673595,16.554958]]}},{"type":"Feature","id":"ne_10m_rivers_lake_centerlines-241","properties":{"name":"Jinsha","nameEn":"Yangtze","nameOrigin":"natural-earth-original","sourceName":"Jinsha","sourceDataset":"ne_10m_rivers_lake_centerlines","sourceFeatureIndex":241,"sourceId":15,"scalerank":1.0,"minZoom":2.0,"min_zoom":2.0,"featurecla":"River"},"geometry":{"type":"MultiLineString","coordinates":[[[98.541515,31.689765],[98.591889,31.598741],[98.884776,31.354031],[98.767589,31.230292],[98.682546,31.315863],[98.637625,31.30919],[98.611095,31.25613],[98.619884,31.187852],[98.603526,31.169623],[98.692882,31.12462],[98.726003,31.059638],[98.802745,30.990912],[98.774913,30.902167],[98.787364,30.880805],[98.96046,30.727118],[98.905284,30.68244],[98.90504,30.663682],[98.93157,30.579454],[98.932546,30.490587],[98.96046,30.459906],[98.986501,30.144314],[99.033946,30.055243],[99.056082,29.915229],[99.0053,29.820014],[99.014415,29.767849],[98.986501,29.650824],[99.04184,29.562364],[99.062266,29.308214],[99.10849,29.224148],[99.120942,28.964626],[99.096446,28.835883],[99.130463,28.664578],[99.17213,28.592597],[99.180186,28.504706],[99.162364,28.438056],[99.226654,28.339301],[99.273448,28.307237],[99.274425,28.277208],[99.381277,28.184434],[99.398529,28.12641]],[[99.398529,28.119574],[99.394542,28.042507],[99.457774,27.86876],[99.431651,27.797716],[99.441335,27.750027],[99.480968,27.674628],[99.523041,27.653591],[99.521495,27.605048],[99.560313,27.563259],[99.555675,27.509467],[99.64503,27.385932],[99.635916,27.350206],[99.653087,27.317694],[99.802419,27.195583],[99.947765,27.029486],[99.97405,26.886298],[100.063406,26.958279],[100.084727,27.069119],[100.059011,27.12873],[100.063406,27.173651],[100.11614,27.208523],[100.244558,27.361151],[100.193126,27.511013],[100.295014,27.683539],[100.299571,27.832099],[100.420339,27.838487],[100.433197,27.742784],[100.464936,27.670681],[100.448822,27.498969],[100.542979,27.438788],[100.522716,27.376654],[100.552419,27.255479],[100.538829,27.21955],[100.494721,27.187934],[100.433849,27.183905],[100.497081,27.124132],[100.453868,27.0303],[100.474294,26.934678],[100.451915,26.826443],[100.393972,26.787177],[100.433197,26.625596],[100.426524,26.519477],[100.460704,26.403388],[100.412852,26.300076],[100.447032,26.227729],[100.473725,26.214952],[100.547944,26.229438],[100.612071,26.201036],[100.635671,26.213162],[100.667735,26.191677],[100.774913,26.184149],[100.83074,26.206],[100.905772,26.166287],[100.987804,26.269721],[101.125662,26.345282],[101.201101,26.372382],[101.239675,26.362982],[101.422944,26.393093],[101.476329,26.461046],[101.451915,26.471625],[101.464366,26.492133],[101.452729,26.531195],[101.518484,26.590644],[101.618907,26.598253],[101.680919,26.564154],[101.723074,26.594306],[101.754975,26.583319],[101.805675,26.601426],[101.845876,26.571885],[101.892833,26.462266],[101.947765,26.413357],[101.94044,26.317165],[101.904389,26.23782],[101.917247,26.210517],[101.857026,26.169013],[101.844737,26.13935],[101.830577,25.994981],[101.874115,25.972968],[101.957774,25.994981],[102.017833,25.98668],[102.083995,25.999579],[102.130382,26.114814],[102.25172,26.228787],[102.338308,26.251166],[102.40032,26.311713],[102.502615,26.337592],[102.567882,26.378526],[102.626231,26.345038],[102.60963,26.260118],[102.680919,26.221503],[102.87794,26.365017],[102.951182,26.345038],[102.988292,26.365098],[103.00294,26.400255],[102.995535,26.485378],[103.038666,26.506171],[103.057709,26.557196],[103.030284,26.601671],[103.029226,26.661811],[102.975108,26.831081],[102.901134,26.924628],[102.899343,27.002997],[102.878184,27.035712],[102.915457,27.134345],[102.889252,27.291368],[102.9546,27.420722],[102.991222,27.385932],[103.120616,27.412177],[103.217865,27.566759],[103.295909,27.587755],[103.304698,27.605048],[103.28419,27.640448],[103.451427,27.759874],[103.503022,27.849677],[103.518565,27.94538],[103.564708,27.983018],[103.513927,27.971381],[103.489024,28.037665],[103.440929,28.042304],[103.454845,28.133857],[103.538178,28.184434],[103.571544,28.243109],[103.643565,28.270453],[103.722097,28.21544],[103.879975,28.325629],[103.794932,28.531073],[103.850678,28.668036]]]}},{"type":"Feature","id":"ne_10m_rivers_lake_centerlines-262","properties":{"name":"Syr  Darya","nameEn":"Syr  Darya","nameOrigin":"natural-earth-original","sourceName":"Syr  Darya","sourceDataset":"ne_10m_rivers_lake_centerlines","sourceFeatureIndex":262,"sourceId":170,"scalerank":5.0,"minZoom":4.7,"min_zoom":4.7,"featurecla":"Lake Centerline"},"geometry":{"type":"LineString","coordinates":[[70.354991,40.43537],[70.359467,40.380683],[70.326101,40.357123],[70.0,40.296793]]}},{"type":"Feature","id":"ne_10m_rivers_lake_centerlines-264","properties":{"name":"Naryn","nameEn":"Naryn","nameOrigin":"natural-earth-original","sourceName":"Naryn","sourceDataset":"ne_10m_rivers_lake_centerlines","sourceFeatureIndex":264,"sourceId":171,"scalerank":5.0,"minZoom":4.7,"min_zoom":4.7,"featurecla":"Lake Centerline"},"geometry":{"type":"LineString","coordinates":[[73.300304,41.77619],[73.147716,41.775987],[73.002859,41.813178],[72.809825,41.794013],[72.747813,41.762315],[72.653738,41.667426]]}},{"type":"Feature","id":"ne_10m_rivers_lake_centerlines-265","properties":{"name":"Naryn","nameEn":"Naryn","nameOrigin":"natural-earth-original","sourceName":"Naryn","sourceDataset":"ne_10m_rivers_lake_centerlines","sourceFeatureIndex":265,"sourceId":171,"scalerank":5.0,"minZoom":4.7,"min_zoom":4.7,"featurecla":"River"},"geometry":{"type":"MultiLineString","coordinates":[[[77.737234,41.879665],[77.82252,41.865994],[77.976736,41.900743],[78.044526,41.880561],[78.060557,41.846747],[77.776541,41.664008],[77.716807,41.581732],[77.627371,41.562079],[77.56601,41.525458],[77.456065,41.528591],[77.363292,41.506863],[77.277354,41.521104],[77.192475,41.49376],[76.965912,41.506863],[76.935313,41.48017],[76.777436,41.494574],[76.616791,41.473334],[76.486501,41.506863],[76.009858,41.44599],[75.812022,41.462755],[75.712169,41.443305],[75.631847,41.389919],[75.551768,41.37934],[75.455577,41.386176],[75.256358,41.448269],[74.81129,41.420966],[74.766368,41.440863],[74.641694,41.409451],[74.571056,41.439561],[74.495372,41.440863],[74.257335,41.372911],[74.029796,41.423855],[73.94752,41.483181],[73.94044,41.62641],[73.868256,41.718695],[73.782807,41.729438],[73.584076,41.804511],[73.45045,41.770372],[73.297862,41.775987]],[[72.653738,41.667426],[72.630789,41.633857],[72.412364,41.509711],[72.324636,41.494737],[72.247813,41.440863],[72.230724,41.369452],[72.186453,41.297431],[72.200125,41.283759],[72.180186,41.225409],[72.144786,41.181586],[71.899669,40.99018],[71.778575,40.923774],[71.505463,40.879503],[71.343435,40.893378],[71.175141,40.837226],[71.113536,40.858913],[71.052175,40.855089],[71.038503,40.841132],[71.059174,40.785956],[71.042491,40.776068],[71.015391,40.816189],[70.884207,40.742499],[70.812755,40.736396],[70.524994,40.557318],[70.477468,40.505723],[70.369151,40.475775],[70.354991,40.43537]]]}},{"type":"Feature","id":"ne_10m_rivers_lake_centerlines-277","properties":{"name":"Godävari","nameEn":"Godävari","nameOrigin":"natural-earth-original","sourceName":"Godävari","sourceDataset":"ne_10m_rivers_lake_centerlines","sourceFeatureIndex":277,"sourceId":179,"scalerank":5.0,"minZoom":4.7,"min_zoom":4.7,"featurecla":"River"},"geometry":{"type":"MultiLineString","coordinates":[[[73.652436,20.012763],[73.686046,20.042996],[73.838145,19.99372],[73.967377,19.982693],[74.004161,20.026475],[74.05714,20.047553],[74.228526,19.971788],[74.389171,19.930609],[74.442475,19.881944],[74.508881,19.889268],[74.568858,19.805854],[74.759369,19.761094],[74.848888,19.663357],[74.951589,19.656602],[75.139659,19.587592],[75.180919,19.593858],[75.216726,19.548448],[75.335216,19.505683],[75.375662,19.463487],[75.417491,19.461534],[75.436697,19.4206],[75.479096,19.437445],[75.548106,19.389472],[75.720714,19.352159],[75.787364,19.39643],[75.834727,19.375759],[75.914236,19.388983],[75.91741,19.304877],[75.965587,19.306505],[76.009858,19.341824],[76.020763,19.299628],[76.110444,19.312323],[76.225841,19.260037],[76.304861,19.265163],[76.361257,19.233262],[76.339854,19.14289],[76.318126,19.129503],[76.329356,19.10932],[76.380382,19.128282],[76.38974,19.10517],[76.422862,19.103827],[76.442312,19.059678],[76.506928,19.102891],[76.56544,19.111884],[76.630463,19.068793],[76.63087,19.00963],[76.715587,19.018419],[76.736501,18.977484],[76.780854,19.018826],[76.780935,19.053249],[76.826182,19.045193],[76.844819,19.06745],[76.921641,19.053249],[76.979991,19.10163],[77.058116,19.087348],[77.056651,19.111518],[77.079194,19.122097],[77.092784,19.101508],[77.078868,19.070258],[77.133718,19.066962],[77.164968,19.115302],[77.195567,19.100775],[77.263682,19.115302],[77.286876,19.142605],[77.38087,19.156277],[77.394135,19.138861],[77.384044,19.091091],[77.476573,19.012234],[77.571869,18.98725],[77.598643,18.941107],[77.631114,18.93655],[77.709483,18.877021],[77.885916,18.826483],[77.944835,18.829657],[77.9699,18.868232],[78.029307,18.872585],[78.048839,18.913194],[78.215343,19.002061],[78.280284,18.980292],[78.295502,18.930284],[78.391124,18.991767],[78.541921,18.943956],[78.570404,18.984442],[78.64739,18.988064],[78.676362,19.034003],[78.775645,19.007636],[78.793875,19.038682],[78.836029,19.057969],[78.919037,19.036444],[78.932384,19.06684],[79.012136,19.081407],[79.071869,19.045762],[79.117931,18.939073],[79.178315,18.877631],[79.241222,18.862006],[79.292735,18.813585],[79.389903,18.857449],[79.428966,18.852403],[79.621593,18.731024],[79.64088,18.734239],[79.686534,18.679796],[79.765636,18.690131],[79.813975,18.721869],[79.851166,18.794013],[79.833914,18.840888],[79.844493,18.881903],[79.877045,18.84044],[80.00172,18.785671],[80.090587,18.697537],[80.169688,18.690131],[80.294688,18.713446],[80.352061,18.592353],[80.372081,18.615587],[80.390554,18.604315],[80.388927,18.477607],[80.466319,18.419379],[80.491791,18.292263],[80.697276,18.159451],[80.776296,18.023139],[80.840017,17.996283],[80.890636,17.93891],[80.868582,17.775214],[80.896495,17.710639],[80.896495,17.641791],[80.994395,17.639228],[81.019786,17.586249],[81.116222,17.607611],[81.149832,17.572821],[81.254649,17.56155],[81.303233,17.487616],[81.37322,17.48782],[81.41269,17.458075],[81.5053,17.464179],[81.615896,17.391628],[81.617198,17.336371],[81.670502,17.305976],[81.651459,17.196357],[81.685802,17.11168],[81.750011,17.031073],[81.759044,16.966254],[81.729747,16.915066],[81.73406,16.885688],[81.86378,16.578152],[81.831391,16.477362],[81.74879,16.4171],[81.717784,16.442572],[81.704682,16.429267],[81.711518,16.312201]],[[81.759044,16.95543],[81.772227,16.892768],[81.837576,16.785224],[81.931244,16.716905],[82.073741,16.681952],[82.214936,16.710883],[82.342703,16.701443]]]}},{"type":"Feature","id":"ne_10m_rivers_lake_centerlines-285","properties":{"name":"Pamir","nameEn":"Pamir","nameOrigin":"natural-earth-original","sourceName":"Pamir","sourceDataset":"ne_10m_rivers_lake_centerlines","sourceFeatureIndex":285,"sourceId":186,"scalerank":5.0,"minZoom":4.7,"min_zoom":4.7,"featurecla":"River"},"geometry":{"type":"LineString","coordinates":[[73.604584,37.446072],[73.484874,37.481228],[73.37794,37.452826],[73.275808,37.459744],[73.211192,37.408515],[73.131765,37.384589],[73.067149,37.315375],[72.995128,37.309516],[72.901947,37.254014],[72.790294,37.220567],[72.657319,37.029079]]}},{"type":"Feature","id":"ne_10m_rivers_lake_centerlines-289","properties":{"name":"长江","nameEn":"Yangtze","nameOrigin":"editorial-translation","sourceName":"Chang Jiang","sourceDataset":"ne_10m_rivers_lake_centerlines","sourceFeatureIndex":289,"sourceId":18,"scalerank":1.0,"minZoom":2.0,"min_zoom":2.0,"featurecla":"River"},"geometry":{"type":"MultiLineString","coordinates":[[[112.78183,29.743964],[112.885834,29.791693],[112.936046,29.693223],[113.019216,29.77086],[113.005951,29.706122],[112.913503,29.634467],[112.927664,29.495185],[112.953136,29.476589],[113.032644,29.518988],[113.054698,29.443223],[113.07545,29.447455],[113.084727,29.494656],[113.127615,29.462755]],[[103.850678,28.668036],[103.866303,28.675116],[103.87794,28.630439],[103.972748,28.613064],[104.047537,28.63349],[104.091807,28.612616],[104.232188,28.639594],[104.248057,28.661933],[104.311697,28.630439],[104.36321,28.647162],[104.456472,28.6435],[104.588634,28.728339],[104.599294,28.784369],[104.757091,28.798041],[104.803803,28.828477],[104.92213,28.776923],[104.991628,28.841498],[105.029877,28.81977],[105.018321,28.756415],[105.115733,28.71369],[105.15089,28.732245],[105.164806,28.787462],[105.236257,28.749579],[105.339936,28.783515],[105.384044,28.869696],[105.435557,28.883816],[105.459565,28.911241],[105.497569,28.886786],[105.542735,28.899197],[105.560069,28.961127],[105.622325,28.942165],[105.639252,28.887478],[105.709076,28.894232],[105.77532,28.928249],[105.812755,28.839626],[105.84547,28.825385],[105.877208,28.836127],[105.897227,28.863715],[105.894786,28.900458],[105.86907,28.946072],[105.818858,28.957546],[105.880626,29.047309],[105.990896,29.064887],[106.025076,29.106513],[106.089854,29.081244],[106.14088,29.090522],[106.117931,29.164496],[106.162364,29.229356],[106.237315,29.246527],[106.244151,29.290839],[106.308686,29.276394],[106.370128,29.29206],[106.392996,29.336493],[106.463878,29.397406],[106.524832,29.408149],[106.498057,29.480496],[106.536062,29.494452],[106.534434,29.544989],[106.581635,29.568427],[106.596446,29.624538],[106.621023,29.627265],[106.680756,29.572618],[106.775076,29.617377],[106.842214,29.593329],[106.963634,29.756944],[107.070893,29.82392],[107.095876,29.804999],[107.117768,29.740261],[107.183442,29.688747],[107.334076,29.7508],[107.399018,29.728217],[107.473888,29.824164],[107.458751,29.884711],[107.478038,29.899034],[107.635916,29.853054],[107.744395,29.903754],[107.84962,30.004706],[107.868256,30.113227],[107.928233,30.155544],[107.943614,30.209418],[107.992931,30.233018],[108.02003,30.299913],[108.074311,30.331977],[108.118337,30.317572],[108.087576,30.360297],[108.231619,30.449652],[108.409923,30.709744],[108.416596,30.833808],[108.497569,30.862413],[108.522227,30.911933],[108.6421,30.948269],[108.745616,30.922634],[108.877208,30.95954],[109.012543,30.949408],[109.17685,30.97663],[109.296641,30.965847],[109.430105,30.996202],[109.497813,31.034125],[109.573985,31.04267],[109.670421,30.997097],[109.784679,31.053656],[109.955007,31.073432],[110.042735,31.026923],[110.149506,31.038682],[110.281749,31.021023],[110.355724,31.052314],[110.657319,30.997097],[110.801524,30.943874],[110.850678,30.893622],[110.965831,30.874213],[111.018647,30.829047],[111.124034,30.852566],[111.161225,30.826768],[111.158214,30.788601],[111.263276,30.756537],[111.277599,30.741807],[111.267507,30.709744],[111.391205,30.58572],[111.448822,30.47016],[111.444428,30.423204],[111.527436,30.401231],[111.499522,30.333686],[111.55071,30.271674],[111.592052,30.281277],[111.629324,30.356024],[111.678315,30.395046],[111.797293,30.428534],[111.881358,30.41828],[111.997813,30.291815],[112.195323,30.307481],[112.239024,30.295478],[112.268077,30.264716],[112.270518,30.223578],[112.192882,30.134345],[112.196544,30.092353],[112.352468,30.05919],[112.417898,29.99372],[112.425141,29.948798],[112.384369,29.863064],[112.368663,29.726589],[112.466075,29.778673],[112.53297,29.774359],[112.575857,29.8463],[112.600352,29.839219],[112.590017,29.77497],[112.610606,29.709784],[112.636241,29.71369],[112.63795,29.805365],[112.654307,29.822333],[112.714773,29.822292],[112.764171,29.789984],[112.692556,29.764431],[112.693126,29.747382],[112.721772,29.738593],[112.788829,29.743964]]]}},{"type":"Feature","id":"ne_10m_rivers_lake_centerlines-295","properties":{"name":"Panj","nameEn":"Panj","nameOrigin":"natural-earth-original","sourceName":"Panj","sourceDataset":"ne_10m_rivers_lake_centerlines","sourceFeatureIndex":295,"sourceId":195,"scalerank":5.0,"minZoom":4.7,"min_zoom":4.7,"featurecla":"River"},"geometry":{"type":"LineString","coordinates":[[72.657319,37.029079],[72.47462,36.997667],[72.405528,37.00788],[72.259288,36.967597],[71.797293,36.686347],[71.652761,36.687201],[71.576915,36.733507],[71.528087,36.856391],[71.462576,36.94831],[71.459483,37.011013],[71.430756,37.067247],[71.449718,37.216905],[71.493337,37.307725],[71.486827,37.409369],[71.510834,37.486151],[71.496755,37.566759],[71.540538,37.709988],[71.529063,37.761339],[71.589854,37.815985],[71.597341,37.898546],[71.536713,37.944648],[71.34075,37.893581],[71.257823,37.926703],[71.272227,37.998236],[71.358653,38.184353],[71.357595,38.251492],[71.334076,38.28087],[71.217296,38.326117],[71.116954,38.39879],[71.049327,38.408881],[70.973643,38.473944],[70.942963,38.466173],[70.935802,38.433173],[70.870535,38.453437],[70.776785,38.446723],[70.741303,38.419704],[70.66448,38.405626],[70.67628,38.37519],[70.59962,38.347276],[70.58253,38.275255],[70.546804,38.262885],[70.4699,38.120714],[70.253673,37.97366],[70.26116,37.939521],[70.214285,37.929511],[70.171641,37.946357],[70.160085,37.920925],[70.178803,37.861029],[70.239838,37.827826],[70.274669,37.774441],[70.274669,37.675727],[70.247813,37.623603],[70.215912,37.617377],[70.157319,37.541612],[70.0,37.55445]]}},{"type":"Feature","id":"ne_10m_rivers_lake_centerlines-301","properties":{"name":"长江","nameEn":"Yangtze","nameOrigin":"editorial-translation","sourceName":"Yangtze","sourceDataset":"ne_10m_rivers_lake_centerlines","sourceFeatureIndex":301,"sourceId":1,"scalerank":1.0,"minZoom":2.0,"min_zoom":2.0,"featurecla":"River"},"geometry":{"type":"MultiLineString","coordinates":[[[119.606375,32.196885],[119.572358,32.191759],[119.504812,32.239529],[119.365326,32.234402],[119.252208,32.200019],[119.078705,32.232733],[118.909679,32.173896],[118.774343,32.187079],[118.689464,32.062445],[118.498627,31.851264],[118.426199,31.724473],[118.379649,31.556179],[118.302175,31.438341],[118.324474,31.371039],[118.315115,31.308051],[118.060557,31.233222],[118.014171,31.237616],[117.988699,31.122829],[117.952729,31.093573],[117.907156,31.087673],[117.856863,31.140937],[117.793386,31.124457],[117.766531,31.092108],[117.768077,31.006659],[117.697276,30.803738],[117.42921,30.70246],[117.226003,30.673367],[117.232839,30.555121],[117.209565,30.514024],[117.007498,30.48371],[116.89267,30.423285],[116.921397,30.33747],[116.90683,30.270697],[116.808523,30.102078],[116.636485,30.043321],[116.575206,29.99079],[116.51295,29.89411],[116.389171,29.876003],[116.265229,29.788886],[116.110281,29.786444],[115.99879,29.744005],[115.888682,29.731757],[115.743337,29.808783],[115.704845,29.860704],[115.534923,29.85456],[115.46339,29.871283],[115.426687,29.895331],[115.275401,30.120958],[115.189952,30.208767],[115.072032,30.236029],[115.072765,30.341132],[115.052989,30.369005],[114.987397,30.407416],[114.860769,30.418891],[114.829275,30.441107],[114.808523,30.526313],[114.851573,30.576931],[114.844737,30.605658],[114.731456,30.609442],[114.600841,30.574286],[114.502371,30.673163],[114.429128,30.690294],[114.354015,30.656521],[114.296397,30.586859]],[[116.19752,29.75141],[116.20753,29.779486]],[[113.127615,29.462755],[113.415538,29.764472],[113.607026,29.890204],[113.664236,29.954617],[113.687755,29.963446],[113.706716,29.9289],[113.748627,29.919989],[113.79241,29.933417],[113.92335,30.033555],[114.062266,30.088935],[114.064382,30.124376],[113.983409,30.185167],[113.940115,30.203233],[113.874441,30.184841],[113.857595,30.231065],[113.927175,30.28852],[113.968028,30.291368],[114.018565,30.240505],[114.053966,30.24018],[114.106619,30.352322],[114.24171,30.497423],[114.303233,30.593044]]]}},{"type":"Feature","id":"ne_10m_rivers_lake_centerlines-303","properties":{"name":"","nameEn":"","nameOrigin":"natural-earth-original","sourceName":null,"sourceDataset":"ne_10m_rivers_lake_centerlines","sourceFeatureIndex":303,"sourceId":201,"scalerank":5.0,"minZoom":4.7,"min_zoom":4.7,"featurecla":"River"},"geometry":{"type":"MultiLineString","coordinates":[[[106.422374,10.316962],[106.35434,10.338975],[106.139252,10.296413]],[[106.139252,10.296413],[106.003429,10.321072],[105.935557,10.286648]],[[106.139252,10.296413],[106.139171,10.296495]],[[106.292003,10.261746],[106.198741,10.23904],[106.139252,10.296413]]]}},{"type":"Feature","id":"ne_10m_rivers_lake_centerlines-317","properties":{"name":"Ishikari","nameEn":"Ishikari","nameOrigin":"natural-earth-original","sourceName":"Ishikari","sourceDataset":"ne_10m_rivers_lake_centerlines","sourceFeatureIndex":317,"sourceId":214,"scalerank":6.0,"minZoom":5.0,"min_zoom":5.0,"featurecla":"River"},"geometry":{"type":"LineString","coordinates":[[142.0,43.673777],[141.892182,43.609565],[141.899018,43.489691],[141.871755,43.470486],[141.868907,43.433661],[141.825776,43.386786],[141.659434,43.295925],[141.657644,43.220771],[141.597341,43.127265],[141.561127,43.116156],[141.47755,43.138129],[141.411713,43.174994],[141.357595,43.237901]]}},{"type":"Feature","id":"ne_10m_rivers_lake_centerlines-356","properties":{"name":"Yarkant","nameEn":"Yarkant","nameOrigin":"natural-earth-original","sourceName":"Yarkant","sourceDataset":"ne_10m_rivers_lake_centerlines","sourceFeatureIndex":356,"sourceId":242,"scalerank":6.0,"minZoom":5.0,"min_zoom":5.0,"featurecla":"River"},"geometry":{"type":"LineString","coordinates":[[77.524913,35.520697],[77.681651,35.619167],[77.709972,35.753445],[77.552745,35.879665],[77.543956,35.903835],[77.642182,36.079291],[77.759532,36.142605],[77.757742,36.17182],[77.627371,36.199083],[77.531179,36.267401],[77.538585,36.287869],[77.490733,36.342475],[77.498057,36.372382],[77.450776,36.429714],[77.250011,36.459174],[77.158132,36.446153],[77.079194,36.459174],[76.828868,36.383409],[76.493663,36.432481],[76.420828,36.552314],[76.274669,36.619452],[76.191661,36.634467],[76.102631,36.688788],[76.015554,36.88581],[75.962006,36.945828],[75.924408,36.956081],[76.008067,37.093085],[76.015066,37.177069],[75.969493,37.206488],[75.90683,37.317898],[75.954682,37.328477],[75.974539,37.29206],[76.106049,37.274726],[76.184825,37.32628],[76.191661,37.363552],[76.249441,37.418158],[76.229015,37.459744],[76.222748,37.582587],[76.236339,37.596869],[76.181163,37.733466],[76.207123,37.810167],[76.167491,37.837104],[76.201671,37.850775],[76.219005,37.89171],[76.26767,37.896837],[76.276134,37.966905],[76.363048,37.987901],[76.425304,37.970771],[76.518077,37.994086],[76.546804,37.982245],[76.537201,37.931586],[76.775401,37.882595],[76.942149,38.035102],[77.002696,38.060492],[77.019135,38.091376],[77.209727,38.23371],[77.38144,38.339301],[77.393972,38.354438],[77.3296,38.583197],[77.36671,38.604275],[77.387218,38.666327],[77.449229,38.699897],[77.483816,38.796088],[77.572765,38.871161],[77.555431,39.006619],[77.617117,39.039374],[77.647878,39.138699],[77.668956,39.131863],[77.710216,39.160427],[77.734874,39.148301],[77.748627,39.192491],[77.866954,39.275214],[77.929454,39.29621],[77.943858,39.332546],[78.004812,39.371446],[78.069347,39.382025],[78.087332,39.412421],[78.214447,39.483669],[78.470225,39.584337],[78.490896,39.576606],[78.552419,39.604193],[78.565929,39.563829],[78.586192,39.558132],[78.689464,39.604193],[78.819753,39.61164],[78.833995,39.645819],[78.902354,39.617499],[78.956716,39.638983],[79.018647,39.634304],[79.130382,39.69538],[79.34726,39.739081],[79.45753,39.82807],[79.590587,39.837592],[79.770437,39.94831],[79.852794,39.971951],[79.90797,40.004503],[79.928233,40.062079],[79.957449,40.078681],[80.065522,40.090033],[80.155935,40.126166],[80.211192,40.180203],[80.346934,40.231228],[80.381928,40.310492],[80.435964,40.343288],[80.466807,40.404079],[80.522553,40.406114],[80.617198,40.445746],[80.642589,40.434109],[80.795095,40.45246],[80.820811,40.427273],[80.88795,40.467108]]}},{"type":"Feature","id":"ne_10m_rivers_lake_centerlines-362","properties":{"name":"辽河","nameEn":"Liao","nameOrigin":"editorial-translation","sourceName":"Liao","sourceDataset":"ne_10m_rivers_lake_centerlines","sourceFeatureIndex":362,"sourceId":246,"scalerank":6.0,"minZoom":5.0,"min_zoom":5.0,"featurecla":"River"},"geometry":{"type":"LineString","coordinates":[[123.553966,43.483466],[123.603119,43.439643],[123.6338,43.370185],[123.574474,43.294786],[123.539643,43.085639],[123.515147,43.047553],[123.526541,42.990058],[123.589936,42.935126],[123.601736,42.818712],[123.560802,42.702012],[123.694021,42.597235],[123.683686,42.579169],[123.762218,42.534491],[123.766775,42.496609],[123.800955,42.469672],[123.793549,42.42829],[123.807628,42.411811],[123.863048,42.417792],[123.897227,42.400417],[123.894623,42.379462],[123.798757,42.304999],[123.647634,42.298163],[123.622813,42.256415],[123.588145,42.256415],[123.557384,42.209906],[123.3838,42.141059],[123.249278,42.174506],[123.195567,42.158637],[123.160574,42.124538],[123.089692,42.117621],[123.033214,42.072089],[122.960378,42.054999],[122.97169,42.044135],[122.930756,41.969021],[122.889903,41.962226],[122.924571,41.941677],[122.914236,41.923692],[122.8296,41.840033],[122.78419,41.830349],[122.7588,41.797065],[122.786794,41.79088],[122.766205,41.766954],[122.774425,41.740587],[122.743744,41.734198],[122.739024,41.694648],[122.690684,41.663926],[122.704194,41.585395],[122.643647,41.53144],[122.622325,41.458197],[122.656342,41.37934],[122.641775,41.305732],[122.477143,41.199571],[122.397634,41.176703],[122.409434,41.002631],[122.341807,40.995795],[122.334972,40.926866],[122.323253,40.94245],[122.278331,40.865912],[122.203868,40.851752],[122.180431,40.868842],[122.177257,40.844916],[122.110362,40.808539],[122.115245,40.783515],[122.190929,40.715277],[122.258474,40.693468],[122.20989,40.682685],[122.156261,40.701606]]}},{"type":"Feature","id":"ne_10m_rivers_lake_centerlines-363","properties":{"name":"Yuan","nameEn":"Yuan","nameOrigin":"natural-earth-original","sourceName":"Yuan","sourceDataset":"ne_10m_rivers_lake_centerlines","sourceFeatureIndex":363,"sourceId":247,"scalerank":6.0,"minZoom":5.0,"min_zoom":5.0,"featurecla":"Lake Centerline"},"geometry":{"type":"MultiLineString","coordinates":[[[112.993582,29.147488],[113.000011,29.216091],[113.070811,29.389187]],[[112.904796,29.031358],[112.843272,28.931464],[112.766612,28.892524],[112.642589,28.861762],[112.539073,28.865668],[112.470714,28.81977],[112.435557,28.820665],[112.3331,28.900743],[112.307628,28.843207],[112.272065,28.849555],[112.186534,28.914089],[112.007823,28.950222],[111.992931,28.984687]]]}},{"type":"Feature","id":"ne_10m_rivers_lake_centerlines-364","properties":{"name":"沅江","nameEn":"Yuan","nameOrigin":"editorial-translation","sourceName":"Yuan","sourceDataset":"ne_10m_rivers_lake_centerlines","sourceFeatureIndex":364,"sourceId":247,"scalerank":6.0,"minZoom":5.0,"min_zoom":5.0,"featurecla":"River"},"geometry":{"type":"MultiLineString","coordinates":[[[113.069347,29.387641],[113.127615,29.462755]],[[112.904796,29.031358],[112.942963,29.065253],[112.944591,29.114814],[112.993582,29.147488]],[[107.504812,26.337592],[107.499522,26.205512],[107.59547,26.140489],[107.656261,26.160102],[107.712576,26.225898],[107.719493,26.268622],[107.803722,26.404568],[107.80714,26.44123],[107.779226,26.491482],[107.789806,26.512315],[107.936127,26.581244],[108.028331,26.723456],[108.237722,26.853339],[108.312429,26.857001],[108.351736,26.824408],[108.396007,26.832465],[108.396088,26.769599],[108.416596,26.776435],[108.430268,26.749091],[108.496755,26.732774],[108.497325,26.696479],[108.519135,26.67239],[108.581065,26.646064],[108.581065,26.659735],[108.625499,26.591417],[108.702729,26.696479],[108.76295,26.694525],[108.758718,26.63349],[108.8213,26.611355],[108.868582,26.557563],[108.905284,26.555976],[108.924327,26.591417],[109.03297,26.633083],[109.066987,26.591417],[109.101329,26.625596],[109.129242,26.625596],[109.190522,26.666571],[109.259776,26.759955],[109.307384,26.769599],[109.389903,26.837917],[109.369151,26.851874],[109.381358,26.872748],[109.453868,26.912136],[109.4581,27.033718],[109.414073,27.080512],[109.468272,27.07807],[109.486095,27.11225],[109.520112,27.07807],[109.535737,27.118516],[109.591319,27.139512],[109.625662,27.132676],[109.663585,27.194159],[109.67864,27.126899],[109.732026,27.132636],[109.752371,27.146999],[109.747,27.187445],[109.763113,27.209662],[109.896414,27.146999],[110.00294,27.12641],[110.013682,27.139512],[109.995535,27.145575],[110.054617,27.207831],[110.087494,27.283759],[110.135916,27.297797],[110.124522,27.344672],[110.19337,27.382188],[110.277924,27.520575],[110.292247,27.568915],[110.273041,27.632921],[110.329275,27.643337],[110.324636,27.676866],[110.358328,27.685167],[110.37672,27.714911],[110.336843,27.772406],[110.378835,27.836208],[110.37851,27.866156],[110.342052,27.866319],[110.324718,27.911811],[110.244395,27.908311],[110.250255,27.943468],[110.287364,27.968777],[110.146495,28.016547],[110.102468,28.096015],[110.143321,28.099148],[110.139659,28.143826],[110.16505,28.154486],[110.156993,28.167344],[110.204845,28.225775],[110.170665,28.246527],[110.16448,28.29088],[110.232839,28.284044],[110.321544,28.393337],[110.38974,28.428738],[110.363048,28.437527],[110.403412,28.472113],[110.403412,28.513739],[110.445079,28.523627],[110.451915,28.577704],[110.515147,28.600043],[110.506358,28.659369],[110.667247,28.669298],[110.791026,28.754584],[110.972179,28.810126],[111.003429,28.804389],[111.013276,28.78205],[111.120372,28.866278],[111.143972,28.832139],[111.205089,28.813992],[111.221934,28.758409],[111.339122,28.752997],[111.368175,28.786566],[111.404552,28.790595],[111.425141,28.832139],[111.462576,28.842719],[111.467296,28.893826],[111.493337,28.921495],[111.531668,29.034125],[111.561615,29.051296],[111.585948,29.046169],[111.603038,28.969835],[111.631358,28.976426],[111.665294,29.039415],[111.696788,29.026679],[111.718354,28.976833],[111.795421,28.970486],[111.814952,28.990668],[111.80128,29.00963],[111.82252,29.020535],[111.90089,28.982978],[111.986746,29.003689],[111.992931,28.98489]]]}},{"type":"Feature","id":"ne_10m_rivers_lake_centerlines-385","properties":{"name":"Sutlej","nameEn":"Sutlej","nameOrigin":"natural-earth-original","sourceName":"Sutlej","sourceDataset":"ne_10m_rivers_lake_centerlines","sourceFeatureIndex":385,"sourceId":258,"scalerank":6.0,"minZoom":5.0,"min_zoom":5.0,"featurecla":"Lake Centerline"},"geometry":{"type":"MultiLineString","coordinates":[[[76.764659,31.408637],[76.736501,31.391872],[76.750255,31.358344],[76.736501,31.308661],[76.693614,31.312445],[76.683116,31.278876],[76.649669,31.267686],[76.491954,31.410468],[76.435069,31.422227]],[[81.294688,30.791693],[81.199311,30.852118]]]}},{"type":"Feature","id":"ne_10m_rivers_lake_centerlines-386","properties":{"name":"Sutlej","nameEn":"Sutlej","nameOrigin":"natural-earth-original","sourceName":"Sutlej","sourceDataset":"ne_10m_rivers_lake_centerlines","sourceFeatureIndex":386,"sourceId":258,"scalerank":6.0,"minZoom":5.0,"min_zoom":5.0,"featurecla":"River"},"geometry":{"type":"MultiLineString","coordinates":[[[76.435069,31.422227],[76.40089,31.429145],[76.36671,31.402411],[76.378184,31.338975],[76.437266,31.242743],[76.553396,31.1706],[76.587332,31.078559],[76.538097,31.058905],[76.538097,31.004584],[76.505789,30.977851],[76.459483,30.971218],[76.395437,31.011542],[76.208507,31.018826],[76.08253,30.990912],[75.999766,30.99433],[75.922944,31.022528],[75.829682,30.997138],[75.606375,30.990912],[75.539154,30.972602],[75.3956,30.985175],[75.233165,31.060004],[75.19752,31.052273],[75.177175,31.089911],[75.118582,31.100775],[75.125987,31.121283],[75.033214,31.183295],[74.836436,31.158555],[74.761974,31.1081],[74.708263,31.114366],[74.600597,31.05683],[74.519054,30.962673],[74.441173,30.946397],[74.40089,30.893337],[74.318858,30.893622],[74.299815,30.838406],[74.256277,30.815497],[74.266205,30.788601],[74.190684,30.717231],[74.163178,30.665107],[74.067149,30.610704],[74.05714,30.531602],[74.003998,30.509101],[73.938731,30.426215],[73.899506,30.42239],[73.905691,30.395046],[73.867198,30.387722],[73.8449,30.357204],[73.769786,30.367743],[73.664643,30.31745],[73.589773,30.322862],[73.539806,30.277696],[73.417898,30.224718],[73.340587,30.216254],[73.344005,30.181505],[73.296886,30.161689],[73.279796,30.128933],[73.233002,30.170681],[73.212332,30.149237],[73.225597,30.125067],[73.139171,30.086534],[73.053233,30.09337],[73.033783,30.055284],[72.932628,29.982611],[72.922944,30.003607],[72.888438,30.004014],[72.728119,29.906317],[72.635509,29.892524],[72.618337,29.825873],[72.473725,29.853217],[72.362071,29.838446],[72.345632,29.807563],[72.281993,29.771267],[72.249604,29.711737],[72.196218,29.713162],[72.172781,29.68183],[72.184255,29.671739],[72.148204,29.659532],[72.166026,29.579454],[72.064708,29.546983],[71.984304,29.4914],[71.913178,29.490058],[71.918875,29.469591],[71.901134,29.46247],[71.806163,29.477078],[71.788585,29.449083],[71.763601,29.461982],[71.719656,29.442654],[71.693451,29.477078],[71.667735,29.4737],[71.589854,29.408149],[71.597341,29.387641],[71.514171,29.390001],[71.494395,29.408149],[71.467052,29.366523],[71.439708,29.408149],[71.388438,29.366319],[71.363862,29.373969],[71.34962,29.408149],[71.323009,29.380194],[71.30185,29.400702],[71.315522,29.414984],[71.271495,29.428575],[71.218191,29.386786],[71.1845,29.421332],[71.144623,29.38463],[71.09726,29.38996],[71.021983,29.366523]],[[81.199311,30.852118],[81.183442,30.896308],[81.15089,30.919135],[80.951752,30.978054],[80.755056,31.12462],[80.628429,31.121283],[80.502533,31.048041],[80.390066,31.069159],[80.152436,31.185981],[80.086029,31.260443],[80.012136,31.290798],[80.00172,31.343451],[79.930186,31.402411],[79.885346,31.4713],[79.806651,31.497992],[79.679454,31.48725],[79.52589,31.509589],[79.443451,31.553249],[79.354096,31.633246],[79.299408,31.635199],[79.244884,31.672716],[79.121349,31.696601],[79.031261,31.685574],[78.990896,31.648871],[78.94866,31.660956],[78.842703,31.805203],[78.769623,31.808132],[78.717296,31.84748],[78.654226,31.824774],[78.62794,31.765489],[78.556244,31.750596],[78.538503,31.718451],[78.454845,31.675401],[78.429617,31.633816],[78.442393,31.600409],[78.292084,31.600409],[78.261322,31.521104],[78.189057,31.512274],[77.968761,31.571641],[77.829275,31.56391],[77.703136,31.504828],[77.628347,31.447333],[77.631602,31.400946],[77.555431,31.389187],[77.538015,31.354438],[77.368175,31.358669],[77.307628,31.276068],[77.159109,31.240749],[76.993744,31.306708],[76.929128,31.367703],[76.882416,31.36876],[76.884207,31.414578],[76.82545,31.429145],[76.764659,31.408637]],[[81.375662,30.758124],[81.293712,30.792304]]]}},{"type":"Feature","id":"ne_10m_rivers_lake_centerlines-392","properties":{"name":"Biya","nameEn":"Biya","nameOrigin":"natural-earth-original","sourceName":"Biya","sourceDataset":"ne_10m_rivers_lake_centerlines","sourceFeatureIndex":392,"sourceId":261,"scalerank":6.0,"minZoom":5.0,"min_zoom":5.0,"featurecla":"Lake Centerline"},"geometry":{"type":"LineString","coordinates":[[87.755789,51.364366],[87.768565,51.390082],[87.756277,51.446723],[87.680431,51.597357],[87.662364,51.726386],[87.630951,51.744696],[87.392019,51.761583]]}},{"type":"Feature","id":"ne_10m_rivers_lake_centerlines-393","properties":{"name":"Biya","nameEn":"Biya","nameOrigin":"natural-earth-original","sourceName":"Biya","sourceDataset":"ne_10m_rivers_lake_centerlines","sourceFeatureIndex":393,"sourceId":261,"scalerank":6.0,"minZoom":5.0,"min_zoom":5.0,"featurecla":"River"},"geometry":{"type":"LineString","coordinates":[[87.392019,51.761583],[87.35906,51.785915],[87.238048,51.798367],[87.104747,51.877712],[87.104747,51.918647],[87.07724,51.953437],[87.135753,51.990098],[87.094493,52.057481],[87.084076,52.152045],[87.091075,52.227118],[87.125662,52.258165],[87.11435,52.269151],[87.043224,52.281806],[87.036388,52.316474],[86.938406,52.365343],[86.902354,52.450263],[86.763764,52.463406],[86.727306,52.498114],[86.615896,52.539984],[86.558197,52.596869],[86.460948,52.639268],[86.341563,52.612331],[86.356456,52.55976],[86.310151,52.507839],[86.188731,52.528347],[86.147472,52.604519],[86.057872,52.635077],[85.953868,52.603868],[85.951427,52.567247],[85.90325,52.561103],[85.754649,52.577216],[85.709972,52.611396],[85.494233,52.584052],[85.453624,52.562934],[85.285655,52.567206],[85.169444,52.481391],[85.099213,52.467963],[85.056163,52.433621]]}},{"type":"Feature","id":"ne_10m_rivers_lake_centerlines-410","properties":{"name":"Ideriyn","nameEn":"Ideriyn","nameOrigin":"natural-earth-original","sourceName":"Ideriyn","sourceDataset":"ne_10m_rivers_lake_centerlines","sourceFeatureIndex":410,"sourceId":26,"scalerank":2.0,"minZoom":2.1,"min_zoom":2.1,"featurecla":"River"},"geometry":{"type":"LineString","coordinates":[[98.007091,47.998969],[97.930756,47.991645],[97.822765,48.040595],[97.654552,48.04682],[97.616628,48.074774],[97.554861,48.078559],[97.495942,48.140082],[97.397227,48.162665],[97.392182,48.224555],[97.459565,48.318061],[97.437755,48.474555],[97.514171,48.540229],[97.542247,48.594265],[97.719493,48.702094],[97.802257,48.739529],[97.981619,48.769355],[98.103282,48.725857],[98.205658,48.739529],[98.794932,48.726508],[99.146983,48.625434],[99.306733,48.608262],[99.365489,48.622911],[99.432872,48.693142],[99.91269,48.846869],[99.963145,48.885037],[100.067475,48.922675],[100.23821,48.95893],[100.227306,48.984727],[100.274994,49.012071],[100.39446,49.020453],[100.433197,49.074774],[100.473074,49.059434],[100.590343,49.078152],[100.597748,49.101426],[100.681733,49.159369],[100.699636,49.263129]]}},{"type":"Feature","id":"ne_10m_rivers_lake_centerlines-411","properties":{"name":"Han","nameEn":"Han","nameOrigin":"natural-earth-original","sourceName":"Han","sourceDataset":"ne_10m_rivers_lake_centerlines","sourceFeatureIndex":411,"sourceId":270,"scalerank":6.0,"minZoom":5.0,"min_zoom":5.0,"featurecla":"Lake Centerline"},"geometry":{"type":"LineString","coordinates":[[111.477631,32.567816],[111.364757,32.574897],[111.138764,32.689073],[111.045828,32.703966],[111.000011,32.740668]]}},{"type":"Feature","id":"ne_10m_rivers_lake_centerlines-412","properties":{"name":"汉江","nameEn":"Han","nameOrigin":"editorial-translation","sourceName":"Han","sourceDataset":"ne_10m_rivers_lake_centerlines","sourceFeatureIndex":412,"sourceId":270,"scalerank":6.0,"minZoom":5.0,"min_zoom":5.0,"featurecla":"River"},"geometry":{"type":"MultiLineString","coordinates":[[[106.398448,33.067694],[106.473399,33.115261],[106.665619,33.143988],[106.70045,33.122341],[106.864268,33.136013],[107.073416,33.012478],[107.11435,33.046658],[107.156261,33.047471],[107.188243,33.088935],[107.323253,33.101264],[107.357595,33.136013],[107.420828,33.136827],[107.534923,33.215359],[107.54713,33.190619],[107.644949,33.170722],[107.735362,33.177436],[107.779226,33.155829],[107.832937,33.191596],[107.863699,33.242947],[107.888682,33.243598],[107.955658,33.206407],[107.937266,33.134385],[107.955089,33.123114],[107.956716,33.080756],[107.977957,33.086615],[108.047781,33.037055],[108.219656,33.032335],[108.274994,33.005683],[108.237722,32.839423],[108.286225,32.834337],[108.286225,32.799628],[108.312511,32.769843],[108.437755,32.724473],[108.396088,32.703966],[108.416596,32.662421],[108.439464,32.666449],[108.47169,32.633409],[108.448171,32.599433],[108.52296,32.528835],[108.622081,32.48489],[108.681733,32.504991],[108.697195,32.491767],[108.758067,32.537421],[108.774018,32.566352],[108.759858,32.607774],[108.779796,32.635118],[108.851573,32.586534],[108.855968,32.609565],[108.890391,32.61168],[108.903331,32.642524],[108.996104,32.656195],[109.03297,32.711453],[109.086436,32.724473],[109.1338,32.783962],[109.298432,32.74787],[109.334565,32.758612],[109.389089,32.838487],[109.411794,32.844591],[109.403412,32.868476],[109.438975,32.860419],[109.514252,32.883816],[109.533946,32.909451],[109.565684,32.88349],[109.602061,32.916287],[109.650483,32.904731],[109.718191,32.94835],[109.739268,32.936794]],[[109.739268,32.929958],[109.8095,32.893134],[109.898855,32.914374],[109.992605,32.888943],[110.123546,32.813259],[110.215424,32.813259],[110.274099,32.789862],[110.397634,32.858018],[110.418468,32.829942],[110.462169,32.841173],[110.507091,32.813259],[110.591726,32.829657],[110.588959,32.807074],[110.616954,32.820665],[110.636729,32.793402],[110.705089,32.799628],[110.685313,32.820665],[110.746104,32.86164],[110.824229,32.814643],[110.866466,32.834337],[110.902273,32.810858],[110.993175,32.807074],[110.9581,32.781195],[111.000011,32.740668]],[[111.477631,32.567816],[111.492198,32.530137],[111.547944,32.48489],[111.643891,32.434149],[111.665294,32.402371],[111.637299,32.327257],[111.699474,32.265163],[111.693614,32.224189],[111.80128,32.135443],[111.827159,32.078721],[111.953054,32.094916],[111.993256,32.082831],[112.026541,32.046413],[112.192882,32.021999],[112.16448,31.951524],[112.220225,31.883612],[112.177257,31.797309],[112.268077,31.737616],[112.336681,31.724392],[112.369884,31.69245],[112.452403,31.550238],[112.438569,31.484402],[112.452403,31.443386],[112.404552,31.333523],[112.500499,31.24197],[112.567556,31.215399],[112.548432,31.151679],[112.584239,31.086127],[112.517507,31.100775],[112.508067,31.063015],[112.567149,30.94123],[112.577729,30.877021],[112.678966,30.833279],[112.630463,30.82331],[112.649669,30.78323],[112.596283,30.676215],[112.624441,30.657904],[112.719819,30.651964],[112.678966,30.620958],[112.692556,30.552069],[112.771414,30.586859],[112.81601,30.51793],[112.874766,30.496039],[112.881602,30.555732],[112.918468,30.573188],[112.9699,30.524115],[113.06308,30.51793],[113.062511,30.47838],[113.107432,30.483181],[113.124034,30.442206],[113.165538,30.449652],[113.196218,30.428534],[113.466563,30.395046],[113.607432,30.511908],[113.646983,30.586249],[113.74822,30.627794],[113.789236,30.60045],[113.830333,30.620958],[113.816742,30.586859],[113.830333,30.575141],[113.852143,30.603217],[113.840587,30.648261],[113.920421,30.632839],[113.941498,30.6789],[113.995697,30.624579],[114.027436,30.616645],[114.031993,30.593044],[114.170665,30.598212],[114.289561,30.566352]]]}},{"type":"Feature","id":"ne_10m_rivers_lake_centerlines-413","properties":{"name":"Mahäna Nadï","nameEn":"Mahäna Nadï","nameOrigin":"natural-earth-original","sourceName":"Mahäna Nadï","sourceDataset":"ne_10m_rivers_lake_centerlines","sourceFeatureIndex":413,"sourceId":271,"scalerank":6.0,"minZoom":5.0,"min_zoom":5.0,"featurecla":"Lake Centerline"},"geometry":{"type":"LineString","coordinates":[[83.857595,21.520128],[83.714366,21.694688],[83.66505,21.724189],[83.54892,21.740505],[83.50294,21.666124],[83.467052,21.645535],[83.390229,21.692491],[83.299734,21.695136]]}},{"type":"Feature","id":"ne_10m_rivers_lake_centerlines-414","properties":{"name":"Mahäna Nadï","nameEn":"Mahäna Nadï","nameOrigin":"natural-earth-original","sourceName":"Mahäna Nadï","sourceDataset":"ne_10m_rivers_lake_centerlines","sourceFeatureIndex":414,"sourceId":271,"scalerank":6.0,"minZoom":5.0,"min_zoom":5.0,"featurecla":"River"},"geometry":{"type":"MultiLineString","coordinates":[[[83.856537,21.520453],[83.933849,21.492377],[83.980072,21.431667],[83.97462,21.390163],[83.897472,21.307563],[83.90919,21.204942],[83.830007,21.054755],[83.832774,20.930772],[83.964773,20.835883],[84.04835,20.814073],[84.206065,20.890448],[84.291433,20.876776],[84.313487,20.867743],[84.3296,20.800401],[84.364675,20.757392],[84.544363,20.724066],[84.707774,20.629462],[84.781261,20.521267],[84.895437,20.518093],[85.016205,20.438788],[85.169363,20.378363],[85.233409,20.396308],[85.277273,20.363308],[85.34433,20.356716],[85.397472,20.3817],[85.504242,20.379014],[85.644786,20.457831],[85.723643,20.437323],[85.772472,20.471381],[85.865326,20.445746],[85.956716,20.364814],[86.011322,20.366726],[86.06308,20.261298],[86.14503,20.212022],[86.158702,20.143134]],[[80.625255,20.598985],[80.638276,20.645535],[80.614757,20.698025],[80.632091,20.753363],[80.755056,20.784695],[80.896983,21.003607],[81.030935,21.065212],[81.088308,21.054267],[81.134695,21.09573],[81.231619,21.102118],[81.235932,21.228583],[81.26588,21.239285],[81.310313,21.359931],[81.362641,21.420274],[81.356456,21.487494],[81.389415,21.573676],[81.423106,21.586697],[81.427338,21.61461],[81.519135,21.612982],[81.593191,21.640082],[81.60906,21.595526],[81.689545,21.585557],[81.697276,21.630316],[81.668712,21.661892],[81.717784,21.701972],[81.700694,21.758246],[81.878998,21.781562],[82.0442,21.890408],[82.109386,21.849392],[82.170095,21.851752],[82.199148,21.774929],[82.276541,21.760037],[82.324718,21.719062],[82.444428,21.75377],[82.503184,21.74018],[82.530528,21.75377],[82.577566,21.729112],[82.674408,21.719062],[82.806163,21.735216],[82.852306,21.702501],[83.017019,21.73546],[83.078624,21.711453],[83.115733,21.726915],[83.299734,21.695136]]]}},{"type":"Feature","id":"ne_10m_rivers_lake_centerlines-425","properties":{"name":"Gan","nameEn":"Gan","nameOrigin":"natural-earth-original","sourceName":"Gan","sourceDataset":"ne_10m_rivers_lake_centerlines","sourceFeatureIndex":425,"sourceId":278,"scalerank":6.0,"minZoom":5.0,"min_zoom":5.0,"featurecla":"Lake Centerline"},"geometry":{"type":"LineString","coordinates":[[115.981944,29.279161],[116.05185,29.332546],[116.045828,29.423651],[116.127371,29.51793],[116.160655,29.703192],[116.19752,29.75141]]}},{"type":"Feature","id":"ne_10m_rivers_lake_centerlines-426","properties":{"name":"赣江","nameEn":"Gan","nameOrigin":"editorial-translation","sourceName":"Gan","sourceDataset":"ne_10m_rivers_lake_centerlines","sourceFeatureIndex":426,"sourceId":278,"scalerank":6.0,"minZoom":5.0,"min_zoom":5.0,"featurecla":"River"},"geometry":{"type":"LineString","coordinates":[[114.412527,24.707058],[114.501964,24.708767],[114.521983,24.746365],[114.575287,24.766872],[114.625662,24.830878],[114.727794,24.871527],[114.748953,24.912543],[114.768891,24.904079],[114.784597,25.018134],[114.779307,25.055528],[114.741466,25.100531],[114.817149,25.138454],[114.905854,25.148708],[114.899018,25.193671],[114.869151,25.2296],[114.865001,25.265692],[114.898529,25.30447],[114.878673,25.337673],[114.955658,25.401557],[114.953705,25.461208],[115.003917,25.505439],[115.002615,25.621934],[115.083914,25.706488],[115.110932,25.850857],[115.079845,25.892198],[115.023448,25.893907],[114.983653,25.850857],[114.930186,25.88406],[114.940684,25.940375],[114.897472,25.966254],[114.95753,26.091335],[114.892833,26.132148],[114.924571,26.207343],[114.953705,26.214708],[114.919688,26.27615],[114.923839,26.305609],[114.786143,26.447455],[114.684255,26.520331],[114.67628,26.560411],[114.80364,26.675564],[114.837576,26.776435],[115.002615,26.824815],[115.009939,26.862494],[114.972179,26.920681],[114.981619,26.955146],[115.036794,27.006415],[114.981619,27.063788],[114.974701,27.108507],[115.109874,27.228298],[115.115245,27.302029],[115.063487,27.451483],[115.111908,27.468533],[115.135509,27.534857],[115.180675,27.566474],[115.220632,27.632921],[115.330496,27.695095],[115.425304,27.874945],[115.440115,27.977403],[115.483165,28.056016],[115.622081,28.159206],[115.772634,28.198432],[115.798757,28.238878],[115.833018,28.247504],[115.865489,28.284044],[115.841726,28.392524],[115.819591,28.418728],[115.823985,28.510606],[115.796641,28.565253],[115.815929,28.629462],[115.981537,28.853298],[116.027354,28.974189],[115.981944,29.279161]]}},{"type":"Feature","id":"ne_10m_rivers_lake_centerlines-427","properties":{"name":"Krishna","nameEn":"Krishna","nameOrigin":"natural-earth-original","sourceName":"Krishna","sourceDataset":"ne_10m_rivers_lake_centerlines","sourceFeatureIndex":427,"sourceId":279,"scalerank":6.0,"minZoom":5.0,"min_zoom":5.0,"featurecla":"Lake Centerline"},"geometry":{"type":"LineString","coordinates":[[78.997162,16.230292],[79.021658,16.247138],[79.160574,16.219346],[79.210053,16.236599],[79.233409,16.330512],[79.208263,16.388699],[79.213471,16.493232],[79.265636,16.569607],[79.313406,16.579372]]}},{"type":"Feature","id":"ne_10m_rivers_lake_centerlines-428","properties":{"name":"Krishna","nameEn":"Krishna","nameOrigin":"natural-earth-original","sourceName":"Krishna","sourceDataset":"ne_10m_rivers_lake_centerlines","sourceFeatureIndex":428,"sourceId":279,"scalerank":6.0,"minZoom":5.0,"min_zoom":5.0,"featurecla":"River"},"geometry":{"type":"MultiLineString","coordinates":[[[73.796397,17.991807],[73.856049,17.976182],[73.931407,17.910264],[73.983165,17.804877],[74.036062,17.765245],[74.053722,17.686469],[74.139415,17.614814],[74.142507,17.5421],[74.090343,17.490546],[74.091319,17.470404],[74.108409,17.391628],[74.20989,17.281602],[74.19337,17.234687],[74.22169,17.196723],[74.187511,17.176215],[74.203217,17.154364],[74.297374,17.13406],[74.30364,17.107286],[74.336355,17.120063],[74.366222,17.100531],[74.379324,17.031602],[74.444916,17.040229],[74.461192,17.011094],[74.448009,16.993435],[74.55071,16.881415],[74.53297,16.856024],[74.551524,16.829535],[74.623464,16.804267],[74.646251,16.768744],[74.694591,16.744249],[74.615896,16.719997],[74.605235,16.699815],[74.680919,16.634385],[74.630626,16.61697],[74.678152,16.569119],[74.793468,16.597683],[74.806163,16.650743],[74.88974,16.669135],[74.934825,16.634385],[74.982595,16.67536],[75.105479,16.51085],[75.160085,16.551825],[75.160085,16.606472],[75.187511,16.627712],[75.263194,16.59337],[75.360037,16.601589],[75.40032,16.538153],[75.451915,16.514594],[75.439708,16.425157],[75.516612,16.469509],[75.568126,16.428656],[75.640717,16.446234],[75.785574,16.349066],[75.850515,16.358588],[75.91155,16.321967],[75.995372,16.305732],[76.053233,16.271796],[76.0796,16.197781],[76.280772,16.154568],[76.382823,16.253485],[76.476573,16.2508],[76.552257,16.33629],[76.61321,16.346381],[76.762218,16.434109],[76.809255,16.419501],[76.846121,16.438178],[76.874522,16.483507],[76.967296,16.511786],[76.990001,16.565497],[77.018077,16.509955],[77.051524,16.518988],[77.134532,16.481798],[77.165457,16.441514],[77.393972,16.381171],[77.493256,16.378241],[77.571707,16.347927],[77.645763,16.351996],[77.73463,16.326606],[77.897716,16.219753],[77.952566,16.122748],[78.072358,16.024848],[78.128347,16.00373],[78.176036,15.949164],[78.244395,15.976426],[78.244395,16.03852],[78.299815,16.022813],[78.399994,16.083441],[78.499766,16.093777],[78.559662,16.056708],[78.6456,16.071601],[78.73406,16.0303],[78.791108,16.034532],[78.839447,16.066718],[78.846934,16.150743],[78.897716,16.142768],[78.922862,16.189765],[78.997162,16.230292]],[[79.313406,16.579372],[79.417735,16.590196],[79.504324,16.641872],[79.550548,16.629706],[79.59433,16.669135],[79.720876,16.689032],[79.771658,16.727118],[79.826264,16.692084],[79.882335,16.703233],[79.909679,16.631293],[79.9581,16.630439],[80.042979,16.738552],[80.073334,16.822862],[80.097911,16.820095],[80.135671,16.751044],[80.140391,16.658271],[80.192393,16.612413],[80.272065,16.579779],[80.390717,16.565538],[80.403331,16.584093],[80.47047,16.592149],[80.683035,16.436347],[80.717784,16.35696],[80.817393,16.26378],[80.882742,16.013699]]]}},{"type":"Feature","id":"ne_10m_rivers_lake_centerlines-429","properties":{"name":"Selenga","nameEn":"Selenga","nameOrigin":"natural-earth-original","sourceName":"Selenga","sourceDataset":"ne_10m_rivers_lake_centerlines","sourceFeatureIndex":429,"sourceId":27,"scalerank":2.0,"minZoom":2.1,"min_zoom":2.1,"featurecla":"River"},"geometry":{"type":"MultiLineString","coordinates":[[[106.584972,52.159166],[106.52589,52.17829],[106.50294,52.243354],[106.470144,52.258897],[106.497325,52.383124]],[[106.584972,52.159166],[106.564057,52.240302],[106.580007,52.261298],[106.751964,52.316474]],[[106.586843,52.158881],[106.584972,52.159166]],[[100.699636,49.263129],[100.954845,49.302924],[101.086518,49.358588],[101.173839,49.422431],[101.303966,49.422431],[101.352957,49.463487],[101.444835,49.459174],[101.588145,49.387763],[102.018158,49.399929],[102.191173,49.341091],[102.460134,49.345649],[102.711029,49.395819],[102.748464,49.378445],[102.776947,49.389472],[102.817882,49.351915],[102.87379,49.396023],[103.062022,49.342108],[103.211843,49.341091],[103.242931,49.320583],[103.29713,49.320583],[103.330333,49.350287],[103.397065,49.341091],[103.569347,49.365994],[103.924815,49.488308],[104.273936,49.471137],[104.545421,49.63703],[104.692963,49.680854],[104.817882,49.689643],[104.846446,49.71015],[104.897553,49.698432],[105.011485,49.75373],[105.134695,49.755805],[105.207123,49.823798],[105.41505,49.858832],[105.504405,49.938666],[105.743907,50.020128],[105.83074,50.122382],[105.964773,50.14529],[106.155365,50.253974],[106.127615,50.312201],[106.077403,50.352403],[106.058849,50.415595],[106.081554,50.462917],[106.138276,50.501003],[106.282156,50.538275],[106.285492,50.553982],[106.236827,50.589179],[106.236095,50.620714],[106.300548,50.678534],[106.312511,50.713324],[106.264659,50.863471],[106.312266,50.951239],[106.448253,51.01793],[106.65919,51.059027],[106.689871,51.123562],[106.804779,51.230292],[106.991466,51.316596],[106.997081,51.384223],[107.062999,51.444403],[107.168956,51.505927],[107.329682,51.532294],[107.364268,51.572943],[107.367686,51.617011],[107.412364,51.692694],[107.544932,51.782335],[107.572765,51.827501],[107.496349,51.893988],[107.488699,51.978339],[107.518565,52.047716],[107.470714,52.138373],[107.443451,52.150987],[107.068289,52.126166],[106.793875,52.036444],[106.631114,52.110622],[106.584972,52.159166]]]}},{"type":"Feature","id":"ne_10m_rivers_lake_centerlines-440","properties":{"name":"Angara","nameEn":"Angara","nameOrigin":"natural-earth-original","sourceName":"Angara","sourceDataset":"ne_10m_rivers_lake_centerlines","sourceFeatureIndex":440,"sourceId":28,"scalerank":6.0,"minZoom":5.0,"min_zoom":5.0,"featurecla":"Lake Centerline"},"geometry":{"type":"MultiLineString","coordinates":[[[103.374115,53.107245],[103.361501,53.181749],[103.413178,53.340399],[103.367768,53.521918],[103.374604,53.678982],[103.271007,53.804958],[103.231293,53.895575],[103.15797,53.982449],[103.047455,54.053249],[102.99171,54.15001],[103.028819,54.238145],[103.256114,54.423163],[103.234955,54.656521],[103.082286,54.747138],[103.064871,54.812934],[103.102143,54.909776],[103.215017,54.984239],[103.303233,55.074815],[103.337983,55.169216],[103.333018,55.272244],[103.309255,55.332872],[103.184093,55.51557],[103.215017,55.676947],[103.205007,55.718329],[103.190359,55.75141],[103.031342,55.852891],[102.992117,55.924872],[103.00024,56.0]],[[106.497325,52.383124],[106.467459,52.416531],[106.417979,52.425482],[106.154877,52.338324],[106.02296,52.254014],[105.810069,52.042792],[105.682628,51.957221],[105.470876,51.86282],[105.031342,51.800889],[104.894542,51.830186],[104.865733,51.871527]]]}},{"type":"Feature","id":"ne_10m_rivers_lake_centerlines-441","properties":{"name":"Angara","nameEn":"Angara","nameOrigin":"natural-earth-original","sourceName":"Angara","sourceDataset":"ne_10m_rivers_lake_centerlines","sourceFeatureIndex":441,"sourceId":28,"scalerank":6.0,"minZoom":5.0,"min_zoom":5.0,"featurecla":"River"},"geometry":{"type":"LineString","coordinates":[[104.866954,51.870185],[104.816742,51.916287],[104.729015,51.947211],[104.541515,52.106757],[104.482188,52.126166],[104.406179,52.207628],[104.293793,52.263373],[104.280365,52.279731],[104.295909,52.332953],[104.277354,52.364325],[104.194428,52.38227],[104.062592,52.488105],[103.986827,52.504584],[103.930919,52.644599],[103.859467,52.687079],[103.798595,52.693305],[103.716238,52.762152],[103.725108,52.848456],[103.691417,52.909369],[103.575694,52.974148],[103.394786,53.006415],[103.374115,53.107245]]}},{"type":"Feature","id":"ne_10m_rivers_lake_centerlines-452","properties":{"name":"Ertis","nameEn":"Ertis","nameOrigin":"natural-earth-original","sourceName":"Ertis","sourceDataset":"ne_10m_rivers_lake_centerlines","sourceFeatureIndex":452,"sourceId":29,"scalerank":2.0,"minZoom":2.1,"min_zoom":2.1,"featurecla":"Lake Centerline"},"geometry":{"type":"LineString","coordinates":[[83.36378,49.643866],[83.438406,49.588935],[83.582286,49.556505],[83.683035,49.478583],[83.873139,49.446397],[84.155854,49.256374],[84.218272,49.17829],[84.203298,49.132392],[84.161632,49.112982],[83.564871,48.94123],[83.468272,48.837592],[83.43629,48.731391],[83.472097,48.633857],[83.493093,48.47956],[83.618093,48.37934],[83.61378,48.360216],[83.501964,48.298163],[83.489675,48.231147],[83.52003,48.196357],[83.572765,48.154161],[83.804861,48.078437],[84.009776,47.958075],[84.135183,47.863715],[84.198334,47.776801],[84.260509,47.734931],[84.356863,47.732123]]}},{"type":"Feature","id":"ne_10m_rivers_lake_centerlines-453","properties":{"name":"Ertis","nameEn":"Ertis","nameOrigin":"natural-earth-original","sourceName":"Ertis","sourceDataset":"ne_10m_rivers_lake_centerlines","sourceFeatureIndex":453,"sourceId":29,"scalerank":2.0,"minZoom":2.1,"min_zoom":2.1,"featurecla":"River"},"geometry":{"type":"MultiLineString","coordinates":[[[79.072846,50.617051],[79.017589,50.612006],[78.979503,50.631456],[78.817963,50.644314],[78.743907,50.672309],[78.637462,50.747829],[78.563406,50.756903],[78.482188,50.827704],[78.282481,50.887722],[78.241954,50.95246],[78.212983,50.964219],[78.202403,51.002387],[78.134532,51.02794],[78.1421,51.047716],[78.107188,51.090033],[78.136485,51.112372],[78.066173,51.123562],[78.096202,51.16706],[78.035167,51.189317],[78.072358,51.235297],[78.021251,51.291083],[77.86378,51.371527],[77.795665,51.453884],[77.692556,51.485053],[77.682628,51.514594],[77.626557,51.51081],[77.538585,51.555528],[77.483409,51.545966],[77.428722,51.600287],[77.420909,51.668484],[77.449229,51.730089],[77.438243,51.759711],[77.469737,51.761583],[77.456065,51.830756],[77.333507,51.908881],[77.098643,51.970893],[77.035167,52.045925],[76.965912,52.052761],[76.948985,52.127794],[76.983816,52.138373],[76.948985,52.158881],[76.962494,52.179307],[76.929128,52.206651],[76.956391,52.227118],[76.914154,52.24079],[76.942312,52.274848],[76.89088,52.326443],[76.771576,52.388983],[76.784434,52.412136],[76.758311,52.424262],[76.808116,52.443183],[76.804291,52.47724],[76.777599,52.504584],[76.764659,52.577216],[76.674571,52.597724],[76.708751,52.611396],[76.69573,52.625027],[76.642507,52.623399],[76.689708,52.688341],[76.648855,52.751573],[76.516856,52.837673],[76.462413,52.816759],[76.448741,52.837266],[76.497081,52.878241],[76.455577,52.864569],[76.448741,52.905585],[76.406993,52.899359],[76.3838,52.872016],[76.329682,52.911811],[76.269542,52.905137],[76.236339,52.96015],[76.232595,53.00491],[76.119151,53.022244],[76.079356,53.056342],[75.982514,53.022244],[75.865815,53.050157],[75.872325,53.068549],[75.790701,53.111029],[75.781179,53.179633],[75.702159,53.202989],[75.663829,53.255642],[75.565196,53.268622],[75.544363,53.28913],[75.577891,53.32392],[75.515554,53.31863],[75.478933,53.334988],[75.526296,53.367133],[75.467296,53.388861],[75.496511,53.412665],[75.4345,53.484931],[75.299734,53.54446],[75.26116,53.583035],[75.166921,53.604438],[75.18808,53.618109],[75.125987,53.625556],[75.141531,53.64704],[75.107188,53.697577],[75.024994,53.738389],[75.009858,53.772976],[75.045502,53.815456],[75.036632,53.837836],[75.084727,53.941962],[75.029307,53.983466],[74.993582,53.985622]],[[79.072846,50.617051],[79.059255,50.617051]],[[83.36378,49.643866],[83.36378,49.678005],[83.236827,49.671739],[83.049815,49.694525],[83.03419,49.71894],[82.974864,49.735175],[82.985769,49.767361],[82.957449,49.804023],[82.813243,49.909491],[82.705089,49.911322],[82.679698,49.941596],[82.606619,49.95661],[82.462576,50.044786],[82.34547,50.058417],[82.248464,50.227362],[82.079519,50.202501],[81.978038,50.220282],[81.854747,50.193956],[81.75587,50.267646],[81.684093,50.246527],[81.533946,50.328437],[81.434093,50.335883],[81.327891,50.315456],[81.11614,50.393378],[81.009369,50.404812],[80.823416,50.354356],[80.60849,50.39114],[80.465261,50.356391],[80.280528,50.381212],[80.217377,50.459418],[80.111339,50.477566],[80.087169,50.504096],[79.867931,50.464423],[79.792898,50.479071],[79.746104,50.515082],[79.698253,50.501899],[79.669444,50.534532],[79.628673,50.518622],[79.619151,50.556342],[79.450857,50.603461],[79.367442,50.654324],[79.259776,50.636827],[79.242117,50.675238],[79.148692,50.685329],[79.125987,50.676866],[79.124522,50.637519],[79.052419,50.623887],[79.072846,50.617051]],[[85.2671,47.994412],[85.17864,47.998969],[85.139415,47.967719],[85.007904,47.938178],[84.994395,47.91706],[84.909109,47.905463],[84.792735,47.802029],[84.59669,47.760362],[84.535655,47.724677],[84.356863,47.732123]]]}},{"type":"Feature","id":"ne_10m_rivers_lake_centerlines-462","properties":{"name":"Hong","nameEn":"Red","nameOrigin":"natural-earth-original","sourceName":"Hong","sourceDataset":"ne_10m_rivers_lake_centerlines","sourceFeatureIndex":462,"sourceId":306,"scalerank":6.0,"minZoom":5.0,"min_zoom":5.0,"featurecla":"River"},"geometry":{"type":"LineString","coordinates":[[106.500987,20.299506],[106.455089,20.284491],[106.349132,20.364529],[106.267345,20.331488],[106.279307,20.392524],[106.21933,20.413601],[106.217459,20.468533],[106.184093,20.49079],[106.125011,20.625067],[106.059255,20.616563],[106.026785,20.663194],[106.029877,20.708035],[105.981049,20.717108],[105.955984,20.786729],[105.914806,20.809597],[105.924571,20.886664],[105.896088,20.907172],[105.884532,20.949815],[105.90089,21.000434],[105.851085,21.039659],[105.834076,21.079128],[105.669932,21.157538],[105.494233,21.173651],[105.455577,21.208523],[105.41448,21.307156],[105.353526,21.301337],[105.329275,21.260362],[105.291515,21.266628],[105.264171,21.290798],[105.277843,21.318386],[105.258311,21.377305],[105.224539,21.405056],[105.188487,21.342312],[105.137136,21.43183],[104.962169,21.603135],[104.920095,21.615546],[104.93157,21.665107],[104.90032,21.696479],[104.874034,21.693874],[104.803396,21.763129],[104.798839,21.791856],[104.7671,21.799587],[104.640391,21.925116],[104.620535,21.91767],[104.59433,21.938096],[104.592459,21.959255],[104.407644,22.109483],[104.359793,22.171495],[104.341807,22.16474],[104.249929,22.267768],[103.835948,22.602891],[103.658214,22.793484],[103.519542,22.910509],[103.287852,23.061632],[103.084402,23.12462],[102.927257,23.210801],[102.862722,23.223822],[102.81894,23.284451],[102.725597,23.306423],[102.687755,23.292751],[102.506765,23.379584],[102.342377,23.405219],[102.135753,23.480536],[102.10434,23.537869],[102.02296,23.576768],[101.977794,23.642768],[101.94044,23.651923],[101.816905,23.761094],[101.717296,23.913764],[101.693289,23.915391],[101.577403,24.081895],[101.571056,24.117377],[101.529389,24.144721],[101.440684,24.398546],[101.401378,24.417589],[101.318858,24.540961],[101.274343,24.507148],[101.210948,24.537624],[101.132253,24.624538],[101.115245,24.669216],[100.949474,24.835476],[100.893972,24.916693],[100.899832,24.93769],[100.818858,25.025458],[100.734386,24.987616],[100.713878,25.014919],[100.650808,25.024359],[100.578624,25.072618],[100.350515,25.132514],[100.234793,25.385443],[100.182872,25.443183]]}},{"type":"Feature","id":"ne_10m_rivers_lake_centerlines-463","properties":{"name":"Yamuna","nameEn":"Yamuna","nameOrigin":"natural-earth-original","sourceName":"Yamuna","sourceDataset":"ne_10m_rivers_lake_centerlines","sourceFeatureIndex":463,"sourceId":307,"scalerank":6.0,"minZoom":5.0,"min_zoom":5.0,"featurecla":"River"},"geometry":{"type":"MultiLineString","coordinates":[[[78.339936,30.915147],[78.217052,30.819607],[78.09547,30.775499],[78.053722,30.665839],[78.020518,30.64704],[77.9581,30.511054],[77.894216,30.538398],[77.664968,30.44599],[77.575857,30.428778],[77.584972,30.325263],[77.538178,30.209418],[77.484304,30.15294],[77.323253,30.064399],[77.317882,30.040473],[77.284679,30.038153],[77.220876,29.960761],[77.180431,29.804307],[77.161876,29.771267],[77.133881,29.764431],[77.137462,29.722846],[77.087901,29.658555],[77.099864,29.589057],[77.058116,29.555528],[77.065684,29.50373],[77.120209,29.483832],[77.065684,29.424872],[77.148204,29.414984],[77.132823,29.37226],[77.149994,29.313341],[77.130626,29.280626],[77.133881,29.1164],[77.195567,28.997626],[77.175548,28.963162],[77.220714,28.914415],[77.202159,28.877061],[77.216726,28.843573],[77.195567,28.80683],[77.216563,28.788275],[77.223155,28.693956]],[[77.223155,28.693956],[77.222667,28.688788],[77.222667,28.694932],[77.223155,28.693956]],[[77.223155,28.693956],[77.259044,28.592597],[77.289968,28.578884],[77.343435,28.498358],[77.376964,28.484198],[77.377208,28.45539],[77.407644,28.469062],[77.428233,28.430732],[77.465831,28.434353],[77.468191,28.396755],[77.497081,28.393337],[77.466401,28.315253],[77.487885,28.299018],[77.490733,28.263617],[77.538585,28.243109],[77.497081,28.209011],[77.538585,28.181016],[77.494884,28.151923],[77.503835,28.092882],[77.469737,28.11282],[77.468028,28.046902],[77.526459,27.974473],[77.529307,27.952582],[77.503835,27.941474],[77.519623,27.898261],[77.593272,27.845893],[77.5796,27.797431],[77.650483,27.811713],[77.689871,27.797309],[77.664561,27.757514],[77.687266,27.715684],[77.675222,27.663398],[77.69573,27.629584],[77.655284,27.605048],[77.705658,27.587958],[77.684581,27.514919],[77.747081,27.383083],[77.791921,27.391669],[77.782644,27.332953],[77.860932,27.26614],[77.884369,27.304023],[77.90919,27.251329],[77.928396,27.256212],[77.952647,27.297797],[77.976736,27.249376],[77.993256,27.273139],[78.018484,27.256212],[78.024669,27.180487],[78.074718,27.202094],[78.158702,27.173651],[78.199962,27.191026],[78.197195,27.11225],[78.213878,27.086534],[78.235606,27.083523],[78.24822,27.093288],[78.236908,27.11225],[78.251394,27.112128],[78.272227,27.084296],[78.306407,27.125271],[78.348643,27.127468],[78.360362,27.11225],[78.29892,27.063788],[78.343028,27.07807],[78.411143,27.055976],[78.435476,26.996161],[78.479015,26.981309],[78.513927,26.929389],[78.531668,26.934678],[78.511241,26.981879],[78.555919,26.975653],[78.590587,26.926785],[78.586355,26.955146],[78.604747,26.95421],[78.641612,26.886298],[78.67571,26.91413],[78.695567,26.921454],[78.703624,26.899929],[78.729015,26.919013],[78.857921,26.80329],[78.943289,26.783271],[78.928966,26.762152],[79.004649,26.762152],[78.98349,26.735419],[79.034597,26.692084],[79.04599,26.641181],[79.066661,26.639228],[79.052419,26.625596],[79.083507,26.598253],[79.172862,26.591417],[79.204031,26.545193],[79.292735,26.52322],[79.244884,26.502061],[79.261974,26.480414],[79.210704,26.444363],[79.21933,26.431016],[79.285818,26.44123],[79.324718,26.404364],[79.462576,26.4383],[79.504161,26.349677],[79.555431,26.360378],[79.52296,26.304999],[79.531993,26.288031],[79.626882,26.250922],[79.648936,26.209662],[79.72405,26.186794],[79.747976,26.16413],[79.739838,26.136501],[79.772472,26.11164],[79.847097,26.114691],[79.899913,26.095282],[79.927419,26.162462],[79.949474,26.162665],[79.958507,26.072374],[80.080333,26.070665],[80.093028,26.037055],[80.080496,25.998847],[80.193858,25.928046],[80.276866,25.926337],[80.296886,25.891872],[80.406668,25.914903],[80.537039,25.869086],[80.539968,25.843207],[80.459076,25.835273],[80.49171,25.791327],[80.567556,25.786241],[80.567475,25.734483],[80.730479,25.686469],[80.779552,25.689887],[80.817393,25.728095],[80.851166,25.683905],[80.923432,25.685492],[80.951264,25.614285],[81.023204,25.625678],[81.026866,25.594306],[80.999115,25.570665],[81.017345,25.542548],[81.183849,25.494696],[81.192149,25.474392],[81.14796,25.411444],[81.173106,25.378363],[81.24407,25.354112],[81.261241,25.329413],[81.344493,25.342393],[81.384776,25.320258],[81.390636,25.280341],[81.47226,25.26557],[81.660574,25.358181],[81.795421,25.329942],[81.811697,25.348822],[81.794932,25.383612],[81.828298,25.416368],[81.903087,25.414618]]]}},{"type":"Feature","id":"ne_10m_rivers_lake_centerlines-464","properties":{"name":"Narmada","nameEn":"Narmada","nameOrigin":"natural-earth-original","sourceName":"Narmada","sourceDataset":"ne_10m_rivers_lake_centerlines","sourceFeatureIndex":464,"sourceId":308,"scalerank":6.0,"minZoom":5.0,"min_zoom":5.0,"featurecla":"River"},"geometry":{"type":"LineString","coordinates":[[81.574229,22.75373],[81.461925,22.765163],[81.407644,22.842637],[81.280203,22.877265],[81.176524,22.925076],[81.162364,22.948269],[81.035248,22.981879],[81.016043,22.976874],[81.000987,22.930447],[80.889089,22.952989],[80.900401,23.004421],[80.841889,23.055365],[80.802419,22.995185],[80.765554,23.021267],[80.665701,22.994167],[80.629405,22.964382],[80.591238,22.973456],[80.519135,22.952989],[80.531505,22.905951],[80.476736,22.842353],[80.510346,22.726101],[80.477794,22.674669],[80.505463,22.623399],[80.45045,22.578966],[80.40797,22.575954],[80.340017,22.632514],[80.32724,22.726426],[80.285737,22.733262],[80.268891,22.795518],[80.216563,22.800564],[80.16505,22.766181],[80.059825,22.774848],[79.930186,22.877265],[79.943858,22.942084],[79.908295,22.995958],[79.943858,23.048611],[79.94044,23.103827],[79.854503,23.101142],[79.789236,23.131903],[79.686534,23.096991],[79.590912,23.113471],[79.573822,23.137966],[79.516043,23.136827],[79.431733,23.099229],[79.348074,23.106757],[79.202566,23.073839],[79.126394,23.075954],[79.085704,23.015326],[78.964122,23.048285],[78.730968,23.048611],[78.474864,23.000352],[78.312511,22.904568],[78.285818,22.863593],[78.244395,22.863593],[78.22047,22.890245],[78.17099,22.882514],[78.135346,22.842719],[78.120372,22.788764],[77.993907,22.822618],[77.938406,22.808295],[77.921641,22.860541],[77.875662,22.837104],[77.860037,22.873562],[77.761322,22.774848],[77.639415,22.731513],[77.580333,22.680732],[77.424734,22.626736],[77.312592,22.559678],[77.262462,22.596137],[77.140229,22.562812],[77.049083,22.501003],[76.921641,22.493679],[76.802989,22.425727],[76.76295,22.309923],[76.688731,22.263536],[76.635916,22.263699],[76.56544,22.226752],[76.476573,22.281358],[76.476573,22.322333],[76.422537,22.335964],[76.241628,22.292304],[76.18808,22.242458],[76.096772,22.242214],[75.954194,22.187852],[75.817963,22.185818],[75.739187,22.157904],[75.63144,22.172797],[75.340261,22.139716],[74.982595,22.075995],[74.769786,22.075995],[74.567393,22.020697],[74.530854,22.049669],[74.432709,22.039496],[74.249034,21.929796],[74.204845,21.925116],[74.128835,21.951768],[74.061046,21.940375],[73.942556,21.87462],[73.792491,21.837104],[73.699636,21.848578],[73.677745,21.886094],[73.607026,21.912055],[73.543224,21.979763],[73.443614,21.986599],[73.412852,21.91767],[73.373627,21.928534],[73.336681,21.88581],[73.303722,21.890408],[73.268077,21.936469],[73.231944,21.929714],[73.245128,21.844428],[73.221121,21.828925],[73.153331,21.856269],[73.13616,21.843858],[73.158783,21.776557],[73.131765,21.75377]]}},{"type":"Feature","id":"ne_10m_rivers_lake_centerlines-465","properties":{"name":"大渡河","nameEn":"Dadu","nameOrigin":"editorial-translation","sourceName":"Dadu","sourceDataset":"ne_10m_rivers_lake_centerlines","sourceFeatureIndex":465,"sourceId":309,"scalerank":6.0,"minZoom":5.0,"min_zoom":5.0,"featurecla":"River"},"geometry":{"type":"LineString","coordinates":[[100.070242,33.005683],[100.190929,32.898505],[100.196788,32.858995],[100.371186,32.77912],[100.441987,32.726508],[100.554454,32.576524],[100.71046,32.522732],[100.799897,32.455349],[100.803233,32.341498],[100.871511,32.347113],[100.862804,32.331488],[100.960216,32.279853],[101.00644,32.205268],[100.970876,32.088446],[100.977061,32.023871],[101.009369,31.970974],[101.081065,31.939968],[101.192149,31.814399],[101.286143,31.779161],[101.344493,31.785997],[101.424815,31.765082],[101.47755,31.802924],[101.571056,31.792263],[101.646658,31.819525],[101.660655,31.805243],[101.725597,31.846625],[101.830577,31.861111],[102.026378,31.710517],[102.02296,31.6824],[102.071544,31.601386],[102.076752,31.453803],[101.98878,31.367703],[102.048757,31.298448],[102.001069,31.202948],[101.924083,31.167548],[101.879975,31.11168],[101.880382,30.907823],[101.919932,30.867703],[101.944021,30.802517],[101.971446,30.79446],[101.979503,30.762803],[102.054861,30.699327],[102.068777,30.523871],[102.115896,30.477891],[102.123057,30.398139],[102.203054,30.213487],[102.17864,30.166815],[102.170665,30.058661],[102.228282,29.95246],[102.216075,29.774726],[102.165538,29.628526],[102.177257,29.593573],[102.15797,29.543036],[102.177013,29.482367],[102.222179,29.469591],[102.283621,29.284613],[102.324474,29.253933],[102.47877,29.277777],[102.625418,29.350287],[102.656993,29.325629],[102.807709,29.300849],[102.804454,29.271023],[102.84962,29.215033],[102.901947,29.230821],[102.927257,29.284613],[102.958263,29.303331],[103.02003,29.291612],[103.043386,29.243028],[103.084565,29.259141],[103.11378,29.303656],[103.203054,29.253933],[103.262218,29.245632],[103.324718,29.308173],[103.33253,29.290839],[103.380382,29.318793],[103.421316,29.305121],[103.461681,29.318793],[103.509288,29.271552],[103.530528,29.277777],[103.582123,29.212673],[103.638764,29.209784],[103.640391,29.277777],[103.660818,29.315009],[103.651541,29.336737],[103.574229,29.339423],[103.554128,29.420111],[103.642833,29.521552],[103.716238,29.558946]]}},{"type":"Feature","id":"ne_10m_rivers_lake_centerlines-466","properties":{"name":"Ertix","nameEn":"Irtysh","nameOrigin":"natural-earth-original","sourceName":"Ertix","sourceDataset":"ne_10m_rivers_lake_centerlines","sourceFeatureIndex":466,"sourceId":30,"scalerank":2.0,"minZoom":2.1,"min_zoom":2.1,"featurecla":"River"},"geometry":{"type":"LineString","coordinates":[[90.325287,47.650173],[90.298106,47.62226],[90.27003,47.437812],[90.188975,47.40412],[90.10963,47.398953],[90.047455,47.332099],[89.982839,47.300116],[89.926768,47.226101],[89.708751,47.173651],[89.694835,47.142442],[89.62794,47.121405],[89.615896,47.07453],[89.551362,47.04682],[89.574718,47.043524],[89.560802,47.005723],[89.491791,46.982693],[89.146658,47.012763],[88.689464,47.207709],[88.15976,47.286444],[88.122325,47.306952],[87.991466,47.309027],[87.908214,47.351752],[87.83074,47.355333],[87.742117,47.409532],[87.634369,47.44127],[87.414806,47.465766],[87.354503,47.491889],[87.303396,47.584418],[87.180919,47.58808],[87.152436,47.567654],[86.995372,47.612982],[86.924408,47.673774],[86.796153,47.724677],[86.693777,47.820868],[86.495128,47.889757],[86.399506,47.861151],[86.382498,47.83572],[86.330089,47.869249],[86.270274,47.863349],[86.275401,47.848212],[86.248464,47.841132],[85.953868,47.964911],[85.882498,47.957139],[85.871349,47.979112],[85.848399,47.965603],[85.754649,47.981147],[85.72991,47.966254],[85.655691,48.006903],[85.554861,47.983344],[85.509369,48.027452],[85.37794,47.979112],[85.343842,48.000678],[85.2671,47.994412]]}},{"type":"Feature","id":"ne_10m_rivers_lake_centerlines-467","properties":{"name":"Xar Moron","nameEn":"Xar Moron","nameOrigin":"natural-earth-original","sourceName":"Xar Moron","sourceDataset":"ne_10m_rivers_lake_centerlines","sourceFeatureIndex":467,"sourceId":310,"scalerank":6.0,"minZoom":5.0,"min_zoom":5.0,"featurecla":"River"},"geometry":{"type":"LineString","coordinates":[[117.208751,42.592149],[117.160167,42.620144],[117.193126,42.653591],[117.187266,42.679551],[117.234874,42.721381],[117.23406,42.781928],[117.180431,42.905097],[117.229747,42.962104],[117.220144,43.005642],[117.290294,43.042548],[117.381847,43.051296],[117.571707,43.149482],[117.681651,43.18183],[117.843191,43.202989],[117.937592,43.195014],[118.00587,43.245551],[118.147065,43.259874],[118.250092,43.295722],[118.548595,43.274237],[118.6338,43.243272],[119.131602,43.217312],[119.267833,43.256944],[119.620616,43.265937],[120.164236,43.380154],[120.341401,43.372504],[120.758474,43.423448]]}},{"type":"Feature","id":"ne_10m_rivers_lake_centerlines-472","properties":{"name":"Chenab","nameEn":"Chenab","nameOrigin":"natural-earth-original","sourceName":"Chenab","sourceDataset":"ne_10m_rivers_lake_centerlines","sourceFeatureIndex":472,"sourceId":315,"scalerank":6.0,"minZoom":5.0,"min_zoom":5.0,"featurecla":"River"},"geometry":{"type":"MultiLineString","coordinates":[[[77.435557,32.293077],[77.356456,32.316718],[77.078705,32.500434],[76.992198,32.512803],[76.955089,32.59455],[76.875092,32.638699],[76.730479,32.673407],[76.60906,32.750596],[76.444347,32.768256],[76.428233,32.822862],[76.462413,32.908759],[76.428233,32.970893],[76.427013,33.049506],[76.354747,33.115912],[76.245535,33.178982],[76.19866,33.242458],[76.096202,33.306708],[75.832612,33.377265],[75.752371,33.379503],[75.72519,33.334744],[75.808442,33.216864],[75.800141,33.162055],[75.702729,33.170966],[75.599539,33.141425],[75.363536,33.139919],[75.324636,33.155829],[75.292003,33.209581],[75.14267,33.274359],[75.123546,33.225775],[75.059581,33.162543],[74.997569,33.177802],[74.903575,33.168321],[74.81837,33.193386],[74.80071,33.17947],[74.79184,33.056708],[74.808523,33.001899],[74.779796,32.911973],[74.542247,32.790391],[74.468679,32.701117],[74.33839,32.611518],[74.219819,32.564643],[73.991303,32.419257],[73.790538,32.38288],[73.756114,32.341498],[73.676687,32.347113],[73.522065,32.241156],[73.400483,32.227362],[73.384695,32.190009],[73.290538,32.107286],[73.278901,32.072699],[73.214122,32.035102],[73.187755,31.94953],[73.139171,31.902126],[73.108165,31.830105],[72.992768,31.78738],[72.919444,31.710273],[72.655935,31.666205],[72.361339,31.488064],[72.342865,31.449164],[72.251231,31.364569],[72.23406,31.220242],[72.138601,31.183295]],[[72.138764,31.183295],[72.139252,31.094062],[72.090831,31.052314],[72.078217,30.994737],[72.018484,30.953396],[71.98585,30.885688],[71.857921,30.772895],[71.836925,30.661933],[71.712901,30.573188],[71.647716,30.572455],[71.629487,30.533474],[71.569347,30.50491],[71.535248,30.463324],[71.493582,30.45421],[71.452729,30.389106],[71.40504,30.360297],[71.414073,30.334499],[71.363862,30.31623],[71.309988,30.132636],[71.251882,30.044298],[71.225108,29.925157],[71.173432,29.876003],[71.206065,29.79328],[71.171641,29.688747],[71.140636,29.639838],[71.053803,29.596503],[71.044688,29.548529],[71.007742,29.531684],[71.045665,29.424872],[71.021983,29.393866],[71.003673,29.293321],[70.948822,29.266221],[70.938894,29.219184],[70.83017,29.224677],[70.812022,29.159369],[70.757416,29.150499],[70.69866,29.037624],[70.639171,29.036811]]]}},{"type":"Feature","id":"ne_10m_rivers_lake_centerlines-475","properties":{"name":"Tom’","nameEn":"Tom’","nameOrigin":"natural-earth-original","sourceName":"Tom’","sourceDataset":"ne_10m_rivers_lake_centerlines","sourceFeatureIndex":475,"sourceId":318,"scalerank":6.0,"minZoom":5.0,"min_zoom":5.0,"featurecla":"River"},"geometry":{"type":"LineString","coordinates":[[89.771088,53.646064],[89.669851,53.598415],[89.649994,53.562852],[89.548269,53.527859],[89.521658,53.492011],[89.462983,53.465399],[89.462006,53.447374],[89.305919,53.434923],[89.249766,53.412665],[89.086436,53.453192],[89.03004,53.532782],[89.009532,53.604438],[88.944753,53.652859],[88.87322,53.670681],[88.739268,53.680203],[88.584727,53.652655],[88.358002,53.694851],[88.189708,53.649929],[87.89267,53.761013],[87.805186,53.748562],[87.740326,53.777411],[87.47462,53.824164],[87.275808,53.753445],[87.180919,53.767035],[87.146088,53.838568],[87.172537,53.892198],[87.256114,53.912909],[87.285818,53.937812],[87.305675,53.993842],[87.47877,54.072618],[87.488292,54.139472],[87.529796,54.204047],[87.468028,54.277452],[87.458914,54.315782],[87.533214,54.365261],[87.561127,54.426581],[87.518565,54.517524],[87.475841,54.544379],[87.488292,54.60871],[87.475515,54.619493],[87.392019,54.632921],[87.292898,54.687934],[87.127615,54.687934],[87.058686,54.727403],[87.056895,54.762641],[87.101736,54.816718],[87.034679,54.835028],[87.125662,54.916938],[87.099864,54.970893],[87.118256,54.995429],[87.107514,55.029649],[86.940115,55.036404],[86.837413,55.01557],[86.823416,55.030219],[86.844168,55.083686],[86.74822,55.140082],[86.672537,55.159288],[86.573171,55.160264],[86.357351,55.092231],[86.330577,55.120795],[86.375255,55.187771],[86.289154,55.247016],[86.276134,55.288682],[86.233897,55.325019],[86.22462,55.380439],[86.097992,55.372829],[85.988699,55.399766],[85.932709,55.447862],[85.953868,55.489447],[85.901947,55.536892],[85.62672,55.672797],[85.42392,55.701361],[85.323985,55.661322],[85.268077,55.660183],[84.98406,55.729071],[84.959076,55.759833],[84.947358,55.827582],[84.969493,55.866889],[85.014659,55.879462],[85.044037,55.913926],[85.041515,55.934516],[84.951958,56.0]]}},{"type":"Feature","id":"ne_10m_rivers_lake_centerlines-477","properties":{"name":"Maquan","nameEn":"Damqogkanbab","nameOrigin":"natural-earth-original","sourceName":"Maquan","sourceDataset":"ne_10m_rivers_lake_centerlines","sourceFeatureIndex":477,"sourceId":31,"scalerank":2.0,"minZoom":2.1,"min_zoom":2.1,"featurecla":"River"},"geometry":{"type":"LineString","coordinates":[[82.400483,30.411444],[82.472341,30.42239],[82.589122,30.360297],[82.651296,30.382514],[82.769216,30.358507],[82.859304,30.372992],[82.906668,30.327745],[82.933604,30.25141],[82.965343,30.223741],[83.082042,30.17532],[83.09547,30.151435],[83.167735,30.124864],[83.191905,30.134345],[83.252371,30.072943],[83.293061,30.076524],[83.382253,30.041531],[83.40976,29.991523],[83.537364,29.938503],[83.604503,29.877631],[83.726573,29.855902],[83.980072,29.736436],[83.952159,29.702338],[83.989513,29.633124],[84.087169,29.570176],[84.185557,29.579454],[84.237722,29.541449],[84.416108,29.535224],[84.493337,29.510565],[84.510509,29.475898],[84.480398,29.349473],[84.507091,29.322211],[84.49879,29.296698],[84.582774,29.257351],[84.617931,29.28852],[84.776296,29.224433],[84.837901,29.229356],[84.963796,29.186103],[85.001231,29.198554],[85.040538,29.254462],[85.164968,29.325629],[85.250987,29.315009],[85.322683,29.277777],[85.391694,29.280626],[85.487071,29.250515],[85.555431,29.256456],[85.609467,29.191514],[85.652924,29.180609],[85.781993,29.216376],[85.946381,29.182196],[86.14739,29.178168],[86.275401,29.213446],[86.387462,29.223822],[86.453624,29.207302],[86.501394,29.220282],[86.509532,29.239203],[86.606944,29.201687],[86.666515,29.213446],[87.006358,29.185126],[87.067393,29.152045],[87.120697,29.176703],[87.19394,29.145209],[87.219249,29.156846],[87.409434,29.117865],[87.660167,29.151557]]}},{"type":"Feature","id":"ne_10m_rivers_lake_centerlines-506","properties":{"name":"Chulyshman","nameEn":"Chulyshman","nameOrigin":"natural-earth-original","sourceName":"Chulyshman","sourceDataset":"ne_10m_rivers_lake_centerlines","sourceFeatureIndex":506,"sourceId":344,"scalerank":6.0,"minZoom":5.0,"min_zoom":5.0,"featurecla":"River"},"geometry":{"type":"LineString","coordinates":[[89.656342,50.504503],[89.535818,50.531602],[89.427826,50.575507],[89.390391,50.617051],[89.317882,50.629259],[89.071544,50.607978],[88.974701,50.580675],[88.821544,50.601345],[88.633067,50.732001],[88.612315,50.788398],[88.574474,50.818386],[88.426687,50.829372],[88.324799,50.8699],[88.262787,50.918158],[88.062918,51.013007],[87.999441,51.089667],[87.904552,51.107367],[87.773204,51.209581],[87.728445,51.281806],[87.755789,51.364366]]}},{"type":"Feature","id":"ne_10m_rivers_lake_centerlines-510","properties":{"name":"Konqi","nameEn":"Konqi","nameOrigin":"natural-earth-original","sourceName":"Konqi","sourceDataset":"ne_10m_rivers_lake_centerlines","sourceFeatureIndex":510,"sourceId":348,"scalerank":6.0,"minZoom":5.0,"min_zoom":5.0,"featurecla":"River"},"geometry":{"type":"LineString","coordinates":[[89.386974,40.632636],[89.299327,40.648546],[89.260265,40.632148],[89.142019,40.637763],[89.077729,40.666815],[88.919851,40.656684],[88.745942,40.707628],[88.579845,40.695746],[88.490326,40.70893],[88.324148,40.77619],[88.218435,40.850938],[87.885916,40.90119],[87.851329,40.885932],[87.594737,40.982123],[87.495616,40.982123],[87.375011,40.944607],[87.330577,40.948594],[87.278087,40.982001],[87.236095,40.97663],[87.146495,41.019599],[87.04184,41.038764],[86.987804,41.149237],[86.926524,41.174506],[86.807872,41.269151],[86.740815,41.270128],[86.67335,41.338406],[86.597992,41.283759],[86.419444,41.256456],[86.411876,41.23489],[86.371593,41.242784]]}},{"type":"Feature","id":"ne_10m_rivers_lake_centerlines-511","properties":{"name":"塔里木河","nameEn":"Tarim","nameOrigin":"editorial-translation","sourceName":"Tarim","sourceDataset":"ne_10m_rivers_lake_centerlines","sourceFeatureIndex":511,"sourceId":349,"scalerank":6.0,"minZoom":5.0,"min_zoom":5.0,"featurecla":"River"},"geometry":{"type":"LineString","coordinates":[[80.88795,40.467108],[81.072276,40.535753],[81.299083,40.532416],[81.403819,40.621527],[81.416596,40.673651],[81.472911,40.700751],[81.571218,40.724799],[81.766368,40.724636],[81.831391,40.786933],[81.939057,40.836249],[81.974701,40.826687],[82.06308,40.860541],[82.159679,40.868842],[82.273529,40.919867],[82.356456,40.930284],[82.376231,40.954779],[82.442882,40.948554],[82.465343,40.974555],[82.655935,41.034735],[82.712576,41.016221],[82.730072,41.033759],[82.793956,40.978705],[82.848643,40.975287],[82.993175,40.906358],[83.04713,40.931586],[83.082042,40.906358],[83.153331,40.957831],[83.247081,40.961615],[83.349539,40.992703],[83.357921,40.978705],[83.517182,40.999335],[83.617117,40.982123],[83.685313,41.009467],[83.771576,41.014268],[83.774669,40.982123],[83.856537,40.961615],[83.866222,40.984442],[83.958995,41.009467],[83.938487,41.016221],[83.989513,41.039903],[84.014171,41.105658],[84.072765,41.111396],[84.124034,41.146593],[84.142833,41.136298],[84.322765,41.208075],[84.412527,41.178778],[84.486501,41.195014],[84.713145,41.187567],[84.937755,41.155707],[85.124034,41.050401],[85.501394,40.961615],[85.706147,41.050401],[85.727061,41.035956],[85.740326,41.057237],[85.964122,41.08515],[86.056244,41.091986],[86.142019,41.043077],[86.259207,41.027045],[86.5088,41.042914],[86.562022,41.068183],[86.556651,41.091986],[86.354584,41.179023],[86.323253,41.215522],[86.368175,41.237738],[86.385265,41.289984],[86.316987,41.270128],[86.317393,41.309394],[86.19752,41.330675],[86.111501,41.37934],[86.015391,41.386176],[86.015391,41.352078],[85.960053,41.407294],[85.908376,41.391547],[85.897472,41.434638],[85.781993,41.530829],[85.782156,41.659288],[85.826752,41.712917],[85.917572,41.752956],[86.141205,41.751288],[86.235444,41.835964],[86.512299,41.769232],[86.557628,41.7956],[86.611827,41.784044],[86.753429,41.825507]]}},{"type":"Feature","id":"ne_10m_rivers_lake_centerlines-523","properties":{"name":"Za","nameEn":"Za","nameOrigin":"natural-earth-original","sourceName":"Za","sourceDataset":"ne_10m_rivers_lake_centerlines","sourceFeatureIndex":523,"sourceId":35,"scalerank":2.0,"minZoom":2.1,"min_zoom":2.1,"featurecla":"River"},"geometry":{"type":"LineString","coordinates":[[94.083995,33.155829],[94.176768,33.183783],[94.348074,33.149685],[94.447765,33.163275],[94.484386,33.207953],[94.526296,33.217882],[94.628184,33.186103],[94.76588,33.190619],[94.860769,33.168158],[94.958263,33.087592],[94.965261,33.100409],[95.081147,33.054063],[95.10434,32.941596],[95.398448,32.853624],[95.557709,32.847968],[95.61378,32.805854],[95.65032,32.714545],[95.807384,32.662421],[95.959727,32.545111],[96.181082,32.570583],[96.259776,32.497911],[96.311046,32.488308],[96.337576,32.451483],[96.428396,32.402452],[96.424571,32.359158],[96.533132,32.166083],[96.647227,32.121772],[96.742686,32.121772],[96.780528,32.046698],[96.84669,32.036566],[96.851329,31.976101],[96.941335,31.965522]]}},{"type":"Feature","id":"ne_10m_rivers_lake_centerlines-524","properties":{"name":"Xiliao","nameEn":"Xiliao","nameOrigin":"natural-earth-original","sourceName":"Xiliao","sourceDataset":"ne_10m_rivers_lake_centerlines","sourceFeatureIndex":524,"sourceId":360,"scalerank":6.0,"minZoom":5.0,"min_zoom":5.0,"featurecla":"River"},"geometry":{"type":"LineString","coordinates":[[120.758474,43.423448],[120.819753,43.468288],[120.97462,43.516628],[121.159272,43.538153],[121.360362,43.534003],[121.522472,43.470486],[121.772634,43.442491],[121.919363,43.45307],[122.17628,43.568671],[122.361501,43.7237],[122.632498,43.784491],[122.711029,43.819281],[122.944428,43.803982],[123.00351,43.774929],[123.024913,43.731269],[123.231944,43.668484],[123.23463,43.648505],[123.372813,43.641181],[123.500011,43.586534],[123.510916,43.536811],[123.553966,43.483466]]}},{"type":"Feature","id":"ne_10m_rivers_lake_centerlines-530","properties":{"name":"松花江","nameEn":"Sungari","nameOrigin":"editorial-translation","sourceName":"Songhua","sourceDataset":"ne_10m_rivers_lake_centerlines","sourceFeatureIndex":530,"sourceId":366,"scalerank":6.0,"minZoom":5.0,"min_zoom":5.0,"featurecla":"River"},"geometry":{"type":"MultiLineString","coordinates":[[[132.517833,47.70661],[132.506602,47.683458],[132.460134,47.674018],[132.462494,47.618232],[132.379487,47.520128],[132.313406,47.467312],[132.062999,47.36046],[131.988862,47.253607],[131.791515,47.261746],[131.624278,47.233832],[131.466889,47.245144],[131.300304,47.185492],[131.149913,47.206244],[131.05421,47.188178],[130.972179,47.212714],[130.853282,47.18891],[130.784679,47.152899],[130.678722,47.035956],[130.544851,47.001573],[130.488373,46.877061],[130.330089,46.837226]],[[124.674571,45.450466],[124.767345,45.470893],[124.780365,45.450466],[124.861095,45.444281],[124.8803,45.456],[124.897553,45.527167],[124.915294,45.532742],[124.950857,45.494818],[125.041433,45.492865],[125.043468,45.451443],[125.079682,45.416571],[125.082612,45.386013],[125.232514,45.413682],[125.285492,45.400336],[125.30714,45.416856],[125.374522,45.398383],[125.451101,45.484809],[125.521007,45.470893],[125.618663,45.508083],[125.722992,45.517646],[125.842459,45.498236],[125.886974,45.556505],[125.923106,45.56977],[125.930919,45.622178],[125.993907,45.635443],[125.959239,45.668728],[126.024343,45.703721],[126.109467,45.679307],[126.355724,45.695746],[126.493663,45.768581],[126.593028,45.756659],[126.684988,45.801134],[126.683197,45.857856],[126.743175,45.898708],[126.741222,45.915961],[126.786143,45.925482],[126.890717,45.997911],[126.983002,46.024034],[127.076427,46.018378],[127.188894,45.976589],[127.326752,45.969265],[127.384369,45.91828],[127.51116,45.934027],[127.539236,46.030463],[127.574636,46.040798],[127.692312,46.008246],[127.72755,45.956895],[127.753917,45.968695],[127.770112,45.944648],[127.837413,45.923407],[127.967865,45.91706],[128.037608,45.93655],[128.128347,45.916124],[128.288259,45.975653],[128.36142,45.978054],[128.590831,45.902289],[128.758311,45.96662],[128.81894,45.972683],[128.858409,45.964382],[128.904389,45.891059],[128.981944,45.875067],[129.090587,45.902289],[129.19866,45.970893],[129.298839,46.070909],[129.389903,46.254096],[129.55714,46.343695],[129.569021,46.420111],[129.637543,46.495917],[129.782644,46.543972],[129.896251,46.611151],[129.921316,46.67475],[129.968842,46.717312],[129.971934,46.762274],[130.09547,46.7685],[130.107026,46.82453],[130.127615,46.832465],[130.217214,46.818671],[130.29127,46.849433],[130.33196,46.834581]]]}},{"type":"Feature","id":"ne_10m_rivers_lake_centerlines-531","properties":{"name":"岷江","nameEn":"Min","nameOrigin":"editorial-translation","sourceName":"Min","sourceDataset":"ne_10m_rivers_lake_centerlines","sourceFeatureIndex":531,"sourceId":367,"scalerank":6.0,"minZoom":5.0,"min_zoom":5.0,"featurecla":"River"},"geometry":{"type":"LineString","coordinates":[[103.716238,29.558946],[103.755056,29.556342],[103.812266,29.371772],[103.870209,29.328437],[103.852631,29.277777],[103.952403,29.226264],[104.004812,29.12169],[104.043956,29.12698],[104.084483,29.083686],[104.235362,29.023464],[104.285737,28.974311],[104.274343,28.902289],[104.307546,28.86994],[104.454112,28.79682],[104.511241,28.798041],[104.547537,28.827338],[104.599294,28.784369]]}},{"type":"Feature","id":"ne_10m_rivers_lake_centerlines-536","properties":{"name":"Jhelum","nameEn":"Jhelum","nameOrigin":"natural-earth-original","sourceName":"Jhelum","sourceDataset":"ne_10m_rivers_lake_centerlines","sourceFeatureIndex":536,"sourceId":371,"scalerank":7.0,"minZoom":6.0,"min_zoom":6.0,"featurecla":"Lake Centerline"},"geometry":{"type":"MultiLineString","coordinates":[[[74.594168,34.379584],[74.549734,34.391384],[74.531749,34.301622]],[[73.597748,33.32099],[73.612804,33.249294],[73.6692,33.187812],[73.672862,33.16828],[73.642996,33.142198]]]}},{"type":"Feature","id":"ne_10m_rivers_lake_centerlines-537","properties":{"name":"Jhelum","nameEn":"Jhelum","nameOrigin":"natural-earth-original","sourceName":"Jhelum","sourceDataset":"ne_10m_rivers_lake_centerlines","sourceFeatureIndex":537,"sourceId":371,"scalerank":7.0,"minZoom":6.0,"min_zoom":6.0,"featurecla":"River"},"geometry":{"type":"MultiLineString","coordinates":[[[74.531749,34.301622],[74.40797,34.268907],[74.26946,34.177517],[74.118663,34.149604],[74.020437,34.098822],[73.912852,34.101833],[73.818614,34.156033],[73.707612,34.170681],[73.627452,34.202989],[73.513438,34.324042],[73.453868,34.33515],[73.516124,34.007351],[73.577403,33.90998],[73.564708,33.802924],[73.597748,33.707953],[73.570567,33.633002],[73.630463,33.556098],[73.612234,33.518988],[73.625255,33.45128],[73.5713,33.386583],[73.597748,33.32099]],[[75.366222,33.444444],[75.35255,33.484809],[75.188569,33.582872],[75.105479,33.704535],[75.118582,33.742377],[75.101573,33.800238],[75.019542,33.879584],[74.982595,33.950954],[74.916433,33.964911],[74.890147,34.026068],[74.717459,34.140163],[74.625499,34.251532],[74.629649,34.333075],[74.593842,34.37991]],[[73.642996,33.142198],[73.620046,33.123562],[73.638113,33.102322],[73.761241,33.044704],[73.777924,33.018175],[73.769786,32.977729],[73.612234,32.841173],[73.590343,32.770616],[73.532725,32.707099],[73.418549,32.648261],[73.330333,32.628241],[73.26946,32.635118],[73.266612,32.607449],[73.065684,32.581122],[72.933035,32.543158],[72.73349,32.442003],[72.611339,32.436469],[72.372813,32.288886],[72.336518,32.231635],[72.293956,32.078192],[72.240326,32.005723],[72.266856,31.885077],[72.247488,31.815863],[72.167247,31.697455],[72.124929,31.467393],[72.138601,31.409247],[72.111339,31.381293],[72.129324,31.265652],[72.158295,31.229438],[72.138764,31.183295]]]}},{"type":"Feature","id":"ne_10m_rivers_lake_centerlines-553","properties":{"name":"Chulym","nameEn":"Chulym","nameOrigin":"natural-earth-original","sourceName":"Chulym","sourceDataset":"ne_10m_rivers_lake_centerlines","sourceFeatureIndex":553,"sourceId":382,"scalerank":7.0,"minZoom":6.0,"min_zoom":6.0,"featurecla":"River"},"geometry":{"type":"MultiLineString","coordinates":[[[89.771088,54.769477],[89.763113,54.789984],[89.808116,54.877997],[89.85198,54.903673],[89.893972,55.092231],[89.932384,55.115302],[90.054779,55.127061],[90.41684,55.077012],[90.517833,55.092231],[90.650645,55.146837],[90.75823,55.155626],[90.907725,55.105292],[90.949229,55.133165],[91.023448,55.143337],[91.210948,55.243842],[91.467784,55.280951],[91.589854,55.355414],[91.607188,55.455349],[91.55185,55.527167],[91.363455,55.572048],[91.323009,55.597683],[91.138194,55.604804],[91.085704,55.626654],[91.085704,55.653998],[91.051687,55.681912],[91.077403,55.693671],[91.062918,55.740058],[91.011811,55.749538],[91.080658,55.911689],[91.059093,55.948188],[91.085704,55.961859],[91.038417,56.0]],[[89.497867,56.0],[89.344168,55.957384],[89.270108,56.0]],[[89.612804,54.598171],[89.794688,54.667304],[89.880626,54.743842],[89.86142,54.767646],[89.771088,54.762641]],[[89.112071,54.097927],[89.081065,54.043402],[89.144135,53.993598],[89.35255,54.002305],[89.406993,54.020697],[89.429779,54.082953],[89.511648,54.154975],[89.527436,54.204372],[89.577159,54.228298],[89.564464,54.269151],[89.453868,54.384955],[89.469493,54.447333],[89.439464,54.468329],[89.438243,54.498155],[89.483165,54.55036],[89.612804,54.605577]]]}},{"type":"Feature","id":"ne_10m_rivers_lake_centerlines-555","properties":{"name":"Vitim","nameEn":"Vitim","nameOrigin":"natural-earth-original","sourceName":"Vitim","sourceDataset":"ne_10m_rivers_lake_centerlines","sourceFeatureIndex":555,"sourceId":384,"scalerank":7.0,"minZoom":6.0,"min_zoom":6.0,"featurecla":"River"},"geometry":{"type":"LineString","coordinates":[[111.322683,53.975531],[111.486908,54.066962],[111.657807,54.105902],[111.75058,54.17418],[111.828298,54.188544],[111.84669,54.243191],[112.423432,54.361151],[112.452403,54.325629],[112.44044,54.271796],[112.36907,54.24197],[112.227061,54.225694],[112.072195,54.116523],[111.942149,53.986151],[111.941335,53.929877],[111.897472,53.91413],[111.862885,53.807969],[111.899669,53.77143],[111.876964,53.742784],[111.924815,53.722968],[111.921397,53.691962],[111.952647,53.657172],[111.851736,53.610907],[111.824799,53.537665],[111.719249,53.519802],[111.728526,53.485419],[111.640391,53.433417],[111.61671,53.363552],[111.647065,53.289984],[111.756277,53.21662],[111.791596,53.249335],[111.925955,53.258124],[111.952647,53.284125],[112.007335,53.284125],[112.088878,53.315375],[112.278738,53.31448],[112.329275,53.366034],[112.29713,53.403632],[112.397634,53.421251],[112.628673,53.280544],[112.802419,53.235704],[112.823822,53.239691],[112.802419,53.290351],[112.830007,53.314399],[113.075206,53.427069],[113.156668,53.439032],[113.23349,53.479315],[113.3095,53.462266],[113.411794,53.496405],[113.446707,53.482123],[113.426199,53.516913],[113.448416,53.524115],[113.483897,53.497016],[113.5171,53.528754],[113.649506,53.541287],[113.797862,53.609565],[113.792735,53.629747],[113.827159,53.654568],[113.982188,53.681464],[113.995372,53.701239],[113.976736,53.713894],[113.983409,53.74376],[114.094005,53.756415],[114.1456,53.790595],[114.199799,53.767035],[114.326101,53.790107],[114.377533,53.843777],[114.500662,53.844997],[114.605968,53.939154],[114.733409,53.957099],[114.767345,53.981513],[114.860037,53.980577],[114.95753,54.019314],[115.026947,54.067939],[115.031261,54.106228],[115.16448,54.161729],[115.17921,54.210639],[115.49114,54.328721],[115.51767,54.365424],[115.514252,54.397284],[115.618175,54.438747],[116.19044,54.53852],[116.457937,54.516791],[116.50823,54.497626],[116.538178,54.541693],[116.723399,54.565253],[116.732595,54.60281],[116.777354,54.626654],[116.763113,54.640326],[116.774018,54.690375],[116.883718,54.737616],[116.86614,54.791205],[116.927419,54.825954],[116.923432,54.885565],[116.884858,54.904975],[116.89267,54.976752],[116.875092,54.976345],[116.872325,55.004096],[116.824474,55.013983],[116.844656,55.044786],[116.810802,55.079169],[116.817556,55.099636],[116.773936,55.148057],[116.715831,55.144639],[116.468761,55.257921],[116.458263,55.34044],[116.375987,55.408759],[116.13144,55.374457],[116.071544,55.414984],[115.97169,55.394477],[115.944916,55.413845],[115.933686,55.437323],[115.967865,55.476386],[115.886729,55.545437],[115.906505,55.606757],[115.892182,55.641547],[115.913259,55.674994],[115.844819,55.704901],[115.865489,55.771186],[115.844493,55.856879],[115.891043,55.905829],[115.896983,55.948106],[115.832331,56.0]]}},{"type":"Feature","id":"ne_10m_rivers_lake_centerlines-556","properties":{"name":"Fuchun","nameEn":"Fuchun","nameOrigin":"natural-earth-original","sourceName":"Fuchun","sourceDataset":"ne_10m_rivers_lake_centerlines","sourceFeatureIndex":556,"sourceId":385,"scalerank":7.0,"minZoom":6.0,"min_zoom":6.0,"featurecla":"Lake Centerline"},"geometry":{"type":"LineString","coordinates":[[119.195567,29.50373],[119.077403,29.538113],[118.97462,29.588568],[118.897065,29.655585],[118.717784,29.726345]]}},{"type":"Feature","id":"ne_10m_rivers_lake_centerlines-557","properties":{"name":"富春江","nameEn":"Fuchun","nameOrigin":"editorial-translation","sourceName":"Fuchun","sourceDataset":"ne_10m_rivers_lake_centerlines","sourceFeatureIndex":557,"sourceId":385,"scalerank":7.0,"minZoom":6.0,"min_zoom":6.0,"featurecla":"River"},"geometry":{"type":"MultiLineString","coordinates":[[[117.785167,29.707302],[117.847667,29.75495],[117.976654,29.675482],[118.047944,29.699164],[118.081391,29.645616],[118.159597,29.633979],[118.274832,29.682969],[118.376964,29.76142],[118.404877,29.763699],[118.462169,29.709093],[118.530284,29.683865],[118.717784,29.726345]],[[119.195567,29.50373],[119.238699,29.480007],[119.534923,29.555935],[119.620616,29.647081],[119.675304,29.805365],[119.751069,29.869981],[119.805675,29.87991],[119.945323,30.037543],[120.045421,30.051866],[120.140391,30.093451],[120.160167,30.124945],[120.121023,30.168524],[120.148936,30.195828]]]}},{"type":"Feature","id":"ne_10m_rivers_lake_centerlines-558","properties":{"name":"Mae Klong","nameEn":"Mae Klong","nameOrigin":"natural-earth-original","sourceName":"Mae Klong","sourceDataset":"ne_10m_rivers_lake_centerlines","sourceFeatureIndex":558,"sourceId":386,"scalerank":7.0,"minZoom":6.0,"min_zoom":6.0,"featurecla":"Lake Centerline"},"geometry":{"type":"LineString","coordinates":[[99.039154,15.043647],[99.084565,14.989081],[99.108653,14.922553],[99.068777,14.890652],[99.037527,14.82628],[99.049897,14.573676],[99.0796,14.494208],[99.149343,14.410509]]}},{"type":"Feature","id":"ne_10m_rivers_lake_centerlines-559","properties":{"name":"Mae Klong","nameEn":"Mae Klong","nameOrigin":"natural-earth-original","sourceName":"Mae Klong","sourceDataset":"ne_10m_rivers_lake_centerlines","sourceFeatureIndex":559,"sourceId":386,"scalerank":7.0,"minZoom":6.0,"min_zoom":6.0,"featurecla":"River"},"geometry":{"type":"MultiLineString","coordinates":[[[98.891612,16.175645],[98.88795,16.103827],[98.856049,16.071316],[98.857432,16.031073],[98.817882,15.993842],[98.82366,15.906114],[98.857595,15.841498],[98.809011,15.764187],[98.828868,15.67711],[98.897065,15.572943],[98.816905,15.515977],[98.832774,15.447781],[98.899669,15.362576],[98.885916,15.343777],[98.912608,15.284369],[98.922374,15.176622],[98.965912,15.154079],[98.985037,15.096747],[99.039154,15.043647]],[[99.149343,14.410509],[99.165294,14.3664],[99.22462,14.305447],[99.238455,14.21369],[99.258881,14.186143],[99.416026,14.109158],[99.445404,14.064276],[99.50172,14.07156],[99.554128,13.998847],[99.668956,13.94123],[99.761729,13.961697],[99.796641,13.89643],[99.868175,13.846951],[99.880382,13.810899],[99.851085,13.749376],[99.865245,13.708197],[99.832042,13.683539],[99.809581,13.606024],[99.830577,13.58865],[99.830577,13.557644],[99.910167,13.52619],[99.977061,13.42121],[100.001394,13.420478],[100.001394,13.372016]]]}},{"type":"Feature","id":"ne_10m_rivers_lake_centerlines-560","properties":{"name":"Yom","nameEn":"Yom","nameOrigin":"natural-earth-original","sourceName":"Yom","sourceDataset":"ne_10m_rivers_lake_centerlines","sourceFeatureIndex":560,"sourceId":387,"scalerank":7.0,"minZoom":6.0,"min_zoom":6.0,"featurecla":"Lake Centerline"},"geometry":{"type":"LineString","coordinates":[[100.612641,18.039659],[100.526296,17.997382],[100.474132,17.910509],[100.470714,17.886908],[100.55185,17.776557]]}},{"type":"Feature","id":"ne_10m_rivers_lake_centerlines-561","properties":{"name":"Yom","nameEn":"Yom","nameOrigin":"natural-earth-original","sourceName":"Yom","sourceDataset":"ne_10m_rivers_lake_centerlines","sourceFeatureIndex":561,"sourceId":387,"scalerank":7.0,"minZoom":6.0,"min_zoom":6.0,"featurecla":"River"},"geometry":{"type":"MultiLineString","coordinates":[[[101.180675,19.327582],[101.152354,19.446153],[101.063975,19.554063],[101.005626,19.516181],[100.921641,19.525906],[100.879812,19.485704],[100.883556,19.420925],[100.854015,19.404893],[100.846283,19.376899],[100.850352,19.263943],[100.816335,19.225165],[100.837413,19.190985],[100.814545,19.17296],[100.776541,18.960069],[100.788666,18.909044],[100.837413,18.868232],[100.810069,18.848334],[100.761648,18.716824],[100.775971,18.670233],[100.761648,18.662787],[100.775971,18.656562],[100.761648,18.573432],[100.795909,18.508857],[100.830577,18.4949],[100.899506,18.327582],[100.863455,18.293565],[100.806651,18.138292],[100.703298,18.050401],[100.612641,18.039659]],[[100.55185,17.776557],[100.567393,17.759467],[100.5053,17.718777],[100.431163,17.705878],[100.418956,17.7237],[100.397227,17.711249],[100.384858,17.7237],[100.351329,17.680203],[100.237804,17.641791],[100.193126,17.669053],[100.126394,17.64586],[100.103608,17.613796],[100.138601,17.580268],[100.113455,17.549506],[100.138601,17.429511],[100.110606,17.415839],[100.117686,17.391221],[100.072358,17.369737],[100.090017,17.268744],[100.063406,17.202948],[100.177257,17.070258],[100.165131,17.045925],[100.199962,17.024766],[100.18629,17.011094],[100.22047,16.956488],[100.206716,16.956488],[100.22047,16.908718],[100.240896,16.901231],[100.240896,16.854071],[100.27239,16.830878],[100.216889,16.777696],[100.282481,16.682807],[100.254893,16.676622],[100.261974,16.538153],[100.274994,16.544989],[100.286713,16.510118],[100.337169,16.518337],[100.337169,16.477362],[100.390391,16.403022],[100.384858,16.353217],[100.417003,16.307969],[100.426524,16.230292],[100.405935,16.093126],[100.356456,16.009792],[100.323416,15.990098],[100.296153,15.897284],[100.248464,15.863796],[100.240896,15.805732],[100.214285,15.811957],[100.232921,15.781562],[100.140717,15.70657]]]}},{"type":"Feature","id":"ne_10m_rivers_lake_centerlines-595","properties":{"name":"Cauvery","nameEn":"Cauvery","nameOrigin":"natural-earth-original","sourceName":"Cauvery","sourceDataset":"ne_10m_rivers_lake_centerlines","sourceFeatureIndex":595,"sourceId":403,"scalerank":7.0,"minZoom":6.0,"min_zoom":6.0,"featurecla":"Lake Centerline"},"geometry":{"type":"MultiLineString","coordinates":[[[76.432221,12.516303],[76.47462,12.460883],[76.572276,12.427354]],[[77.674897,11.970526],[77.687429,11.948188],[77.826427,11.910956],[77.816824,11.817084]]]}},{"type":"Feature","id":"ne_10m_rivers_lake_centerlines-596","properties":{"name":"Cauvery","nameEn":"Cauvery","nameOrigin":"natural-earth-original","sourceName":"Cauvery","sourceDataset":"ne_10m_rivers_lake_centerlines","sourceFeatureIndex":596,"sourceId":403,"scalerank":7.0,"minZoom":6.0,"min_zoom":6.0,"featurecla":"River"},"geometry":{"type":"MultiLineString","coordinates":[[[76.572276,12.427354],[76.61321,12.419949],[76.657644,12.440375],[76.778738,12.400458],[76.913666,12.225531],[77.015554,12.238145],[77.011322,12.182888],[77.052175,12.169704],[77.120209,12.200792],[77.120209,12.235541],[77.195893,12.317491],[77.299327,12.306342],[77.346202,12.282742],[77.424897,12.292996],[77.492198,12.205512],[77.698416,12.198065],[77.732921,12.174628],[77.729421,12.079291],[77.674897,11.970526]],[[75.660411,12.337958],[75.743582,12.284491],[75.811127,12.317491],[75.86964,12.320624],[75.92099,12.433539],[75.95517,12.443793],[75.977957,12.536648],[76.054779,12.619167],[76.165701,12.582302],[76.232595,12.515489],[76.343191,12.508002],[76.38974,12.486029],[76.408214,12.526475],[76.432384,12.51614]],[[77.816824,11.817084],[77.74114,11.620144],[77.730398,11.522406],[77.689708,11.419989],[77.851085,11.24372],[77.888113,11.097846],[77.917003,11.07156],[78.031993,11.090399],[78.123464,11.061957],[78.202403,10.951036],[78.363048,10.960517],[78.486827,10.909451],[78.677989,10.869412]],[[78.600027,10.878119],[78.730968,10.823513],[78.88559,10.820299]],[[78.88559,10.820299],[78.919526,10.842108],[79.10906,10.86697],[79.262706,10.934027],[79.433604,10.939561],[79.460541,10.919053],[79.631847,10.934394],[79.684011,10.900662],[79.799815,10.89114],[79.841238,10.905463]],[[78.88559,10.820299],[78.958914,10.793891],[79.059255,10.816677],[79.145274,10.79621],[79.300141,10.809394],[79.368337,10.789374],[79.429861,10.723822],[79.494395,10.559394],[79.495372,10.491238],[79.469249,10.415798],[79.490326,10.368109],[79.528575,10.338324]],[[78.881765,10.816677],[78.88559,10.820299]]]}},{"type":"Feature","id":"ne_10m_rivers_lake_centerlines-597","properties":{"name":"Chambal","nameEn":"Chambal","nameOrigin":"natural-earth-original","sourceName":"Chambal","sourceDataset":"ne_10m_rivers_lake_centerlines","sourceFeatureIndex":597,"sourceId":404,"scalerank":7.0,"minZoom":6.0,"min_zoom":6.0,"featurecla":"Lake Centerline"},"geometry":{"type":"MultiLineString","coordinates":[[[75.507253,24.743964],[75.509939,24.766628],[75.592052,24.810085],[75.595714,24.859727],[75.571707,24.918728]],[[75.385509,24.22252],[75.352468,24.306098],[75.445893,24.366889],[75.596934,24.541938],[75.581391,24.647732]]]}},{"type":"Feature","id":"ne_10m_rivers_lake_centerlines-598","properties":{"name":"Chambal","nameEn":"Chambal","nameOrigin":"natural-earth-original","sourceName":"Chambal","sourceDataset":"ne_10m_rivers_lake_centerlines","sourceFeatureIndex":598,"sourceId":404,"scalerank":7.0,"minZoom":6.0,"min_zoom":6.0,"featurecla":"River"},"geometry":{"type":"MultiLineString","coordinates":[[[75.571707,24.918728],[75.554454,24.947333],[75.57366,24.971137],[75.719005,25.083441],[75.744151,25.13878],[75.80714,25.154975],[75.904389,25.273261],[75.930919,25.283718],[75.969493,25.234646],[75.986339,25.237494],[76.018321,25.266221],[76.032481,25.333441],[76.071869,25.358181],[76.093028,25.344509],[76.14088,25.354682],[76.127859,25.390245],[76.177745,25.498399],[76.270518,25.529486],[76.283621,25.627387],[76.311534,25.659206],[76.284923,25.707953],[76.445567,25.79328],[76.469168,25.844184],[76.554779,25.85163],[76.620616,25.885118],[76.641043,25.920478],[76.740001,25.923285],[76.90797,26.09866],[76.991791,26.135932],[77.018972,26.171698],[77.082286,26.185329],[77.124766,26.237901],[77.209727,26.242011],[77.335704,26.361151],[77.41505,26.364936],[77.441824,26.413357],[77.514415,26.416449],[77.616791,26.483018],[77.715017,26.506049],[77.831472,26.575792],[77.819021,26.605089],[77.880626,26.625596],[77.902599,26.664089],[78.012787,26.695624],[78.079275,26.682969],[78.101166,26.795193],[78.151459,26.783271],[78.168956,26.822211],[78.254893,26.81741],[78.280284,26.851508],[78.326101,26.85989],[78.563487,26.758572],[78.710053,26.798936],[78.724132,26.776435],[78.745372,26.789252],[78.761974,26.765245],[78.792491,26.762152],[78.861339,26.70128],[78.919363,26.707872],[78.941173,26.669867],[78.997162,26.674018],[78.994233,26.633653],[79.026296,26.591498],[79.114513,26.5362],[79.184988,26.525214],[79.196381,26.508897],[79.182628,26.479682],[79.244884,26.502061]],[[75.581391,24.647732],[75.507253,24.743964]],[[75.667247,22.473212],[75.583751,22.523017],[75.507253,22.611396],[75.503347,22.726426],[75.468679,22.812079],[75.524506,23.096991],[75.504324,23.207953],[75.392589,23.389675],[75.39503,23.467719],[75.354584,23.543891],[75.354584,23.694525],[75.328217,23.726386],[75.293386,23.715644],[75.271983,23.756171],[75.278738,23.796942],[75.34962,23.802354],[75.373057,23.850531],[75.454356,23.907742],[75.513113,24.036078],[75.48585,24.113837],[75.385509,24.22252]]]}},{"type":"Feature","id":"ne_10m_rivers_lake_centerlines-599","properties":{"name":"Zeya","nameEn":"Zeya","nameOrigin":"natural-earth-original","sourceName":"Zeya","sourceDataset":"ne_10m_rivers_lake_centerlines","sourceFeatureIndex":599,"sourceId":405,"scalerank":7.0,"minZoom":6.0,"min_zoom":6.0,"featurecla":"Lake Centerline"},"geometry":{"type":"LineString","coordinates":[[127.322846,53.754096],[127.433442,53.869981],[127.492442,53.968288],[127.698253,54.104844],[127.868175,54.15119],[127.853282,54.232733],[127.759532,54.301947],[127.732188,54.398383],[127.755382,54.441677],[127.934581,54.577908],[128.215831,54.602362],[128.466726,54.582221],[128.538666,54.636908],[128.587494,54.648057],[128.840017,54.659776],[129.015147,54.69005],[129.241954,54.632921]]}},{"type":"Feature","id":"ne_10m_rivers_lake_centerlines-600","properties":{"name":"Zeya","nameEn":"Zeya","nameOrigin":"natural-earth-original","sourceName":"Zeya","sourceDataset":"ne_10m_rivers_lake_centerlines","sourceFeatureIndex":600,"sourceId":405,"scalerank":7.0,"minZoom":6.0,"min_zoom":6.0,"featurecla":"River"},"geometry":{"type":"MultiLineString","coordinates":[[[130.668386,55.569159],[130.62851,55.530626],[130.591889,55.425116],[130.492686,55.372504],[130.416026,55.35578],[130.381847,55.311957],[130.434255,55.194648],[130.544444,55.138373],[130.530528,55.07864],[130.557384,55.032742],[130.543875,54.994412],[130.591889,54.954413],[130.550385,54.940782],[130.695567,54.886176],[130.668386,54.872504],[130.688243,54.851996],[130.609874,54.830146],[130.523692,54.735297],[130.317556,54.714871],[130.303966,54.68004],[130.25172,54.65058],[130.053803,54.580675],[129.956065,54.515163],[129.872,54.499579],[129.779063,54.513454],[129.701752,54.549506],[129.241954,54.632921]],[[127.323416,53.755235],[127.314708,53.731309],[127.212576,53.671454],[127.092052,53.648301],[127.038829,53.607856],[126.997813,53.488837],[126.925548,53.439968],[126.92864,53.39057],[127.00058,53.330105],[127.049083,53.317084],[127.052257,53.27204],[127.144623,53.24197],[127.170502,53.180609],[127.209565,53.170437],[127.240164,53.128933],[127.286794,53.112128],[127.417654,53.115302],[127.442149,53.025946],[127.772553,52.842149],[127.782156,52.751573],[127.82366,52.70071],[127.822683,52.636583],[127.85906,52.609565],[127.857921,52.577216],[127.983165,52.565863],[128.122488,52.502509],[128.124115,52.415839],[128.08253,52.373155],[128.1421,52.367743],[128.1421,52.295681],[128.170665,52.272813],[128.258311,52.088935],[128.358002,52.035346],[128.443777,52.017646],[128.467296,51.967068],[128.528819,51.908718],[128.528819,51.843573],[128.568858,51.837714],[128.611257,51.875678],[128.712332,51.874091],[128.858409,51.788275],[128.878917,51.71015],[128.905203,51.691107],[128.770925,51.599392],[128.646495,51.592719],[128.593679,51.53738],[128.536225,51.555528],[128.495209,51.52204],[128.439708,51.522895],[128.425304,51.469428],[128.329845,51.425605],[128.252208,51.430691],[128.173269,51.37405],[128.186697,51.322821],[128.13616,51.281317],[128.196544,51.247911],[128.145112,51.199286],[128.105154,51.190741],[128.014903,51.22724],[128.007904,51.15644],[128.033702,51.105292],[128.014903,51.076361],[127.957449,51.071112],[127.891368,51.097724],[127.868744,51.083197],[127.855072,50.901923],[127.788829,50.827419],[127.768321,50.785712],[127.77589,50.726915],[127.71282,50.582139],[127.66627,50.522895],[127.734386,50.346462],[127.703298,50.321357],[127.592703,50.29975],[127.583507,50.205593]]]}},{"type":"Feature","id":"ne_10m_rivers_lake_centerlines-609","properties":{"name":"澜沧江","nameEn":"Mekong","nameOrigin":"editorial-translation","sourceName":"Lancang","sourceDataset":"ne_10m_rivers_lake_centerlines","sourceFeatureIndex":609,"sourceId":40,"scalerank":2.0,"minZoom":2.1,"min_zoom":2.1,"featurecla":"River"},"geometry":{"type":"LineString","coordinates":[[96.941335,31.965522],[96.994884,31.913682],[96.992931,31.854926],[97.020763,31.826972],[97.017589,31.767117],[97.08074,31.694607],[97.093191,31.600653],[97.123139,31.594265],[97.202647,31.504218],[97.191498,31.449571],[97.219493,31.339708],[97.157237,31.281684],[97.200206,31.196397],[97.198171,31.085232],[97.215424,31.047675],[97.289073,31.018988],[97.376964,30.943142],[97.355968,30.857123],[97.37851,30.731879],[97.557628,30.581814],[97.66448,30.405829],[97.723074,30.384141],[97.936941,30.205512],[97.951752,30.165107],[98.001557,30.123969],[98.004975,30.063096],[98.042979,30.021267],[98.144216,29.812201],[98.210053,29.804267],[98.339285,29.638861],[98.346202,29.554551],[98.434662,29.408311],[98.435313,29.356309],[98.473155,29.342637],[98.631602,29.159532],[98.583018,29.023953],[98.634288,28.944159],[98.685476,28.708604],[98.774913,28.572089],[98.850597,28.401475],[98.864268,28.335557],[98.843028,28.270453],[98.850108,28.225043],[98.912608,28.119574],[98.901134,28.011013],[99.034923,27.852078],[99.054861,27.759385],[99.048595,27.708075],[98.99879,27.669501],[99.034923,27.585232],[99.007498,27.557888],[99.10849,27.330349],[99.088959,27.24254],[99.146658,27.197699],[99.17213,27.132676],[99.150401,27.017198],[99.185639,26.886298],[99.140554,26.771674],[99.159597,26.719265],[99.136648,26.607123],[99.103933,26.547065],[99.144786,26.482204],[99.130463,26.447455],[99.144949,26.339789],[99.130463,26.296658],[99.130626,26.07335],[99.165294,25.865831],[99.254649,25.734931],[99.281261,25.629706],[99.357595,25.570421],[99.336518,25.505235],[99.351329,25.43891],[99.329845,25.419623],[99.297293,25.432969],[99.292003,25.373562],[99.48878,25.139472],[99.548839,25.138454],[99.635346,25.098904],[99.730724,24.977647],[99.754893,24.892035],[99.826915,24.857856],[99.892589,24.77143],[100.076671,24.733425],[100.101003,24.719062],[100.116222,24.670966],[100.210216,24.745917],[100.323416,24.76911],[100.372081,24.750922],[100.426524,24.707058],[100.433197,24.655544],[100.500662,24.587592],[100.515229,24.522732],[100.545828,24.510606],[100.55714,24.476182],[100.516775,24.420111],[100.519542,24.122585],[100.493907,24.091986],[100.381847,24.062771],[100.407481,23.915961],[100.323416,23.843695],[100.28948,23.764838],[100.179454,23.631415],[100.138601,23.47309],[100.070242,23.346788],[100.083263,23.27143],[100.042979,23.212429],[100.114024,23.165229],[100.146658,23.065212],[100.226736,23.002997],[100.248464,23.007636],[100.269054,22.949652],[100.296153,22.959174],[100.300873,22.878852],[100.361827,22.776801],[100.364513,22.67182],[100.567882,22.526923],[100.564057,22.425401],[100.659272,22.314887],[100.609304,22.27851],[100.699474,22.237087],[100.734386,22.140489],[100.720714,22.109483],[100.777924,22.087592],[100.762625,22.071723],[100.795909,22.013861],[100.867279,21.983466],[100.917898,21.860948],[101.029796,21.849392],[101.067393,21.828925],[101.081065,21.78795],[101.173839,21.815253],[101.181244,21.796942],[101.118663,21.766872],[101.127371,21.695339],[101.173595,21.612128],[101.15683,21.519884],[101.003184,21.406195],[100.814138,21.300401],[100.725108,21.311876],[100.689138,21.159532],[100.625092,21.054267],[100.543061,21.027615],[100.556895,20.992255],[100.528819,20.968614],[100.517345,20.906521],[100.533946,20.874091],[100.622569,20.888739],[100.651785,20.876776],[100.536388,20.807888],[100.364513,20.828396],[100.210948,20.697577],[100.172537,20.622341],[100.120697,20.388983],[100.099294,20.362413],[100.10255,20.26378],[100.152192,20.239325],[100.166921,20.292792],[100.208914,20.313178],[100.240001,20.372992],[100.306082,20.399848],[100.344005,20.390163],[100.460704,20.190945],[100.528819,20.14997],[100.554698,20.170356],[100.584239,20.163601],[100.601573,19.802843],[100.678233,19.818793],[100.805919,19.892035],[100.927989,19.873318],[101.009369,19.834052],[101.02239,19.85574],[101.059581,19.845893],[101.118663,19.889268],[101.257904,19.821357],[101.5595,19.823513],[101.596934,19.831366],[101.619395,19.874457],[101.707612,19.930854],[101.865245,19.957546],[101.992198,20.059597],[102.04713,20.053738],[102.15797,20.092231],[102.190684,20.080675],[102.23585,20.026435],[102.246511,19.988105],[102.222341,19.935818],[102.117686,19.864081],[102.038829,19.848822],[101.885753,19.687201],[101.824311,19.649685],[101.820893,19.467149],[101.906261,19.403266],[101.824311,19.27912],[101.803233,18.885606],[101.851003,18.826687],[101.85434,18.763373],[101.810639,18.621853],[101.742605,18.502265],[101.707612,18.471015],[101.644542,18.457628],[101.546967,18.325385],[101.481212,18.293809],[101.40325,18.182196],[101.433197,18.012315],[101.423595,17.9289],[101.456391,17.877387],[101.495372,17.879096],[101.509044,17.860867],[101.551199,17.87519],[101.536794,17.820502],[101.563569,17.820502]]}},{"type":"Feature","id":"ne_10m_rivers_lake_centerlines-628","properties":{"name":"Hudi","nameEn":"Hudi","nameOrigin":"natural-earth-original","sourceName":"Hudi","sourceDataset":"ne_10m_rivers_lake_centerlines","sourceFeatureIndex":628,"sourceId":419,"scalerank":7.0,"minZoom":6.0,"min_zoom":6.0,"featurecla":"Lake Centerline"},"geometry":{"type":"MultiLineString","coordinates":[[[118.741791,33.094835],[118.721283,33.114569],[118.711518,33.201972],[118.687022,33.222927],[118.590343,33.242784],[118.536794,33.199083],[118.467784,33.023017],[118.388601,32.976386],[118.314138,32.970974],[118.253429,33.004828],[118.217052,33.105048],[118.217784,33.179796],[118.177338,33.21247],[118.151134,33.177558],[117.914236,33.162462],[117.898041,33.146593],[117.896007,33.061957],[117.869314,33.040839],[117.762625,33.05329]],[[119.28419,32.718288],[119.277761,32.779364],[119.327078,32.899115],[119.288829,32.993842],[119.325613,33.018663],[119.337494,33.051581],[119.308686,33.11876],[119.250987,33.183661],[119.167898,33.162462],[119.141124,33.075141],[119.100841,33.047471],[119.038178,33.037136],[118.917084,33.055447],[118.845876,33.095038]]]}},{"type":"Feature","id":"ne_10m_rivers_lake_centerlines-629","properties":{"name":"Hudi","nameEn":"Hudi","nameOrigin":"natural-earth-original","sourceName":"Hudi","sourceDataset":"ne_10m_rivers_lake_centerlines","sourceFeatureIndex":629,"sourceId":419,"scalerank":7.0,"minZoom":6.0,"min_zoom":6.0,"featurecla":"River"},"geometry":{"type":"MultiLineString","coordinates":[[[118.743663,33.095038],[118.845876,33.095038]],[[116.521414,32.501247],[116.558116,32.533311],[116.634695,32.541815],[116.730724,32.608995],[116.729991,32.638536],[116.690684,32.669501],[116.726166,32.68537],[116.725841,32.73546],[116.748057,32.736111],[116.759858,32.707709],[116.882823,32.632676],[116.918224,32.658026],[117.010753,32.668036],[117.078298,32.699083],[117.104421,32.822292],[117.169688,32.851345],[117.167735,32.916287],[117.195079,32.940497],[117.527192,32.971137],[117.647472,32.903266],[117.688487,32.985175],[117.740001,33.015896],[117.763601,33.054063]],[[119.616222,32.353949],[119.514089,32.355048],[119.510265,32.410956],[119.47047,32.475409],[119.47169,32.53205],[119.423595,32.628363],[119.389171,32.652777],[119.306733,32.661566],[119.28419,32.718288]]]}},{"type":"Feature","id":"ne_10m_rivers_lake_centerlines-631","properties":{"name":"Ping","nameEn":"Ping","nameOrigin":"natural-earth-original","sourceName":"Ping","sourceDataset":"ne_10m_rivers_lake_centerlines","sourceFeatureIndex":631,"sourceId":420,"scalerank":7.0,"minZoom":6.0,"min_zoom":6.0,"featurecla":"Lake Centerline"},"geometry":{"type":"LineString","coordinates":[[98.8956,17.387315],[98.932384,17.248847],[98.958751,17.237657]]}},{"type":"Feature","id":"ne_10m_rivers_lake_centerlines-632","properties":{"name":"Ping","nameEn":"Ping","nameOrigin":"natural-earth-original","sourceName":"Ping","sourceDataset":"ne_10m_rivers_lake_centerlines","sourceFeatureIndex":632,"sourceId":420,"scalerank":7.0,"minZoom":6.0,"min_zoom":6.0,"featurecla":"River"},"geometry":{"type":"MultiLineString","coordinates":[[[98.864268,19.780056],[98.892589,19.753241],[98.918875,19.629218],[98.995535,19.434149],[98.960053,19.288153],[99.004324,19.129706],[98.95045,19.087755],[99.000011,18.786729],[98.983653,18.679999],[98.92628,18.528998],[98.774913,18.443061],[98.699718,18.422553],[98.691173,18.3664],[98.706554,18.337226],[98.658214,18.292263],[98.637706,18.129706],[98.618907,18.125841],[98.63087,18.10045],[98.59669,18.073757],[98.616791,18.074408],[98.624034,18.025946],[98.603526,18.012315],[98.63087,17.991807],[98.644542,18.004828],[98.674083,17.97073],[98.632823,17.93004],[98.644542,17.885077],[98.745372,17.697821],[98.698985,17.651801],[98.71282,17.563544],[98.699718,17.429511],[98.729096,17.42414],[98.817556,17.474189],[98.85377,17.469346],[98.900076,17.430528],[98.8956,17.387315]],[[98.958507,17.237657],[99.014415,17.237657],[99.060964,17.205512],[99.090261,17.13406],[99.052745,17.090399],[99.117442,16.983832],[99.090261,16.919257],[99.156993,16.813544],[99.35377,16.64704],[99.445079,16.62519],[99.548839,16.436347],[99.540619,16.413845],[99.591401,16.370551],[99.666515,16.345649],[99.705333,16.270087],[99.754405,16.20836],[99.79127,16.193549],[99.803315,16.137803],[99.874278,16.058458],[99.871593,16.00373],[100.063243,15.881374],[100.090017,15.767605],[100.158946,15.716376]]]}},{"type":"Feature","id":"ne_10m_rivers_lake_centerlines-633","properties":{"name":"Ile","nameEn":"Ile","nameOrigin":"natural-earth-original","sourceName":"Ile","sourceDataset":"ne_10m_rivers_lake_centerlines","sourceFeatureIndex":633,"sourceId":421,"scalerank":7.0,"minZoom":6.0,"min_zoom":6.0,"featurecla":"Lake Centerline"},"geometry":{"type":"LineString","coordinates":[[77.133881,43.908067],[77.269054,43.867743],[77.879893,43.817572],[78.176036,43.867051]]}},{"type":"Feature","id":"ne_10m_rivers_lake_centerlines-634","properties":{"name":"Ile","nameEn":"Ile","nameOrigin":"natural-earth-original","sourceName":"Ile","sourceDataset":"ne_10m_rivers_lake_centerlines","sourceFeatureIndex":634,"sourceId":421,"scalerank":7.0,"minZoom":6.0,"min_zoom":6.0,"featurecla":"River"},"geometry":{"type":"MultiLineString","coordinates":[[[77.133881,43.908067],[77.052257,43.953315],[77.038992,43.973212],[77.05657,44.007107],[77.004161,44.058865],[77.000499,44.137397],[76.935313,44.175605],[76.911062,44.235216],[76.784679,44.248114],[76.671886,44.338243],[76.660411,44.360541],[76.688243,44.394639],[76.725352,44.394802],[76.727631,44.429877],[76.634288,44.538642],[76.637625,44.569688],[76.605724,44.605902],[76.503347,44.662177],[76.410737,44.6789],[76.370616,44.714301],[76.36671,44.744086],[76.256847,44.811306],[76.112641,44.813056],[76.075613,44.840277],[76.030935,44.840277],[75.950694,44.899237],[75.879161,44.907782],[75.716238,45.004828],[75.503347,45.037909],[75.448171,45.073065],[75.256358,45.083604],[75.232188,45.117743],[75.173757,45.120876],[75.150401,45.166287],[75.072358,45.166693],[74.996511,45.19953],[74.991222,45.237982],[74.92392,45.216498],[74.76295,45.237576],[74.76295,45.258083],[74.708263,45.264919],[74.653087,45.31269],[74.646902,45.299628],[74.632498,45.340603],[74.568451,45.343614],[74.502696,45.421169],[74.170014,45.422553],[74.111827,45.354275],[74.075206,45.344794]],[[81.752452,43.620673],[81.636322,43.682156],[81.585216,43.754462],[81.402354,43.863878],[81.235932,43.915351],[81.031261,43.911078],[80.885916,43.947618],[80.841889,43.942206],[80.724864,43.879828],[80.669526,43.827948],[80.635265,43.846055],[80.480968,43.786404],[80.424734,43.797187],[80.246104,43.757758],[80.212006,43.762397],[80.184255,43.801337],[80.151541,43.786444],[80.048269,43.815782],[80.008311,43.805609],[79.981863,43.82335],[79.943126,43.808173],[79.857432,43.830349],[79.730886,43.908067],[79.72405,43.929145],[79.57545,43.972927],[79.311941,43.903266],[79.174083,43.845323],[79.045665,43.825507],[78.998057,43.842882],[78.872081,43.843085],[78.604015,43.822537],[78.441417,43.863064],[78.255056,43.881944],[78.176036,43.867051]]]}},{"type":"Feature","id":"ne_10m_rivers_lake_centerlines-635","properties":{"name":"Sanggan","nameEn":"Sanggan","nameOrigin":"natural-earth-original","sourceName":"Sanggan","sourceDataset":"ne_10m_rivers_lake_centerlines","sourceFeatureIndex":635,"sourceId":422,"scalerank":7.0,"minZoom":6.0,"min_zoom":6.0,"featurecla":"Lake Centerline"},"geometry":{"type":"LineString","coordinates":[[115.574148,40.296698],[115.589122,40.240424]]}},{"type":"Feature","id":"ne_10m_rivers_lake_centerlines-636","properties":{"name":"Sanggan","nameEn":"Sanggan","nameOrigin":"natural-earth-original","sourceName":"Sanggan","sourceDataset":"ne_10m_rivers_lake_centerlines","sourceFeatureIndex":636,"sourceId":422,"scalerank":7.0,"minZoom":6.0,"min_zoom":6.0,"featurecla":"River"},"geometry":{"type":"MultiLineString","coordinates":[[[112.590017,39.343614],[112.713634,39.377143],[112.806407,39.466498],[112.917247,39.498074],[112.950694,39.531806],[113.023448,39.557929],[113.076182,39.60989],[113.121349,39.612006],[113.129649,39.660671],[113.272065,39.803575],[113.458914,39.8664],[113.667572,39.97956],[114.061941,40.003241],[114.575125,40.21308],[114.691824,40.278347],[114.814464,40.276923],[114.993663,40.354926],[115.496755,40.360867],[115.574229,40.296251]],[[112.336925,39.165961],[112.380463,39.274929],[112.462576,39.313747],[112.590017,39.337917]]]}},{"type":"Feature","id":"ne_10m_rivers_lake_centerlines-643","properties":{"name":"Wujia","nameEn":"Wujia","nameOrigin":"natural-earth-original","sourceName":"Wujia","sourceDataset":"ne_10m_rivers_lake_centerlines","sourceFeatureIndex":643,"sourceId":426,"scalerank":7.0,"minZoom":6.0,"min_zoom":6.0,"featurecla":"Lake Centerline"},"geometry":{"type":"MultiLineString","coordinates":[[[108.863292,40.914008],[108.861501,40.948676]],[[108.845144,40.902533],[108.710948,40.803778]]]}},{"type":"Feature","id":"ne_10m_rivers_lake_centerlines-644","properties":{"name":"Wujia","nameEn":"Wujia","nameOrigin":"natural-earth-original","sourceName":"Wujia","sourceDataset":"ne_10m_rivers_lake_centerlines","sourceFeatureIndex":644,"sourceId":426,"scalerank":7.0,"minZoom":6.0,"min_zoom":6.0,"featurecla":"River"},"geometry":{"type":"MultiLineString","coordinates":[[[108.191742,41.203721],[108.354503,41.174506],[108.471202,41.185126],[108.552338,41.162299],[108.565929,41.135769],[108.615245,41.140408],[108.597097,41.124091],[108.637136,41.084784],[108.745616,41.057237],[108.784272,41.000312]],[[107.95281,41.171983],[108.097585,41.225165],[108.094493,41.242784],[108.191742,41.203721]],[[107.95281,41.171983],[107.953298,41.171454]],[[108.784272,41.000312],[108.80364,40.971869],[108.861501,40.948676]],[[108.863292,40.914008],[108.845144,40.902533]],[[107.841238,40.899604],[108.070811,40.933783],[108.154307,41.023057],[108.142182,41.122667],[108.170095,41.195014],[108.191742,41.203721]],[[107.841238,40.899604],[107.971934,40.87519],[108.235037,40.917996],[108.410167,41.070868],[108.52589,41.070868],[108.784272,41.000312]],[[107.682872,40.858588],[107.690684,40.907986],[107.7588,41.009467],[107.750499,41.118191],[107.786632,41.140408],[107.95281,41.171983]],[[108.710948,40.803778],[108.663666,40.748074],[108.650401,40.698757],[108.677257,40.639472]],[[107.301687,40.681789],[107.440522,40.863308],[107.555919,41.179958],[107.546886,41.216742],[107.682709,41.246649],[107.789806,41.195014],[107.872,41.180732],[107.935313,41.191352],[107.95281,41.171983]],[[107.301687,40.681789],[107.757823,40.892524],[107.841238,40.899604]],[[107.300141,40.680487],[107.301687,40.681789]],[[107.118826,40.521959],[107.075287,40.646511],[107.028819,40.682685],[106.961925,40.799628],[106.963634,40.899604],[106.935802,41.000596],[107.058849,41.04739],[107.134939,41.139431],[107.20753,41.149685],[107.204275,41.182685],[107.458507,41.25495],[107.666433,41.270941],[107.795828,41.195014]],[[107.118826,40.521959],[107.16448,40.601996],[107.301687,40.681789]],[[107.141694,40.453925],[107.118826,40.521959]],[[107.03183,40.310492],[107.046316,40.381537],[107.118826,40.521959]]]}},{"type":"Feature","id":"ne_10m_rivers_lake_centerlines-651","properties":{"name":"雅鲁藏布江","nameEn":"Brahmaputra","nameOrigin":"editorial-translation","sourceName":"Yarlung","sourceDataset":"ne_10m_rivers_lake_centerlines","sourceFeatureIndex":651,"sourceId":42,"scalerank":2.0,"minZoom":2.1,"min_zoom":2.1,"featurecla":"River"},"geometry":{"type":"LineString","coordinates":[[87.660167,29.151557],[87.687511,29.166287],[87.668061,29.2178],[87.776296,29.333767],[87.985037,29.399034],[88.090017,29.383653],[88.168875,29.337104],[88.234304,29.377997],[88.403087,29.330146],[88.495616,29.364325],[88.872976,29.344428],[88.91212,29.328884],[88.979421,29.381212],[89.016368,29.385443],[89.055593,29.349433],[89.122813,29.342882],[89.167247,29.371161],[89.246349,29.357489],[89.280528,29.377956],[89.430919,29.348009],[89.661225,29.371161],[89.811534,29.322699],[90.013927,29.36754],[90.286062,29.336249],[90.397472,29.289171],[90.427338,29.253119],[90.582449,29.284776],[90.740326,29.3546],[90.764659,29.295681],[90.84962,29.344428],[90.890554,29.344428],[90.959727,29.316474],[91.114757,29.335395],[91.302745,29.284695],[91.570079,29.305203],[91.769054,29.288601],[91.865652,29.307807],[91.949718,29.293077],[91.992931,29.261054],[92.059093,29.299628],[92.128917,29.304796],[92.356944,29.236843],[92.398204,29.271023],[92.42213,29.269355],[92.473725,29.254421],[92.525076,29.158881],[92.593435,29.16116],[92.581147,29.131171],[92.59433,29.117255],[92.663666,29.140163],[92.73642,29.096015],[92.870372,29.097032],[92.938731,29.059597],[92.995128,29.053575],[93.042572,29.064561],[93.106212,29.129462],[93.149018,29.037665],[93.283295,29.004177],[93.347667,29.029893],[93.474539,29.185858],[93.848888,29.155707],[93.911876,29.195828],[94.026296,29.225938],[94.179617,29.217149],[94.355968,29.309516]]}},{"type":"Feature","id":"ne_10m_rivers_lake_centerlines-674","properties":{"name":"Irtysh","nameEn":"Irtysh","nameOrigin":"natural-earth-original","sourceName":"Irtysh","sourceDataset":"ne_10m_rivers_lake_centerlines","sourceFeatureIndex":674,"sourceId":44,"scalerank":2.0,"minZoom":2.1,"min_zoom":2.1,"featurecla":"River"},"geometry":{"type":"MultiLineString","coordinates":[[[73.721934,54.693793],[73.608409,54.73196],[73.563731,54.797431],[73.477957,54.842556],[73.303396,54.852403],[73.358328,54.948188],[73.360281,54.995225],[73.165945,55.035183],[73.139171,55.088813],[73.195242,55.20657],[73.176768,55.240668],[73.134288,55.258612],[72.98463,55.235622],[73.016205,55.311347],[73.154714,55.355251],[73.271983,55.438503],[73.439138,55.485663],[73.468191,55.540717],[73.499604,55.560167],[73.823985,55.650092],[73.932384,55.710517],[74.367198,55.744249],[74.446788,55.838568],[74.578298,55.903388],[74.679536,56.0]],[[73.721934,54.693793],[73.728282,54.693793]],[[74.993582,53.985622],[74.893158,54.00849],[74.930675,54.0185],[74.913666,54.036444],[74.934825,54.084825],[74.900808,54.115058],[74.813487,54.141913],[74.681895,54.256944],[74.633881,54.362616],[74.59547,54.394843],[74.447358,54.414415],[74.340912,54.511664],[74.257498,54.550605],[74.072765,54.56269],[73.874441,54.662624],[73.721934,54.693793]]]}},{"type":"Feature","id":"ne_10m_rivers_lake_centerlines-678","properties":{"name":"Ghäghara","nameEn":"Ghäghara","nameOrigin":"natural-earth-original","sourceName":"Ghäghara","sourceDataset":"ne_10m_rivers_lake_centerlines","sourceFeatureIndex":678,"sourceId":453,"scalerank":7.0,"minZoom":6.0,"min_zoom":6.0,"featurecla":"River"},"geometry":{"type":"LineString","coordinates":[[80.923269,30.552069],[81.025076,30.541815],[81.090017,30.47663],[81.108897,30.383165],[81.169932,30.318956],[81.19752,30.223741],[81.325694,30.155829],[81.460704,30.169135],[81.54127,30.071479],[81.746349,30.036933],[81.779796,29.976671],[81.860037,29.926947],[81.876475,29.846788],[81.863292,29.807237],[82.013601,29.74669],[81.986095,29.704047],[81.878673,29.656073],[81.858816,29.625922],[81.777273,29.613349],[81.780772,29.534451],[81.708425,29.467963],[81.708995,29.401923],[81.743337,29.312323],[81.723888,29.280707],[81.615896,29.223212],[81.605724,29.182196],[81.40976,29.023953],[81.414561,28.98078],[81.528087,28.852607],[81.571788,28.769599],[81.51295,28.749579],[81.516368,28.808214],[81.425548,28.903632],[81.20753,28.907904],[81.053966,28.976142],[80.992117,28.935167],[81.078136,28.86286],[81.135509,28.866278],[81.161225,28.829901],[81.210541,28.811632],[81.190033,28.859442],[81.2046,28.852484],[81.276866,28.69713],[81.19752,28.339301],[81.162852,28.311387],[81.099213,28.339382],[81.06544,28.253526],[81.127452,28.171576],[81.1338,28.110948],[81.183849,28.071153],[81.155935,28.027126],[81.214366,27.999538],[81.238536,27.94831],[81.299897,27.920356],[81.272716,27.876288],[81.280203,27.769558],[81.252208,27.714911],[81.308197,27.666124],[81.30657,27.538682],[81.354747,27.446234],[81.396251,27.413886],[81.413829,27.310248],[81.454682,27.283393],[81.458263,27.256212],[81.430268,27.222113],[81.458263,27.18419],[81.448985,27.142361],[81.474539,27.07685],[81.606944,27.047146],[81.719249,26.947781],[81.738048,26.91002],[81.78712,26.896552],[81.843679,26.807969],[81.968842,26.788886],[82.094493,26.853095],[82.229503,26.816352],[82.246511,26.796942],[82.225352,26.769599],[82.324636,26.717149],[82.355072,26.674018],[82.418549,26.648301],[82.475597,26.658637],[82.571707,26.613796],[82.649018,26.613593],[82.703136,26.561103],[82.814464,26.577826],[83.004324,26.476101],[83.076589,26.399522],[83.322765,26.351874],[83.42864,26.271064],[83.465587,26.262519],[83.507253,26.27615],[83.70753,26.268012],[83.774669,26.248847],[83.861827,26.185126],[83.897472,26.125312],[84.107921,26.086859],[84.206065,26.015448],[84.225515,25.96365],[84.261485,25.931342],[84.374278,25.940375],[84.456554,25.869981],[84.531668,25.862128],[84.605479,25.799872],[84.641612,25.733751],[84.713145,25.741767]]}},{"type":"Feature","id":"ne_10m_rivers_lake_centerlines-679","properties":{"name":"Chindwin","nameEn":"Chindwin","nameOrigin":"natural-earth-original","sourceName":"Chindwin","sourceDataset":"ne_10m_rivers_lake_centerlines","sourceFeatureIndex":679,"sourceId":454,"scalerank":7.0,"minZoom":6.0,"min_zoom":6.0,"featurecla":"River"},"geometry":{"type":"LineString","coordinates":[[96.903412,25.631903],[96.876882,25.704169],[96.897227,25.731513],[96.901459,25.81448],[97.0171,26.011664],[97.013276,26.050238],[97.060802,26.140245],[97.053233,26.191352],[96.945079,26.303494],[96.857921,26.329657],[96.804454,26.378526],[96.773204,26.364447],[96.739024,26.392849],[96.69866,26.372382],[96.56837,26.419501],[96.486908,26.509833],[96.451671,26.495876],[96.403819,26.51203],[96.413829,26.550605],[96.367686,26.545681],[96.33489,26.584011],[96.285655,26.583441],[96.300792,26.637397],[96.266043,26.639228],[96.280284,26.61876],[96.250906,26.588406],[96.225678,26.591417],[96.254649,26.511827],[96.246104,26.482204],[96.231944,26.502061],[96.223643,26.381619],[96.144216,26.340033],[96.18629,26.300482],[96.157319,26.282986],[96.043956,26.275255],[96.008718,26.194607],[95.954112,26.164903],[95.883067,26.076931],[95.884044,26.037177],[95.861746,26.015082],[95.821869,26.023749],[95.807872,26.068712],[95.758881,26.022284],[95.707612,26.025987],[95.704194,25.981309],[95.675222,26.020453],[95.6421,26.000352],[95.635916,25.954047],[95.588878,25.933539],[95.595714,25.899441],[95.5678,25.878933],[95.577891,25.852607],[95.437429,25.731513],[95.415701,25.681464],[95.443858,25.607733],[95.420828,25.544013],[95.382498,25.525499],[95.361501,25.385443],[95.287201,25.354763],[95.283783,25.322292],[95.217703,25.283026],[95.200694,25.248318],[95.135753,25.255154],[95.077403,25.220323],[95.042979,25.101915],[94.987071,25.060858],[94.971934,24.981391],[94.948985,24.985541],[94.921641,24.939032],[94.861257,24.900824],[94.935964,24.844346],[94.934093,24.82685],[94.878835,24.806342],[94.875662,24.775336],[94.845632,24.759385],[94.738455,24.726915],[94.697683,24.649522],[94.683849,24.569892],[94.732351,24.522732],[94.718028,24.512966],[94.728608,24.456895],[94.708751,24.432196],[94.7671,24.413113],[94.822683,24.325263],[94.822765,24.289984],[94.699311,24.254259],[94.69752,24.193142],[94.664806,24.159247],[94.644542,24.151435],[94.625987,24.180365],[94.591401,24.171698],[94.615001,24.117377],[94.606944,24.066433],[94.553396,24.028022],[94.56129,24.001899],[94.624115,23.961005],[94.622488,23.933051],[94.508881,23.888048],[94.539968,23.823188],[94.42628,23.7237],[94.428396,23.54328],[94.328298,23.430854],[94.320811,23.391181],[94.340017,23.337104],[94.369721,23.313788],[94.30714,23.212429],[94.33546,23.193915],[94.347341,23.114814],[94.436697,23.048611],[94.418224,22.997748],[94.362641,22.988959],[94.384776,22.948025],[94.496349,22.937283],[94.528087,22.888373],[94.550141,22.884589],[94.660655,22.9112],[94.677989,22.983222],[94.740245,22.966254],[94.756602,22.858222],[94.690033,22.794704],[94.728608,22.726426],[94.776296,22.700629],[94.760671,22.620551],[94.807384,22.541449],[94.819428,22.470323],[94.930186,22.396837],[94.982188,22.393622],[95.119233,22.110785],[95.135183,22.07335],[95.128917,21.948432],[95.146902,21.839626],[95.242605,21.711941],[95.268565,21.622138],[95.27296,21.444688]]}},{"type":"Feature","id":"ne_10m_rivers_lake_centerlines-680","properties":{"name":"Krong","nameEn":"Krong","nameOrigin":"natural-earth-original","sourceName":"Krong","sourceDataset":"ne_10m_rivers_lake_centerlines","sourceFeatureIndex":680,"sourceId":455,"scalerank":7.0,"minZoom":6.0,"min_zoom":6.0,"featurecla":"River"},"geometry":{"type":"LineString","coordinates":[[108.066498,11.885443],[108.087576,11.940131],[108.02296,12.007758],[107.986501,12.091335],[107.99822,12.125678],[108.11378,12.143378],[108.128673,12.200792],[108.046397,12.290798],[107.97877,12.307074],[107.941173,12.353827],[107.935313,12.424994],[107.977794,12.433539],[108.00587,12.486843],[107.910167,12.537869],[107.911632,12.566189],[107.94752,12.602322],[107.913585,12.744167],[107.867605,12.764187],[107.869233,12.806667],[107.832774,12.815375],[107.820811,12.864936],[107.777436,12.87641],[107.790538,12.913153],[107.693126,12.937283],[107.646495,12.985175],[107.553315,12.978339],[107.425955,13.067572],[107.377371,13.237087]]}},{"type":"Feature","id":"ne_10m_rivers_lake_centerlines-681","properties":{"name":"乌江","nameEn":"Wu","nameOrigin":"editorial-translation","sourceName":"Wu","sourceDataset":"ne_10m_rivers_lake_centerlines","sourceFeatureIndex":681,"sourceId":456,"scalerank":7.0,"minZoom":6.0,"min_zoom":6.0,"featurecla":"River"},"geometry":{"type":"MultiLineString","coordinates":[[[106.730886,27.317694],[106.836681,27.32449],[106.907237,27.26907],[106.991466,27.358669],[107.076915,27.32449],[107.149099,27.358669],[107.189952,27.354275],[107.121755,27.249335],[107.142589,27.235704],[107.360444,27.300116],[107.425955,27.403347],[107.504812,27.454861],[107.561697,27.395819],[107.614675,27.37226],[107.667003,27.382839],[107.745128,27.489569],[107.770112,27.479031],[107.813894,27.540473],[107.882253,27.557888],[107.888438,27.636746],[108.087576,27.736029],[108.138927,27.794379],[108.210541,27.791287],[108.246511,27.953477],[108.187022,28.052069],[108.245372,28.187852],[108.210541,28.236274],[108.251475,28.305609],[108.303966,28.338894],[108.301768,28.362331],[108.265717,28.380316],[108.272553,28.392686],[108.338145,28.410712],[108.403575,28.451687],[108.409923,28.489529],[108.458263,28.503201],[108.503429,28.612616],[108.505382,28.639716],[108.330089,28.689073],[108.320404,28.739691],[108.37558,28.794257],[108.30128,29.005927],[108.290538,29.136542],[108.184825,29.224311],[108.108328,29.386786],[107.952078,29.384792],[107.938406,29.32628],[107.882253,29.257351],[107.816335,29.321397],[107.72877,29.346137],[107.645763,29.397284],[107.562022,29.409491],[107.515717,29.442247],[107.470714,29.518012],[107.474864,29.583767],[107.412364,29.607489],[107.388682,29.640937],[107.402436,29.730292]],[[106.730886,27.317694],[106.724132,27.317694]],[[104.592459,26.808295],[104.757091,26.699042],[104.78769,26.705878],[104.82252,26.685411],[104.860037,26.705878],[104.931163,26.687323],[104.956716,26.638251],[105.000255,26.64643],[105.051524,26.692165],[105.127533,26.642279],[105.184662,26.664374],[105.195811,26.598253],[105.216319,26.591417],[105.231049,26.551947],[105.288097,26.5362],[105.326182,26.556708],[105.346934,26.545518],[105.375987,26.429633],[105.471609,26.340522],[105.563894,26.340115],[105.610281,26.376329],[105.675141,26.392849],[105.78712,26.387722],[106.10963,26.49905],[106.162039,26.626003],[106.132335,26.657335],[106.162364,26.674018],[106.17213,26.708197],[106.163097,26.777615],[106.127452,26.81741],[106.130382,26.838406],[106.220307,26.893134],[106.2706,26.86872],[106.31894,26.899359],[106.350352,26.889716],[106.37794,26.966376],[106.437022,26.995958],[106.401866,27.128974],[106.450206,27.194159],[106.490652,27.194159],[106.642833,27.298529],[106.730886,27.317694]]]}},{"type":"Feature","id":"ne_10m_rivers_lake_centerlines-682","properties":{"name":"湘江","nameEn":"Xiang","nameOrigin":"editorial-translation","sourceName":"Xiang","sourceDataset":"ne_10m_rivers_lake_centerlines","sourceFeatureIndex":682,"sourceId":457,"scalerank":7.0,"minZoom":6.0,"min_zoom":6.0,"featurecla":"River"},"geometry":{"type":"LineString","coordinates":[[110.616954,25.48786],[110.687999,25.536322],[110.706472,25.57807],[110.678803,25.627997],[110.739268,25.713813],[110.826915,25.755072],[110.893321,25.843817],[110.95517,25.886501],[110.972585,25.878933],[111.006847,25.906846],[111.040945,25.899441],[111.088634,25.940375],[111.096121,25.988796],[111.160818,26.021104],[111.260671,26.265082],[111.283214,26.273139],[111.273692,26.303494],[111.390391,26.331366],[111.438243,26.309638],[111.487234,26.32392],[111.514415,26.290391],[111.527436,26.303494],[111.59075,26.270575],[111.607188,26.307725],[111.590261,26.350775],[111.604096,26.407904],[111.582123,26.433783],[111.637299,26.515733],[111.713145,26.577826],[111.705658,26.611355],[111.740326,26.550482],[111.765391,26.595893],[111.798106,26.598253],[111.811046,26.577908],[111.863292,26.598253],[111.868582,26.506456],[111.900645,26.52558],[111.951752,26.465115],[111.984874,26.454779],[112.048839,26.467963],[112.034679,26.482204],[112.048595,26.496934],[112.133067,26.501085],[112.189382,26.548692],[112.229096,26.541205],[112.180675,26.488552],[112.2199,26.472032],[112.276866,26.480333],[112.316905,26.57685],[112.360281,26.556708],[112.411388,26.598253],[112.462901,26.564154],[112.483409,26.584662],[112.5206,26.577826],[112.627533,26.622992],[112.677257,26.75141],[112.610606,26.755927],[112.583507,26.789578],[112.591563,26.808905],[112.648692,26.827663],[112.665701,26.858344],[112.610606,26.903347],[112.651541,26.975653],[112.653412,27.016059],[112.682384,27.0303],[112.716563,26.989936],[112.757498,27.00198],[112.728282,27.082953],[112.807872,27.101915],[112.80421,27.133002],[112.847585,27.160468],[112.861095,27.235175],[112.920909,27.286444],[112.93214,27.32449],[112.913503,27.423367],[112.973643,27.448594],[113.00058,27.399359],[113.044526,27.399726],[113.035167,27.454861],[113.138194,27.517198],[113.103445,27.636746],[113.13087,27.841132],[113.083018,27.859565],[113.016612,27.851426],[112.944591,27.802802],[112.891368,27.811306],[112.884288,27.848944],[112.99114,27.958441],[112.93214,28.044501],[112.959483,28.201524],[112.954275,28.27912],[112.844005,28.385688],[112.766124,28.507514],[112.762706,28.545111],[112.810313,28.588935],[112.805186,28.626166],[112.776541,28.649929],[112.713634,28.639716],[112.711192,28.674425],[112.884288,28.794257],[112.884288,28.955675],[113.010916,29.068671],[112.993582,29.147488]]}},{"type":"Feature","id":"ne_10m_rivers_lake_centerlines-683","properties":{"name":"淮河","nameEn":"Huai","nameOrigin":"editorial-translation","sourceName":"Huai","sourceDataset":"ne_10m_rivers_lake_centerlines","sourceFeatureIndex":683,"sourceId":458,"scalerank":7.0,"minZoom":6.0,"min_zoom":6.0,"featurecla":"River"},"geometry":{"type":"MultiLineString","coordinates":[[[113.72047,32.416042],[113.796153,32.409776],[113.804617,32.425727],[113.850678,32.409776],[113.883067,32.318874],[113.905935,32.303331],[113.899343,32.276679],[113.953624,32.241319],[114.021007,32.249945],[114.062429,32.310167],[114.084565,32.39704],[114.130382,32.449815],[114.182058,32.410753],[114.310069,32.360785],[114.364757,32.286241],[114.44044,32.278835],[114.490245,32.300482],[114.521902,32.287706],[114.622651,32.312567],[114.658946,32.313585],[114.659679,32.287421],[114.717296,32.31977],[114.94752,32.27265],[114.981619,32.299913],[115.07724,32.306749],[115.108897,32.368598],[115.224864,32.333808],[115.348643,32.3817],[115.367198,32.397569],[115.351003,32.409776],[115.361095,32.421698],[115.392589,32.409776],[115.42628,32.434394],[115.530203,32.401068],[115.564464,32.409776]],[[115.564464,32.402371],[115.60906,32.416287],[115.646414,32.402371],[115.693614,32.491767],[115.741628,32.479112],[115.754487,32.498155],[115.789806,32.470649],[115.884288,32.571601],[115.989268,32.610622],[116.107188,32.524441],[116.136974,32.457587],[116.174083,32.429633],[116.242931,32.46072],[116.28948,32.51907],[116.440929,32.436469],[116.481293,32.445095],[116.521414,32.501247]]]}},{"type":"Feature","id":"ne_10m_rivers_lake_centerlines-684","properties":{"name":"Ingoda","nameEn":"Ingoda","nameOrigin":"natural-earth-original","sourceName":"Ingoda","sourceDataset":"ne_10m_rivers_lake_centerlines","sourceFeatureIndex":684,"sourceId":459,"scalerank":7.0,"minZoom":6.0,"min_zoom":6.0,"featurecla":"River"},"geometry":{"type":"LineString","coordinates":[[111.027843,49.795844],[111.039236,49.837755],[111.181407,49.94949],[111.181651,50.010281],[111.144216,50.134792],[111.186046,50.271308],[111.212901,50.298896],[111.311534,50.31684],[111.488048,50.503201],[111.479503,50.575548],[111.259939,50.676296],[111.231944,50.713935],[111.226736,50.735622],[111.279796,50.772488],[111.307709,50.855048],[111.349294,50.86168],[111.368663,50.833523],[111.445567,50.855048],[111.554454,50.848212],[111.585948,50.884141],[111.758474,50.927924],[111.816417,51.000434],[112.124034,51.075792],[112.149913,51.111599],[112.420095,51.252387],[112.438569,51.313747],[112.534923,51.395616],[112.768972,51.471625],[112.844005,51.546454],[112.94044,51.587714],[113.0796,51.73489],[113.083263,51.803575],[113.137625,51.878526],[113.217703,51.944037],[113.359874,52.00495],[113.533132,52.011054],[113.593435,51.978461],[113.657725,51.88703],[113.739268,51.84455],[113.740815,51.786689],[113.859467,51.747423],[113.926524,51.75255],[113.96046,51.728298],[113.983165,51.671983],[114.104015,51.635281],[114.128184,51.607937],[114.326671,51.604193],[114.495616,51.642686],[114.57545,51.639106],[114.636648,51.675849],[114.746511,51.704413],[114.821381,51.759548],[115.046153,51.746039],[115.375092,51.792182],[115.464366,51.76378],[115.513764,51.775458],[115.676768,51.759467],[115.828624,51.722439]]}},{"type":"Feature","id":"ne_10m_rivers_lake_centerlines-686","properties":{"name":"Olëkma","nameEn":"Olëkma","nameOrigin":"natural-earth-original","sourceName":"Olëkma","sourceDataset":"ne_10m_rivers_lake_centerlines","sourceFeatureIndex":686,"sourceId":460,"scalerank":7.0,"minZoom":6.0,"min_zoom":6.0,"featurecla":"River"},"geometry":{"type":"LineString","coordinates":[[117.389903,53.885606],[117.619884,53.906114],[117.758474,53.94123],[117.805593,53.997585],[117.870372,54.033311],[117.920502,54.104682],[118.013194,54.144843],[118.041921,54.222846],[118.101654,54.224311],[118.131358,54.265082],[118.330333,54.284735],[118.630382,54.358344],[118.771007,54.37226],[118.808849,54.358588],[118.888601,54.386339],[118.933197,54.416815],[118.942312,54.461005],[118.982432,54.454169],[119.048106,54.486843],[119.052745,54.526882],[119.085704,54.536689],[119.058849,54.577704],[119.113455,54.577704],[119.120372,54.646552],[119.196218,54.645616],[119.181733,54.659613],[119.249034,54.686225],[119.305431,54.74905],[119.286388,54.759141],[119.291596,54.811103],[119.268484,54.828396],[119.333344,54.84455],[119.278087,54.866278],[119.358653,54.868842],[119.367442,54.851996],[119.48349,54.866278],[119.428966,54.920274],[119.552338,54.954413],[119.587169,54.981757],[119.587169,55.002875],[119.621755,54.982001],[119.633067,55.003241],[119.68214,55.002875],[119.694021,55.016547],[119.660085,55.05036],[119.661062,55.07864],[119.817149,55.139472],[119.832042,55.158067],[119.812511,55.17414],[119.85434,55.214626],[119.970225,55.248643],[119.914968,55.276557],[120.012706,55.311225],[120.165701,55.42418],[120.350597,55.441026],[120.364513,55.406928],[120.49879,55.386542],[120.546153,55.409003],[120.540538,55.438056],[120.593842,55.447862],[120.606537,55.471991],[120.677257,55.464789],[120.691173,55.502387],[120.750906,55.516791],[120.792491,55.572048],[120.857921,55.562527],[120.830984,55.621039],[120.902192,55.591905],[120.992686,55.597113],[121.032156,55.628241],[121.112804,55.638739],[121.203298,55.694892],[121.281749,55.695136],[121.320974,55.654649],[121.367931,55.667589],[121.340587,55.688096],[121.360444,55.6942],[121.552989,55.708564],[121.574474,55.725857],[121.532319,55.760077],[121.537852,55.774929],[121.607432,55.830146],[121.517589,55.861274],[121.522878,55.905544],[121.49822,55.934516],[121.538585,55.950059],[121.547374,55.991278],[121.605453,56.0]]}},{"type":"Feature","id":"ne_10m_rivers_lake_centerlines-687","properties":{"name":"Künes","nameEn":"Künes","nameOrigin":"natural-earth-original","sourceName":"Künes","sourceDataset":"ne_10m_rivers_lake_centerlines","sourceFeatureIndex":687,"sourceId":461,"scalerank":7.0,"minZoom":6.0,"min_zoom":6.0,"featurecla":"River"},"geometry":{"type":"LineString","coordinates":[[84.959565,43.366807],[84.926199,43.371527],[84.870616,43.299343],[84.738699,43.244167],[84.460704,43.270941],[84.361339,43.257188],[84.146495,43.311469],[84.028087,43.321112],[83.844493,43.381781],[83.725515,43.455756],[83.556407,43.46662],[83.416026,43.511746],[83.160167,43.537218],[82.83196,43.521104],[82.650645,43.554145],[82.535818,43.598253],[82.368175,43.613593],[82.219249,43.593329],[81.986908,43.656521],[81.752452,43.620673]]}},{"type":"Feature","id":"ne_10m_rivers_lake_centerlines-693","properties":{"name":"Sapt","nameEn":"Sapt","nameOrigin":"natural-earth-original","sourceName":"Sapt","sourceDataset":"ne_10m_rivers_lake_centerlines","sourceFeatureIndex":693,"sourceId":467,"scalerank":7.0,"minZoom":6.0,"min_zoom":6.0,"featurecla":"River"},"geometry":{"type":"LineString","coordinates":[[85.754649,28.551581],[85.726654,28.63349],[85.788666,28.687445],[85.83196,28.669135],[86.077403,28.653998],[86.121755,28.67532],[86.156342,28.753201],[86.261974,28.807563],[86.398936,28.776923],[86.427257,28.669501],[86.495128,28.606228],[86.580496,28.626736],[87.008393,28.592597],[87.118256,28.620469],[87.180919,28.598741],[87.273448,28.612087],[87.364757,28.585069],[87.464366,28.506903],[87.512462,28.499783],[87.605235,28.441026],[87.614838,28.422471],[87.563406,28.40705],[87.468354,28.337999],[87.450694,28.27379],[87.357921,28.263617],[87.333263,28.198554],[87.337169,28.132188],[87.369558,28.090033],[87.385753,28.013129],[87.371593,27.91413],[87.413097,27.873155],[87.442556,27.774278],[87.362722,27.75019],[87.372325,27.689805],[87.330577,27.599433],[87.214854,27.537136],[87.140391,27.456122],[87.149343,27.413601],[87.202078,27.350938],[87.214122,27.248114],[87.246674,27.224148],[87.27589,27.153144],[87.197276,27.082099],[87.197032,27.011908],[87.162608,26.956488],[87.175141,26.903022],[87.159923,26.848456],[87.003917,26.722968],[86.961436,26.604804],[86.968028,26.556708],[86.926036,26.496609],[86.754649,26.364936],[86.637299,26.318142],[86.528331,26.154242],[86.461681,26.090644],[86.418468,25.98961],[86.453054,25.874091],[86.419444,25.810614],[86.467214,25.720649],[86.592214,25.629503],[86.659679,25.625678],[86.73406,25.543077],[86.72934,25.527859],[86.809825,25.467353],[86.928803,25.47956],[87.036062,25.426459],[87.187104,25.461208],[87.259776,25.434149],[87.331635,25.455675],[87.474132,25.425482],[87.608328,25.371161],[87.631847,25.331366],[87.70696,25.299872],[87.758311,25.244208]]}},{"type":"Feature","id":"ne_10m_rivers_lake_centerlines-696","properties":{"name":"Mekong","nameEn":"Mekong","nameOrigin":"natural-earth-original","sourceName":"Mekong","sourceDataset":"ne_10m_rivers_lake_centerlines","sourceFeatureIndex":696,"sourceId":46,"scalerank":2.0,"minZoom":2.1,"min_zoom":2.1,"featurecla":"River"},"geometry":{"type":"MultiLineString","coordinates":[[[103.090343,18.13703],[103.138194,18.166856],[103.167898,18.249945],[103.295014,18.28795],[103.233165,18.349473],[103.260509,18.400417],[103.386241,18.441677],[103.548432,18.415595],[103.695242,18.35338],[103.784272,18.344102],[103.857432,18.286648],[103.88087,18.284613],[103.950857,18.333197],[104.018321,18.299343],[104.122,18.095486],[104.21046,18.008857],[104.269949,17.874213],[104.352306,17.819525],[104.451671,17.666124],[104.70224,17.527533],[104.792247,17.423692],[104.81894,17.361274],[104.813975,17.1942],[104.740001,17.002753],[104.778575,16.705105],[104.752859,16.615017],[104.754242,16.52912],[104.855072,16.454291],[104.907725,16.353583],[105.015147,16.276882],[105.032319,16.165473],[105.057872,16.121365],[105.237071,16.050971],[105.421641,16.010077],[105.362234,15.955024],[105.360362,15.919542],[105.411713,15.799994],[105.447765,15.765082],[105.524994,15.763699],[105.612641,15.721706],[105.650483,15.634833],[105.604015,15.439399],[105.485932,15.375067],[105.482921,15.334744],[105.632498,15.320136],[105.675548,15.229763],[105.766694,15.132921]],[[101.563569,17.820502],[101.57724,17.868272],[101.600027,17.85456],[101.635834,17.894965],[101.72877,17.91238],[101.790131,18.073757],[101.883556,18.031073],[101.903819,18.037299],[102.078136,18.214057],[102.171641,18.200507],[102.191173,18.152289],[102.306407,18.051622],[102.366222,18.039008],[102.445079,17.977891],[102.599294,17.95539],[102.611908,17.915473],[102.5949,17.84101],[102.682546,17.810329],[102.672781,17.865546],[102.852306,17.972235],[102.9546,18.012315],[103.037608,17.990912],[103.072765,18.035753],[103.065929,18.112494],[103.092296,18.141425]],[[105.781749,15.120551],[105.833914,15.091905],[105.855072,15.041205],[105.896983,15.003607],[105.903087,14.824042],[105.935476,14.766466],[105.923106,14.721951],[105.87672,14.671088],[105.85255,14.55211],[105.880056,14.322211],[105.815929,14.102891],[105.879405,14.013861],[105.976329,13.966132],[105.97226,13.919745],[106.003347,13.876492],[105.97519,13.778632],[106.036713,13.686306],[106.013764,13.597032],[105.944265,13.513943],[105.904877,13.40644],[105.956391,13.332587],[105.967784,13.248562],[106.045909,13.154731],[106.043061,13.03502],[105.958914,12.809678],[106.007335,12.713568],[106.016775,12.598212],[105.998057,12.523261],[106.037527,12.438747],[106.048106,12.331122],[106.027599,12.286648],[105.983328,12.261746],[105.808849,12.25495],[105.572032,12.294053],[105.537201,12.233954],[105.556651,12.141669],[105.523692,12.055732],[105.474539,12.009467],[105.45753,11.935085],[105.410492,11.910834],[105.346609,11.934882],[105.183523,11.940253],[105.148529,11.919257],[105.121674,11.859646],[104.993256,11.839464],[104.983816,11.806952],[105.02003,11.767768],[104.946788,11.685004],[104.952403,11.594997]],[[104.950043,11.592556],[104.951182,11.590481]],[[104.951182,11.590888],[104.951182,11.590481]],[[104.951182,11.590481],[104.985444,11.554145],[105.157725,11.479519],[105.258067,11.397528],[105.290294,11.233018],[105.236339,11.154893],[105.193614,11.022284],[105.215587,10.845282],[105.241222,10.805854],[105.314464,10.797065],[105.347992,10.764716],[105.386974,10.599189],[105.514659,10.529731],[105.566335,10.456366],[105.631358,10.41706],[105.711436,10.402289],[105.799734,10.319688],[106.118663,10.237576]],[[104.951182,11.590481],[104.951427,11.48074],[105.050385,11.444037],[105.013682,11.378526],[105.056651,11.316352],[105.042979,11.224677],[105.071218,11.176581],[105.065115,10.98432],[105.083263,10.955919],[105.113292,10.949042],[105.097341,10.898953],[105.108897,10.85224],[105.086355,10.813829],[105.135265,10.711859],[105.214366,10.674343],[105.253347,10.575751],[105.334727,10.54503],[105.353038,10.466986],[105.439138,10.414984],[105.663503,10.147732],[105.837983,10.004991]]]}},{"type":"Feature","id":"ne_10m_rivers_lake_centerlines-700","properties":{"name":"闽江","nameEn":"Min","nameOrigin":"editorial-translation","sourceName":"Min","sourceDataset":"ne_10m_rivers_lake_centerlines","sourceFeatureIndex":700,"sourceId":473,"scalerank":7.0,"minZoom":6.0,"min_zoom":6.0,"featurecla":"River"},"geometry":{"type":"LineString","coordinates":[[117.489187,27.866319],[117.441417,27.708075],[117.39796,27.693956],[117.343435,27.618516],[117.337901,27.538642],[117.445811,27.361599],[117.578624,27.263007],[117.580333,27.162177],[117.675548,27.055609],[117.668875,27.022325],[117.750011,26.910224],[117.780854,26.815212],[117.835134,26.777533],[117.894216,26.790066],[117.982432,26.755927],[118.003184,26.694525],[117.962169,26.633083],[118.013682,26.591417],[118.092459,26.591417],[118.157725,26.642646],[118.236501,26.625596],[118.366791,26.547634],[118.408295,26.468858],[118.387299,26.417914],[118.408783,26.404079],[118.65797,26.417914],[118.678233,26.363308],[118.853526,26.273871],[118.842052,26.248725],[118.866954,26.220771],[119.024832,26.201036],[119.093761,26.145819]]}},{"type":"Feature","id":"ne_10m_rivers_lake_centerlines-708","properties":{"name":"Dihang","nameEn":"Dihang","nameOrigin":"natural-earth-original","sourceName":"Dihang","sourceDataset":"ne_10m_rivers_lake_centerlines","sourceFeatureIndex":708,"sourceId":47,"scalerank":2.0,"minZoom":2.1,"min_zoom":2.1,"featurecla":"River"},"geometry":{"type":"LineString","coordinates":[[94.355968,29.309516],[94.482595,29.428494],[94.582286,29.481798],[94.654552,29.48904],[94.706554,29.464138],[94.817312,29.491767],[94.924083,29.609565],[94.885916,29.633083],[94.916596,29.668809],[94.891694,29.697211],[94.903575,29.71601],[94.954845,29.756944],[95.124522,29.764228],[95.092459,29.813666],[95.128835,29.880194],[95.195079,29.89293],[95.224132,29.866523],[95.296479,29.863145],[95.307546,29.843533],[95.288259,29.811225],[95.384044,29.771104],[95.388194,29.594916],[95.425955,29.537177],[95.437266,29.463813],[95.254649,29.288398],[95.201752,29.278835],[95.044444,29.17654],[95.000906,29.16824],[94.997569,29.130439],[94.908702,29.051052],[94.904796,29.020941],[94.831147,28.950466],[94.788503,28.934597],[94.773448,28.854438],[94.793468,28.824083],[94.915457,28.82099],[94.92685,28.742987],[94.975597,28.712226],[94.977306,28.682725],[94.999115,28.681952],[95.097992,28.539374],[95.092459,28.405788],[94.992931,28.286444],[94.989513,28.250556],[95.031993,28.173651],[95.129893,28.148057],[95.200125,28.178331],[95.255056,28.168036],[95.316173,28.088731],[95.393077,28.054389],[95.396495,28.002956]]}},{"type":"Feature","id":"ne_10m_rivers_lake_centerlines-712","properties":{"name":"Sreng","nameEn":"Sreng","nameOrigin":"natural-earth-original","sourceName":"Sreng","sourceDataset":"ne_10m_rivers_lake_centerlines","sourceFeatureIndex":712,"sourceId":483,"scalerank":7.0,"minZoom":6.0,"min_zoom":6.0,"featurecla":"River"},"geometry":{"type":"LineString","coordinates":[[104.264903,14.260077],[104.228526,14.280341],[104.155284,14.279893],[103.85019,14.148383],[103.672374,13.985948],[103.420339,13.871934],[103.431407,13.715522],[103.40325,13.648261],[103.405284,13.428168],[103.421886,13.382392],[103.461192,13.35696],[103.506114,13.362494],[103.556895,13.278022],[103.687429,13.224677]]}},{"type":"Feature","id":"ne_10m_rivers_lake_centerlines-714","properties":{"name":"Mamas","nameEn":"Mamas","nameOrigin":"natural-earth-original","sourceName":"Mamas","sourceDataset":"ne_10m_rivers_lake_centerlines","sourceFeatureIndex":714,"sourceId":485,"scalerank":7.0,"minZoom":6.0,"min_zoom":6.0,"featurecla":"River"},"geometry":{"type":"LineString","coordinates":[[91.776541,28.291856],[91.777761,28.08393],[91.828136,27.939805],[91.74822,27.802273],[91.751231,27.708116],[91.6963,27.592597],[91.685313,27.515815],[91.579519,27.433214],[91.529226,27.321804],[91.391775,27.243028],[91.358002,27.105984],[91.219656,27.012641],[91.162364,26.890448],[91.025401,26.879096],[90.945242,26.838324],[90.95753,26.787543],[90.908132,26.728135],[90.91505,26.653876],[90.84075,26.482733],[90.856456,26.41946],[90.799083,26.331081],[90.750255,26.318712],[90.722667,26.263983],[90.660574,26.243109],[90.648692,26.192979]]}},{"type":"Feature","id":"ne_10m_rivers_lake_centerlines-715","properties":{"name":"Ou","nameEn":"Ou","nameOrigin":"natural-earth-original","sourceName":"Ou","sourceDataset":"ne_10m_rivers_lake_centerlines","sourceFeatureIndex":715,"sourceId":486,"scalerank":7.0,"minZoom":6.0,"min_zoom":6.0,"featurecla":"River"},"geometry":{"type":"LineString","coordinates":[[101.759288,22.434149],[101.75294,22.374864],[101.819021,22.210069],[101.778819,22.070828],[101.785167,22.030056],[101.823416,22.052843],[102.090587,22.089382],[102.182628,22.124132],[102.225841,22.112494],[102.253917,22.080024],[102.315359,21.917426],[102.28655,21.871772],[102.198985,21.812812],[102.186941,21.777045],[102.212576,21.695136],[102.257253,21.662706],[102.255056,21.627061],[102.326101,21.573676],[102.34669,21.352118],[102.390554,21.288764],[102.458751,21.26557],[102.497813,21.085313],[102.686127,21.065497],[102.747813,20.999864],[102.769216,20.910915],[102.756114,20.878241],[102.660818,20.816921],[102.670095,20.706122],[102.638113,20.592719],[102.580577,20.578559],[102.557221,20.470242],[102.441173,20.381537],[102.421316,20.292792],[102.359955,20.250556],[102.302989,20.119167],[102.224213,20.048651]]}},{"type":"Feature","id":"ne_10m_rivers_lake_centerlines-721","properties":{"name":"Buh","nameEn":"Buh","nameOrigin":"natural-earth-original","sourceName":"Buh","sourceDataset":"ne_10m_rivers_lake_centerlines","sourceFeatureIndex":721,"sourceId":491,"scalerank":7.0,"minZoom":6.0,"min_zoom":6.0,"featurecla":"River"},"geometry":{"type":"LineString","coordinates":[[98.864268,38.158718],[98.871104,38.124579],[98.797537,37.991034],[98.816417,37.943305],[98.80714,37.898383],[98.692882,37.726671],[98.598725,37.692694],[98.644542,37.638536],[98.702891,37.445828],[98.750987,37.411404],[98.965912,37.363593],[99.140229,37.268134],[99.565684,37.132351],[99.784272,37.004462],[99.838796,37.000271]]}},{"type":"Feature","id":"ne_10m_rivers_lake_centerlines-725","properties":{"name":"Esil","nameEn":"Esil","nameOrigin":"natural-earth-original","sourceName":"Esil","sourceDataset":"ne_10m_rivers_lake_centerlines","sourceFeatureIndex":725,"sourceId":495,"scalerank":7.0,"minZoom":6.0,"min_zoom":6.0,"featurecla":"River"},"geometry":{"type":"LineString","coordinates":[[73.074311,50.630154],[72.939952,50.630154],[72.898936,50.610216],[72.866791,50.653754],[72.698009,50.703192],[72.583588,50.699001],[72.539643,50.718085],[72.3803,50.730048],[72.23406,50.802069],[72.164073,50.862006],[72.162608,50.890815],[72.21046,50.937567],[72.206391,51.020046],[72.152354,50.98017],[72.073416,51.021104],[72.003429,51.023261],[71.90919,51.076361],[71.867686,51.076361],[71.850597,51.048448],[71.808116,51.039984],[71.685476,51.117377],[71.480724,51.109931],[71.435639,51.152045],[71.059174,51.267605],[70.980398,51.309149],[70.814464,51.294013],[70.589366,51.336453],[70.568777,51.317084],[70.373139,51.266872],[70.198985,51.281806],[70.082774,51.327582],[70.0,51.337815]]}},{"type":"Feature","id":"ne_10m_rivers_lake_centerlines-727","properties":{"name":"Katun","nameEn":"Katun","nameOrigin":"natural-earth-original","sourceName":"Katun","sourceDataset":"ne_10m_rivers_lake_centerlines","sourceFeatureIndex":727,"sourceId":497,"scalerank":7.0,"minZoom":6.0,"min_zoom":6.0,"featurecla":"River"},"geometry":{"type":"MultiLineString","coordinates":[[[85.775808,51.695583],[85.795095,51.708564],[85.739024,51.766181],[85.754649,51.819648],[85.788829,51.846991],[85.740326,51.860663],[85.876475,51.919501],[85.837169,51.982978],[85.907237,52.036689],[85.922781,52.089667],[85.834972,52.270209],[85.828543,52.343085],[85.764903,52.42296],[85.678966,52.443468],[85.53004,52.441921],[85.316417,52.490668],[85.158702,52.470771],[85.137706,52.436632],[85.056163,52.433621]],[[86.302745,49.640448],[86.152354,49.640448],[86.001882,49.610297]],[[85.996104,49.610297],[85.735606,49.624132],[85.703217,49.67829],[85.62379,49.714911],[85.606049,49.752956],[85.495616,49.832221],[85.488862,49.942084],[85.431651,49.982449],[85.433604,50.041449],[85.494233,50.216824],[85.66448,50.291449],[86.000011,50.209988],[86.078298,50.148139],[86.234386,50.148871],[86.3178,50.181708],[86.612885,50.181708],[86.723155,50.28913],[86.694835,50.393988],[86.633393,50.452338],[86.647716,50.502997],[86.593761,50.529608],[86.521007,50.611599],[86.539236,50.668158],[86.492198,50.703803],[86.531505,50.772976],[86.462494,50.780382],[86.482595,50.793769],[86.41269,50.876085],[86.339692,50.890245],[86.288259,50.939032],[86.270112,50.992703],[86.16155,51.109402],[86.19337,51.157782],[86.092703,51.191962],[86.092703,51.232937],[86.034434,51.331855],[86.03297,51.373603],[85.997813,51.389716],[85.986908,51.495388],[85.923269,51.545233],[85.908132,51.582709],[85.80071,51.634955],[85.77003,51.695583]]]}},{"type":"Feature","id":"ne_10m_rivers_lake_centerlines-754","properties":{"name":"Brahmaputra","nameEn":"Brahmaputra","nameOrigin":"natural-earth-original","sourceName":"Brahmaputra","sourceDataset":"ne_10m_rivers_lake_centerlines","sourceFeatureIndex":754,"sourceId":51,"scalerank":2.0,"minZoom":2.1,"min_zoom":2.1,"featurecla":"River"},"geometry":{"type":"MultiLineString","coordinates":[[[95.396495,28.002956],[95.47169,27.871365],[95.459483,27.843858],[95.293468,27.742784],[95.098155,27.691352],[95.081147,27.640448],[95.135753,27.687567],[95.139415,27.629584],[94.916596,27.57156],[94.868175,27.502997],[94.817556,27.499538],[94.761811,27.458319],[94.757823,27.419257],[94.649832,27.351833],[94.670095,27.338731],[94.631847,27.316107],[94.615001,27.276679],[94.662852,27.311469],[94.681407,27.305691],[94.676687,27.282009],[94.615001,27.249376],[94.601329,27.194159],[94.587576,27.228868],[94.571056,27.218085],[94.554779,27.101386],[94.500906,27.096869],[94.448416,27.059394],[94.432221,27.007758],[94.308116,26.927598],[94.196869,26.92418],[94.121593,26.852159],[94.113292,26.869452],[94.135183,26.906806],[94.113455,26.912421],[93.927013,26.831651],[93.863373,26.765937],[93.751557,26.732042],[93.656668,26.714952],[93.567963,26.75198],[93.439952,26.768093],[93.368337,26.718451],[93.274343,26.737128],[93.119151,26.647488],[92.898448,26.65351],[92.85377,26.612006],[92.710704,26.611355],[92.657156,26.590847],[92.594737,26.517524],[92.401541,26.5362],[92.24464,26.471544],[92.230235,26.44123],[92.202647,26.454617],[92.172781,26.442939],[92.075776,26.380154],[92.056895,26.30329],[91.665294,26.166449],[91.606944,26.1706],[91.498139,26.139757],[91.39088,26.170437],[91.288178,26.165595],[91.135509,26.213568],[90.84962,26.130439],[90.682058,26.190009],[90.490001,26.228868],[90.421479,26.168402],[89.954194,26.010688],[89.846446,25.888739],[89.736827,25.69184],[89.697765,25.572943],[89.707612,25.483344],[89.670909,25.324327],[89.702647,25.241767],[89.626231,25.074774],[89.614268,24.937079],[89.715831,24.726426],[89.767996,24.549587],[89.754649,24.283271],[89.733165,24.22366],[89.739675,24.122992],[89.696788,24.016059],[89.700287,23.958116],[89.785655,23.796739],[89.855072,23.746609],[89.908621,23.67414],[89.985037,23.644355],[90.250092,23.461982]],[[89.755463,24.274441],[89.826101,24.195136],[89.826427,24.137559],[89.8838,24.131049],[89.970307,24.034857],[90.050955,24.035468],[90.044932,24.021796],[90.094737,24.005968],[90.114675,23.955919],[90.212169,23.915635],[90.250418,23.836249],[90.220225,23.729356],[90.315115,23.750556],[90.466889,23.643866],[90.476329,23.631415],[90.458018,23.608507],[90.476329,23.582953]]]}},{"type":"Feature","id":"ne_10m_rivers_lake_centerlines-772","properties":{"name":"Bhima","nameEn":"Bhima","nameOrigin":"natural-earth-original","sourceName":"Bhima","sourceDataset":"ne_10m_rivers_lake_centerlines","sourceFeatureIndex":772,"sourceId":535,"scalerank":7.0,"minZoom":6.0,"min_zoom":6.0,"featurecla":"River"},"geometry":{"type":"LineString","coordinates":[[73.694021,19.005398],[73.780772,18.951972],[73.877452,18.848822],[73.947276,18.731024],[73.99822,18.705837],[73.988292,18.683295],[74.063975,18.638861],[74.135916,18.604763],[74.201752,18.621853],[74.263194,18.670233],[74.324229,18.579779],[74.407237,18.573432],[74.467377,18.52558],[74.471934,18.546251],[74.50587,18.498318],[74.546641,18.504462],[74.573741,18.478827],[74.64739,18.459581],[74.668712,18.497016],[74.708914,18.504259],[74.715831,18.407091],[74.790701,18.39586],[74.807872,18.351182],[74.84075,18.339219],[74.840587,18.3133],[74.796967,18.285997],[74.855398,18.253607],[74.928803,18.257676],[74.98463,18.237982],[75.02296,18.251288],[75.005626,18.201117],[75.088959,18.216091],[75.084483,18.131781],[75.094005,18.116319],[75.153901,18.114691],[75.151866,18.095649],[75.088145,18.063178],[75.017345,17.977729],[75.04713,17.963894],[75.10434,18.002021],[75.133067,17.995551],[75.18808,17.943427],[75.125987,17.888129],[75.194347,17.878241],[75.163259,17.787177],[75.188569,17.7685],[75.268891,17.761176],[75.297944,17.717475],[75.362234,17.679999],[75.448171,17.710639],[75.457123,17.657172],[75.514903,17.645697],[75.506765,17.610704],[75.541921,17.601345],[75.577891,17.553005],[75.653575,17.539374],[75.624034,17.483588],[75.659597,17.467149],[75.677989,17.42532],[75.740652,17.415717],[75.783946,17.374823],[75.831716,17.417019],[75.845307,17.402167],[75.870046,17.416205],[75.897553,17.35224],[75.936534,17.325954],[76.009858,17.353787],[76.046153,17.344184],[76.082612,17.293077],[76.071869,17.265652],[76.126475,17.243923],[76.170909,17.196723],[76.254405,17.160997],[76.3449,17.181464],[76.359304,17.148301],[76.387218,17.148301],[76.361908,17.119208],[76.387218,17.093085],[76.380382,17.066352],[76.448416,17.140448],[76.558604,17.182196],[76.572276,17.176215],[76.510753,17.086859],[76.579031,17.093085],[76.565847,17.074042],[76.579031,17.059597],[76.616791,17.086859],[76.657644,17.086859],[76.68214,17.066352],[76.735362,17.152167],[76.764659,17.13406],[76.764659,17.093085],[76.806651,17.043647],[76.852631,17.059597],[76.905854,17.043036],[76.930431,16.991563],[76.938731,16.895087],[76.894216,16.839871],[76.90683,16.825466],[76.940196,16.832465],[77.133718,16.726589],[77.13087,16.648017],[77.164073,16.637519],[77.167247,16.576606],[77.198171,16.517646],[77.284679,16.41531]]}},{"type":"Feature","id":"ne_10m_rivers_lake_centerlines-773","properties":{"name":"Tista","nameEn":"Tista","nameOrigin":"natural-earth-original","sourceName":"Tista","sourceDataset":"ne_10m_rivers_lake_centerlines","sourceFeatureIndex":773,"sourceId":536,"scalerank":7.0,"minZoom":6.0,"min_zoom":6.0,"featurecla":"River"},"geometry":{"type":"LineString","coordinates":[[88.591807,27.695095],[88.667003,27.57156],[88.646983,27.549913],[88.543956,27.523749],[88.5206,27.401557],[88.44044,27.276679],[88.495372,27.232937],[88.533214,27.154324],[88.434662,27.066596],[88.459727,26.926947],[88.664154,26.663601],[88.739187,26.59516],[88.775076,26.460069],[88.937266,26.276679],[89.093435,26.138495],[89.167247,25.954047],[89.22934,25.923285],[89.317963,25.830512],[89.39503,25.820014],[89.483002,25.759792],[89.537852,25.674384],[89.5595,25.559353],[89.660737,25.525662],[89.668956,25.467637],[89.697032,25.432644]]}},{"type":"Feature","id":"ne_10m_rivers_lake_centerlines-774","properties":{"name":"Kong","nameEn":"Kong","nameOrigin":"natural-earth-original","sourceName":"Kong","sourceDataset":"ne_10m_rivers_lake_centerlines","sourceFeatureIndex":774,"sourceId":537,"scalerank":7.0,"minZoom":6.0,"min_zoom":6.0,"featurecla":"River"},"geometry":{"type":"LineString","coordinates":[[107.367686,16.107449],[107.319835,16.181912],[107.259288,16.227607],[107.154063,16.203925],[107.087169,16.148383],[107.096283,16.129177],[107.052989,16.140937],[107.036143,16.046983],[106.9463,15.982774],[106.898855,15.878201],[106.7588,15.833075],[106.772472,15.781277],[106.7588,15.729356],[106.812104,15.719794],[106.814464,15.681993],[106.833263,15.688422],[106.792247,15.637519],[106.785492,15.548163],[106.805919,15.524604],[106.75172,15.500271],[106.730886,15.448839],[106.751964,15.455675],[106.779307,15.375271],[106.711518,15.330634],[106.72934,15.285509],[106.780365,15.249294],[106.833263,15.105577],[106.88795,15.072089],[106.86964,15.05211],[106.881602,14.948594],[106.83489,14.908759],[106.846934,14.866482],[106.792247,14.852362],[106.833263,14.818223],[106.781993,14.814805],[106.672455,14.702826],[106.594737,14.67536],[106.545909,14.599148],[106.471934,14.564276],[106.484386,14.523993],[106.436046,14.523993],[106.444835,14.499701],[106.418793,14.466661],[106.333018,14.44831],[106.326182,14.3664],[106.34669,14.324774],[106.331391,14.311632],[106.312511,14.332221],[106.298839,14.317939],[106.365815,14.275824],[106.374522,14.263373],[106.348399,14.245958],[106.42921,14.181423],[106.429698,14.158962],[106.307221,13.983751],[106.295502,13.876492],[106.250418,13.818305],[106.257823,13.777371],[106.230479,13.742621],[106.175955,13.728949],[106.162364,13.680487],[106.07724,13.586493],[106.03183,13.571234]]}},{"type":"Feature","id":"ne_10m_rivers_lake_centerlines-775","properties":{"name":"嘉陵江","nameEn":"Jialing","nameOrigin":"editorial-translation","sourceName":"Jialing","sourceDataset":"ne_10m_rivers_lake_centerlines","sourceFeatureIndex":775,"sourceId":538,"scalerank":7.0,"minZoom":6.0,"min_zoom":6.0,"featurecla":"River"},"geometry":{"type":"LineString","coordinates":[[106.881602,34.207953],[106.826427,34.20421],[106.757904,34.146999],[106.6421,33.965196],[106.510916,33.924669],[106.424083,33.834906],[106.312592,33.795844],[106.276296,33.735297],[106.223725,33.759141],[106.209483,33.7237],[106.220307,33.666693],[106.070079,33.573432],[106.022227,33.51496],[106.0678,33.378974],[106.142345,33.322292],[106.128184,33.27497],[106.052419,33.204901],[106.045502,33.129177],[106.100841,33.080756],[106.059255,32.985175],[105.956716,32.933376],[105.914561,32.880968],[105.935802,32.824083],[105.935802,32.744981],[105.910167,32.744452],[105.901541,32.724473],[105.853282,32.54975],[105.860606,32.491767],[105.836518,32.445828],[105.79184,32.423448],[105.805431,32.395535],[105.750662,32.38703],[105.709076,32.31977],[105.737804,32.303778],[105.715424,32.272732],[105.737722,32.205105],[105.688731,32.149115],[105.715424,32.12877],[105.695567,32.052924],[105.749766,31.992377],[105.743337,31.943061],[105.784923,31.943061],[105.812755,31.964179],[105.822846,31.940863],[105.805431,31.922553],[105.853282,31.908881],[105.825857,31.874132],[105.833425,31.84748],[105.881114,31.854926],[105.873139,31.82335],[105.8921,31.799384],[105.943289,31.799628],[105.933849,31.749091],[105.956716,31.737616],[105.938731,31.708564],[105.963145,31.6824],[105.935802,31.6824],[105.928803,31.641384],[105.956716,31.635199],[105.97047,31.573106],[106.008067,31.614691],[106.059255,31.568671],[106.060802,31.537787],[106.021007,31.511339],[106.039806,31.448513],[106.0206,31.400255],[106.134939,31.354031],[106.117279,31.337917],[106.12322,31.310655],[106.197032,31.361436],[106.213878,31.32628],[106.258556,31.308173],[106.267833,31.26789],[106.211436,31.211249],[106.243337,31.207139],[106.296641,31.131863],[106.346202,31.120307],[106.343435,31.083075],[106.39503,31.045518],[106.312511,31.02501],[106.356863,30.985297],[106.34669,30.97663],[106.256114,31.016669],[106.271495,30.992377],[106.258311,30.965115],[106.188406,30.959744],[106.180756,30.912787],[106.079682,30.761257],[106.115652,30.711249],[106.100841,30.696112],[106.058442,30.707302],[106.057384,30.665717],[106.107026,30.668769],[106.118907,30.649929],[106.062999,30.620958],[106.066742,30.566352],[106.098399,30.574286],[106.089366,30.531806],[106.145112,30.553494],[106.141694,30.483181],[106.10377,30.499701],[106.095307,30.477851],[106.148529,30.449652],[106.164561,30.463446],[106.185964,30.413113],[106.210704,30.435981],[106.230479,30.387559],[106.279063,30.360297],[106.250418,30.339789],[106.268565,30.305365],[106.257823,30.264716],[106.236827,30.285183],[106.203217,30.203233],[106.233653,30.178412],[106.216889,30.14057],[106.264659,30.154853],[106.268484,30.124945],[106.289561,30.123847],[106.270925,30.09337],[106.31544,30.07099],[106.309662,30.028388],[106.273204,29.99726],[106.337494,29.989325],[106.333018,29.962999],[106.520112,29.769477],[106.516694,29.703437],[106.456391,29.704291],[106.459239,29.595567],[106.497813,29.577094],[106.586843,29.585639]]}},{"type":"Feature","id":"ne_10m_rivers_lake_centerlines-776","properties":{"name":"东江","nameEn":"Dong","nameOrigin":"editorial-translation","sourceName":"Dong","sourceDataset":"ne_10m_rivers_lake_centerlines","sourceFeatureIndex":776,"sourceId":539,"scalerank":7.0,"minZoom":6.0,"min_zoom":6.0,"featurecla":"River"},"geometry":{"type":"MultiLineString","coordinates":[[[115.707937,25.056505],[115.739757,24.964911],[115.689382,24.913275],[115.687999,24.871527],[115.624522,24.730007],[115.569347,24.662869],[115.497488,24.616807],[115.474294,24.494167],[115.412201,24.444932],[115.365245,24.467475],[115.36907,24.414862],[115.317393,24.398546],[115.327403,24.361029],[115.183686,24.278144],[115.177257,24.258897],[115.241954,24.206651],[115.248546,24.148464],[115.232514,24.109687],[115.163585,24.047553],[115.107432,24.031277],[115.057058,23.957709],[114.976329,23.890326],[114.933197,23.891466],[114.780528,23.821153],[114.720225,23.76907],[114.650076,23.572089],[114.686697,23.47309],[114.57073,23.389472],[114.522634,23.396348],[114.498627,23.375312],[114.502208,23.33336],[114.563894,23.26085],[114.550304,23.240343],[114.587332,23.211697],[114.583914,23.157782],[114.550304,23.171454],[114.514659,23.156073],[114.466075,23.186306],[114.408946,23.108588],[114.296397,23.157782],[114.249034,23.15644],[114.111501,23.057725],[114.058116,23.09394],[114.01588,23.080268],[113.974213,23.100409],[113.843516,23.110256]],[[114.636485,23.735948],[114.657237,23.723822],[114.707286,23.746853]],[[113.844005,23.110663],[113.843516,23.110256]],[[113.843516,23.110256],[113.830333,23.117499]],[[113.843516,23.110256],[113.756847,23.07156],[113.617768,22.949286]]]}},{"type":"Feature","id":"ne_10m_rivers_lake_centerlines-778","properties":{"name":"雅砻江","nameEn":"Yalong","nameOrigin":"editorial-translation","sourceName":"Yalong","sourceDataset":"ne_10m_rivers_lake_centerlines","sourceFeatureIndex":778,"sourceId":540,"scalerank":7.0,"minZoom":6.0,"min_zoom":6.0,"featurecla":"River"},"geometry":{"type":"LineString","coordinates":[[97.616628,34.064236],[97.591319,34.033718],[97.345714,33.942084],[97.226736,33.834906],[97.159272,33.809638],[97.251557,33.458319],[97.344168,33.360907],[97.431651,33.341417],[97.564545,33.376166],[97.695404,33.361925],[97.768077,33.409735],[97.800548,33.402371],[97.875662,33.343329],[97.904063,33.272528],[97.951264,33.228624],[98.045665,33.215115],[98.071056,33.187527],[98.157807,33.170193],[98.237641,33.1164],[98.319753,33.0456],[98.391612,32.904975],[98.593272,32.841173],[98.643891,32.890163],[98.761241,32.820665],[98.765636,32.833686],[98.816905,32.817694],[98.862397,32.752875],[98.99407,32.766059],[99.04184,32.738105],[99.103933,32.635118],[99.064464,32.539618],[99.082612,32.443915],[99.019786,32.408637],[99.010265,32.383653],[98.938243,32.361151],[98.952891,32.299913],[99.072765,32.278835],[99.142019,32.308214],[99.264415,32.280626],[99.348399,32.147162],[99.455333,32.102973],[99.494151,31.99079],[99.576182,31.916327],[99.635834,31.896755],[99.665538,31.806464],[99.737641,31.762152],[99.806163,31.651719],[99.970225,31.628852],[100.060557,31.595567],[100.090017,31.56627],[100.114024,31.480984],[100.226166,31.392117],[100.282319,31.25727],[100.309825,31.128038],[100.308849,30.959255],[100.266205,30.896023],[100.199962,30.881659],[100.149832,30.821112],[100.217703,30.626329],[100.332774,30.52501],[100.409434,30.50491],[100.453624,30.448798],[100.594005,30.419786],[100.606456,30.387152],[100.680919,30.34337],[100.750255,30.225898],[100.787364,30.221055],[100.80421,30.193427],[100.995697,30.203233],[100.98821,30.117255],[101.013194,30.101833],[101.003022,29.981147],[101.086925,29.859158],[101.080089,29.640489],[101.132253,29.565782],[101.124766,29.52794],[101.152354,29.464667],[101.107188,29.399726],[101.009369,29.359727],[101.040701,29.342353],[101.061697,29.1789],[101.105235,29.143256],[101.151378,29.029975],[101.150401,28.966661],[101.180675,28.948798],[101.175141,28.796454],[101.201101,28.749579],[101.242117,28.495185],[101.279796,28.399115],[101.365001,28.345526],[101.365001,28.304551],[101.385509,28.280707],[101.378917,28.166083],[101.487315,28.063056],[101.540538,28.073676],[101.571056,28.133857],[101.625418,28.180447],[101.666515,28.36286],[101.721202,28.407009],[101.746023,28.474392],[101.74822,28.550401],[101.84962,28.612087],[101.919932,28.620469],[101.937999,28.606757],[101.864268,28.442694],[101.883556,28.316514],[101.796397,28.160509],[101.769054,28.058173],[101.785574,28.028347],[101.854503,28.021674],[101.822846,27.980658],[101.872081,27.944892],[101.837901,27.886176],[101.882335,27.876532],[101.878917,27.838446],[101.91155,27.82453],[101.934255,27.743109],[101.9546,27.714911],[102.010834,27.707587],[102.015147,27.665839],[101.98878,27.612494],[102.001394,27.580675],[101.960867,27.365505],[101.858409,27.180487],[101.875662,27.150946],[101.815522,27.11461],[101.773692,27.011786],[101.687104,26.947781],[101.72519,26.848456],[101.796479,26.817694],[101.865245,26.742947],[101.796397,26.605089]]}},{"type":"Feature","id":"ne_10m_rivers_lake_centerlines-779","properties":{"name":"","nameEn":"","nameOrigin":"natural-earth-original","sourceName":null,"sourceDataset":"ne_10m_rivers_lake_centerlines","sourceFeatureIndex":779,"sourceId":541,"scalerank":7.0,"minZoom":6.0,"min_zoom":6.0,"featurecla":"River"},"geometry":{"type":"LineString","coordinates":[[80.940684,31.391547],[80.73585,31.382148],[80.631847,31.472113],[80.530284,31.46662],[80.451915,31.486396],[80.423595,31.5185],[80.389252,31.620917],[80.31129,31.711941],[80.292979,31.770209],[80.185476,31.869818],[80.042735,32.145697],[79.937266,32.238389],[79.904307,32.304145],[79.810802,32.39411],[79.700857,32.449571],[79.683116,32.497911]]}},{"type":"Feature","id":"ne_10m_rivers_lake_centerlines-784","properties":{"name":"Sittong","nameEn":"Sittong","nameOrigin":"natural-earth-original","sourceName":"Sittong","sourceDataset":"ne_10m_rivers_lake_centerlines","sourceFeatureIndex":784,"sourceId":546,"scalerank":7.0,"minZoom":6.0,"min_zoom":6.0,"featurecla":"River"},"geometry":{"type":"LineString","coordinates":[[95.786876,20.218207],[95.831147,20.193061],[95.930756,20.204617],[96.026866,20.165595],[96.121023,20.155951],[96.240815,20.069037],[96.241466,19.884141],[96.225678,19.827826],[96.231944,19.786892],[96.293956,19.711127],[96.300792,19.629218],[96.27825,19.62287],[96.307628,19.536078],[96.280284,19.451687],[96.321218,19.350531],[96.309825,19.323513],[96.355968,19.286566],[96.437999,19.15001],[96.424327,19.135769],[96.437999,19.032742],[96.451589,19.033067],[96.45989,18.951768],[96.498627,18.875922],[96.50058,18.856757],[96.449311,18.833441],[96.454845,18.692898],[96.615896,18.51199],[96.602468,18.498318],[96.678233,18.361151],[96.698822,18.196153],[96.717052,18.1706],[96.742686,18.172716],[96.756358,18.077175],[96.803966,18.053982],[96.821544,17.997992],[96.807872,17.984402],[96.86321,17.922919],[96.889903,17.765245],[96.881602,17.701199],[96.903412,17.672797],[96.883067,17.457384]]}},{"type":"Feature","id":"ne_10m_rivers_lake_centerlines-786","properties":{"name":"You","nameEn":"You","nameOrigin":"natural-earth-original","sourceName":"You","sourceDataset":"ne_10m_rivers_lake_centerlines","sourceFeatureIndex":786,"sourceId":548,"scalerank":7.0,"minZoom":6.0,"min_zoom":6.0,"featurecla":"River"},"geometry":{"type":"MultiLineString","coordinates":[[[105.257335,24.448065],[105.408214,24.3758],[105.477061,24.372138],[105.560802,24.329047],[105.636648,24.330024],[105.737315,24.295478],[105.845144,24.356024],[105.891368,24.312567],[105.88795,24.234687],[105.97047,24.183173],[106.020925,24.110867],[106.014903,24.059353],[106.097179,23.995307],[106.091401,23.956366],[106.190115,23.945828],[106.244558,23.975287],[106.322195,23.952094],[106.411632,23.981065],[106.456554,23.946112]],[[106.456554,23.946112],[106.545909,23.891466],[106.627208,23.896267],[106.673839,23.793077],[106.928152,23.754747],[106.92628,23.706081],[107.018647,23.626247],[107.244151,23.584337],[107.54005,23.32449],[107.6303,23.289089],[107.64796,23.21955],[107.768077,23.146552],[107.763438,23.111274],[107.810557,23.10456],[107.880626,23.034491],[107.981537,23.066921],[107.961436,22.990505],[108.040294,22.961737],[108.058197,22.898546],[108.042084,22.872178],[108.092296,22.844346]],[[106.456554,23.939276],[106.456554,23.946112]]]}},{"type":"Feature","id":"ne_10m_rivers_lake_centerlines-787","properties":{"name":"Mahi","nameEn":"Mahi","nameOrigin":"natural-earth-original","sourceName":"Mahi","sourceDataset":"ne_10m_rivers_lake_centerlines","sourceFeatureIndex":787,"sourceId":549,"scalerank":7.0,"minZoom":6.0,"min_zoom":6.0,"featurecla":"River"},"geometry":{"type":"LineString","coordinates":[[72.907319,22.278632],[72.918224,22.296332],[72.989024,22.261501],[73.039806,22.307237],[73.089773,22.49079],[73.244884,22.663275],[73.252045,22.778022],[73.33253,22.794989],[73.370535,22.829901],[73.367605,22.885525],[73.430431,22.970771],[73.427826,23.024766],[73.536388,23.098822],[73.57545,23.181342],[73.654552,23.213731],[73.682546,23.25613],[73.79241,23.268256],[73.851166,23.329698],[73.931244,23.348456],[73.990001,23.414496],[74.009939,23.491238],[74.104096,23.619005],[74.136811,23.773953],[74.256602,23.82392],[74.35198,23.888861],[74.453136,23.914496],[74.516531,23.874294],[74.547944,23.800727],[74.519054,23.657904],[74.548106,23.574815],[74.526541,23.53852],[74.605479,23.40766],[74.755626,23.29206],[74.73642,23.274482],[74.777273,23.232489],[74.794526,23.147406],[74.868582,23.132107],[74.932221,23.150946],[75.005382,23.102362],[75.008311,22.924099],[74.959727,22.81684],[74.973399,22.729804]]}},{"type":"Feature","id":"ne_10m_rivers_lake_centerlines-789","properties":{"name":"Tapi","nameEn":"Tapi","nameOrigin":"natural-earth-original","sourceName":"Tapi","sourceDataset":"ne_10m_rivers_lake_centerlines","sourceFeatureIndex":789,"sourceId":550,"scalerank":7.0,"minZoom":6.0,"min_zoom":6.0,"featurecla":"River"},"geometry":{"type":"LineString","coordinates":[[78.130789,21.700792],[77.997081,21.68419],[77.924327,21.725124],[77.811127,21.727647],[77.807221,21.773301],[77.778412,21.811103],[77.728933,21.821397],[77.296397,21.804796],[77.302013,21.787421],[77.196869,21.733669],[77.069347,21.712348],[76.91741,21.618191],[76.813975,21.600165],[76.771088,21.512722],[76.67335,21.453233],[76.606863,21.438992],[76.492605,21.45128],[76.343435,21.399848],[76.072276,21.171169],[76.057384,21.139838],[76.000418,21.102403],[75.867686,21.060858],[75.771495,21.062934],[75.440196,21.17003],[75.303152,21.148261],[75.239838,21.149766],[75.177013,21.178778],[75.066661,21.170844],[75.014089,21.186306],[74.902599,21.264024],[74.827891,21.280951],[74.762218,21.36046],[74.681244,21.399766],[74.404877,21.444119],[74.313894,21.517157],[74.134044,21.515937],[73.906505,21.461982],[73.713145,21.310655],[73.71046,21.264106],[73.691905,21.247382],[73.388438,21.280382],[73.183197,21.227322],[73.071056,21.293769],[72.998139,21.308132],[72.92685,21.276964],[72.877452,21.229315],[72.801768,21.244656],[72.805186,21.190863],[72.728608,21.148057]]}},{"type":"Feature","id":"ne_10m_rivers_lake_centerlines-790","properties":{"name":"Sankh","nameEn":"Sankh","nameOrigin":"natural-earth-original","sourceName":"Sankh","sourceDataset":"ne_10m_rivers_lake_centerlines","sourceFeatureIndex":790,"sourceId":551,"scalerank":7.0,"minZoom":6.0,"min_zoom":6.0,"featurecla":"River"},"geometry":{"type":"LineString","coordinates":[[83.903412,23.198065],[83.943858,23.178331],[83.987722,23.05626],[84.073009,22.994493],[84.129324,22.984565],[84.176036,22.999579],[84.217296,23.11282],[84.241466,23.116767],[84.391368,22.967597],[84.388438,22.818223],[84.422862,22.656114],[84.393565,22.606269],[84.31894,22.556464],[84.309093,22.498725],[84.339936,22.453925],[84.511974,22.325385],[84.622081,22.314399],[84.668061,22.265204]]}},{"type":"Feature","id":"ne_10m_rivers_lake_centerlines-791","properties":{"name":"北江","nameEn":"Bei","nameOrigin":"editorial-translation","sourceName":"Bei","sourceDataset":"ne_10m_rivers_lake_centerlines","sourceFeatureIndex":791,"sourceId":552,"scalerank":7.0,"minZoom":6.0,"min_zoom":6.0,"featurecla":"River"},"geometry":{"type":"LineString","coordinates":[[112.528819,25.317247],[112.721609,25.367133],[113.150645,25.225124],[113.182709,25.222602],[113.254893,25.258409],[113.28297,25.226182],[113.296479,25.153998],[113.414236,25.030056],[113.440115,24.950751],[113.531749,24.891466],[113.5713,24.794867],[113.563975,24.751817],[113.516205,24.71662],[113.523367,24.631619],[113.580577,24.543402],[113.41448,24.30036],[113.413666,24.260769],[113.451671,24.252631],[113.451671,24.238552],[113.399669,24.113593],[113.292003,24.033026],[113.244151,23.807969],[113.203298,23.736599],[113.170909,23.711778],[113.119721,23.71129],[113.084076,23.689236],[113.017182,23.69363],[112.984793,23.672227],[112.981619,23.576687],[112.895437,23.457831],[112.875011,23.339382],[112.810557,23.226345],[112.819347,23.152859]]}},{"type":"Feature","id":"ne_10m_rivers_lake_centerlines-792","properties":{"name":"Ussuri","nameEn":"Ussuri","nameOrigin":"natural-earth-original","sourceName":"Ussuri","sourceDataset":"ne_10m_rivers_lake_centerlines","sourceFeatureIndex":792,"sourceId":553,"scalerank":7.0,"minZoom":6.0,"min_zoom":6.0,"featurecla":"River"},"geometry":{"type":"LineString","coordinates":[[134.31601,43.64879],[134.279552,43.606309],[134.132091,43.601508],[133.836681,43.754462],[133.874115,43.867051],[133.943126,43.921698],[133.908295,43.983751],[133.908702,44.026557],[133.831472,44.087755],[133.84962,44.134955],[133.821788,44.228583],[133.925222,44.35224],[134.018158,44.408962],[134.056407,44.394639],[134.046153,44.504503],[134.125255,44.584906],[134.128917,44.610053],[134.101329,44.63642],[134.059825,44.627468],[133.967377,44.682318],[133.92571,44.655341],[133.771658,44.675238],[133.663992,44.754665],[133.651378,44.795681],[133.586192,44.847195],[133.579845,44.933051],[133.510916,45.079901],[133.590831,45.111762],[133.586436,45.226833],[133.545095,45.251166],[133.487315,45.251776],[133.500255,45.283718],[133.484386,45.326361],[133.388194,45.470893],[133.414806,45.498236],[133.394949,45.518378],[133.424327,45.554511],[133.414806,45.57331]]}},{"type":"Feature","id":"ne_10m_rivers_lake_centerlines-794","properties":{"name":"Namhan","nameEn":"Namhan","nameOrigin":"natural-earth-original","sourceName":"Namhan","sourceDataset":"ne_10m_rivers_lake_centerlines","sourceFeatureIndex":794,"sourceId":555,"scalerank":7.0,"minZoom":6.0,"min_zoom":6.0,"featurecla":"River"},"geometry":{"type":"LineString","coordinates":[[128.878917,37.405097],[128.862397,37.404812],[128.825206,37.4831],[128.771414,37.491523],[128.682709,37.463935],[128.646495,37.440253],[128.688243,37.410753],[128.658702,37.38821],[128.599701,37.38349],[128.627371,37.303412],[128.595144,37.267401],[128.55714,37.259955],[128.554861,37.279242],[128.529389,37.284857],[128.530691,37.243476],[128.499766,37.22956],[128.503184,37.205349],[128.471202,37.172227],[128.529389,37.113634],[128.480154,37.061387],[128.421479,37.051947],[128.324636,36.969509],[128.225352,36.957139],[128.162201,37.014106],[128.047374,36.952745],[127.947276,37.021511],[127.89503,36.987331],[127.874929,36.997016],[127.863373,37.021348],[127.878347,37.076728],[127.833995,37.086371],[127.761485,37.16531],[127.743582,37.21369],[127.689871,37.23786],[127.672374,37.286485],[127.55364,37.36164],[127.487641,37.482001],[127.442882,37.500678],[127.398529,37.494452],[127.333588,37.528022],[127.292491,37.511542],[127.218272,37.57685],[127.183116,37.580268]]}},{"type":"Feature","id":"ne_10m_rivers_lake_centerlines-799","properties":{"name":"Ganges","nameEn":"Ganges","nameOrigin":"natural-earth-original","sourceName":"Ganges","sourceDataset":"ne_10m_rivers_lake_centerlines","sourceFeatureIndex":799,"sourceId":55,"scalerank":3.0,"minZoom":3.0,"min_zoom":3.0,"featurecla":"River"},"geometry":{"type":"MultiLineString","coordinates":[[[79.84075,30.888495],[79.813487,30.819607],[79.84075,30.723985],[79.874929,30.689236],[79.715343,30.508165],[79.654714,30.501654],[79.545909,30.573188],[79.388927,30.42239],[79.3213,30.398057],[79.306733,30.345974],[79.268891,30.30447],[79.205089,30.277167],[79.136974,30.304307],[79.000662,30.306016],[78.803152,30.235907],[78.696218,30.244208],[78.594249,30.145209],[78.586355,30.072862],[78.46339,30.072862],[78.40504,30.132351],[78.320079,30.14057],[78.154877,29.925482],[78.197846,29.748236],[78.189057,29.706732],[78.154877,29.675076],[78.018891,29.619208],[77.990489,29.572048],[77.991791,29.531073],[78.052419,29.434841],[78.052419,29.373969],[78.082042,29.344672],[78.072358,29.325629],[78.117198,29.25141],[78.120942,29.192165],[78.079845,29.140652],[78.072358,28.969306],[78.105968,28.913642],[78.092784,28.835883],[78.12672,28.811632],[78.12379,28.778144],[78.182709,28.692898],[78.176036,28.620469],[78.195323,28.570258],[78.264659,28.488796],[78.279063,28.400743],[78.263927,28.372016],[78.290131,28.306952],[78.382742,28.221991],[78.46339,28.105902],[78.62558,27.989936],[78.895112,27.913153],[78.981212,27.827012],[79.155528,27.817939],[79.203624,27.691352],[79.33196,27.636827],[79.409923,27.646593],[79.464692,27.586534],[79.554779,27.541531],[79.566417,27.475369],[79.611095,27.437812],[79.631602,27.340888],[79.697765,27.241523],[79.837983,27.145209],[79.930186,27.143744],[80.008311,27.026882],[80.009369,26.97073],[80.107839,26.873725],[80.141612,26.742377],[80.245128,26.681952],[80.296886,26.548692],[80.336355,26.530137],[80.347748,26.488389],[80.525971,26.364936],[80.558849,26.238227],[80.5949,26.221503],[80.597667,26.174587],[80.673106,26.114814],[80.750011,26.106024],[80.796886,26.07335],[80.795095,26.040351],[80.813975,26.029731],[80.853445,26.058173],[80.961925,26.076972],[81.032807,26.060981],[81.065196,26.000312],[81.204112,25.939276],[81.224539,25.868516],[81.294444,25.84516],[81.392833,25.772162],[81.402761,25.758897],[81.37672,25.704291],[81.399994,25.665595],[81.51295,25.631171],[81.553803,25.584662],[81.630056,25.586534],[81.657481,25.529486],[81.704682,25.494696],[81.778331,25.477973],[81.90797,25.511664],[81.90325,25.412787],[81.937511,25.344509],[81.9699,25.32449],[82.042979,25.335557],[82.075206,25.316596],[82.08839,25.278876],[82.112397,25.27558],[82.181407,25.316596],[82.214773,25.302069],[82.201752,25.189968],[82.273204,25.193671],[82.225352,25.220323],[82.266124,25.270616],[82.290619,25.27558],[82.312429,25.263129],[82.327647,25.215115],[82.348888,25.214179],[82.397227,25.26081],[82.496755,25.169867],[82.551036,25.157823],[82.592784,25.173163],[82.567556,25.2178],[82.636974,25.220323],[82.778575,25.124945],[82.835541,25.118598],[82.920421,25.194607],[83.008311,25.21072],[83.025076,25.246161],[83.006277,25.289252],[83.041515,25.323065],[83.134939,25.326443],[83.171397,25.351345],[83.177826,25.410264],[83.123057,25.452216],[83.185639,25.529486],[83.212576,25.535224],[83.325857,25.47488],[83.409434,25.487006],[83.53004,25.401923],[83.54127,25.43948],[83.490896,25.517117],[83.617117,25.597724],[83.705658,25.608262],[83.771983,25.517279],[83.897716,25.523993],[84.143484,25.736274],[84.179779,25.745958],[84.212901,25.728095],[84.229991,25.681098],[84.253835,25.679714],[84.308116,25.738634],[84.372651,25.765163],[84.486501,25.700751],[84.595795,25.693305],[84.668224,25.705919],[84.749278,25.753363],[84.881358,25.707587],[84.973888,25.734931],[85.058849,25.728095],[85.085948,25.721055],[85.142833,25.641872],[85.237071,25.618232],[85.284434,25.554267],[85.369395,25.51378],[85.421397,25.517035],[85.515066,25.584662],[85.576589,25.508368],[85.651947,25.463446],[85.737641,25.510688],[85.830658,25.50495],[85.997,25.380316],[86.028331,25.33393],[86.241222,25.330186],[86.306163,25.29267],[86.41505,25.330878],[86.534434,25.482856],[86.564382,25.485216],[86.59075,25.461208],[86.5796,25.375067],[86.611257,25.303534],[86.693858,25.256415],[86.782481,25.27558],[86.889903,25.349962],[86.996186,25.278388],[87.190115,25.230292],[87.303722,25.377061],[87.351085,25.398505],[87.478282,25.403754],[87.511974,25.381944],[87.535737,25.320136],[87.598643,25.26671],[87.770112,25.237006],[87.780935,25.089911],[87.954275,24.987616],[87.9581,24.944159],[87.908702,24.878363],[87.911143,24.844428],[87.94752,24.795762],[87.959483,24.717231],[88.00587,24.655544],[88.056733,24.634304],[88.081472,24.600124],[88.085541,24.536933],[88.118907,24.494167],[88.190847,24.460639],[88.307872,24.486151],[88.387218,24.38878],[88.444428,24.350775],[88.516124,24.367499],[88.681407,24.334052],[88.737071,24.287299],[88.749278,24.223456],[88.731212,24.190009],[88.751475,24.152655],[88.824474,24.119086],[88.930675,24.171576],[88.959727,24.16706],[89.036632,24.095323],[89.088715,23.977159]],[[87.93808,24.805732],[87.920014,24.782009],[87.920421,24.72663],[87.940929,24.619452],[88.057384,24.515896],[88.077891,24.456163],[88.118907,24.446967],[88.112804,24.409369],[88.150076,24.405829],[88.156261,24.37169],[88.252452,24.311876],[88.22877,24.288682],[88.253022,24.27143],[88.256602,24.141303],[88.194591,24.001329],[88.22877,23.987657],[88.198741,23.97309],[88.237804,23.774766],[88.15976,23.699652],[88.148204,23.634304],[88.219005,23.606513],[88.235606,23.637559],[88.264171,23.576606],[88.324962,23.610297],[88.321381,23.574286],[88.283295,23.548855],[88.365001,23.524115],[88.34075,23.437567],[88.376069,23.41413],[88.378998,23.390937],[88.367198,23.345649],[88.340831,23.333808],[88.347748,23.269802],[88.392182,23.215766],[88.457449,23.212429],[88.468272,23.192572],[88.447276,23.142361],[88.495616,23.107245],[88.468272,23.062852],[88.495128,23.049343],[88.44044,23.028103],[88.406912,22.945502]],[[88.429128,24.35578],[88.421641,24.333279],[88.453298,24.283393],[88.518077,24.263454],[88.53712,24.229926],[88.539643,24.199246],[88.509288,24.199327],[88.529714,24.18004],[88.523448,24.14411],[88.564545,24.144721],[88.570811,24.117377],[88.619721,24.108466],[88.632823,24.070258],[88.646414,24.083279],[88.632823,23.987657],[88.787201,23.961697],[88.862722,23.908026],[88.845714,23.878445],[88.872976,23.870958],[88.858653,23.850531],[88.869558,23.699652],[88.855968,23.678046],[88.826915,23.681179],[88.825776,23.636746],[88.764415,23.627061],[88.769949,23.596625],[88.740164,23.585517],[88.740001,23.564276],[88.793712,23.485216],[88.828298,23.486762],[88.834727,23.429958],[88.907237,23.47309],[88.907237,23.425971],[88.889415,23.412909],[88.939138,23.396511],[88.929454,23.369452],[88.913992,23.377509],[88.90504,23.36225],[88.989024,23.367255],[88.974376,23.417426],[89.016368,23.384955],[89.020763,23.261908],[88.996755,23.222846],[89.036876,23.212429],[89.054698,23.183458],[89.04127,23.173529],[89.119395,23.075873],[89.078136,22.998969],[89.081554,22.976874],[89.119395,22.96662],[89.093272,22.934272],[89.1303,22.930203],[89.136811,22.893622],[89.112071,22.890245],[89.134776,22.825995],[89.160492,22.822618],[89.153575,22.794704],[89.191417,22.812079],[89.174083,22.767401],[89.189464,22.774522],[89.201264,22.746894],[89.256114,22.736843],[89.311697,22.692816],[89.304291,22.678656],[89.263438,22.705919],[89.304291,22.637722],[89.293142,22.600124]],[[89.088308,23.978339],[89.088715,23.977159]],[[89.088715,23.977159],[89.15919,23.933539],[89.321381,23.929877],[89.53004,23.819444],[89.708914,23.856798],[89.749278,23.848009]],[[89.088715,23.977159],[89.104503,23.934272],[89.249522,23.816433],[89.261974,23.751817],[89.35255,23.671739],[89.42099,23.674425],[89.525808,23.537421],[89.496755,23.514106],[89.50294,23.486762],[89.518972,23.508409],[89.548106,23.505683],[89.598643,23.47309],[89.626475,23.370714],[89.598643,23.384955],[89.597585,23.353054],[89.637625,23.288194],[89.667491,23.288764],[89.627615,23.240343],[89.680919,23.226996],[89.694835,23.171454],[89.736339,23.185126],[89.755951,23.170518],[89.710948,23.119086],[89.681163,23.137966],[89.684825,23.109971],[89.722667,23.089545],[89.83253,22.931912],[89.942882,22.857286],[90.006765,22.750271],[90.024425,22.651313],[90.010183,22.490261]],[[90.087494,23.57864],[90.06894,23.511786],[90.112397,23.438992],[90.082123,23.388699],[90.064708,23.391181],[90.116466,23.369167],[90.133718,23.298407],[90.098888,23.301825],[90.098888,23.26085],[90.128184,23.277899],[90.145437,23.236599],[90.212576,23.225165],[90.212576,23.191311]],[[90.212576,23.191311],[90.191742,23.171454],[90.171641,23.179226],[90.177419,23.199042],[90.212576,23.191311]],[[90.212576,23.191311],[90.250418,23.175157],[90.242931,23.124294],[90.332123,23.089545],[90.292084,23.042833],[90.325287,23.038031],[90.317312,23.004584],[90.384776,22.933783],[90.365326,22.84573],[90.394216,22.774848]],[[88.406912,22.945502],[88.495535,22.934272],[88.555919,22.985297],[88.615733,22.970038],[88.632823,22.938747],[88.724213,22.943305],[88.773041,22.855048],[88.85255,22.830105],[88.840587,22.745714],[88.813975,22.739529],[88.812999,22.721055],[88.868175,22.663642],[88.929617,22.658759],[88.941905,22.637722],[88.956065,22.585232],[88.927664,22.548285],[88.970632,22.528144],[88.997976,22.451483],[88.989268,22.38703],[89.023204,22.29503],[89.008718,22.285834],[89.075776,22.175238],[89.060313,22.130642]],[[88.406912,22.945502],[88.34547,22.778266],[88.365896,22.698513],[88.342296,22.57628],[88.317393,22.555121],[88.251231,22.553656],[88.237641,22.521796],[88.133067,22.468695],[88.139659,22.398871],[88.106944,22.383816],[88.103038,22.314154],[88.070893,22.23489]],[[88.406261,22.945502],[88.406912,22.945502]],[[89.293142,22.600124],[89.273367,22.635606],[89.257253,22.63349],[89.27003,22.580756],[89.252371,22.512274],[89.290619,22.465766],[89.258393,22.443671],[89.25294,22.381212],[89.277192,22.355902],[89.27532,22.31269],[89.317963,22.281358],[89.305756,22.24197],[89.342296,22.130561],[89.387299,22.086697],[89.345307,22.020697],[89.352143,21.972276]],[[89.293142,22.600124],[89.293061,22.597968]],[[89.475678,22.29503],[89.444347,22.334052],[89.425548,22.5338],[89.345307,22.602891],[89.312592,22.586982],[89.293142,22.600124]]]}},{"type":"Feature","id":"ne_10m_rivers_lake_centerlines-801","properties":{"name":"Penner","nameEn":"Penner","nameOrigin":"natural-earth-original","sourceName":"Penner","sourceDataset":"ne_10m_rivers_lake_centerlines","sourceFeatureIndex":801,"sourceId":561,"scalerank":7.0,"minZoom":6.0,"min_zoom":6.0,"featurecla":"River"},"geometry":{"type":"LineString","coordinates":[[77.572765,13.406806],[77.609304,13.434882],[77.613699,13.471991],[77.522227,13.571112],[77.487071,13.663398],[77.462901,13.82453],[77.494395,13.884833],[77.473155,13.944932],[77.418712,14.004584],[77.433523,14.083604],[77.396414,14.179267],[77.365164,14.211737],[77.338878,14.350165],[77.312592,14.367296],[77.283702,14.439561],[77.280528,14.465033],[77.312592,14.495673],[77.266043,14.669379],[77.291515,14.709011],[77.293061,14.788194],[77.328217,14.866645],[77.44866,14.888007],[77.619721,14.952175],[77.781179,14.898546],[77.866954,14.95539],[77.930919,14.963975],[78.032725,14.915798],[78.076101,14.866645],[78.154877,14.852362],[78.240652,14.803982],[78.356944,14.866645],[78.377452,14.823106],[78.538503,14.736355],[78.689464,14.61282],[78.747651,14.605984],[78.771902,14.57864],[78.847341,14.555528],[78.928966,14.468777],[78.977306,14.476264],[79.042247,14.44831],[79.105072,14.473334],[79.150076,14.426134],[79.189464,14.442247],[79.206391,14.475653],[79.26295,14.462917],[79.45045,14.567694],[79.539073,14.57864],[79.582123,14.550157],[79.714122,14.592963],[79.819591,14.531317],[79.848155,14.492987],[79.974864,14.468777],[80.149099,14.565009]]}},{"type":"Feature","id":"ne_10m_rivers_lake_centerlines-810","properties":{"name":"Indus","nameEn":"Indus","nameOrigin":"natural-earth-original","sourceName":"Indus","sourceDataset":"ne_10m_rivers_lake_centerlines","sourceFeatureIndex":810,"sourceId":56,"scalerank":3.0,"minZoom":3.0,"min_zoom":3.0,"featurecla":"Lake Centerline"},"geometry":{"type":"LineString","coordinates":[[72.781668,34.622504],[72.802257,34.576768],[72.788666,34.514228],[72.836681,34.481024],[72.827891,34.393175],[72.852468,34.287787],[72.8331,34.168321],[72.707042,34.085557]]}},{"type":"Feature","id":"ne_10m_rivers_lake_centerlines-811","properties":{"name":"Indus","nameEn":"Indus","nameOrigin":"natural-earth-original","sourceName":"Indus","sourceDataset":"ne_10m_rivers_lake_centerlines","sourceFeatureIndex":811,"sourceId":56,"scalerank":3.0,"minZoom":3.0,"min_zoom":3.0,"featurecla":"River"},"geometry":{"type":"MultiLineString","coordinates":[[[72.70696,34.085517],[72.63323,34.01378],[72.467459,34.020453],[72.348399,33.961005],[72.240326,33.937934],[72.225841,33.901231],[72.23406,33.765977],[72.087413,33.789903],[72.021902,33.746161],[71.974132,33.64997],[71.953054,33.526435],[71.901785,33.488552],[71.87794,33.423407],[71.723155,33.355251],[71.725027,33.318671],[71.698985,33.272528],[71.754405,33.183783],[71.712901,33.110867],[71.718435,33.029405],[71.649343,32.978624],[71.533783,32.949083],[71.506765,32.914822],[71.448009,32.887274],[71.40504,32.808946],[71.411713,32.725653],[71.354503,32.68891],[71.325857,32.636786],[71.350841,32.52501],[71.340587,32.415107],[71.283376,32.339911],[71.22877,32.181749],[71.132091,32.105821],[71.106944,32.030544],[70.992768,31.897895],[70.791433,31.426337],[70.768077,31.249823],[70.818614,31.078152],[70.835216,30.948269],[70.814708,30.872667],[70.750011,30.774441],[70.771414,30.677314],[70.830333,30.599433],[70.848074,30.542019],[70.815196,30.363959],[70.774018,30.315863],[70.815929,30.219509],[70.80185,30.109442],[70.835053,30.053412],[70.844737,29.908026],[70.823741,29.841417],[70.775076,29.808905],[70.755056,29.758124],[70.663097,29.66828],[70.635346,29.600653],[70.644542,29.545966],[70.700287,29.506049],[70.720307,29.399604],[70.648204,29.215115],[70.665294,29.070624],[70.641856,29.043809],[70.565033,29.023261],[70.466075,28.916124],[70.373627,28.914618],[70.276378,28.792507],[70.144135,28.738959],[70.095795,28.682644],[70.043061,28.659247],[70.028575,28.597927],[70.0,28.586489]],[[79.437266,32.738105],[79.327403,32.868476],[79.308604,32.928168],[79.181895,32.989325],[78.955333,33.201239],[78.91505,33.210395],[78.78655,33.14997],[78.710948,33.165351],[78.433523,33.282416],[78.353038,33.354682],[78.291026,33.365505],[78.195811,33.432888],[78.152273,33.46894],[78.149832,33.566514],[78.100841,33.577826],[78.079845,33.628852],[78.007823,33.663601],[77.942556,33.738715],[77.858409,33.780382],[77.660411,34.029324],[77.556163,34.113471],[77.488862,34.136908],[77.421316,34.129096],[77.339366,34.160183],[77.319591,34.196153],[77.257091,34.19184],[77.164073,34.237372],[77.043386,34.26199],[77.031505,34.290798],[76.990001,34.307888],[76.904307,34.307888],[76.842784,34.330349],[76.770274,34.403428],[76.6845,34.447821],[76.600108,34.554267],[76.449474,34.631415],[76.316824,34.667792],[76.215343,34.766547],[76.189871,34.829901],[76.222748,34.917344],[76.215343,34.954901],[75.921641,35.165554],[75.914236,35.225857],[75.886974,35.246365],[75.843272,35.341376],[75.79713,35.34337],[75.746349,35.307807],[75.699962,35.322862],[75.635916,35.314154],[75.486095,35.415595],[75.451752,35.46015],[75.362804,35.485907],[75.323253,35.585639],[75.085948,35.601752],[75.048269,35.63463],[74.948334,35.650987],[74.872488,35.711737],[74.745209,35.724148],[74.72462,35.841579],[74.656749,35.842841],[74.630463,35.820868],[74.646902,35.760281],[74.621674,35.737901],[74.649913,35.701931],[74.609467,35.660509],[74.631602,35.606228],[74.632498,35.527452],[74.607188,35.495795],[74.474864,35.466091],[74.403575,35.41767],[74.246674,35.426703],[74.15919,35.405341],[74.098155,35.438178],[74.029796,35.434272],[73.910818,35.494086],[73.836925,35.49726],[73.756114,35.527452],[73.627208,35.543484],[73.502371,35.534369],[73.439952,35.562201],[73.312429,35.541571],[73.249034,35.318386],[73.285411,35.285224],[73.26946,35.260037],[73.118663,35.184882],[72.927989,35.034939],[72.892019,35.036973],[72.898936,34.978827],[72.864838,34.906806],[72.969168,34.856553],[72.98463,34.824897],[72.951671,34.817694],[72.919444,34.780829],[72.824474,34.76081],[72.802745,34.732449],[72.809581,34.674099],[72.781668,34.622504]],[[79.73463,32.443915],[79.429779,32.744981]]]}},{"type":"Feature","id":"ne_10m_rivers_lake_centerlines-817","properties":{"name":"Shilka","nameEn":"Shilka","nameOrigin":"natural-earth-original","sourceName":"Shilka","sourceDataset":"ne_10m_rivers_lake_centerlines","sourceFeatureIndex":817,"sourceId":575,"scalerank":7.0,"minZoom":6.0,"min_zoom":6.0,"featurecla":"River"},"geometry":{"type":"LineString","coordinates":[[115.828624,51.722439],[115.870942,51.721503],[115.897472,51.7862],[115.977794,51.825629],[116.224701,51.879584],[116.473399,51.870551],[116.826752,51.981228],[116.927419,51.991523],[117.107026,52.078437],[117.242768,52.088324],[117.510346,52.190741],[117.653819,52.219428],[117.71575,52.258002],[117.8296,52.240749],[118.072276,52.324408],[118.322276,52.348415],[118.424897,52.383002],[118.536062,52.381903],[118.62672,52.453681],[118.676199,52.465033],[118.650401,52.538845],[118.707042,52.589179],[118.761811,52.684923],[118.91684,52.76435],[118.959076,52.828315],[118.970225,52.883409],[119.017996,52.924384],[119.080658,52.941107],[119.168224,53.069119],[119.257498,53.136664],[119.339692,53.149604],[119.38795,53.191352],[119.477306,53.191352],[119.489838,53.214911],[119.630626,53.297431],[119.669037,53.351386],[119.789073,53.419135],[120.00823,53.427924],[120.078298,53.489325],[120.409679,53.44184],[120.606293,53.493232],[120.711681,53.479275],[120.902354,53.513454],[121.066905,53.506619],[121.094249,53.439968],[121.137543,53.426337],[121.19394,53.452216],[121.192393,53.498358],[121.215587,53.51557],[121.285818,53.488349],[121.377371,53.416124],[121.366954,53.3463],[121.424083,53.350043],[121.477794,53.32392]]}},{"type":"Feature","id":"ne_10m_rivers_lake_centerlines-824","properties":{"name":"","nameEn":"","nameOrigin":"natural-earth-original","sourceName":null,"sourceDataset":"ne_10m_rivers_lake_centerlines","sourceFeatureIndex":824,"sourceId":582,"scalerank":7.0,"minZoom":6.0,"min_zoom":6.0,"featurecla":"River"},"geometry":{"type":"LineString","coordinates":[[120.587006,31.128038],[120.621186,31.183295],[120.725352,31.212022],[120.792491,31.27143],[120.771495,31.278266],[120.782319,31.288926],[120.9345,31.326036],[121.00587,31.304551],[121.038992,31.313056],[121.032725,31.278266],[121.243337,31.264187],[121.384532,31.218777],[121.406749,31.219062],[121.424571,31.246039],[121.507823,31.246894],[121.560313,31.281684],[121.500499,31.369818],[121.511811,31.388129]]}},{"type":"Feature","id":"ne_10m_rivers_lake_centerlines-840","properties":{"name":"","nameEn":"","nameOrigin":"natural-earth-original","sourceName":null,"sourceDataset":"ne_10m_rivers_lake_centerlines","sourceFeatureIndex":840,"sourceId":598,"scalerank":7.0,"minZoom":6.0,"min_zoom":6.0,"featurecla":"River"},"geometry":{"type":"MultiLineString","coordinates":[[[90.640147,22.952989],[90.597341,23.010932],[90.588796,22.962022]],[[90.462576,22.822618],[90.544444,22.781684]],[[90.662364,22.804023],[90.652192,22.825059],[90.616466,22.830105],[90.581554,22.787909]],[[90.669688,22.472602],[90.700125,22.483466],[90.715831,22.455837],[90.683442,22.391913]],[[90.715831,22.452094],[90.74114,22.404079],[90.783295,22.400214],[90.85963,22.342231]]]}},{"type":"Feature","id":"ne_10m_rivers_lake_centerlines-841","properties":{"name":"Yong","nameEn":"Yong","nameOrigin":"natural-earth-original","sourceName":"Yong","sourceDataset":"ne_10m_rivers_lake_centerlines","sourceFeatureIndex":841,"sourceId":599,"scalerank":7.0,"minZoom":6.0,"min_zoom":6.0,"featurecla":"River"},"geometry":{"type":"LineString","coordinates":[[108.092296,22.844346],[108.118582,22.842353],[108.110362,22.803168],[108.135509,22.774848],[108.183035,22.785264],[108.176362,22.830105],[108.216238,22.836982],[108.3296,22.799262],[108.327891,22.781684],[108.399669,22.782538],[108.463796,22.815782],[108.484874,22.767401],[108.506847,22.810126],[108.512218,22.794704],[108.544444,22.811957],[108.568126,22.847195],[108.852061,22.884101],[108.8838,22.872138],[108.928233,22.801459],[108.893647,22.774848],[108.873057,22.779975],[108.872325,22.754991],[108.897634,22.733262]]}},{"type":"Feature","id":"ne_10m_rivers_lake_centerlines-846","properties":{"name":"Brahmani","nameEn":"Brahmani","nameOrigin":"natural-earth-original","sourceName":"Brahmani","sourceDataset":"ne_10m_rivers_lake_centerlines","sourceFeatureIndex":846,"sourceId":600,"scalerank":7.0,"minZoom":6.0,"min_zoom":6.0,"featurecla":"River"},"geometry":{"type":"LineString","coordinates":[[84.668061,22.265204],[84.679454,22.247097],[84.772878,22.252468],[84.796479,22.238593],[84.878917,22.082587],[84.867442,22.058905],[84.886974,21.950263],[84.862071,21.888983],[84.926199,21.827989],[84.970144,21.832628],[84.999115,21.756903],[84.995209,21.741319],[84.904307,21.712917],[84.903738,21.677802],[85.010346,21.603542],[85.001231,21.534857],[84.940115,21.439643],[84.939708,21.399522],[85.057546,21.231716],[85.129487,21.203884],[85.127615,21.107937],[85.229991,21.029893],[85.244884,20.906684],[85.331391,20.808783],[85.580496,20.739936],[85.641368,20.806464],[85.764659,20.875108],[86.110769,20.875515],[86.197358,20.847602],[86.444021,20.683295],[86.508881,20.67829],[86.571544,20.704291],[86.710704,20.678168],[86.743744,20.658311],[86.749278,20.611396],[86.810557,20.640733],[86.817556,20.66531],[86.857432,20.661078],[86.940115,20.698025]]}},{"type":"Feature","id":"ne_10m_rivers_lake_centerlines-854","properties":{"name":"Srepok","nameEn":"Srepok","nameOrigin":"natural-earth-original","sourceName":"Srepok","sourceDataset":"ne_10m_rivers_lake_centerlines","sourceFeatureIndex":854,"sourceId":608,"scalerank":7.0,"minZoom":6.0,"min_zoom":6.0,"featurecla":"River"},"geometry":{"type":"LineString","coordinates":[[107.377371,13.237087],[107.356049,13.313096],[107.306895,13.310614],[107.271983,13.365831],[107.253673,13.369981],[107.20224,13.315294],[107.107595,13.310614],[107.035248,13.403388],[107.011322,13.481879],[106.990733,13.474555],[106.97047,13.516669],[106.921967,13.502997],[106.91684,13.479275],[106.888601,13.493842],[106.879893,13.442491],[106.85377,13.43476],[106.778331,13.481269],[106.620046,13.450303],[106.589366,13.477647],[106.557384,13.555121],[106.477306,13.560126],[106.490652,13.489325],[106.445811,13.432237],[106.436046,13.468288],[106.39503,13.496161],[106.204275,13.582709],[106.137706,13.582587],[106.054128,13.550971],[106.02296,13.565701],[105.970307,13.541449]]}},{"type":"Feature","id":"ne_10m_rivers_lake_centerlines-855","properties":{"name":"永定河","nameEn":"Yongding","nameOrigin":"editorial-translation","sourceName":"Yongding","sourceDataset":"ne_10m_rivers_lake_centerlines","sourceFeatureIndex":855,"sourceId":609,"scalerank":7.0,"minZoom":6.0,"min_zoom":6.0,"featurecla":"River"},"geometry":{"type":"LineString","coordinates":[[115.589122,40.240424],[115.612315,40.180203],[115.663503,40.159735],[115.690684,40.122423],[115.700857,40.063503],[115.76588,40.070909],[115.810151,40.029364],[115.803396,40.016303],[115.872325,40.022528],[115.981537,39.9713],[116.005789,40.002712],[116.033295,39.974718],[116.06544,39.990912],[116.111908,39.90644],[116.19044,39.854193],[116.22934,39.803412],[116.236095,39.735175],[116.204845,39.659491],[116.2081,39.57685],[116.249522,39.505683],[116.317393,39.460801],[116.410167,39.440294],[116.502045,39.464545],[116.598155,39.448106],[116.640717,39.406195],[116.763682,39.378852],[116.895437,39.383409],[117.033621,39.33043]]}},{"type":"Feature","id":"ne_10m_rivers_lake_centerlines-857","properties":{"name":"Song’acha","nameEn":"Song’acha","nameOrigin":"natural-earth-original","sourceName":"Song’acha","sourceDataset":"ne_10m_rivers_lake_centerlines","sourceFeatureIndex":857,"sourceId":610,"scalerank":7.0,"minZoom":6.0,"min_zoom":6.0,"featurecla":"River"},"geometry":{"type":"LineString","coordinates":[[132.839447,45.059394],[132.953054,45.024685],[133.098399,45.108018],[133.126964,45.155626],[133.09726,45.24376],[133.139903,45.435655],[133.201834,45.511542],[133.413178,45.573594]]}},{"type":"Feature","id":"ne_10m_rivers_lake_centerlines-858","properties":{"name":"Ussuri","nameEn":"Wusuli","nameOrigin":"natural-earth-original","sourceName":"Ussuri","sourceDataset":"ne_10m_rivers_lake_centerlines","sourceFeatureIndex":858,"sourceId":611,"scalerank":7.0,"minZoom":6.0,"min_zoom":6.0,"featurecla":"River"},"geometry":{"type":"LineString","coordinates":[[133.413178,45.573594],[133.427338,45.615546],[133.47698,45.627997],[133.456554,45.649115],[133.491222,45.673651],[133.442882,45.709906],[133.510916,45.778835],[133.47698,45.806098],[133.502371,45.862331],[133.531261,45.888454],[133.585704,45.876573],[133.617442,45.93655],[133.657807,45.93476],[133.719737,46.064032],[133.687022,46.142035],[133.740733,46.159288],[133.793224,46.214545],[133.829845,46.19713],[133.85491,46.236884],[133.902192,46.259223],[133.893484,46.30211],[133.915701,46.313259],[133.874115,46.320014],[133.863292,46.339545],[133.933604,46.390977],[133.854015,46.444892],[133.84547,46.470893],[133.891612,46.529161],[133.902192,46.57392],[133.987722,46.625434],[134.014334,46.665229],[134.044363,46.772284],[134.016368,46.819688],[134.062511,46.907091],[134.068777,46.981472],[134.124034,47.070746],[134.196788,47.085395],[134.226736,47.117987],[134.189464,47.173163],[134.196869,47.205593],[134.153901,47.258124],[134.183442,47.327704],[134.244721,47.355333],[134.312511,47.420356],[134.414643,47.43948],[134.484386,47.430487],[134.55657,47.471381],[134.682384,47.58808],[134.692556,47.649197],[134.772227,47.711005],[134.769542,47.741278],[134.675955,47.824571],[134.657481,47.88699],[134.587413,47.926134],[134.601085,47.944403],[134.566742,47.985785],[134.566905,48.040595],[134.682628,48.135769],[134.702891,48.252875],[134.840587,48.327948],[134.998139,48.362738],[135.070079,48.406358],[135.090017,48.45071],[135.043386,48.483751]]}},{"type":"Feature","id":"ne_10m_rivers_lake_centerlines-872","properties":{"name":"Yu","nameEn":"Yu","nameOrigin":"natural-earth-original","sourceName":"Yu","sourceDataset":"ne_10m_rivers_lake_centerlines","sourceFeatureIndex":872,"sourceId":623,"scalerank":7.0,"minZoom":6.0,"min_zoom":6.0,"featurecla":"River"},"geometry":{"type":"LineString","coordinates":[[108.897634,22.733262],[108.929617,22.671983],[108.971609,22.637722],[109.029307,22.660468],[109.135916,22.623399],[109.139415,22.664984],[109.232188,22.651313],[109.252615,22.684841],[109.273204,22.67182],[109.28004,22.705919],[109.397553,22.734727],[109.410248,22.80211],[109.516531,22.839708],[109.561127,22.884101],[109.574229,22.945502],[109.636241,22.931912],[109.594737,22.952989],[109.597748,22.985785],[109.574229,22.990261],[109.561127,23.021267],[109.584727,23.086453],[109.721934,23.117499],[109.796397,23.084784],[109.855398,23.107978],[109.852306,23.130479],[109.882742,23.124457],[109.882091,23.172878],[109.962413,23.213568],[110.010346,23.281846],[110.082449,23.271918],[110.081554,23.293321],[110.049408,23.291693],[110.040294,23.309272],[110.089366,23.404853]]}},{"type":"Feature","id":"ne_10m_rivers_lake_centerlines-875","properties":{"name":"Han","nameEn":"Han","nameOrigin":"natural-earth-original","sourceName":"Han","sourceDataset":"ne_10m_rivers_lake_centerlines","sourceFeatureIndex":875,"sourceId":626,"scalerank":7.0,"minZoom":6.0,"min_zoom":6.0,"featurecla":"River"},"geometry":{"type":"LineString","coordinates":[[127.183116,37.580268],[127.130951,37.555935],[127.10434,37.508124],[127.024832,37.541612],[126.973399,37.508124],[126.755463,37.637885]]}},{"type":"Feature","id":"ne_10m_rivers_lake_centerlines-882","properties":{"name":"海河","nameEn":"Hai","nameOrigin":"editorial-translation","sourceName":"Hai","sourceDataset":"ne_10m_rivers_lake_centerlines","sourceFeatureIndex":882,"sourceId":631,"scalerank":7.0,"minZoom":6.0,"min_zoom":6.0,"featurecla":"River"},"geometry":{"type":"LineString","coordinates":[[117.033621,39.33043],[117.078298,39.303168],[117.078054,39.241767],[117.232188,39.093207],[117.323253,39.051866],[117.352631,39.056708],[117.376231,39.029486],[117.578624,38.98786],[117.598399,39.014024],[117.708995,38.981024]]}},{"type":"Feature","id":"ne_10m_rivers_lake_centerlines-887","properties":{"name":"Chao Phraya","nameEn":"Chao Phraya","nameOrigin":"natural-earth-original","sourceName":"Chao Phraya","sourceDataset":"ne_10m_rivers_lake_centerlines","sourceFeatureIndex":887,"sourceId":636,"scalerank":7.0,"minZoom":6.0,"min_zoom":6.0,"featurecla":"River"},"geometry":{"type":"MultiLineString","coordinates":[[[100.140717,15.70657],[100.096934,15.654324],[100.096934,15.592231],[100.077078,15.573025],[100.108897,15.559149],[100.096934,15.528022],[100.110606,15.463162],[100.130789,15.455919],[100.117442,15.421495],[100.083263,15.41474],[100.096934,15.380561],[100.070242,15.386786],[100.092052,15.353461],[100.059581,15.271674],[100.083263,15.270697],[100.083914,15.237372],[100.121511,15.180447],[100.242198,15.16946],[100.378673,14.913845],[100.393565,14.918891],[100.409679,14.866278],[100.440115,14.852362],[100.464122,14.681098],[100.447032,14.544501],[100.459483,14.466091],[100.426524,14.376288],[100.460704,14.304958],[100.488455,14.297471],[100.512136,14.162706],[100.543061,14.123074],[100.528819,14.081814],[100.552826,14.055609],[100.541108,14.008165],[100.573985,13.977891],[100.542491,13.837836],[100.498057,13.767361],[100.512706,13.714911],[100.494721,13.69477],[100.548595,13.681586],[100.570567,13.707953],[100.595714,13.697089],[100.5831,13.66352],[100.543061,13.640204],[100.597748,13.61225]],[[100.083263,15.237169],[100.052419,15.163398],[100.014171,15.130723],[100.029307,15.092597],[100.010916,15.066596],[100.04713,15.039903],[100.015636,14.99018],[100.070242,14.938666],[100.104421,14.82571],[100.090017,14.794298],[100.096934,14.709011],[100.147065,14.65058],[100.117442,14.487494],[100.16212,14.40115],[100.117442,14.174587],[100.131114,14.11994],[100.169037,14.09573],[100.183523,13.979682],[100.199962,13.975369],[100.214122,13.926866],[100.224132,13.835517],[100.189138,13.806505],[100.193126,13.790351],[100.282481,13.773627],[100.278901,13.754991],[100.240896,13.749376],[100.229503,13.721055],[100.204845,13.713935],[100.240896,13.708441],[100.243175,13.689032],[100.27239,13.707587],[100.261974,13.66002],[100.220876,13.663764],[100.234793,13.640204],[100.22047,13.626532],[100.274994,13.516669]]]}},{"type":"Feature","id":"ne_10m_rivers_lake_centerlines-890","properties":{"name":"Shiquan","nameEn":"Shiquan","nameOrigin":"natural-earth-original","sourceName":"Shiquan","sourceDataset":"ne_10m_rivers_lake_centerlines","sourceFeatureIndex":890,"sourceId":63,"scalerank":3.0,"minZoom":3.0,"min_zoom":3.0,"featurecla":"River"},"geometry":{"type":"LineString","coordinates":[[81.63974,31.449571],[81.592459,31.403876],[81.489187,31.394314],[81.409597,31.47545],[81.314545,31.505927],[81.217784,31.600694],[81.165701,31.741034],[81.20517,31.840847],[81.251475,31.894843],[81.394135,31.986274],[81.375662,32.018744],[81.334076,32.018744],[81.281342,32.048855],[81.283295,32.173448],[81.244395,32.201361],[81.212006,32.321072],[81.155935,32.375027],[81.053966,32.401801],[81.006358,32.447862],[80.865326,32.475409],[80.73585,32.53852],[80.647553,32.553412],[80.19573,32.551703],[80.024669,32.486029],[79.888927,32.479356],[79.73463,32.443915]]}},{"type":"Feature","id":"ne_10m_rivers_lake_centerlines-901","properties":{"name":"Di’er Songhua","nameEn":"Di’er Songhua","nameOrigin":"natural-earth-original","sourceName":"Di’er Songhua","sourceDataset":"ne_10m_rivers_lake_centerlines","sourceFeatureIndex":901,"sourceId":646,"scalerank":8.0,"minZoom":7.0,"min_zoom":7.0,"featurecla":"Lake Centerline"},"geometry":{"type":"LineString","coordinates":[[126.90504,43.51081],[126.903738,43.623806],[126.791433,43.650458],[126.761974,43.704169],[126.678803,43.703803]]}},{"type":"Feature","id":"ne_10m_rivers_lake_centerlines-902","properties":{"name":"Di’er Songhua","nameEn":"Di’er Songhua","nameOrigin":"natural-earth-original","sourceName":"Di’er Songhua","sourceDataset":"ne_10m_rivers_lake_centerlines","sourceFeatureIndex":902,"sourceId":646,"scalerank":8.0,"minZoom":7.0,"min_zoom":7.0,"featurecla":"River"},"geometry":{"type":"MultiLineString","coordinates":[[[126.679698,43.702582],[126.62794,43.765408],[126.532237,43.791083],[126.535167,43.811835],[126.576101,43.825507],[126.579519,43.867051],[126.473074,43.915554],[126.490001,43.963487],[126.459402,44.045233],[126.394216,44.109442],[126.493663,44.23078],[126.455577,44.262274],[126.47991,44.29914],[126.455984,44.349392],[126.478038,44.414252],[126.425304,44.435614],[126.431163,44.51203],[126.39796,44.55976],[126.349864,44.584784],[126.268321,44.696357],[126.161143,44.720811],[126.165945,44.751573],[126.135753,44.773057],[126.028738,44.788845],[125.920421,44.778388],[125.901947,44.817491],[125.805593,44.846706],[125.741628,44.92418],[125.682872,44.949286],[125.658132,44.94953],[125.586192,44.894965],[125.438731,44.90115],[125.310151,44.864529],[125.185151,44.867621],[125.14088,44.939968],[125.099701,44.943386],[125.046153,45.017849],[124.931814,45.087348],[124.863699,45.152655],[124.741303,45.201687],[124.725841,45.247748],[124.740815,45.267849],[124.732595,45.326361],[124.687999,45.371039],[124.651296,45.447943]],[[127.376069,42.56745],[127.298106,42.637397],[127.249604,42.605333],[127.194021,42.605333],[127.232188,42.688056],[127.179454,42.832384],[127.227143,42.88703],[127.087169,42.958604],[126.990733,43.034125],[126.973399,43.113593],[126.932384,43.113593],[127.00058,43.161322],[126.97991,43.212836],[127.000906,43.247382],[127.097992,43.242458],[127.152192,43.278022],[127.120372,43.280707],[127.088634,43.310329],[127.125255,43.380683],[127.004975,43.400499],[126.987641,43.428656],[126.914806,43.468614],[126.90504,43.51081]]]}},{"type":"Feature","id":"ne_10m_rivers_lake_centerlines-953","properties":{"name":"Huang","nameEn":"Huang","nameOrigin":"natural-earth-original","sourceName":"Huang","sourceDataset":"ne_10m_rivers_lake_centerlines","sourceFeatureIndex":953,"sourceId":66,"scalerank":3.0,"minZoom":3.0,"min_zoom":3.0,"featurecla":"Lake Centerline"},"geometry":{"type":"MultiLineString","coordinates":[[[97.762787,35.08808],[97.733165,35.055203],[97.697276,34.919867],[97.545909,34.876003]],[[97.288178,34.835476],[97.234304,34.907294],[97.12379,34.943427],[97.072032,34.930609]]]}},{"type":"Feature","id":"ne_10m_rivers_lake_centerlines-954","properties":{"name":"黄河","nameEn":"Huang","nameOrigin":"editorial-translation","sourceName":"Huang","sourceDataset":"ne_10m_rivers_lake_centerlines","sourceFeatureIndex":954,"sourceId":66,"scalerank":3.0,"minZoom":3.0,"min_zoom":3.0,"featurecla":"River"},"geometry":{"type":"MultiLineString","coordinates":[[[96.164154,35.129665],[96.249278,35.109198],[96.483165,35.105658],[96.654877,35.050116],[96.81129,35.061347],[96.889903,35.006781],[96.97462,34.991645],[97.015391,34.937445],[97.072032,34.930609]],[[97.762787,35.08808],[97.795909,35.111111],[97.848888,35.11225],[97.991628,35.080593],[98.124441,34.937038],[98.137299,34.893378],[98.37794,34.815294],[98.396251,34.773627],[98.401459,34.649278],[98.380951,34.619167],[98.326671,34.598171],[98.329845,34.574774],[98.466319,34.492214],[98.51474,34.40119],[98.627371,34.357449],[98.709727,34.355048],[98.724294,34.368598],[98.723643,34.454942],[98.78297,34.451239],[98.836925,34.479193],[98.952891,34.458686],[99.056082,34.410264],[99.069591,34.362494],[99.034923,34.270046],[99.075776,34.153347],[99.048595,34.071357],[99.062266,33.971462],[99.306163,33.746609],[99.376882,33.752753],[99.392019,33.783962],[99.378184,33.814399],[99.395274,33.827216],[99.525483,33.802802],[99.569347,33.765977],[99.645763,33.765652],[99.703298,33.806952],[99.771495,33.799994],[99.999115,33.675645],[100.080089,33.587917],[100.158946,33.574246],[100.288666,33.691514],[100.254649,33.746161],[100.240896,33.738715],[100.245616,33.760321],[100.357839,33.756415],[100.479991,33.829535],[100.564952,33.854804],[100.663992,33.925564],[100.766043,33.928168],[100.814545,33.879828],[100.830577,33.883328],[100.869884,33.807969],[100.926199,33.786444],[100.912527,33.759141],[100.958995,33.738064],[100.995697,33.751736],[101.000662,33.726589],[101.034434,33.771755],[101.01474,33.84044],[101.034597,33.87698],[101.111827,33.861599],[101.288178,33.711371],[101.323334,33.718207],[101.389659,33.676622],[101.508718,33.704779],[101.606619,33.670193],[101.753673,33.680243],[101.837576,33.605984],[101.892589,33.526435],[101.889171,33.488552],[101.974539,33.40351],[102.09669,33.339911],[102.174327,33.334581],[102.266531,33.419013],[102.385916,33.409735],[102.461843,33.457546],[102.454194,33.471788],[102.481619,33.464952],[102.452729,33.523261],[102.45989,33.541571],[102.481619,33.540066],[102.355724,33.60932],[102.324474,33.653347],[102.342865,33.725124],[102.290457,33.725043],[102.324474,33.751736],[102.299327,33.780707],[102.247081,33.797553],[102.263927,33.826036],[102.166515,33.945828],[102.132823,33.965196],[102.050304,33.957831],[101.943451,34.010565],[101.913097,33.999376],[101.803233,34.075059],[101.759532,34.072699],[101.72877,34.108588],[101.646983,34.135932],[101.611339,34.191189],[101.323334,34.259467],[101.233979,34.300727],[101.222341,34.335273],[101.197276,34.34516],[101.194265,34.396023],[101.165701,34.406358],[101.139659,34.49962],[101.060557,34.505886],[101.001964,34.54682],[100.928966,34.551825],[100.861339,34.718126],[100.763438,34.677843],[100.674815,34.675727],[100.618256,34.691474],[100.49464,34.805487],[100.336355,34.833848],[100.288666,34.917344],[100.285818,34.984565],[100.249034,35.04621],[100.247162,35.173611],[100.22047,35.240668],[100.271251,35.295437],[100.205333,35.330634],[100.214285,35.378445],[100.193126,35.370958],[100.191173,35.402289],[100.131114,35.466579],[100.158946,35.483954],[100.166433,35.532782],[100.207612,35.574042],[100.296153,35.771674],[100.348399,35.774766],[100.390554,35.800564],[100.447032,35.77912],[100.455089,35.829657],[100.497081,35.841579],[100.543061,35.888983],[100.637787,35.913113],[100.6421,35.936143],[100.72047,35.989081],[100.74171,36.070868],[100.842377,36.140082],[101.004893,36.132432],[101.064138,36.14643],[101.091807,36.100898],[101.16627,36.118476],[101.191173,36.087592],[101.262136,36.091173],[101.392019,36.051093],[101.478526,36.065945],[101.666433,36.181586],[101.697195,36.184353],[101.839936,36.140652],[101.913097,36.086982],[101.912852,36.068427],[101.958425,36.053249],[101.947765,36.038601],[102.016124,35.991563],[102.098888,35.830146],[102.163585,35.833767],[102.246104,35.874701],[102.441498,35.887763],[102.604584,35.842108],[102.735037,35.830349],[102.787201,35.859931],[102.837332,35.860663],[103.009207,35.825792],[103.116466,35.778184],[103.28712,35.853827],[103.359304,35.911689],[103.203624,35.961453],[103.189138,35.989773],[103.261322,36.065619],[103.392345,36.131049],[103.454845,36.18891],[103.502615,36.182074],[103.554454,36.126817],[103.646251,36.146511],[103.698416,36.098904],[103.876475,36.064643],[104.034679,36.078477],[104.047944,36.136501],[104.023367,36.147895],[104.018647,36.182237],[104.126964,36.243516],[104.157237,36.299994],[104.232595,36.368354],[104.345144,36.390326],[104.420014,36.450507],[104.493907,36.459662],[104.710378,36.606024],[104.722992,36.692247],[104.612804,36.772569],[104.592459,36.833116],[104.466238,36.890896],[104.408702,36.882025],[104.393077,36.905829],[104.335948,36.900824],[104.337494,37.006781],[104.298595,37.079657],[104.317149,37.122626],[104.359793,37.134833],[104.305919,37.157009],[104.311046,37.16824],[104.438975,37.203437],[104.469656,37.195665],[104.603119,37.339667],[104.800955,37.37169],[104.856944,37.407823],[104.938731,37.408515],[104.992605,37.44245],[104.997325,37.473253],[105.052419,37.453559],[105.11671,37.487006],[105.573253,37.500678],[105.876069,37.586046],[105.94044,37.688015],[105.992686,37.885037],[106.1692,38.007758],[106.220632,38.082302],[106.278087,38.233262],[106.40797,38.36225],[106.517019,38.426866],[106.572765,38.526557],[106.535655,38.535346],[106.518565,38.573269],[106.540457,38.621446],[106.594249,38.666327],[106.573171,38.710395],[106.604096,38.720974],[106.648936,38.803534],[106.840343,38.987616],[106.866222,39.043158],[106.85377,39.077216],[106.881602,39.10456],[106.808035,39.19892],[106.809093,39.309272],[106.749929,39.418809],[106.785085,39.674628],[106.751964,39.704169],[106.765636,39.762519],[106.744558,39.854926],[106.710378,39.898993],[106.738292,39.919501],[106.738048,39.971503],[106.709076,40.038113],[106.727143,40.062608],[106.858653,40.179755],[106.874278,40.166571],[107.007091,40.257148],[107.057872,40.33279],[107.128022,40.351508],[107.151541,40.376044],[107.141694,40.453925],[107.214366,40.499213],[107.203868,40.563788],[107.270763,40.637803],[107.39503,40.66059],[107.513927,40.739203],[107.561453,40.73725],[107.643972,40.774766],[107.706635,40.77143],[107.699799,40.829779],[107.758393,40.859483],[107.862071,40.8699],[107.91627,40.850165],[108.086681,40.847724],[108.173269,40.879706],[108.19752,40.838731],[108.240815,40.81391],[108.268891,40.826687],[108.306733,40.810818],[108.437755,40.817003],[108.590831,40.661566],[108.670421,40.642646],[108.697195,40.612169],[108.766124,40.612169],[108.763601,40.573188],[108.830007,40.54328],[108.879405,40.563788],[108.900401,40.529608],[108.989268,40.522773],[109.005626,40.556952],[109.046641,40.556952],[109.057872,40.52501],[109.098155,40.547227],[109.207286,40.511908],[109.19752,40.488715],[109.286713,40.522773],[109.279552,40.490424],[109.396576,40.468207],[109.472341,40.502305],[109.430919,40.515326],[109.499034,40.529608],[109.50587,40.51671],[109.608328,40.550727],[109.71339,40.475287],[109.749034,40.497829],[109.901378,40.52265],[109.952891,40.503974],[109.972097,40.522773],[110.08253,40.522773],[110.122813,40.502875],[110.167572,40.540229],[110.202566,40.539618],[110.246104,40.474433],[110.30364,40.481391],[110.293549,40.461371],[110.306651,40.453192],[110.355724,40.450792],[110.430268,40.388495],[110.506847,40.381374],[110.606049,40.31741],[110.658132,40.321804],[110.879893,40.255316],[110.987397,40.261664],[111.034679,40.296902],[111.219737,40.172716],[111.302745,40.156073],[111.369884,40.090847],[111.405365,40.025824],[111.435313,39.90644],[111.359467,39.750434],[111.463145,39.620185],[111.425141,39.625312],[111.420909,39.52204],[111.316987,39.429389],[111.163992,39.423163],[111.109874,39.385077],[111.150808,39.357123],[111.16684,39.364691],[111.226573,39.296942],[111.117686,39.067328],[110.99464,39.00377],[110.972585,38.974189],[111.003429,38.902533],[110.979991,38.816514],[110.871511,38.621283],[110.900645,38.58039],[110.896983,38.535346],[110.85255,38.457099],[110.774018,38.426093],[110.746104,38.377712],[110.67099,38.316921],[110.579275,38.287218],[110.568614,38.226874],[110.510916,38.202094],[110.499604,38.166042],[110.514903,37.954901],[110.576915,37.93126],[110.653087,37.813096],[110.742686,37.764757],[110.743744,37.732449],[110.705089,37.713568],[110.794444,37.658311],[110.766612,37.637885],[110.788585,37.561347],[110.738455,37.469428],[110.636729,37.418158],[110.633311,37.379218],[110.687104,37.357123],[110.664806,37.282172],[110.45989,37.051134],[110.417735,37.035183],[110.445079,37.021511],[110.373057,37.017768],[110.417979,36.967231],[110.394786,36.906928],[110.369233,36.891181],[110.410818,36.849555],[110.417735,36.816026],[110.37672,36.775092],[110.44101,36.726426],[110.421153,36.692572],[110.38974,36.688788],[110.482921,36.592882],[110.498546,36.524482],[110.458751,36.349311],[110.472992,36.263699],[110.446869,36.141791],[110.510753,35.886786],[110.54127,35.883816],[110.560151,35.849148],[110.57545,35.71247],[110.61964,35.597195],[110.555919,35.50849],[110.547455,35.438178],[110.496186,35.403998],[110.335134,35.197943],[110.259369,34.944688],[110.272227,34.881456],[110.237234,34.801337],[110.251964,34.663153],[110.269949,34.637274]],[[97.288178,34.835476],[97.301199,34.817979],[97.406342,34.817939],[97.484955,34.871283],[97.546967,34.876003]]]}},{"type":"Feature","id":"ne_10m_rivers_lake_centerlines-957","properties":{"name":"Beas","nameEn":"Beas","nameOrigin":"natural-earth-original","sourceName":"Beas","sourceDataset":"ne_10m_rivers_lake_centerlines","sourceFeatureIndex":957,"sourceId":671,"scalerank":8.0,"minZoom":7.0,"min_zoom":7.0,"featurecla":"Lake Centerline"},"geometry":{"type":"LineString","coordinates":[[76.200206,31.88642],[76.084483,31.954657],[75.99171,31.974473],[75.934825,31.964545]]}},{"type":"Feature","id":"ne_10m_rivers_lake_centerlines-958","properties":{"name":"Beas","nameEn":"Beas","nameOrigin":"natural-earth-original","sourceName":"Beas","sourceDataset":"ne_10m_rivers_lake_centerlines","sourceFeatureIndex":958,"sourceId":671,"scalerank":8.0,"minZoom":7.0,"min_zoom":7.0,"featurecla":"River"},"geometry":{"type":"MultiLineString","coordinates":[[[77.195079,32.258857],[77.201915,32.186306],[77.156668,32.116807],[77.119395,31.939887],[77.187592,31.826687],[77.214692,31.737616],[77.200206,31.722113],[77.059255,31.699246],[77.009044,31.720323],[76.939871,31.709011],[76.930756,31.772569],[76.682709,31.898261],[76.593842,31.903835],[76.444265,31.808946],[76.320811,31.782172],[76.240896,31.844509],[76.226492,31.882636],[76.200287,31.886339]],[[75.934825,31.964545],[75.898204,31.962266],[75.706554,32.049872],[75.687755,32.067328],[75.688406,32.111762],[75.588471,32.079779],[75.545095,32.010769],[75.53476,31.940009],[75.562918,31.858466],[75.548432,31.820339],[75.559093,31.784206],[75.528412,31.711941],[75.376069,31.581122],[75.319916,31.509792],[75.227143,31.456977],[75.162527,31.337999],[75.002696,31.176296]]]}},{"type":"Feature","id":"ne_10m_rivers_lake_centerlines-959","properties":{"name":"Tungabhadra","nameEn":"Tungabhadra","nameOrigin":"natural-earth-original","sourceName":"Tungabhadra","sourceDataset":"ne_10m_rivers_lake_centerlines","sourceFeatureIndex":959,"sourceId":672,"scalerank":8.0,"minZoom":7.0,"min_zoom":7.0,"featurecla":"Lake Centerline"},"geometry":{"type":"MultiLineString","coordinates":[[[75.893891,15.092597],[75.903575,15.131212],[76.063731,15.159613],[76.155528,15.227891],[76.22877,15.225409],[76.319347,15.272528]],[[75.631765,13.712185],[75.555756,13.676052],[75.549734,13.636501],[75.578136,13.569688],[75.530772,13.496161]]]}},{"type":"Feature","id":"ne_10m_rivers_lake_centerlines-960","properties":{"name":"Tungabhadra","nameEn":"Tungabhadra","nameOrigin":"natural-earth-original","sourceName":"Tungabhadra","sourceDataset":"ne_10m_rivers_lake_centerlines","sourceFeatureIndex":960,"sourceId":672,"scalerank":8.0,"minZoom":7.0,"min_zoom":7.0,"featurecla":"River"},"geometry":{"type":"MultiLineString","coordinates":[[[76.31837,15.270697],[76.355886,15.33279],[76.505626,15.360134],[76.542979,15.402289],[76.579031,15.407904],[76.606375,15.441433],[76.651378,15.445136],[76.694835,15.489936],[76.782237,15.494452],[76.844005,15.651719],[76.896983,15.690945],[77.073416,15.921088],[77.143891,15.960761],[77.226492,15.976426],[77.428722,15.955919],[77.686046,15.893866],[77.849864,15.893866],[77.88795,15.919135],[78.100352,15.829657],[78.141368,15.888129],[78.213145,15.92768],[78.236908,15.969591]],[[75.631765,13.712185],[75.667247,13.735785],[75.656993,13.760688],[75.674083,13.755642],[75.700613,13.788275],[75.699311,13.939643],[75.660411,14.010077],[75.720795,14.073676],[75.685802,14.120958],[75.704519,14.147081],[75.667247,14.17121],[75.660411,14.208686],[75.687755,14.232611],[75.646658,14.253445],[75.618337,14.364285],[75.635265,14.439887],[75.68157,14.502956],[75.7081,14.4831],[75.807384,14.572537],[75.797944,14.673611],[75.735444,14.695339],[75.749766,14.736355],[75.704682,14.722032],[75.7081,14.777289],[75.671397,14.810492],[75.669851,14.844062],[75.69573,14.879503],[75.67685,14.935492],[75.687755,14.95539],[75.732351,14.958808],[75.809255,15.032579],[75.881277,15.0574],[75.893891,15.092597]],[[75.31837,13.228624],[75.481537,13.289171],[75.489675,13.321153],[75.470714,13.367499],[75.507253,13.38642],[75.496511,13.437812],[75.530772,13.496161]]]}},{"type":"Feature","id":"ne_10m_rivers_lake_centerlines-963","properties":{"name":"Ngun","nameEn":"Ngun","nameOrigin":"natural-earth-original","sourceName":"Ngun","sourceDataset":"ne_10m_rivers_lake_centerlines","sourceFeatureIndex":963,"sourceId":674,"scalerank":8.0,"minZoom":7.0,"min_zoom":7.0,"featurecla":"Lake Centerline"},"geometry":{"type":"LineString","coordinates":[[102.780691,18.714911],[102.674571,18.592353],[102.567149,18.55036]]}},{"type":"Feature","id":"ne_10m_rivers_lake_centerlines-964","properties":{"name":"Ngun","nameEn":"Ngun","nameOrigin":"natural-earth-original","sourceName":"Ngun","sourceDataset":"ne_10m_rivers_lake_centerlines","sourceFeatureIndex":964,"sourceId":674,"scalerank":8.0,"minZoom":7.0,"min_zoom":7.0,"featurecla":"River"},"geometry":{"type":"MultiLineString","coordinates":[[[103.205007,19.683905],[103.157725,19.638861],[103.080007,19.611355],[103.055593,19.519843],[102.95989,19.414089],[102.930919,19.404486],[102.819591,19.438178],[102.764252,19.416042],[102.749441,19.390204],[102.745942,19.314399],[102.818614,19.251044],[102.805675,19.197821],[102.879975,19.074774],[102.881847,19.035712],[102.865326,19.005479],[102.799571,18.968817],[102.773367,18.918769],[102.761974,18.842597],[102.780935,18.713446]],[[102.567149,18.55036],[102.513438,18.510565],[102.531505,18.367458],[102.559093,18.368272],[102.520518,18.324286],[102.558197,18.300564],[102.50587,18.281684],[102.533214,18.270575],[102.539073,18.237413],[102.577159,18.230292],[102.578136,18.202216],[102.637218,18.18948],[102.606619,18.17003],[102.605398,18.135565],[102.657319,18.149685],[102.710948,18.139716],[102.737641,18.162624],[102.785655,18.125434],[102.899099,18.193915],[102.973155,18.171454],[102.99464,18.173285],[102.997325,18.197821],[103.013194,18.186876],[103.004893,18.125434],[103.035574,18.126247],[103.068289,18.167914],[103.086843,18.139716]]]}},{"type":"Feature","id":"ne_10m_rivers_lake_centerlines-967","properties":{"name":"Qumar","nameEn":"Qumar","nameOrigin":"natural-earth-original","sourceName":"Qumar","sourceDataset":"ne_10m_rivers_lake_centerlines","sourceFeatureIndex":967,"sourceId":676,"scalerank":8.0,"minZoom":7.0,"min_zoom":7.0,"featurecla":"Lake Centerline"},"geometry":{"type":"LineString","coordinates":[[92.298595,35.222968],[92.112234,35.235175],[92.067475,35.219346]]}},{"type":"Feature","id":"ne_10m_rivers_lake_centerlines-968","properties":{"name":"Qumar","nameEn":"Qumar","nameOrigin":"natural-earth-original","sourceName":"Qumar","sourceDataset":"ne_10m_rivers_lake_centerlines","sourceFeatureIndex":968,"sourceId":676,"scalerank":8.0,"minZoom":7.0,"min_zoom":7.0,"featurecla":"River"},"geometry":{"type":"MultiLineString","coordinates":[[[90.949229,35.244696],[91.158783,35.2449],[91.298595,35.209296],[91.471934,35.208686],[91.601654,35.185574],[91.790457,35.196723],[91.977061,35.154731],[92.0053,35.15998],[92.067475,35.219346]],[[92.298595,35.222968],[92.573253,35.209296],[92.624522,35.175808],[92.694753,35.22545],[92.785737,35.216742],[93.138764,35.303738],[93.274343,35.310736],[93.392019,35.360785],[93.633311,35.296576],[93.768647,35.299343],[93.896088,35.221625],[94.129242,35.211982],[94.376964,35.052273],[94.534109,35.034003],[94.609386,35.002265],[94.654307,35.020209],[94.752208,35.011257],[94.769786,34.979193],[94.929861,34.905137],[94.965912,34.806952],[94.955496,34.718573],[94.924083,34.677191]]]}},{"type":"Feature","id":"ne_10m_rivers_lake_centerlines-977","properties":{"name":"Yalu","nameEn":"Yalu","nameOrigin":"natural-earth-original","sourceName":"Yalu","sourceDataset":"ne_10m_rivers_lake_centerlines","sourceFeatureIndex":977,"sourceId":680,"scalerank":8.0,"minZoom":7.0,"min_zoom":7.0,"featurecla":"Lake Centerline"},"geometry":{"type":"LineString","coordinates":[[124.959239,40.453925],[125.03476,40.462104],[125.009939,40.509792],[125.03476,40.539618],[125.240489,40.613471],[125.275645,40.645087],[125.336436,40.641384]]}},{"type":"Feature","id":"ne_10m_rivers_lake_centerlines-978","properties":{"name":"Yalu","nameEn":"Yalu","nameOrigin":"natural-earth-original","sourceName":"Yalu","sourceDataset":"ne_10m_rivers_lake_centerlines","sourceFeatureIndex":978,"sourceId":680,"scalerank":8.0,"minZoom":7.0,"min_zoom":7.0,"featurecla":"River"},"geometry":{"type":"MultiLineString","coordinates":[[[128.090587,41.917507],[128.096609,41.822821],[128.158783,41.712022],[128.25058,41.660427],[128.302745,41.583686],[128.185313,41.404731],[128.145925,41.376532],[128.103608,41.37934],[128.117931,41.393622],[128.103608,41.399848],[128.063975,41.388617],[128.046479,41.398993],[128.050222,41.420966],[128.014903,41.41352],[128.001231,41.471055],[127.973888,41.450629],[127.943858,41.471055],[127.881277,41.461127],[127.848562,41.431586],[127.662364,41.447211],[127.638194,41.430121],[127.558604,41.458523],[127.542491,41.491523],[127.304779,41.4949],[127.268891,41.505194],[127.28948,41.518826],[127.281261,41.531317],[127.206716,41.54621],[127.179454,41.517157],[127.134369,41.522284],[127.10434,41.537665],[127.179454,41.585395],[127.058686,41.643581],[127.048595,41.678005],[127.076427,41.681016],[127.042247,41.732856],[126.945811,41.766425],[126.929617,41.801337],[126.886811,41.785183],[126.86435,41.747504],[126.808523,41.730048],[126.788178,41.696153],[126.696544,41.741523],[126.679128,41.736274],[126.72755,41.701483],[126.668956,41.667344],[126.617605,41.666205],[126.566824,41.614325],[126.576915,41.562038],[126.500987,41.434638],[126.521983,41.35224],[126.487397,41.344591],[126.500987,41.366278],[126.472179,41.366726],[126.440684,41.34866],[126.274425,41.152777],[126.123546,41.075751],[126.137787,41.057237],[126.10377,41.009467],[126.07545,40.997341],[126.045095,40.944892],[125.980154,40.913845],[126.009532,40.91413],[126.007498,40.899604],[125.935964,40.877631],[125.884858,40.897732],[125.821707,40.86994],[125.760509,40.885932],[125.64446,40.810818],[125.682384,40.76911],[125.609793,40.761501],[125.571544,40.785102],[125.546316,40.726142],[125.468761,40.713162],[125.452647,40.673651],[125.418468,40.666815],[125.413015,40.632025],[125.336436,40.641384]],[[124.959239,40.453925],[124.895112,40.483913],[124.800548,40.394314],[124.740815,40.370551],[124.712169,40.310492],[124.570567,40.252631],[124.370209,40.098253]]]}},{"type":"Feature","id":"ne_10m_rivers_lake_centerlines-1003","properties":{"name":"Tao’er","nameEn":"Tao’er","nameOrigin":"natural-earth-original","sourceName":"Tao’er","sourceDataset":"ne_10m_rivers_lake_centerlines","sourceFeatureIndex":1003,"sourceId":692,"scalerank":8.0,"minZoom":7.0,"min_zoom":7.0,"featurecla":"Lake Centerline"},"geometry":{"type":"LineString","coordinates":[[123.835134,45.724189],[123.882335,45.706977],[123.967296,45.727322],[124.038015,45.709906]]}},{"type":"Feature","id":"ne_10m_rivers_lake_centerlines-1004","properties":{"name":"Tao’er","nameEn":"Tao’er","nameOrigin":"natural-earth-original","sourceName":"Tao’er","sourceDataset":"ne_10m_rivers_lake_centerlines","sourceFeatureIndex":1004,"sourceId":692,"scalerank":8.0,"minZoom":7.0,"min_zoom":7.0,"featurecla":"River"},"geometry":{"type":"MultiLineString","coordinates":[[[120.165294,46.995673],[120.232432,46.947537],[120.263438,46.797878],[120.30421,46.781684],[120.428152,46.78144],[120.514903,46.732856],[120.655935,46.75613],[120.747813,46.714545],[120.95045,46.698513],[121.105479,46.655219],[121.285818,46.63878]],[[121.285818,46.631944],[121.347341,46.604682],[121.35434,46.542548],[121.447032,46.474311],[121.679861,46.409735],[121.779877,46.324083],[121.92099,46.313178],[121.997976,46.27912],[122.101573,46.135688],[122.141694,46.030707],[122.237071,45.964708],[122.310802,45.868109],[122.377452,45.847724],[122.529796,45.551459],[122.78476,45.377305],[122.94752,45.361111],[123.068777,45.393988],[123.145844,45.448188],[123.160574,45.519639],[123.337901,45.681464],[123.474864,45.728542],[123.835134,45.724189]],[[124.038015,45.709906],[124.087901,45.717841]]]}},{"type":"Feature","id":"ne_10m_rivers_lake_centerlines-1005","properties":{"name":"Oka","nameEn":"Oka","nameOrigin":"natural-earth-original","sourceName":"Oka","sourceDataset":"ne_10m_rivers_lake_centerlines","sourceFeatureIndex":1005,"sourceId":693,"scalerank":8.0,"minZoom":7.0,"min_zoom":7.0,"featurecla":"Lake Centerline"},"geometry":{"type":"LineString","coordinates":[[101.870969,56.0],[101.832123,55.878038],[101.842865,55.696479],[101.926362,55.630805],[102.002452,55.600775],[102.350108,55.556342],[102.367198,55.495673],[102.282725,55.443549],[102.281505,55.397569],[102.31894,55.346869],[102.26946,55.29503],[102.289073,55.282009],[102.362315,55.30329],[102.424327,55.29446],[102.390717,55.259833],[102.271576,55.248236],[102.317556,55.192816],[102.310964,55.17475],[102.219249,55.142401],[102.20574,55.131944],[102.216238,55.092393],[102.100027,55.041205]]}},{"type":"Feature","id":"ne_10m_rivers_lake_centerlines-1006","properties":{"name":"Oka","nameEn":"Oka","nameOrigin":"natural-earth-original","sourceName":"Oka","sourceDataset":"ne_10m_rivers_lake_centerlines","sourceFeatureIndex":1006,"sourceId":693,"scalerank":8.0,"minZoom":7.0,"min_zoom":7.0,"featurecla":"River"},"geometry":{"type":"LineString","coordinates":[[100.522716,51.973904],[100.367931,52.059597],[100.339936,52.192003],[100.22755,52.318712],[100.182872,52.330186],[100.070242,52.316474],[99.987722,52.330186],[99.960948,52.364325],[99.922862,52.367743],[99.919444,52.391669],[99.874766,52.411811],[99.871186,52.456732],[99.823253,52.525702],[99.718679,52.563096],[99.720144,52.597724],[99.684581,52.615546],[99.699718,52.721259],[99.782807,52.776964],[100.124929,52.850898],[100.140717,52.865343],[100.136729,52.926785],[100.18629,52.96015],[100.204682,53.012641],[100.279552,53.060981],[100.35963,53.084784],[100.344005,53.104804],[100.362315,53.112494],[100.371186,53.151923],[100.350841,53.159451],[100.412852,53.200995],[100.398529,53.207221],[100.436697,53.255642],[100.539806,53.248155],[100.539073,53.280626],[100.553396,53.282986],[100.638682,53.261786],[100.624034,53.28616],[100.689952,53.275458],[100.743744,53.304633],[100.761648,53.282986],[100.850027,53.293158],[100.930675,53.269232],[101.005626,53.322455],[101.050548,53.301134],[101.069347,53.335883],[101.176524,53.320868],[101.355724,53.465277],[101.433197,53.488349],[101.587576,53.493109],[101.987722,53.681912],[102.075206,53.810248],[102.073822,53.876899],[102.160167,54.002305],[102.064545,54.111436],[102.121104,54.129584],[102.078136,54.159288],[102.125987,54.187323],[102.072195,54.249864],[102.078136,54.303982],[102.03004,54.338813],[102.100597,54.358222],[102.076671,54.44123],[101.985606,54.527411],[101.885346,54.525702],[101.738862,54.55622],[101.701427,54.646552],[101.779307,54.626085],[101.809825,54.630479],[101.864513,54.687771],[101.999929,54.657782],[102.118093,54.689317],[102.141368,54.647569],[102.179617,54.638536],[102.174327,54.693793],[102.224132,54.727729],[102.129893,54.73489],[102.173106,54.780707],[102.166921,54.797431],[102.056895,54.802761],[102.09669,54.864203],[102.057058,54.899766],[102.166921,54.954413],[102.078624,54.958604],[102.057058,54.981757],[102.100027,55.041205]]}},{"type":"Feature","id":"ne_10m_rivers_lake_centerlines-1036","properties":{"name":"Bol’shoy Yenisey","nameEn":"Bol’shoy Yenisey","nameOrigin":"natural-earth-original","sourceName":"Bol’shoy Yenisey","sourceDataset":"ne_10m_rivers_lake_centerlines","sourceFeatureIndex":1036,"sourceId":707,"scalerank":8.0,"minZoom":7.0,"min_zoom":7.0,"featurecla":"River"},"geometry":{"type":"LineString","coordinates":[[94.464773,51.73371],[94.48878,51.814765],[94.457937,51.86404],[94.434093,51.868516],[94.436697,51.905585],[94.41269,51.925076],[94.484874,51.975898],[94.50294,52.015204],[94.416596,52.021064],[94.405772,52.051825],[94.371023,52.070095],[94.389171,52.097439],[94.368582,52.130927],[94.465017,52.17536],[94.597992,52.278632],[94.608897,52.300971],[94.546153,52.330186],[94.659434,52.316474],[94.698416,52.333197],[94.780772,52.455268],[94.896658,52.494656],[94.97877,52.49669],[95.065359,52.530788],[95.257091,52.513617],[95.358409,52.531684],[95.475678,52.644355],[95.673595,52.70071],[95.852306,52.695583],[96.000418,52.625027],[96.010509,52.589464],[96.068614,52.555691],[96.150483,52.40587],[96.122569,52.377997],[96.130056,52.354356],[96.104747,52.308132],[96.037039,52.277452],[96.106537,52.2508],[96.479503,52.27558],[96.526378,52.259223],[96.555105,52.220486],[96.541026,52.212836],[96.606049,52.168769],[96.705496,52.158881],[97.068614,52.179307],[97.224864,52.138292],[97.473155,52.17239],[97.801687,52.117947],[97.889252,52.121649],[97.982514,52.219102],[98.171153,52.251776],[98.333018,52.307318],[98.584076,52.334418],[98.62558,52.452175],[98.733165,52.515163]]}},{"type":"Feature","id":"ne_10m_rivers_lake_centerlines-1062","properties":{"name":"Amur","nameEn":"Amur","nameOrigin":"natural-earth-original","sourceName":"Amur","sourceDataset":"ne_10m_rivers_lake_centerlines","sourceFeatureIndex":1062,"sourceId":72,"scalerank":3.0,"minZoom":3.0,"min_zoom":3.0,"featurecla":"Lake Centerline"},"geometry":{"type":"MultiLineString","coordinates":[[[140.114024,51.763617],[139.9192,51.60224],[139.857595,51.578803]],[[137.069835,50.454047],[137.111827,50.246161],[137.004242,50.159491],[136.891368,50.124457],[136.814382,50.018012],[136.756847,49.880194],[136.765147,49.800076],[136.810557,49.759304]]]}},{"type":"Feature","id":"ne_10m_rivers_lake_centerlines-1063","properties":{"name":"Amur","nameEn":"Amur","nameOrigin":"natural-earth-original","sourceName":"Amur","sourceDataset":"ne_10m_rivers_lake_centerlines","sourceFeatureIndex":1063,"sourceId":72,"scalerank":3.0,"minZoom":3.0,"min_zoom":3.0,"featurecla":"River"},"geometry":{"type":"MultiLineString","coordinates":[[[140.706635,53.111029],[140.583751,53.084906],[140.263194,53.221747],[139.915701,53.212999],[139.869884,53.188422],[139.819835,53.065741],[139.703543,52.971625],[139.75294,52.925116],[140.000418,52.837022],[140.093761,52.772569],[140.11085,52.747382],[140.087983,52.692654],[140.135265,52.618923],[140.30421,52.582953],[140.437999,52.429633],[140.454112,52.347602],[140.404877,52.278998],[140.367686,52.158759],[140.251964,52.092963],[140.163829,52.00906],[140.241791,51.859809],[140.236746,51.830756],[140.114024,51.763699]],[[139.857595,51.578803],[139.651947,51.537055],[139.517345,51.532823],[139.42628,51.421332],[139.234874,51.357856],[139.178396,51.353583],[139.011241,51.389024],[138.932384,51.380235],[138.875255,51.261013],[138.655284,51.201687],[138.573741,51.126899],[138.440929,51.097846],[138.361339,51.021674],[138.194347,50.947048],[138.138438,50.87641],[138.038585,50.8546],[137.917572,50.762234],[137.688487,50.689073],[137.367768,50.670681],[137.233165,50.640204],[137.048757,50.506374],[137.069835,50.454047]],[[136.810557,49.759304],[136.853282,49.719102],[136.852468,49.604438],[136.836681,49.57571],[136.737804,49.502753],[136.531261,49.465888],[136.435151,49.418524],[136.416026,49.343329],[136.343272,49.254584],[136.26946,49.213487],[136.302419,49.107733],[136.276541,49.043647],[136.149669,48.964789],[135.99407,48.934516],[135.940033,48.847764],[135.802745,48.80976],[135.754405,48.753119],[135.647227,48.745917],[135.513601,48.779079],[135.37379,48.735663],[135.290945,48.747178],[135.23878,48.734442],[135.023041,48.614854],[134.997325,48.548611],[135.042979,48.485867],[135.035574,48.437445],[134.883881,48.424384],[134.751475,48.371609],[134.598074,48.416449],[134.505056,48.413682],[134.056733,48.32746],[133.966238,48.278876],[133.720876,48.244981],[133.670014,48.190253],[133.593354,48.164374],[133.559662,48.113552],[133.524018,48.09573],[133.301199,48.101508],[133.223399,48.126247],[133.091726,48.107001],[133.032481,48.057074],[132.940522,48.026923],[132.805593,47.936469],[132.72226,47.959174],[132.674408,47.950873],[132.660167,47.931586],[132.667654,47.881537],[132.576182,47.794501],[132.573822,47.739814],[132.524343,47.707709],[132.332042,47.736762],[132.161388,47.690253],[132.024994,47.698065],[131.913666,47.667914],[131.702647,47.696397],[131.602957,47.661729],[131.507416,47.721788],[131.418061,47.742865],[131.084076,47.67536],[130.941742,47.718207],[130.941417,47.820868],[130.906668,47.884467],[130.674571,48.064236],[130.674571,48.136176],[130.752452,48.189887],[130.773529,48.244452],[130.819021,48.282172],[130.824718,48.318061],[130.742931,48.411892],[130.758718,48.485948],[130.715424,48.499294],[130.625987,48.482489],[130.619884,48.560736],[130.529552,48.616482],[130.674083,48.871039],[130.540619,48.853705],[130.439464,48.896755],[130.249034,48.864814],[130.201589,48.88288],[129.97405,49.015408],[129.926199,49.025946],[129.920421,49.082099],[129.841238,49.109442],[129.841238,49.167426],[129.741628,49.19599],[129.710948,49.274441],[129.551524,49.290717],[129.527599,49.385118],[129.480398,49.421495],[129.378429,49.42532],[129.372976,49.370144],[129.34075,49.341376],[129.217703,49.391059],[129.115001,49.348985],[129.066742,49.361925],[128.997813,49.441514],[128.878917,49.480007],[128.759776,49.471137],[128.753835,49.502753],[128.799327,49.532091],[128.801524,49.565375],[128.671479,49.61168],[128.628429,49.575548],[128.38323,49.579617],[128.344493,49.548204],[128.267833,49.559027],[128.198171,49.539252],[128.066905,49.546942],[127.967784,49.603461],[127.920421,49.581366],[127.830577,49.594102],[127.703217,49.660915],[127.679698,49.739366],[127.644054,49.767401],[127.538259,49.790229],[127.507823,49.822577],[127.533702,49.922716],[127.494151,49.973456],[127.486339,50.025906],[127.569835,50.130439],[127.590343,50.209011]]]}},{"type":"Feature","id":"ne_10m_rivers_lake_centerlines-1068","properties":{"name":"Mun","nameEn":"Mun","nameOrigin":"natural-earth-original","sourceName":"Mun","sourceDataset":"ne_10m_rivers_lake_centerlines","sourceFeatureIndex":1068,"sourceId":734,"scalerank":8.0,"minZoom":7.0,"min_zoom":7.0,"featurecla":"River"},"geometry":{"type":"LineString","coordinates":[[102.002452,14.276964],[102.067556,14.355821],[102.064708,14.400336],[102.098643,14.455756],[102.138113,14.471544],[102.177419,14.542019],[102.160167,14.650662],[102.201101,14.702826],[102.213145,14.878607],[102.243175,14.913031],[102.265554,15.009589],[102.35198,15.099433],[102.366222,15.092597],[102.358165,15.113064],[102.390717,15.208808],[102.433849,15.237169],[102.509532,15.245307],[102.619395,15.33279],[102.639903,15.373806],[102.67392,15.366278],[102.72934,15.394232],[102.752859,15.380561],[102.837983,15.388983],[102.853038,15.404812],[102.899343,15.373806],[102.951182,15.380561],[102.975108,15.429023],[102.995535,15.421495],[103.057628,15.463162],[103.0713,15.435167],[103.105398,15.448839],[103.11907,15.41474],[103.146983,15.421495],[103.167491,15.366278],[103.190929,15.371202],[103.256847,15.311632],[103.30364,15.315009],[103.36671,15.352647],[103.406993,15.345811],[103.412364,15.321804],[103.42921,15.322333],[103.434255,15.345811],[103.453868,15.339626],[103.502615,15.298041],[103.557872,15.284369],[103.626231,15.319159],[103.660818,15.373806],[103.679698,15.334296],[103.710948,15.365912],[103.747651,15.364936],[103.811697,15.407904],[103.826589,15.453884],[103.887136,15.470893],[103.909434,15.443223],[103.942149,15.441433],[103.945079,15.421698],[103.976166,15.429023],[103.985769,15.410183],[104.060802,15.402126],[104.076264,15.363837],[104.153819,15.345811],[104.243093,15.270697],[104.257416,15.229763],[104.277354,15.246894],[104.302338,15.236274],[104.386485,15.196601],[104.384044,15.16828],[104.460704,15.137274],[104.524913,15.154079],[104.709239,15.133572],[104.736501,15.171454],[104.702403,15.181952],[104.790457,15.240831],[104.826101,15.240343],[104.804779,15.21544],[104.831716,15.212714],[105.126475,15.308702],[105.217214,15.304267],[105.266124,15.237901],[105.3803,15.306952],[105.459483,15.270128],[105.475678,15.307481],[105.503835,15.320176]]}},{"type":"Feature","id":"ne_10m_rivers_lake_centerlines-1069","properties":{"name":"Chi","nameEn":"Chi","nameOrigin":"natural-earth-original","sourceName":"Chi","sourceDataset":"ne_10m_rivers_lake_centerlines","sourceFeatureIndex":1069,"sourceId":735,"scalerank":8.0,"minZoom":7.0,"min_zoom":7.0,"featurecla":"River"},"geometry":{"type":"LineString","coordinates":[[101.405854,16.373643],[101.407237,16.350938],[101.463959,16.346137],[101.506847,16.311713],[101.488455,16.271308],[101.502615,16.224189],[101.588145,16.216661],[101.585378,16.164252],[101.694591,16.08629],[101.677257,16.017401],[101.687104,15.962185],[101.751231,15.808458],[101.810639,15.784613],[101.824311,15.736884],[101.926768,15.66116],[102.002452,15.695868],[102.084402,15.619574],[102.146495,15.682237],[102.160167,15.736884],[102.203298,15.744656],[102.214692,15.764187],[102.240245,15.752712],[102.331391,15.805732],[102.334565,15.863837],[102.381847,15.976386],[102.502615,16.093126],[102.543793,16.072048],[102.577891,16.093126],[102.585948,16.127265],[102.598237,16.120429],[102.653575,16.167589],[102.669444,16.220038],[102.695242,16.230292],[102.687755,16.243964],[102.737071,16.246405],[102.761811,16.273383],[102.8178,16.368476],[102.893077,16.373643],[102.886241,16.387315],[102.9546,16.373643],[102.947765,16.360663],[102.995535,16.305447],[103.04713,16.293809],[103.080089,16.248074],[103.11907,16.236518],[103.112804,16.202338],[103.143891,16.19599],[103.28297,16.227484],[103.35491,16.224148],[103.387218,16.243964],[103.421316,16.243964],[103.458263,16.189317],[103.476003,16.209174],[103.557872,16.222846],[103.566905,16.20539],[103.605968,16.205634],[103.606375,16.222846],[103.634288,16.195583],[103.667735,16.195583],[103.660818,16.222846],[103.695079,16.216661],[103.701915,16.230292],[103.798595,16.175645],[103.784434,16.154568],[103.865245,16.115546],[103.893972,16.076931],[103.908376,16.00373],[103.925141,16.007921],[103.894216,15.942328],[103.906261,15.91352],[103.93629,15.948757],[103.990489,15.908149],[104.009776,15.914984],[104.03769,15.867214],[104.013276,15.846503],[104.009776,15.798285],[104.073334,15.82038],[104.071788,15.846747],[104.11142,15.823188],[104.13144,15.787665],[104.126964,15.702094],[104.155365,15.701687],[104.239675,15.551296],[104.284109,15.521186],[104.30714,15.456244],[104.352061,15.442003],[104.373546,15.463162],[104.387218,15.401068],[104.423595,15.37462],[104.435557,15.386786],[104.428722,15.325303],[104.500499,15.311632],[104.572032,15.325303],[104.613048,15.304877],[104.654552,15.240546],[104.674083,15.25377],[104.716075,15.188788]]}},{"type":"Feature","id":"ne_10m_rivers_lake_centerlines-1071","properties":{"name":"Shandian","nameEn":"Shandian","nameOrigin":"natural-earth-original","sourceName":"Shandian","sourceDataset":"ne_10m_rivers_lake_centerlines","sourceFeatureIndex":1071,"sourceId":737,"scalerank":8.0,"minZoom":7.0,"min_zoom":7.0,"featurecla":"River"},"geometry":{"type":"LineString","coordinates":[[115.995942,41.509711],[115.978526,41.588487],[115.928315,41.6258],[115.779796,41.669542],[115.751475,41.728827],[115.760753,41.77501],[115.800222,41.793647],[115.823985,41.845526],[115.891124,42.127712],[115.872325,42.16706],[115.945811,42.251044],[116.1928,42.359442],[116.344737,42.359442],[116.486908,42.310574],[116.559988,42.240302],[116.616222,42.235907],[116.674327,42.088813],[116.715343,42.065253],[116.61435,41.907904]]}},{"type":"Feature","id":"ne_10m_rivers_lake_centerlines-1072","properties":{"name":"Da","nameEn":"Black","nameOrigin":"natural-earth-original","sourceName":"Da","sourceDataset":"ne_10m_rivers_lake_centerlines","sourceFeatureIndex":1072,"sourceId":738,"scalerank":8.0,"minZoom":7.0,"min_zoom":7.0,"featurecla":"River"},"geometry":{"type":"LineString","coordinates":[[100.612071,24.748643],[100.775483,24.617499],[100.840831,24.460639],[100.896495,24.406277],[100.952078,24.310167],[100.954112,24.27501],[101.009695,24.215928],[101.009369,24.1553],[101.060802,24.132392],[101.084565,24.055447],[101.125987,24.007514],[101.157237,23.919013],[101.149669,23.755194],[101.186697,23.664822],[101.166433,23.596625],[101.251964,23.545966],[101.280203,23.425401],[101.244884,23.264838],[101.34905,23.22602],[101.33074,23.124294],[101.367931,23.08808],[101.427013,23.124294],[101.497976,23.075019],[101.515717,23.017849],[101.467377,22.986518],[101.550548,22.870429],[101.628998,22.849311],[101.673432,22.897773],[101.731619,22.919216],[101.796397,22.884101],[101.871593,22.805284],[101.933604,22.818305],[101.980398,22.80211],[102.104747,22.651313],[102.263194,22.616563],[102.307546,22.561957],[102.379242,22.575629],[102.523204,22.561957],[102.644949,22.436225],[102.776785,22.360378],[102.817556,22.297065],[102.828543,22.228339],[102.84547,22.20543],[102.908376,22.202948],[102.934662,22.137397],[103.040294,22.147732],[103.140147,22.085557],[103.177338,22.087958],[103.264415,22.048041],[103.28419,22.054267],[103.263113,22.075995],[103.323985,22.149482],[103.38323,22.14997],[103.452159,22.048367],[103.461681,21.990302],[103.497488,21.967841],[103.543956,21.893093],[103.585378,21.74376],[103.642589,21.67239],[103.749522,21.652208],[103.815115,21.558621],[103.958507,21.517524],[104.046479,21.451483],[104.105968,21.431667],[104.160085,21.364325],[104.167491,21.321845],[104.223888,21.272325],[104.277354,21.252956],[104.297781,21.225613],[104.364024,21.213731],[104.514903,21.073065],[104.553722,21.083075],[104.57366,21.048204],[104.618337,21.035712],[104.653901,21.03502],[104.709239,21.06863],[104.866954,21.0338],[104.996593,20.877021],[105.086436,20.813096],[105.082937,20.766913],[105.196544,20.774604],[105.340017,20.828803],[105.3296,20.981309],[105.284679,21.054267],[105.305675,21.126573],[105.28183,21.170681],[105.342784,21.238105],[105.339854,21.273383]]}},{"type":"Feature","id":"ne_10m_rivers_lake_centerlines-1073","properties":{"name":"Onon","nameEn":"Onon","nameOrigin":"natural-earth-original","sourceName":"Onon","sourceDataset":"ne_10m_rivers_lake_centerlines","sourceFeatureIndex":1073,"sourceId":739,"scalerank":8.0,"minZoom":7.0,"min_zoom":7.0,"featurecla":"River"},"geometry":{"type":"LineString","coordinates":[[108.906668,48.877509],[109.036794,48.978217],[109.122325,49.004177],[109.194021,48.997138],[109.424327,49.096218],[109.509695,49.209581],[109.715017,49.230658],[109.841726,49.182237],[109.917491,49.058783],[109.989187,49.017768],[110.08546,48.913845],[110.123627,48.90058],[110.192963,48.781073],[110.232514,48.754096],[110.342052,48.702216],[110.573253,48.670274],[110.672537,48.607042],[110.882091,48.606309],[110.977794,48.566352],[111.193858,48.685981],[111.342459,48.70246],[111.483409,48.757758],[111.514415,48.750922],[111.587169,48.815212],[111.651866,48.828721],[111.685802,48.888048],[111.775076,48.957628],[111.81894,49.025743],[111.849294,49.035224],[111.864513,49.07453],[111.842784,49.093533],[111.852061,49.119452],[111.928233,49.117458],[112.033946,49.222235],[112.031261,49.264838],[112.341319,49.453192],[112.504324,49.495388],[112.58489,49.544013],[112.569753,49.590033],[112.583751,49.630072],[112.702891,49.710476],[112.764171,49.798163],[112.780772,49.868232],[112.881277,49.994452],[113.014415,50.081081],[113.05128,50.162624],[113.134207,50.199286],[113.274018,50.304633],[113.277599,50.366238],[113.316905,50.423041],[113.812999,50.436632],[113.909679,50.4914],[114.529796,50.490668],[114.686615,50.546413],[114.813487,50.525458],[115.019135,50.531602],[115.098399,50.566433],[115.452403,50.609971],[115.572032,50.578396],[115.658214,50.629665],[115.680593,50.676296],[115.687999,50.799831],[115.601736,50.974433],[115.606456,51.011339],[115.671153,51.070583],[115.813975,51.131903],[115.886241,51.19835],[115.961681,51.320502],[116.071544,51.388861],[116.085134,51.430365],[116.045502,51.485297],[115.975352,51.505479],[116.005626,51.547309],[115.839447,51.556667],[115.841075,51.604804],[115.792491,51.635281],[115.789806,51.656317],[115.831472,51.725206]]}},{"type":"Feature","id":"ne_10m_rivers_lake_centerlines-1076","properties":{"name":"Tone","nameEn":"Tone","nameOrigin":"natural-earth-original","sourceName":"Tone","sourceDataset":"ne_10m_rivers_lake_centerlines","sourceFeatureIndex":1076,"sourceId":740,"scalerank":8.0,"minZoom":7.0,"min_zoom":7.0,"featurecla":"River"},"geometry":{"type":"LineString","coordinates":[[139.067149,36.906684],[139.064708,36.853217],[138.968761,36.779731],[138.968272,36.739936],[139.041433,36.609931],[139.020925,36.483425],[139.072032,36.35989],[139.181814,36.263129],[139.378347,36.222439],[139.472748,36.178005],[139.513927,36.192694],[139.60963,36.179307],[139.769216,36.109931],[139.96933,35.913886],[140.127045,35.854315],[140.319591,35.850613],[140.392507,35.884792],[140.551199,35.888454],[140.692393,35.832587],[140.798839,35.74372],[140.856944,35.732367]]}},{"type":"Feature","id":"ne_10m_rivers_lake_centerlines-1085","properties":{"name":"Mana","nameEn":"Mana","nameOrigin":"natural-earth-original","sourceName":"Mana","sourceDataset":"ne_10m_rivers_lake_centerlines","sourceFeatureIndex":1085,"sourceId":748,"scalerank":8.0,"minZoom":7.0,"min_zoom":7.0,"featurecla":"River"},"geometry":{"type":"MultiLineString","coordinates":[[[95.732351,55.749538],[95.883067,55.859442],[95.893077,55.892157],[95.852711,56.0]],[[95.507335,54.346381],[95.541515,54.417792],[95.569428,54.576036],[95.589936,54.576036],[95.603526,54.634101],[95.414561,54.770941],[95.296397,54.799018],[95.129242,54.892524],[95.116466,54.952216],[95.168061,54.999213],[95.133311,55.04324],[95.164073,55.116726],[95.129975,55.161689],[95.173595,55.36225],[95.245616,55.393256],[95.276378,55.455349],[95.437429,55.489447],[95.462901,55.519721],[95.465261,55.536689],[95.411632,55.558458],[95.390717,55.606635],[95.527273,55.666938],[95.657481,55.674506],[95.687429,55.693671],[95.691173,55.73782],[95.732351,55.756415]]]}},{"type":"Feature","id":"ne_10m_rivers_lake_centerlines-1087","properties":{"name":"Hailar","nameEn":"Hailar","nameOrigin":"natural-earth-original","sourceName":"Hailar","sourceDataset":"ne_10m_rivers_lake_centerlines","sourceFeatureIndex":1087,"sourceId":74,"scalerank":3.0,"minZoom":3.0,"min_zoom":3.0,"featurecla":"River"},"geometry":{"type":"LineString","coordinates":[[117.873464,49.513495],[117.873953,49.468044],[117.924571,49.400499],[118.100597,49.292426],[118.188731,49.308051],[118.264415,49.38996],[118.372325,49.447699],[118.490326,49.42475],[118.56544,49.38996],[118.597585,49.347602],[118.59962,49.280097],[118.640636,49.260281],[118.613292,49.260281],[118.6338,49.219306],[118.815684,49.219306],[118.836029,49.239122],[118.861339,49.224473],[118.908132,49.232937],[118.965831,49.192735],[119.192393,49.21247],[119.255951,49.197821],[119.368093,49.260077],[119.557872,49.29918],[119.754242,49.273871],[119.896902,49.284003],[120.145518,49.232937],[120.175548,49.198188],[120.22462,49.212022],[120.259695,49.190619],[120.559825,49.280097],[120.65919,49.329047],[120.737315,49.322333],[120.783214,49.349636],[120.888764,49.364569],[120.98406,49.414374],[121.107026,49.423367],[121.357351,49.512519],[121.542247,49.621039],[121.624441,49.642157],[121.811534,49.644965],[121.868907,49.676215],[121.978038,49.691677],[122.28712,49.849311]]}},{"type":"Feature","id":"ne_10m_rivers_lake_centerlines-1108","properties":{"name":"Ca","nameEn":"Ca","nameOrigin":"natural-earth-original","sourceName":"Ca","sourceDataset":"ne_10m_rivers_lake_centerlines","sourceFeatureIndex":1108,"sourceId":768,"scalerank":8.0,"minZoom":7.0,"min_zoom":7.0,"featurecla":"River"},"geometry":{"type":"LineString","coordinates":[[103.832286,19.899848],[103.838471,19.870225],[103.964285,19.775336],[104.006602,19.711737],[104.157807,19.687934],[104.327403,19.71837],[104.341807,19.673611],[104.316824,19.628526],[104.328136,19.598334],[104.483409,19.567491],[104.604991,19.503363],[104.592459,19.457953],[104.516694,19.405951],[104.478119,19.345974],[104.407644,19.31391],[104.429861,19.275906],[104.551524,19.225165],[104.657725,19.204657],[104.677826,19.156277],[104.780854,19.11579],[104.872569,19.050645],[104.977794,19.021552],[105.003998,18.977484],[105.024099,18.989122],[105.046641,18.976589],[105.073009,18.930284],[105.098643,18.954535],[105.127533,18.930284],[105.147472,18.950751],[105.286713,18.915595],[105.29835,18.90294],[105.264171,18.88935],[105.28948,18.875312],[105.284679,18.8074],[105.319347,18.793077],[105.326182,18.758979],[105.421886,18.683295],[105.489513,18.703559],[105.531749,18.642279],[105.607921,18.613308],[105.639171,18.576768],[105.680675,18.577216],[105.688731,18.621853],[105.750662,18.662787]]}},{"type":"Feature","id":"ne_10m_rivers_lake_centerlines-1109","properties":{"name":"Nakdong","nameEn":"Nakdong","nameOrigin":"natural-earth-original","sourceName":"Nakdong","sourceDataset":"ne_10m_rivers_lake_centerlines","sourceFeatureIndex":1109,"sourceId":769,"scalerank":8.0,"minZoom":7.0,"min_zoom":7.0,"featurecla":"River"},"geometry":{"type":"LineString","coordinates":[[129.056814,37.042019],[129.098562,36.979315],[129.089366,36.962836],[129.02003,36.928046],[129.011322,36.884589],[128.90797,36.842149],[128.906179,36.767646],[128.887706,36.748603],[128.899343,36.733507],[128.847585,36.722724],[128.858409,36.692572],[128.832449,36.690456],[128.870942,36.576117],[128.580577,36.594102],[128.539236,36.562567],[128.464285,36.557074],[128.402599,36.504177],[128.289236,36.555365],[128.253022,36.466661],[128.26295,36.449408],[128.241466,36.432481],[128.313487,36.394314],[128.296641,36.315212],[128.33074,36.30154],[128.381602,36.175238],[128.406993,36.047431],[128.404796,35.853949],[128.466726,35.83747],[128.487641,35.814032],[128.436615,35.801337],[128.404226,35.758124],[128.451427,35.69835],[128.364838,35.69538],[128.405935,35.643581],[128.364838,35.595771],[128.367686,35.530788],[128.430431,35.480414],[128.390066,35.452663],[128.387787,35.43126],[128.465994,35.377509],[128.697846,35.388129],[128.770274,35.35456],[128.862397,35.403022],[128.92628,35.376247],[128.997813,35.315009],[129.025645,35.26321],[128.97698,35.165961],[128.981944,35.136501]]}},{"type":"Feature","id":"ne_10m_rivers_lake_centerlines-1122","properties":{"name":"Kondoma","nameEn":"Kondoma","nameOrigin":"natural-earth-original","sourceName":"Kondoma","sourceDataset":"ne_10m_rivers_lake_centerlines","sourceFeatureIndex":1122,"sourceId":780,"scalerank":8.0,"minZoom":7.0,"min_zoom":7.0,"featurecla":"River"},"geometry":{"type":"LineString","coordinates":[[88.249278,52.439399],[88.222179,52.427436],[88.173839,52.455146],[88.15976,52.480984],[88.180919,52.515163],[88.117198,52.548774],[88.094168,52.687079],[87.954275,52.789496],[87.796886,52.765204],[87.714122,52.721259],[87.653331,52.727403],[87.584483,52.706895],[87.600108,52.689154],[87.512706,52.667263],[87.415619,52.671942],[87.419932,52.693305],[87.364757,52.70071],[87.378429,52.734239],[87.357514,52.731309],[87.353282,52.761054],[87.304779,52.776801],[87.282156,52.837266],[87.259207,52.84752],[87.289561,52.899359],[87.221202,52.937527],[87.16684,52.940294],[87.19394,52.953966],[87.081472,52.973944],[87.118256,53.070014],[87.152436,53.056342],[87.172862,53.070014],[87.152436,53.083686],[87.181082,53.108954],[87.152436,53.138292],[87.208425,53.166205],[87.187104,53.179877],[87.264659,53.217841],[87.268565,53.286078],[87.174815,53.292792],[87.16684,53.32392],[87.245616,53.351386],[87.27589,53.430365],[87.316417,53.449164],[87.234955,53.488349],[87.268565,53.516303],[87.25823,53.561591],[87.311127,53.599311],[87.298595,53.622138],[87.180919,53.680203],[87.242442,53.717719],[87.201182,53.751899],[87.214692,53.762071]]}},{"type":"Feature","id":"ne_10m_rivers_lake_centerlines-1123","properties":{"name":"Daling","nameEn":"Daling","nameOrigin":"natural-earth-original","sourceName":"Daling","sourceDataset":"ne_10m_rivers_lake_centerlines","sourceFeatureIndex":1123,"sourceId":781,"scalerank":8.0,"minZoom":7.0,"min_zoom":7.0,"featurecla":"River"},"geometry":{"type":"LineString","coordinates":[[118.978933,41.134101],[119.20045,41.149197],[119.234874,41.191677],[119.369151,41.234158],[119.413097,41.225165],[119.435069,41.186876],[119.529552,41.174262],[119.55714,41.15001],[119.610037,41.138373],[119.672455,41.163682],[119.703705,41.134711],[119.779307,41.115302],[119.913259,41.225165],[119.912608,41.249335],[119.947358,41.26671],[119.951427,41.304958],[120.091563,41.40705],[120.29892,41.431749],[120.296886,41.451728],[120.461436,41.551866],[120.47462,41.602851],[120.5713,41.62755],[120.664073,41.610216],[120.854503,41.736274],[120.946788,41.749864],[120.975597,41.744086],[120.998627,41.681016],[121.064708,41.60574],[121.098725,41.595323],[121.110037,41.544013],[121.204031,41.559149],[121.366222,41.528673],[121.422455,41.489203],[121.42628,41.426825],[121.388438,41.324774],[121.339854,41.290635],[121.335948,41.240587],[121.402599,41.135362],[121.505056,41.098212],[121.635916,40.961615],[121.616303,40.900255],[121.565033,40.8487]]}},{"type":"Feature","id":"ne_10m_rivers_lake_centerlines-1173","properties":{"name":"Zuo","nameEn":"Zuo","nameOrigin":"natural-earth-original","sourceName":"Zuo","sourceDataset":"ne_10m_rivers_lake_centerlines","sourceFeatureIndex":1173,"sourceId":823,"scalerank":8.0,"minZoom":7.0,"min_zoom":7.0,"featurecla":"River"},"geometry":{"type":"LineString","coordinates":[[105.902192,22.933132],[106.013927,22.758816],[106.22991,22.68122],[106.409109,22.552273],[106.447765,22.568183],[106.725597,22.380683],[106.938975,22.320502],[107.102061,22.414374],[107.138194,22.407823],[107.155854,22.365098],[107.246511,22.355333],[107.434662,22.527126],[107.512706,22.487982],[107.639903,22.659613],[107.671967,22.667914],[107.803966,22.63463],[107.883067,22.64114],[107.939138,22.712999],[107.95753,22.712673],[107.975108,22.7567],[108.010346,22.767646],[108.042084,22.855577],[108.092296,22.844346]]}},{"type":"Feature","id":"ne_10m_rivers_lake_centerlines-1174","properties":{"name":"Duliu","nameEn":"Duliu","nameOrigin":"natural-earth-original","sourceName":"Duliu","sourceDataset":"ne_10m_rivers_lake_centerlines","sourceFeatureIndex":1174,"sourceId":824,"scalerank":8.0,"minZoom":7.0,"min_zoom":7.0,"featurecla":"River"},"geometry":{"type":"LineString","coordinates":[[109.459239,25.650743],[109.401459,25.706895],[109.163259,25.706488],[109.149913,25.76378],[109.055105,25.78498],[108.924897,25.709011],[108.898529,25.721137],[108.851736,25.800238],[108.710948,25.744452],[108.666921,25.802517],[108.561046,25.84748],[108.517507,25.902167],[108.396658,25.866767],[108.313569,25.87698],[108.204845,25.840277],[108.117279,25.850857],[108.093272,25.86754],[108.06837,25.974555],[107.991628,25.995958],[107.874115,25.986925],[107.784597,25.945176],[107.764578,25.82921],[107.699229,25.760199],[107.66212,25.753119],[107.597992,25.806016]]}},{"type":"Feature","id":"ne_10m_rivers_lake_centerlines-1175","properties":{"name":"Mogami","nameEn":"Mogami","nameOrigin":"natural-earth-original","sourceName":"Mogami","sourceDataset":"ne_10m_rivers_lake_centerlines","sourceFeatureIndex":1175,"sourceId":825,"scalerank":8.0,"minZoom":7.0,"min_zoom":7.0,"featurecla":"River"},"geometry":{"type":"LineString","coordinates":[[140.038666,37.76614],[140.055431,37.875434],[140.125092,38.010443],[140.060476,38.064399],[140.060476,38.145697],[140.0949,38.188544],[140.113292,38.256903],[140.203054,38.350531],[140.281749,38.333564],[140.314952,38.36046],[140.348155,38.448676],[140.340017,38.504259],[140.37851,38.555976],[140.342459,38.647284],[140.279796,38.655951],[140.217214,38.707221],[139.99879,38.783637],[139.815929,38.913642]]}},{"type":"Feature","id":"ne_10m_rivers_lake_centerlines-1190","properties":{"name":"Erdao","nameEn":"Erdao","nameOrigin":"natural-earth-original","sourceName":"Erdao","sourceDataset":"ne_10m_rivers_lake_centerlines","sourceFeatureIndex":1190,"sourceId":839,"scalerank":8.0,"minZoom":7.0,"min_zoom":7.0,"featurecla":"River"},"geometry":{"type":"LineString","coordinates":[[128.111095,42.170722],[128.055919,42.318427],[128.098888,42.386094],[128.124929,42.491523],[128.179779,42.532538],[128.173269,42.579169],[128.144542,42.592637],[128.063406,42.571723],[128.080333,42.643988],[128.011485,42.620144],[127.919932,42.667914],[127.878347,42.667914],[127.892019,42.688422],[127.837413,42.729356],[127.871511,42.716335],[127.859304,42.744167],[127.783214,42.812323],[127.716563,42.815497],[127.713796,42.790839],[127.645518,42.749823],[127.535655,42.64057],[127.474539,42.624213],[127.480479,42.606472],[127.42213,42.561794],[127.376069,42.56745]]}},{"type":"Feature","id":"ne_10m_rivers_lake_centerlines-1192","properties":{"name":"Nanweng","nameEn":"Nanweng","nameOrigin":"natural-earth-original","sourceName":"Nanweng","sourceDataset":"ne_10m_rivers_lake_centerlines","sourceFeatureIndex":1192,"sourceId":840,"scalerank":8.0,"minZoom":7.0,"min_zoom":7.0,"featurecla":"River"},"geometry":{"type":"LineString","coordinates":[[124.639903,51.310614],[124.862641,51.309272],[125.0206,51.272773],[125.136485,51.305121],[125.215831,51.300727],[125.241466,51.294989],[125.273936,51.244818],[125.351085,51.240668],[125.391775,51.202094],[125.505382,51.179633],[125.517589,51.149034],[125.557384,51.133857],[125.58839,51.178087],[125.740001,51.186225],[125.818858,51.213568],[125.843272,51.206122],[125.870372,51.144639],[125.928233,51.126492],[125.925141,51.109931],[125.98406,51.104112],[125.98878,51.070258],[126.026378,51.051052],[126.040538,51.018744]]}},{"type":"Feature","id":"ne_10m_rivers_lake_centerlines-1193","properties":{"name":"Chuna","nameEn":"Chuna","nameOrigin":"natural-earth-original","sourceName":"Chuna","sourceDataset":"ne_10m_rivers_lake_centerlines","sourceFeatureIndex":1193,"sourceId":841,"scalerank":8.0,"minZoom":7.0,"min_zoom":7.0,"featurecla":"River"},"geometry":{"type":"LineString","coordinates":[[97.013276,53.833319],[97.171641,53.758246],[97.370209,53.717231],[97.53419,53.654568],[97.788585,53.648383],[97.899832,53.615302],[98.134288,53.585639],[98.22047,53.653754],[98.205658,53.682481],[98.247325,53.717231],[98.221772,53.731716],[98.273936,53.789618],[98.329845,53.778103],[98.323009,53.819037],[98.350027,53.863837],[98.493175,53.861843],[98.521007,53.867499],[98.528412,53.887966],[98.582286,53.885362],[98.63087,53.922065],[98.809011,53.935736],[98.864268,54.025092],[98.903819,54.021918],[98.912527,54.06627],[98.952891,54.094021],[98.874278,54.11282],[98.891612,54.141181],[98.885916,54.204413],[98.965343,54.206081],[98.982188,54.225287],[98.91212,54.280219],[98.871674,54.354844],[98.829519,54.374579],[98.891612,54.38821],[98.829519,54.408718],[98.889415,54.425808],[98.87322,54.4442],[98.905284,54.491278],[98.895112,54.508124],[99.029714,54.52265],[99.04184,54.518622],[99.017833,54.481513],[99.034923,54.477607],[99.117442,54.511094],[99.295502,54.511094],[99.274425,54.532253],[99.274425,54.590603],[99.309825,54.63463],[99.308035,54.662787],[99.260509,54.709662],[99.226654,54.702948],[99.190359,54.725531],[99.165294,54.785468],[99.128917,54.798774],[99.110606,54.890163],[98.980398,55.032538],[99.185639,55.053005],[99.244151,55.097683],[99.363373,55.106635],[99.336518,55.162869],[99.419688,55.183295],[99.405365,55.196967],[99.438406,55.220282],[99.357351,55.286078],[99.398936,55.33515],[99.431082,55.344835],[99.398367,55.399482],[99.453868,55.444037],[99.398529,55.484971],[99.438894,55.536689],[99.412201,55.553249],[99.489513,55.591376],[99.506114,55.631374],[99.549815,55.660753],[99.497162,55.698432],[99.435313,55.703966],[99.446544,55.738227],[99.531261,55.786241],[99.527761,55.805854],[99.586436,55.854315],[99.56308,55.902655],[99.617768,55.92182],[99.623953,55.937445],[99.565601,56.0]]}},{"type":"Feature","id":"ne_10m_rivers_lake_centerlines-1195","properties":{"name":"Amgun’","nameEn":"Amgun’","nameOrigin":"natural-earth-original","sourceName":"Amgun’","sourceDataset":"ne_10m_rivers_lake_centerlines","sourceFeatureIndex":1195,"sourceId":843,"scalerank":8.0,"minZoom":7.0,"min_zoom":7.0,"featurecla":"River"},"geometry":{"type":"LineString","coordinates":[[134.331147,51.207302],[134.345876,51.151394],[134.306733,51.099921],[134.232921,51.084052],[134.173839,51.023546],[134.030691,50.93244],[133.941905,50.900702],[133.901296,50.815131],[133.86964,50.795925],[133.649913,50.709784],[133.625092,50.649604],[133.691987,50.570828],[133.861908,50.635321],[134.119233,50.828803],[134.404389,50.956855],[134.462576,51.021064],[134.675955,51.109931],[134.73406,51.252753],[134.826671,51.314521],[135.11321,51.427558],[135.402436,51.44184],[135.450125,51.459988],[135.497325,51.555935],[135.611501,51.642849],[136.011729,51.733466],[136.091563,51.80626],[136.168468,51.954047],[136.165131,52.01557],[136.218435,52.069444],[136.202647,52.084174],[136.225027,52.224392],[136.450613,52.24079],[136.519542,52.281806],[136.574148,52.344428],[136.498546,52.40587],[136.581554,52.412136],[136.638438,52.462266],[136.742442,52.439399],[136.801687,52.446601],[136.793875,52.460517],[136.811615,52.464667],[136.949229,52.435085],[137.026541,52.461982],[137.135834,52.550482],[137.122813,52.564765],[137.204682,52.577582],[137.285248,52.55329],[137.293549,52.577745],[137.342459,52.599311],[137.335053,52.622748],[137.417654,52.660346],[137.413015,52.684638],[137.498464,52.659044],[137.512706,52.677436],[137.493744,52.703192],[137.520274,52.72248],[137.598643,52.694444],[137.684581,52.715603],[137.8213,52.713935],[137.876394,52.749701],[137.959727,52.75373],[138.014171,52.782172],[138.138601,52.757636],[138.239513,52.803738],[138.294037,52.796902],[138.581065,52.917589],[138.68214,52.94245],[139.030528,52.910956],[139.105886,52.920111],[139.150645,52.953966],[139.280935,52.96015],[139.418224,52.919216],[139.493907,52.919216],[139.565929,52.94656],[139.660818,52.909369],[139.706391,52.953192]]}},{"type":"Feature","id":"ne_10m_rivers_lake_centerlines-1198","properties":{"name":"Chaor","nameEn":"Chaor","nameOrigin":"natural-earth-original","sourceName":"Chaor","sourceDataset":"ne_10m_rivers_lake_centerlines","sourceFeatureIndex":1198,"sourceId":846,"scalerank":8.0,"minZoom":7.0,"min_zoom":7.0,"featurecla":"River"},"geometry":{"type":"LineString","coordinates":[[121.826752,48.784206],[121.95574,48.697821],[122.037608,48.677069],[122.135753,48.526557],[122.159679,48.454901],[122.211436,48.390692],[122.259288,48.37641],[122.29892,48.321234],[122.278331,48.249701],[122.297374,48.181464],[122.420909,48.101874],[122.603526,48.118598],[122.69101,48.0633],[122.718435,48.026231],[122.723399,47.94245],[122.775645,47.918891],[122.773041,47.776475],[122.845795,47.660671],[122.83839,47.51614],[123.108328,47.231879],[123.105154,47.156114],[123.163585,47.101508],[123.393077,46.973456],[123.519135,46.950019]]}},{"type":"Feature","id":"ne_10m_rivers_lake_centerlines-1199","properties":{"name":"Bikin","nameEn":"Bikin","nameOrigin":"natural-earth-original","sourceName":"Bikin","sourceDataset":"ne_10m_rivers_lake_centerlines","sourceFeatureIndex":1199,"sourceId":847,"scalerank":8.0,"minZoom":7.0,"min_zoom":7.0,"featurecla":"River"},"geometry":{"type":"LineString","coordinates":[[136.999278,47.067328],[137.040457,47.125678],[137.162039,47.194159],[137.206147,47.199286],[137.276866,47.17536],[137.318126,47.148546],[137.341889,47.094672],[137.314708,47.05032],[137.363048,47.012763],[137.363048,46.902899],[137.203054,46.77615],[137.235444,46.668077],[137.061453,46.607449],[137.004324,46.610216],[136.991791,46.597846],[137.007335,46.564032],[136.922781,46.520697],[136.747813,46.570665],[136.683197,46.619574],[136.340912,46.656684],[136.245128,46.704861],[136.14446,46.705024],[136.062999,46.743964],[135.982188,46.755154],[135.790538,46.708441],[135.742442,46.704861],[135.67685,46.734076],[135.615245,46.700873],[135.509858,46.706366],[135.454682,46.661485],[135.440929,46.608507],[135.382823,46.547675],[135.310313,46.517279],[135.048432,46.570176],[134.905528,46.519314],[134.709565,46.549343],[134.456065,46.47488],[134.389334,46.532986],[134.381358,46.566474],[134.327566,46.579291],[134.362071,46.64997],[134.36142,46.745185],[134.312999,46.745185],[134.210053,46.818671],[134.093842,46.800482],[134.052989,46.820909],[134.039236,46.854438]]}},{"type":"Feature","id":"ne_10m_rivers_lake_centerlines-1202","properties":{"name":"Argun’","nameEn":"Ergun","nameOrigin":"natural-earth-original","sourceName":"Argun’","sourceDataset":"ne_10m_rivers_lake_centerlines","sourceFeatureIndex":1202,"sourceId":84,"scalerank":3.0,"minZoom":3.0,"min_zoom":3.0,"featurecla":"River"},"geometry":{"type":"LineString","coordinates":[[121.405365,53.317084],[121.340587,53.32392],[121.203136,53.276964],[121.054698,53.290229],[120.84547,53.273749],[120.82366,53.235541],[120.713796,53.18537],[120.61435,53.097357],[120.450043,53.008612],[120.279877,52.866156],[120.032725,52.760932],[120.052664,52.693305],[120.033376,52.625596],[120.079112,52.590196],[120.175548,52.584052],[120.453624,52.639268],[120.723643,52.542426],[120.690115,52.439399],[120.625987,52.347113],[120.654552,52.299384],[120.757823,52.237657],[120.750906,52.203233],[120.78297,52.162218],[120.778901,52.117947],[120.696869,52.049018],[120.710541,51.988593],[120.64739,51.911322],[120.56601,51.905585],[120.492931,51.875922],[120.464692,51.840522],[120.319021,51.776231],[120.165294,51.668809],[120.10019,51.660224],[120.056407,51.596706],[120.052664,51.552436],[119.977061,51.487331],[119.982432,51.44245],[119.952647,51.397976],[119.89503,51.384223],[119.915457,51.331],[119.819347,51.27501],[119.814708,51.216132],[119.761974,51.215399],[119.785167,51.171942],[119.757823,51.158311],[119.740733,51.071845],[119.517589,50.905056],[119.527843,50.867011],[119.497081,50.836208],[119.514659,50.792263],[119.496511,50.737331],[119.442475,50.685329],[119.391368,50.672309],[119.373546,50.643012],[119.293224,50.599433],[119.243256,50.445746],[119.137218,50.392768],[119.14088,50.376899],[119.180186,50.370063],[119.174897,50.356391],[119.356375,50.34101],[119.365326,50.311103],[119.333507,50.276435],[119.343679,50.142686],[119.315929,50.092882],[119.208344,50.015408],[119.091319,49.986884],[118.923595,49.991889],[118.741222,49.953396],[118.644135,49.954861],[118.520925,49.894232],[118.476654,49.836249],[118.393565,49.820258],[118.372651,49.786566],[118.229096,49.729438],[118.18808,49.681505],[117.893565,49.546902],[117.873464,49.513495]]}},{"type":"Feature","id":"ne_10m_rivers_lake_centerlines-1228","properties":{"name":"渭河","nameEn":"Wei","nameOrigin":"editorial-translation","sourceName":"Wei","sourceDataset":"ne_10m_rivers_lake_centerlines","sourceFeatureIndex":1228,"sourceId":873,"scalerank":8.0,"minZoom":7.0,"min_zoom":7.0,"featurecla":"River"},"geometry":{"type":"LineString","coordinates":[[104.064952,34.986274],[104.071788,35.027208],[104.197358,35.127956],[104.23406,35.139228],[104.352957,35.109198],[104.438569,35.109198],[104.503835,35.068183],[104.592459,35.057969],[104.72047,34.979112],[104.729096,34.883246],[104.756358,34.828437],[104.784434,34.807196],[104.815684,34.815009],[104.886485,34.757921],[104.987641,34.754747],[105.066824,34.79446],[105.239757,34.752224],[105.387706,34.753485],[105.49114,34.725531],[105.509939,34.699001],[105.563975,34.720079],[105.627533,34.714423],[105.742686,34.656928],[105.761485,34.626736],[105.833425,34.615749],[105.884695,34.560085],[105.987315,34.54682],[106.021658,34.568549],[106.069591,34.536322],[106.088878,34.556912],[106.161713,34.531562],[106.210704,34.54682],[106.307058,34.521674],[106.486257,34.524034],[106.595876,34.472846],[106.626964,34.419501],[106.67628,34.382351],[106.809093,34.373643],[106.980724,34.403428],[107.163585,34.356269],[107.454845,34.340644],[107.553233,34.300401],[107.671153,34.310126],[107.786632,34.280544],[107.816987,34.246405],[108.087576,34.238959],[108.158946,34.216986],[108.231619,34.225898],[108.276378,34.20421],[108.448416,34.208767],[108.497162,34.233913],[108.611827,34.245632],[108.690929,34.307888],[108.842377,34.382351],[109.074474,34.472357],[109.211192,34.4324],[109.286713,34.49962],[109.266368,34.527615],[109.328624,34.548041],[109.382335,34.532904],[109.403412,34.554267],[109.450857,34.550401],[109.466075,34.565253],[109.598074,34.51435],[109.661713,34.582872],[109.735606,34.574774],[109.755626,34.614366],[109.793956,34.622504],[109.86964,34.602078],[109.925792,34.641181],[109.967459,34.645453],[109.976329,34.67121],[110.006277,34.636827],[110.071707,34.643622],[110.112722,34.670966],[110.223888,34.620307],[110.293468,34.623155]]}},{"type":"Feature","id":"ne_10m_rivers_lake_centerlines-1230","properties":{"name":"Za’gya","nameEn":"Za’gya","nameOrigin":"natural-earth-original","sourceName":"Za’gya","sourceDataset":"ne_10m_rivers_lake_centerlines","sourceFeatureIndex":1230,"sourceId":875,"scalerank":8.0,"minZoom":7.0,"min_zoom":7.0,"featurecla":"River"},"geometry":{"type":"LineString","coordinates":[[91.147878,33.070828],[91.207042,32.953681],[91.174897,32.867377],[91.213145,32.805976],[91.132904,32.657416],[90.901947,32.525906],[90.804291,32.513373],[90.743175,32.470649],[90.700125,32.33454],[90.644623,32.262641],[90.55185,32.224189],[90.479991,32.23786],[90.093679,32.197089],[89.998464,32.204372],[89.895437,32.16116],[89.780854,32.153388],[89.694835,32.108181],[89.677745,32.077094],[89.61378,32.073269],[89.473155,31.983018],[89.393891,31.998318],[89.386974,32.039862],[89.358328,32.064765],[89.280528,32.022325],[89.167247,32.02558],[89.074718,32.06037],[88.939138,32.00255],[88.93214,31.989814],[88.954275,31.97781],[89.002208,31.980902],[89.002208,31.936835]]}},{"type":"Feature","id":"ne_10m_rivers_lake_centerlines-1231","properties":{"name":"","nameEn":"","nameOrigin":"natural-earth-original","sourceName":null,"sourceDataset":"ne_10m_rivers_lake_centerlines","sourceFeatureIndex":1231,"sourceId":876,"scalerank":8.0,"minZoom":7.0,"min_zoom":7.0,"featurecla":"River"},"geometry":{"type":"LineString","coordinates":[[86.011974,34.390977],[86.090424,34.363715],[86.167735,34.371161],[86.207042,34.397813],[86.433116,34.363715],[86.550141,34.378038],[86.654063,34.416327],[86.837169,34.410915],[86.872813,34.431098],[86.934174,34.426825],[86.953868,34.469835],[87.005463,34.499823],[87.006847,34.535264],[87.1692,34.534044],[87.19394,34.569159]]}},{"type":"Feature","id":"ne_10m_rivers_lake_centerlines-1232","properties":{"name":"","nameEn":"","nameOrigin":"natural-earth-original","sourceName":null,"sourceDataset":"ne_10m_rivers_lake_centerlines","sourceFeatureIndex":1232,"sourceId":877,"scalerank":8.0,"minZoom":7.0,"min_zoom":7.0,"featurecla":"River"},"geometry":{"type":"LineString","coordinates":[[90.661143,36.406277],[90.542003,36.388251],[90.446869,36.415961],[90.284434,36.413682],[89.853282,36.559638],[89.725841,36.572455],[89.661225,36.764228],[89.674327,36.808621],[89.746511,36.854315],[89.756847,36.925889],[89.74114,37.072089],[89.823009,37.203152],[89.942882,37.304226],[90.050304,37.358466],[90.061697,37.389919],[90.010753,37.439236],[89.736339,37.512071],[89.656505,37.564032]]}},{"type":"Feature","id":"ne_10m_rivers_lake_centerlines-1234","properties":{"name":"Yurungkax","nameEn":"Yurungkax","nameOrigin":"natural-earth-original","sourceName":"Yurungkax","sourceDataset":"ne_10m_rivers_lake_centerlines","sourceFeatureIndex":1234,"sourceId":879,"scalerank":8.0,"minZoom":7.0,"min_zoom":7.0,"featurecla":"River"},"geometry":{"type":"LineString","coordinates":[[81.506928,35.469997],[81.485606,35.601915],[81.436046,35.612901],[81.247325,35.575385],[81.179291,35.596259],[81.115652,35.647244],[81.014415,35.668972],[80.915945,35.831977],[80.850678,35.863349],[80.692475,35.872911],[80.502208,35.951524],[80.401378,35.969794],[80.344656,35.954861],[80.217052,35.982774],[80.155772,35.966824],[80.037608,35.990261],[80.004161,36.010769],[80.003347,36.046576],[79.977143,36.059353],[79.949474,36.113145],[79.836192,36.178656],[79.770518,36.25141],[79.733816,36.405707],[79.816417,36.52379],[79.92099,36.559841],[79.873057,36.683458],[79.90919,36.705512],[79.942556,36.788438],[79.893077,36.896918],[79.971202,37.1553],[79.928315,37.247829],[79.929861,37.286566],[79.979991,37.385688],[79.990489,37.456366],[80.371023,37.685981],[80.422455,37.758002],[80.435557,37.833075]]}},{"type":"Feature","id":"ne_10m_rivers_lake_centerlines-1236","properties":{"name":"Zarafshon","nameEn":"Zarafshon","nameOrigin":"natural-earth-original","sourceName":"Zarafshon","sourceDataset":"ne_10m_rivers_lake_centerlines","sourceFeatureIndex":1236,"sourceId":880,"scalerank":8.0,"minZoom":7.0,"min_zoom":7.0,"featurecla":"River"},"geometry":{"type":"LineString","coordinates":[[70.471202,39.471055],[70.329031,39.447821],[70.114268,39.484158],[70.0,39.453578]]}},{"type":"Feature","id":"ne_10m_rivers_lake_centerlines-1237","properties":{"name":"Dali","nameEn":"Dali","nameOrigin":"natural-earth-original","sourceName":"Dali","sourceDataset":"ne_10m_rivers_lake_centerlines","sourceFeatureIndex":1237,"sourceId":881,"scalerank":8.0,"minZoom":7.0,"min_zoom":7.0,"featurecla":"River"},"geometry":{"type":"LineString","coordinates":[[108.115001,37.22016],[108.206391,37.318386],[108.306733,37.346747],[108.397634,37.421088],[108.445323,37.518175],[108.450206,37.607449],[108.492198,37.693671],[108.535818,37.719021],[108.647472,37.879747],[108.788992,37.981024],[108.927745,37.987901],[108.961518,38.015245],[109.098155,38.042548],[109.184255,38.035102],[109.324718,38.05622],[109.368744,38.035102],[109.461518,38.083523],[109.612315,38.039903],[109.750255,38.029649],[109.848562,37.966864],[109.937266,37.955634]]}},{"type":"Feature","id":"ne_10m_rivers_lake_centerlines-1238","properties":{"name":"泾河","nameEn":"Jing","nameOrigin":"editorial-translation","sourceName":"Jing","sourceDataset":"ne_10m_rivers_lake_centerlines","sourceFeatureIndex":1238,"sourceId":882,"scalerank":8.0,"minZoom":7.0,"min_zoom":7.0,"featurecla":"River"},"geometry":{"type":"LineString","coordinates":[[106.418386,35.434841],[106.518565,35.534369],[106.643972,35.562608],[107.323253,35.350775],[107.553233,35.390326],[107.717865,35.358588],[107.747081,35.318874],[107.937755,35.26142],[107.964122,35.225857],[107.936127,35.211615],[107.938406,35.116726],[107.973725,35.090766],[108.018891,35.096137],[108.117931,35.030382],[108.176362,35.013536],[108.16269,34.986274],[108.18214,34.985216],[108.20753,34.93476],[108.482188,34.783637],[108.612804,34.619249],[108.793386,34.505886],[108.94101,34.472357],[108.951671,34.486029],[108.997325,34.45661],[109.070974,34.470038]]}},{"type":"Feature","id":"ne_10m_rivers_lake_centerlines-1239","properties":{"name":"Dam","nameEn":"Dam","nameOrigin":"natural-earth-original","sourceName":"Dam","sourceDataset":"ne_10m_rivers_lake_centerlines","sourceFeatureIndex":1239,"sourceId":883,"scalerank":8.0,"minZoom":7.0,"min_zoom":7.0,"featurecla":"River"},"geometry":{"type":"LineString","coordinates":[[94.31601,32.639716],[94.237234,32.688096],[94.175141,32.838935],[94.069753,32.86579],[94.017507,32.904975],[93.888194,32.879828],[93.852794,32.890326],[93.691335,33.029853],[93.501475,33.1164],[93.36378,33.271064],[93.148936,33.386664],[93.071218,33.402411],[92.954194,33.460028],[92.818858,33.565294],[92.786876,33.63878],[92.792572,33.687812],[92.761974,33.707953],[92.737397,33.899441],[92.710704,33.971462],[92.760834,34.018744],[92.860362,34.03974],[92.92921,34.094997]]}},{"type":"Feature","id":"ne_10m_rivers_lake_centerlines-1240","properties":{"name":"Mytinge","nameEn":"Mytinge","nameOrigin":"natural-earth-original","sourceName":"Mytinge","sourceDataset":"ne_10m_rivers_lake_centerlines","sourceFeatureIndex":1240,"sourceId":884,"scalerank":8.0,"minZoom":7.0,"min_zoom":7.0,"featurecla":"River"},"geometry":{"type":"LineString","coordinates":[[95.987071,21.873725],[96.009044,21.817939],[96.068126,21.834784],[96.092296,21.812038],[96.088878,21.790635],[96.125092,21.805976],[96.154552,21.772773],[96.203543,21.828437],[96.239513,21.835313],[96.379975,21.703966],[96.477306,21.684638],[96.511811,21.709255],[96.516205,21.794989],[96.603608,21.823065],[96.643891,21.872138],[96.743093,21.916531],[96.765391,22.008368],[96.894949,21.951361],[96.959483,21.971381],[96.97755,22.059882],[96.94044,22.253607],[96.953624,22.272976],[97.149018,22.252387],[97.240164,22.221137],[97.292735,22.233018],[97.331391,22.267524],[97.340587,22.320339],[97.238292,22.560248],[97.260346,22.595567],[97.388764,22.663194],[97.379487,22.703884],[97.302989,22.740424],[97.264659,22.795478],[97.372569,22.949001],[97.375906,23.066026],[97.432384,23.110297],[97.401866,23.159206],[97.410167,23.179226],[97.45224,23.201036],[97.598155,23.192328],[97.85906,23.294623],[98.255463,23.366278],[98.289236,23.356635]]}},{"type":"Feature","id":"ne_10m_rivers_lake_centerlines-1241","properties":{"name":"沁河","nameEn":"Qin","nameOrigin":"editorial-translation","sourceName":"Qin","sourceDataset":"ne_10m_rivers_lake_centerlines","sourceFeatureIndex":1241,"sourceId":885,"scalerank":8.0,"minZoom":7.0,"min_zoom":7.0,"featurecla":"River"},"geometry":{"type":"LineString","coordinates":[[112.366954,36.575873],[112.326264,36.435736],[112.29184,36.398017],[112.273204,36.291042],[112.253917,36.283759],[112.274832,36.259955],[112.251475,36.251329],[112.268077,36.191677],[112.227061,36.109727],[112.26588,36.096015],[112.34075,35.987982],[112.316417,35.842841],[112.329275,35.786933],[112.363455,35.777371],[112.435151,35.69538],[112.509939,35.664252],[112.536062,35.5338],[112.517019,35.48371],[112.579519,35.367743],[112.596283,35.3699],[112.619395,35.296983],[112.606293,35.274197],[112.639089,35.252265],[112.645437,35.219062],[112.662039,35.224677],[112.65504,35.184882],[112.735281,35.120469],[112.805186,35.138251],[112.891694,35.123399],[113.06308,35.047716],[113.169526,35.048407],[113.334565,35.097032],[113.376964,35.086493],[113.451589,34.967068]]}},{"type":"Feature","id":"ne_10m_rivers_lake_centerlines-1242","properties":{"name":"Ou","nameEn":"Ou","nameOrigin":"natural-earth-original","sourceName":"Ou","sourceDataset":"ne_10m_rivers_lake_centerlines","sourceFeatureIndex":1242,"sourceId":886,"scalerank":8.0,"minZoom":7.0,"min_zoom":7.0,"featurecla":"River"},"geometry":{"type":"LineString","coordinates":[[119.041108,27.788194],[119.000092,27.794298],[118.967784,27.853583],[119.112315,28.062201],[119.174327,28.079454],[119.23878,28.130927],[119.39267,28.107204],[119.501394,28.202704],[119.613048,28.204942],[119.772634,28.34044],[119.848725,28.441107],[119.915294,28.415107],[119.958507,28.338446],[120.065929,28.31977],[120.182221,28.251166],[120.276541,28.14997],[120.333507,28.140937],[120.391694,28.161811],[120.526378,28.138048],[120.569591,28.113389]]}},{"type":"Feature","id":"ne_10m_rivers_lake_centerlines-1243","properties":{"name":"Wainganga","nameEn":"Wainganga","nameOrigin":"natural-earth-original","sourceName":"Wainganga","sourceDataset":"ne_10m_rivers_lake_centerlines","sourceFeatureIndex":1243,"sourceId":887,"scalerank":8.0,"minZoom":7.0,"min_zoom":7.0,"featurecla":"River"},"geometry":{"type":"LineString","coordinates":[[79.532237,22.013861],[79.501557,22.091824],[79.470632,22.09455],[79.458507,22.173163],[79.524669,22.264187],[79.463959,22.318671],[79.49879,22.374864],[79.539643,22.384385],[79.589122,22.348944],[79.644542,22.394477],[79.654552,22.442898],[79.692149,22.458441],[79.757823,22.405951],[79.838796,22.379177],[80.000906,22.401801],[80.061697,22.393378],[80.094005,22.342231],[80.094005,22.277655],[80.035737,22.162177],[80.107514,22.013861],[80.116222,21.952012],[80.169688,21.904608],[80.162852,21.818671],[80.183442,21.784532],[80.186615,21.639512],[80.088634,21.591864],[80.080333,21.571641],[80.005056,21.548407],[79.965343,21.562608],[79.927013,21.551581],[79.920339,21.494167],[79.792979,21.37641],[79.748139,21.257595],[79.689952,21.232449],[79.674897,21.161933],[79.637299,21.148627],[79.598725,21.104519],[79.598237,21.070624],[79.648936,20.975775],[79.606212,20.879828],[79.647878,20.802924],[79.817312,20.69127],[79.903819,20.68183],[79.937022,20.649604],[79.923595,20.54975],[79.94337,20.515896],[79.939708,20.435167],[79.963878,20.40115],[79.943858,20.308214],[79.984386,20.225043],[79.920095,20.161933],[79.922781,20.139431],[79.965587,20.109442],[79.975597,20.047919],[79.941824,19.98489],[79.909679,19.971788],[79.820404,20.040961],[79.778412,20.00788],[79.773041,19.952216],[79.798269,19.90705],[79.744558,19.797065],[79.797862,19.607042],[79.86378,19.513617],[79.932384,19.480333],[79.969005,19.41588],[79.964285,19.31391],[79.929128,19.231024],[79.943858,19.169257],[79.893647,19.137478],[79.861827,19.081122],[79.864757,19.048448],[79.933604,19.053249],[79.964854,18.935411],[79.960378,18.867214],[79.916921,18.826687]]}},{"type":"Feature","id":"ne_10m_rivers_lake_centerlines-1244","properties":{"name":"Toxkan","nameEn":"Toxkan","nameOrigin":"natural-earth-original","sourceName":"Toxkan","sourceDataset":"ne_10m_rivers_lake_centerlines","sourceFeatureIndex":1244,"sourceId":888,"scalerank":8.0,"minZoom":7.0,"min_zoom":7.0,"featurecla":"River"},"geometry":{"type":"LineString","coordinates":[[75.983165,40.423855],[75.962006,40.59516],[75.934662,40.632636],[75.946218,40.703233],[76.027192,40.777533],[76.115896,40.811062],[76.167491,40.858588],[76.311127,40.897528],[76.431895,40.905382],[76.518484,40.934434],[76.605072,40.921413],[76.617768,40.889431],[76.890391,40.883734],[77.023529,40.850938],[77.165945,40.875759],[77.306407,40.86579],[77.388438,40.815945],[77.429698,40.765896],[77.481212,40.779568],[77.542735,40.765896],[77.668386,40.851752],[77.86321,40.902899],[78.076427,40.877468],[78.249766,40.930121],[78.345144,40.93122],[78.462901,40.973822],[78.577159,40.958604],[78.728608,41.043036],[78.949718,41.122992],[79.08074,41.228095],[79.351329,41.363837],[79.39796,41.360053],[79.493256,41.301703],[79.64088,41.271552],[79.768321,41.173163],[79.853119,41.134955],[79.948416,41.128119],[80.042979,41.173122]]}},{"type":"Feature","id":"ne_10m_rivers_lake_centerlines-1245","properties":{"name":"Banas","nameEn":"Banas","nameOrigin":"natural-earth-original","sourceName":"Banas","sourceDataset":"ne_10m_rivers_lake_centerlines","sourceFeatureIndex":1245,"sourceId":889,"scalerank":8.0,"minZoom":7.0,"min_zoom":7.0,"featurecla":"River"},"geometry":{"type":"LineString","coordinates":[[73.542084,24.867214],[73.669037,24.929877],[73.851085,24.968573],[74.048595,25.063178],[74.140147,25.042589],[74.310069,25.047797],[74.411225,25.112331],[74.491628,25.191189],[74.593761,25.209418],[74.659597,25.248725],[74.721283,25.23253],[74.823253,25.256049],[74.905284,25.246772],[74.941498,25.273993],[75.039073,25.253689],[75.06894,25.325303],[75.062266,25.456326],[75.189138,25.581],[75.283376,25.74726],[75.383556,25.878119],[75.457612,25.92532],[75.481456,25.89529],[75.543061,25.885443],[75.549408,25.981513],[75.626882,25.985663],[75.658946,26.016628],[75.653738,26.14114],[75.678803,26.170193],[75.782156,26.215766],[75.928396,26.173163],[75.975678,26.119981],[76.020112,26.110134],[76.17099,26.176337],[76.315684,26.211249],[76.376231,26.190863],[76.48585,26.219021],[76.581391,26.216173],[76.616222,26.190985],[76.608165,26.145046],[76.65919,26.127305],[76.671316,26.102118],[76.659923,25.997016],[76.739513,25.926093]]}},{"type":"Feature","id":"ne_10m_rivers_lake_centerlines-1247","properties":{"name":"Tel","nameEn":"Tel","nameOrigin":"natural-earth-original","sourceName":"Tel","sourceDataset":"ne_10m_rivers_lake_centerlines","sourceFeatureIndex":1247,"sourceId":890,"scalerank":8.0,"minZoom":7.0,"min_zoom":7.0,"featurecla":"River"},"geometry":{"type":"LineString","coordinates":[[82.063487,19.745632],[82.09962,19.765896],[82.180593,19.750067],[82.257498,19.764187],[82.429698,19.896674],[82.645763,19.873643],[82.933197,19.932563],[83.007335,19.978583],[83.111908,20.146308],[83.208018,20.199571],[83.489268,20.453925],[83.54835,20.466579],[83.675304,20.551215],[83.719249,20.596747],[83.719737,20.65351],[83.802826,20.807807],[83.951427,20.840155]]}},{"type":"Feature","id":"ne_10m_rivers_lake_centerlines-1248","properties":{"name":"Zayü","nameEn":"Zayü","nameOrigin":"natural-earth-original","sourceName":"Zayü","sourceDataset":"ne_10m_rivers_lake_centerlines","sourceFeatureIndex":1248,"sourceId":891,"scalerank":8.0,"minZoom":7.0,"min_zoom":7.0,"featurecla":"River"},"geometry":{"type":"LineString","coordinates":[[97.148204,29.438747],[97.146983,29.371283],[97.191905,29.263861],[97.217703,29.135688],[97.242605,29.109971],[97.327891,29.092149],[97.379242,29.047919],[97.490652,28.823798],[97.47226,28.689154],[97.435476,28.642524],[97.199962,28.609971],[97.140066,28.584988],[97.083995,28.527615]]}},{"type":"Feature","id":"ne_10m_rivers_lake_centerlines-1250","properties":{"name":"Zhang","nameEn":"Zhang","nameOrigin":"natural-earth-original","sourceName":"Zhang","sourceDataset":"ne_10m_rivers_lake_centerlines","sourceFeatureIndex":1250,"sourceId":893,"scalerank":8.0,"minZoom":7.0,"min_zoom":7.0,"featurecla":"River"},"geometry":{"type":"LineString","coordinates":[[112.948416,37.069037],[112.88795,36.822292],[113.023448,36.804958],[113.045502,36.739285],[113.12851,36.669745],[113.148936,36.621121],[113.214447,36.582302],[113.247162,36.52379],[113.368175,36.435574],[113.421804,36.363349],[113.578217,36.37169],[113.66684,36.340847],[113.702729,36.360175],[113.808035,36.339301],[113.867117,36.365261],[113.90683,36.344062],[113.980886,36.35989],[114.059255,36.308661],[114.135753,36.342475],[114.156993,36.304796],[114.237397,36.253038],[114.313731,36.240587],[114.442312,36.253689],[114.559581,36.202826],[114.673106,36.191677],[115.091726,36.292751],[115.231619,36.366645],[115.263276,36.411078],[115.27589,36.4796],[115.347748,36.58161],[115.341401,36.599677],[115.399832,36.671576],[115.47755,36.753485],[115.626069,36.793524],[115.680593,36.8428]]}},{"type":"Feature","id":"ne_10m_rivers_lake_centerlines-1251","properties":{"name":"Orhon","nameEn":"Orhon","nameOrigin":"natural-earth-original","sourceName":"Orhon","sourceDataset":"ne_10m_rivers_lake_centerlines","sourceFeatureIndex":1251,"sourceId":894,"scalerank":8.0,"minZoom":7.0,"min_zoom":7.0,"featurecla":"River"},"geometry":{"type":"MultiLineString","coordinates":[[[106.155365,50.253974],[106.197032,50.240302],[106.181163,50.21308],[106.194428,50.185248],[106.155365,50.14411],[106.141694,50.109931],[106.155365,50.0963],[106.112071,50.043972],[106.158376,49.895697],[105.989187,49.739854],[105.901541,49.698432],[105.744151,49.569688],[105.669526,49.543158],[105.669444,49.493598],[105.552175,49.370144],[105.525401,49.298163],[105.455984,49.22545],[105.391124,49.195095],[105.346121,49.12995],[105.233165,49.123074],[105.183035,49.158026],[105.154307,49.150987],[105.100841,49.109687],[105.035085,49.003282],[104.95696,48.972235]],[[101.509044,47.021918],[101.575776,46.949327],[101.666026,46.915595],[101.704112,46.839545],[101.742279,46.816474],[102.042572,46.82099],[102.485362,46.955105],[102.653575,47.028103],[102.770112,47.13113],[102.802257,47.256415],[102.695242,47.432807],[102.690115,47.520535],[102.586192,47.638739],[102.585948,47.677517],[102.646007,47.773057],[102.611908,47.801052],[102.620372,47.837348],[102.592052,47.924506],[102.536794,47.971706],[102.573416,48.031684],[102.592784,48.182807],[102.632253,48.296739],[102.598237,48.449246],[102.615164,48.53144],[102.657644,48.570583],[102.922944,48.658026],[103.021576,48.669135],[103.074799,48.654853],[103.167491,48.579535],[103.261974,48.57449],[103.304698,48.547065],[103.379893,48.56745],[103.398448,48.594346],[103.53712,48.597602],[103.5442,48.636501],[103.592052,48.678046],[103.726736,48.661811],[103.743337,48.678046],[103.708751,48.704698],[103.751231,48.69949],[103.763601,48.721706],[103.808442,48.708441],[103.831391,48.663601],[103.867442,48.720038],[103.928396,48.678046],[103.962983,48.681667],[103.997,48.648708],[104.023367,48.650092],[104.019949,48.683946],[104.095714,48.657538],[104.207042,48.658026],[104.222667,48.664374],[104.213145,48.679511],[104.282319,48.669867],[104.318858,48.684882],[104.352061,48.664578],[104.411388,48.736396],[104.493663,48.723578],[104.546967,48.795722],[104.591319,48.803046],[104.640636,48.8581],[104.686534,48.868964],[104.801768,48.948065],[104.963145,48.972235]]]}},{"type":"Feature","id":"ne_10m_rivers_lake_centerlines-1252","properties":{"name":"Cagayan","nameEn":"Cagayan","nameOrigin":"natural-earth-original","sourceName":"Cagayan","sourceDataset":"ne_10m_rivers_lake_centerlines","sourceFeatureIndex":1252,"sourceId":895,"scalerank":8.0,"minZoom":7.0,"min_zoom":7.0,"featurecla":"River"},"geometry":{"type":"LineString","coordinates":[[121.395844,16.099921],[121.522227,16.117458],[121.649669,16.236518],[121.670095,16.308865],[121.745209,16.373643],[121.745209,16.46308],[121.764659,16.503282],[121.686453,16.559434],[121.690033,16.613878],[121.656668,16.67536],[121.71575,16.694892],[121.714285,16.74079],[121.769135,16.74197],[121.774994,16.798936],[121.816417,16.833604],[121.827159,16.877997],[121.799246,16.960517],[121.831147,16.974473],[121.847667,17.055854],[121.835867,17.082221],[121.881847,17.163764],[121.864675,17.199083],[121.826182,17.207221],[121.820323,17.258165],[121.791026,17.27615],[121.76588,17.347235],[121.793956,17.402859],[121.746593,17.43712],[121.779877,17.518744],[121.741466,17.583279],[121.703136,17.588731],[121.681651,17.624213],[121.707449,17.662218],[121.738699,17.672919],[121.676362,17.799994],[121.724864,17.80622],[121.69752,17.854031],[121.642182,17.84101],[121.646495,17.950629],[121.60491,17.970811],[121.614024,18.042182],[121.660818,18.114203],[121.649669,18.193223],[121.670095,18.258734],[121.642182,18.313992]]}},{"type":"Feature","id":"ne_10m_rivers_lake_centerlines-1254","properties":{"name":"Palar","nameEn":"Palar","nameOrigin":"natural-earth-original","sourceName":"Palar","sourceDataset":"ne_10m_rivers_lake_centerlines","sourceFeatureIndex":1254,"sourceId":897,"scalerank":8.0,"minZoom":7.0,"min_zoom":7.0,"featurecla":"River"},"geometry":{"type":"LineString","coordinates":[[77.903738,13.243964],[77.9546,13.255316],[78.026296,13.226508],[78.158376,13.215277],[78.242279,13.161322],[78.323822,13.019802],[78.353119,12.990668],[78.423595,12.969672],[78.425792,12.944851],[78.394054,12.914252],[78.406993,12.829779],[78.395112,12.804226],[78.427664,12.726915],[78.495616,12.676215],[78.56129,12.683458],[78.646658,12.741075],[78.712901,12.825263],[78.878917,12.913031],[78.96339,12.933661],[79.121186,12.936469],[79.226329,12.968777],[79.402354,12.873114],[79.5206,12.861843],[79.761648,12.776638],[79.835053,12.777167],[79.912852,12.751003],[79.963471,12.688341],[79.970225,12.573106],[79.999766,12.534613],[80.149506,12.462226]]}},{"type":"Feature","id":"ne_10m_rivers_lake_centerlines-1268","properties":{"name":"","nameEn":"","nameOrigin":"natural-earth-original","sourceName":null,"sourceDataset":"ne_10m_rivers_lake_centerlines","sourceFeatureIndex":1268,"sourceId":907,"scalerank":8.0,"minZoom":7.0,"min_zoom":7.0,"featurecla":"River"},"geometry":{"type":"LineString","coordinates":[[102.611908,16.771552],[102.696869,16.758979],[102.701427,16.737372],[102.776947,16.719428],[102.790619,16.730577],[102.791515,16.711371],[102.839122,16.737372],[102.831635,16.644884],[102.862722,16.592963],[102.886241,16.587226],[102.909109,16.498562],[102.893077,16.483507],[102.950694,16.431912],[102.940929,16.381171]]}},{"type":"Feature","id":"ne_10m_rivers_lake_centerlines-1269","properties":{"name":"滦河","nameEn":"Luan","nameOrigin":"editorial-translation","sourceName":"Luan","sourceDataset":"ne_10m_rivers_lake_centerlines","sourceFeatureIndex":1269,"sourceId":908,"scalerank":8.0,"minZoom":7.0,"min_zoom":7.0,"featurecla":"River"},"geometry":{"type":"LineString","coordinates":[[116.61435,41.907904],[116.554454,41.876247],[116.47877,41.771674],[116.495616,41.687812],[116.520763,41.684841],[116.56129,41.640001],[116.764415,41.671088],[116.888113,41.622423],[116.967459,41.625067],[117.227061,41.536485],[117.255056,41.392157],[117.306733,41.352484],[117.356293,41.35338],[117.359467,41.331],[117.318614,41.331],[117.356049,41.307318],[117.354096,41.228624],[117.393647,41.187567],[117.482432,41.174506],[117.482432,41.08515],[117.514659,41.072699],[117.496023,41.042914],[117.5088,41.027045],[117.496023,40.982123],[117.528738,40.991278],[117.61964,40.961615],[117.66741,41.002631],[117.708995,40.954779],[117.777273,40.934353],[117.760671,40.904893],[117.777273,40.893378],[117.856619,40.900458],[117.853608,40.858588],[117.937999,40.899604],[117.97226,40.848009],[118.044932,40.844916],[118.068614,40.800849],[118.125499,40.772813],[118.12672,40.728868],[118.178803,40.663398],[118.140636,40.62226],[118.136241,40.610419],[118.160737,40.612169],[118.147065,40.57807],[118.194916,40.591742],[118.174571,40.550727],[118.216075,40.570624],[118.236501,40.54328],[118.229096,40.522773],[118.2706,40.512274],[118.243337,40.492377],[118.29127,40.476833],[118.256928,40.362087],[118.277436,40.31741],[118.250092,40.276435],[118.295909,40.263617],[118.304779,40.172716],[118.334239,40.147284],[118.523692,40.150499],[118.600597,40.126776],[118.606456,40.043647],[118.630789,40.002753],[118.672455,39.957302],[118.741222,39.957953],[118.743663,39.930365],[118.777843,39.909613],[118.802745,39.860053],[118.799571,39.800808],[118.764171,39.765896],[118.751069,39.710069],[118.780284,39.649359],[118.862315,39.593695],[118.853526,39.556993],[118.973399,39.543402],[118.970225,39.501776],[119.01946,39.472235],[119.16505,39.466986],[119.257498,39.412421]]}},{"type":"Feature","id":"ne_10m_rivers_lake_centerlines-1296","properties":{"name":"Liu","nameEn":"Liu","nameOrigin":"natural-earth-original","sourceName":"Liu","sourceDataset":"ne_10m_rivers_lake_centerlines","sourceFeatureIndex":1296,"sourceId":932,"scalerank":8.0,"minZoom":7.0,"min_zoom":7.0,"featurecla":"River"},"geometry":{"type":"LineString","coordinates":[[109.528575,23.796413],[109.521983,23.8487],[109.542247,23.89289],[109.673595,23.952012],[109.671886,24.072943],[109.731863,24.218695],[109.720225,24.24787],[109.661632,24.280463],[109.548757,24.238105],[109.466319,24.257636],[109.492768,24.419989]]}},{"type":"Feature","id":"ne_10m_rivers_lake_centerlines-1297","properties":{"name":"Rong","nameEn":"Rong","nameOrigin":"natural-earth-original","sourceName":"Rong","sourceDataset":"ne_10m_rivers_lake_centerlines","sourceFeatureIndex":1297,"sourceId":933,"scalerank":8.0,"minZoom":7.0,"min_zoom":7.0,"featurecla":"River"},"geometry":{"type":"LineString","coordinates":[[109.492768,24.419989],[109.424815,24.379706],[109.41212,24.311062],[109.351654,24.370469],[109.306163,24.388983],[109.306895,24.452582],[109.243256,24.468817],[109.231375,24.489854],[109.269216,24.556993],[109.237315,24.658555],[109.156179,24.691514],[109.17571,24.731228],[109.132253,24.792182],[109.146902,24.818183],[109.138682,24.86697],[109.151134,24.884589],[109.211925,24.88463],[109.244151,24.969102],[109.229503,25.000027],[109.257823,25.019802],[109.287039,25.104315],[109.339366,25.134955],[109.377615,25.205919],[109.474539,25.582302],[109.459239,25.650743]]}},{"type":"Feature","id":"ne_10m_rivers_lake_centerlines-1305","properties":{"name":"黑龙江","nameEn":"Amur","nameOrigin":"editorial-translation","sourceName":"Heilong Jiang","sourceDataset":"ne_10m_rivers_lake_centerlines","sourceFeatureIndex":1305,"sourceId":93,"scalerank":3.0,"minZoom":3.0,"min_zoom":3.0,"featurecla":"River"},"geometry":{"type":"LineString","coordinates":[[127.590343,50.209011],[127.35434,50.298896],[127.33017,50.328437],[127.358165,50.415351],[127.288666,50.466254],[127.36671,50.57807],[127.343435,50.627997],[127.288666,50.675401],[127.28712,50.751288],[127.220307,50.788398],[127.143972,50.903754],[127.031993,50.972724],[126.93157,51.064032],[126.904796,51.20836],[126.97755,51.29682],[126.971772,51.324286],[126.899018,51.316759],[126.86964,51.252021],[126.84547,51.251736],[126.808686,51.289374],[126.826752,51.339219],[126.897227,51.36225],[126.909109,51.391384],[126.800141,51.419257],[126.79241,51.459337],[126.830089,51.508368],[126.80714,51.534451],[126.676524,51.576931],[126.723399,51.636176],[126.707123,51.685858],[126.725352,51.709052],[126.647634,51.741523],[126.438975,51.998114],[126.466726,52.031928],[126.514089,52.042792],[126.555675,52.130927],[126.530854,52.15294],[126.316417,52.200019],[126.311697,52.228217],[126.438975,52.27558],[126.31544,52.316474],[126.350515,52.377224],[126.275808,52.463568],[126.200043,52.467353],[126.211925,52.533271],[126.082286,52.593614],[126.027761,52.566677],[125.990652,52.586737],[125.972748,52.631863],[125.982514,52.653388],[126.068451,52.680203],[126.034923,52.727403],[126.10377,52.754706],[126.08782,52.775662],[126.017507,52.78266],[125.976573,52.765245],[125.867198,52.849636],[125.863455,52.888861],[125.837006,52.906928],[125.646251,52.885118],[125.660655,52.919623],[125.719656,52.94656],[125.733165,52.981879],[125.649913,53.023627],[125.621023,53.062364],[125.521007,53.04267],[125.476166,53.083767],[125.073416,53.21251],[124.897472,53.185818],[124.878835,53.15412],[124.895925,53.117865],[124.869884,53.108222],[124.800955,53.155382],[124.719737,53.149115],[124.687999,53.193915],[124.651378,53.209052],[124.500255,53.213935],[124.383393,53.246405],[124.252615,53.3758],[124.182058,53.37877],[124.121593,53.352973],[124.0171,53.407294],[123.970307,53.45543],[123.849864,53.495307],[123.701427,53.510321],[123.614024,53.563666],[123.541596,53.51435],[123.519135,53.52029],[123.54713,53.540798],[123.514171,53.56269],[123.494558,53.56037],[123.481293,53.518337],[123.339854,53.561713],[123.252371,53.568061],[123.153331,53.513454],[123.002208,53.507636],[122.859304,53.474229],[122.401378,53.451239],[122.316742,53.496283],[122.168468,53.469346],[122.081391,53.429755],[121.888682,53.430935],[121.640717,53.385199],[121.511811,53.330105],[121.405365,53.317084]]}},{"type":"Feature","id":"ne_10m_rivers_lake_centerlines-1306","properties":{"name":"嫩江","nameEn":"Nen","nameOrigin":"editorial-translation","sourceName":"Nen","sourceDataset":"ne_10m_rivers_lake_centerlines","sourceFeatureIndex":1306,"sourceId":940,"scalerank":8.0,"minZoom":7.0,"min_zoom":7.0,"featurecla":"River"},"geometry":{"type":"LineString","coordinates":[[126.040538,51.018744],[126.053803,50.960557],[125.990001,50.875108],[125.951427,50.892524],[125.925141,50.856635],[125.89088,50.856635],[125.911794,50.836208],[125.823741,50.766669],[125.753673,50.754218],[125.808442,50.695868],[125.782481,50.675482],[125.809581,50.596788],[125.793061,50.534247],[125.71282,50.507188],[125.646495,50.452582],[125.574474,50.436225],[125.572032,50.393907],[125.54184,50.406521],[125.506114,50.314032],[125.438975,50.253974],[125.453298,50.231879],[125.434011,50.200629],[125.342784,50.164618],[125.359304,50.144477],[125.342377,50.128974],[125.30128,50.137274],[125.264171,50.105658],[125.280772,50.069037],[125.329112,50.062201],[125.243337,50.050971],[125.288666,50.022284],[125.288259,50.004421],[125.18629,49.951606],[125.24464,49.87698],[125.225515,49.863593],[125.234386,49.847927],[125.177745,49.818874],[125.222992,49.786892],[125.219249,49.668036],[125.188243,49.643866],[125.150971,49.664333],[125.124929,49.656521],[125.235362,49.554267],[125.218272,49.519599],[125.2671,49.438341],[125.239757,49.38996],[125.253429,49.3428],[125.222179,49.285427],[125.222667,49.219916],[125.157807,49.150987],[125.112641,49.135037],[125.062266,49.136746],[125.030935,49.164008],[124.856049,49.16767],[124.822032,49.115668],[124.8213,49.060818],[124.621593,48.741889],[124.606863,48.638617],[124.531342,48.55919],[124.54835,48.519802],[124.520437,48.368964],[124.559093,48.314765],[124.561941,48.236151],[124.527843,48.190863],[124.520274,48.128607],[124.381114,48.07156],[124.31837,47.961493],[124.283946,47.934434],[124.308116,47.875515],[124.219249,47.765652],[124.246674,47.75255],[124.239187,47.736762],[124.199229,47.69949],[124.153575,47.687445],[124.089692,47.615831],[124.095225,47.58808],[123.94752,47.50141],[123.921153,47.447821],[123.881602,47.422065],[123.903412,47.379584],[123.897227,47.331488],[123.859874,47.253445],[123.828298,47.231879],[123.8095,47.250678],[123.644542,47.181586],[123.598237,47.178656],[123.597585,47.018134],[123.574474,47.026394],[123.465831,46.834581]]}},{"type":"Feature","id":"ne_10m_rivers_lake_centerlines-1310","properties":{"name":"Wuding","nameEn":"Wuding","nameOrigin":"natural-earth-original","sourceName":"Wuding","sourceDataset":"ne_10m_rivers_lake_centerlines","sourceFeatureIndex":1310,"sourceId":945,"scalerank":8.0,"minZoom":7.0,"min_zoom":7.0,"featurecla":"River"},"geometry":{"type":"LineString","coordinates":[[109.937266,37.955634],[110.020518,37.925238],[110.167735,37.766954],[110.206635,37.684434],[110.202403,37.63113],[110.230479,37.618476],[110.287608,37.469265],[110.34669,37.421332],[110.342052,37.377143],[110.379242,37.353787],[110.397227,37.309516],[110.413015,37.318305],[110.402924,37.284613],[110.462169,37.288398],[110.445079,37.247423],[110.417735,37.233832],[110.445079,37.196234],[110.421397,37.167996],[110.416515,37.150214],[110.437592,37.137559],[110.412852,37.081895],[110.437592,37.042019]]}},{"type":"Feature","id":"ne_10m_rivers_lake_centerlines-1311","properties":{"name":"","nameEn":"","nameOrigin":"natural-earth-original","sourceName":null,"sourceDataset":"ne_10m_rivers_lake_centerlines","sourceFeatureIndex":1311,"sourceId":946,"scalerank":8.0,"minZoom":7.0,"min_zoom":7.0,"featurecla":"River"},"geometry":{"type":"LineString","coordinates":[[90.365164,29.119249],[90.335948,29.131456],[90.311453,29.112169],[90.199962,29.11579],[90.168224,29.142401],[90.071056,29.106024],[89.942475,29.209499],[89.855886,29.233954],[89.790701,29.317898]]}},{"type":"Feature","id":"ne_10m_rivers_lake_centerlines-1312","properties":{"name":"Aksu","nameEn":"Aksu","nameOrigin":"natural-earth-original","sourceName":"Aksu","sourceDataset":"ne_10m_rivers_lake_centerlines","sourceFeatureIndex":1312,"sourceId":947,"scalerank":8.0,"minZoom":7.0,"min_zoom":7.0,"featurecla":"River"},"geometry":{"type":"LineString","coordinates":[[80.042979,41.173122],[80.066661,41.187567],[80.149099,41.132921],[80.271414,41.097846],[80.312022,40.993191],[80.285737,40.941189],[80.321056,40.849433],[80.389415,40.783515],[80.533376,40.694159],[80.580577,40.643256],[80.60491,40.577216],[80.670828,40.560492],[80.698009,40.525702],[80.882253,40.468207]]}},{"type":"Feature","id":"ne_10m_rivers_lake_centerlines-1313","properties":{"name":"Luhit","nameEn":"Luhit","nameOrigin":"natural-earth-original","sourceName":"Luhit","sourceDataset":"ne_10m_rivers_lake_centerlines","sourceFeatureIndex":1313,"sourceId":948,"scalerank":8.0,"minZoom":7.0,"min_zoom":7.0,"featurecla":"River"},"geometry":{"type":"LineString","coordinates":[[97.083995,28.527615],[97.041108,28.379503],[97.044363,28.147406],[96.993663,28.047675],[96.979503,27.958848],[96.893321,27.899197],[96.864024,27.896267],[96.807384,27.940009],[96.685802,27.97956],[96.552257,28.091905],[96.513682,28.089301],[96.453054,28.048407],[96.417247,27.91474],[96.396658,27.8935],[96.128998,27.90412],[95.91269,27.822048],[95.84962,27.819932],[95.752371,27.766466],[95.641124,27.808702],[95.476654,27.818142],[95.459483,27.843858]]}},{"type":"Feature","id":"ne_10m_rivers_lake_centerlines-1316","properties":{"name":"Uda","nameEn":"Uda","nameOrigin":"natural-earth-original","sourceName":"Uda","sourceDataset":"ne_10m_rivers_lake_centerlines","sourceFeatureIndex":1316,"sourceId":950,"scalerank":8.0,"minZoom":7.0,"min_zoom":7.0,"featurecla":"River"},"geometry":{"type":"LineString","coordinates":[[130.503184,54.00849],[130.510265,54.098456],[130.59433,54.165717],[130.72226,54.20779],[130.876231,54.159288],[130.938731,54.112331],[130.992686,54.142157],[131.068289,54.096137],[131.281342,54.055243],[131.494151,54.070014],[131.751231,54.05919],[131.88795,54.100206],[131.97226,54.091091],[132.033376,54.056993],[132.172293,54.056993],[132.356049,54.074286],[132.571707,54.157172],[132.88795,54.112128],[132.976573,54.132636],[133.029796,54.119574],[133.176199,54.157416],[133.192556,54.180487],[133.413259,54.219184],[133.555756,54.284613],[133.792247,54.324408],[133.855479,54.359931],[133.903087,54.352403],[133.997325,54.397488],[134.048432,54.386339],[134.127452,54.461005],[134.220225,54.485175],[134.219819,54.512885],[134.347179,54.516221],[134.590912,54.463202],[134.87379,54.589545],[134.953624,54.594753],[135.242686,54.703681]]}},{"type":"Feature","id":"ne_10m_rivers_lake_centerlines-1317","properties":{"name":"Tumnin","nameEn":"Tumnin","nameOrigin":"natural-earth-original","sourceName":"Tumnin","sourceDataset":"ne_10m_rivers_lake_centerlines","sourceFeatureIndex":1317,"sourceId":951,"scalerank":8.0,"minZoom":7.0,"min_zoom":7.0,"featurecla":"River"},"geometry":{"type":"LineString","coordinates":[[138.825287,50.884589],[138.889171,50.877712],[139.026378,50.805691],[139.241791,50.659491],[139.358328,50.657416],[139.408946,50.5987],[139.488292,50.567084],[139.623627,50.59101],[139.657725,50.639919],[139.743337,50.68769],[139.891124,50.701972],[139.935476,50.684272],[139.997325,50.5539],[140.069347,50.536892],[140.083914,50.512885],[140.063487,50.454698],[139.999522,50.423122],[139.993582,50.393419],[140.086436,50.250271],[140.091401,50.217719],[140.062429,50.156684],[140.101654,50.114081],[140.01588,50.09809],[139.943289,50.020331],[139.928803,49.955186],[139.964854,49.894884],[140.136241,49.799425],[140.172781,49.73961],[140.03476,49.506212],[140.055593,49.376288],[140.088308,49.3428],[140.27589,49.280544],[140.339122,49.277696]]}},{"type":"Feature","id":"ne_10m_rivers_lake_centerlines-1321","properties":{"name":"","nameEn":"","nameOrigin":"natural-earth-original","sourceName":null,"sourceDataset":"ne_10m_rivers_lake_centerlines","sourceFeatureIndex":1321,"sourceId":955,"scalerank":8.0,"minZoom":7.0,"min_zoom":7.0,"featurecla":"River"},"geometry":{"type":"LineString","coordinates":[[117.955496,31.497992],[117.981456,31.452908],[118.147472,31.403998],[118.253184,31.393012],[118.298595,31.429145]]}},{"type":"Feature","id":"ne_10m_rivers_lake_centerlines-1326","properties":{"name":"黄河","nameEn":"Yellow","nameOrigin":"editorial-translation","sourceName":"Huang","sourceDataset":"ne_10m_rivers_lake_centerlines","sourceFeatureIndex":1326,"sourceId":95,"scalerank":3.0,"minZoom":3.0,"min_zoom":3.0,"featurecla":"River"},"geometry":{"type":"MultiLineString","coordinates":[[[114.837576,35.019802],[114.864757,35.120469],[114.851329,35.178046],[114.941417,35.218777],[115.067963,35.379991],[115.150483,35.415798],[115.248546,35.424506],[115.340017,35.485053],[115.341319,35.555365],[115.383311,35.55744],[115.402843,35.630479],[115.491791,35.678087],[115.503917,35.722724],[115.617686,35.731147],[115.76116,35.849148],[115.873546,35.865505],[115.883718,35.887519],[115.857921,35.916327],[115.943777,35.979682],[116.033295,35.965684],[116.091401,36.068142],[116.077729,36.109727],[116.119314,36.116523],[116.13974,36.150702],[116.198822,36.172553],[116.311941,36.293321],[116.410167,36.315212],[116.575043,36.414822],[116.597585,36.447577],[116.578624,36.4796],[116.601654,36.494981],[116.598562,36.514431],[116.65683,36.582709],[116.736339,36.624294],[116.780772,36.702745],[116.858653,36.740343],[116.992442,36.726671],[117.105724,36.796251],[117.189464,36.93419],[117.226329,36.961046],[117.237804,37.031033],[117.284923,37.059394],[117.388113,37.073188],[117.552257,37.149237],[117.627045,37.254259],[117.760509,37.247423],[117.827403,37.272081],[117.890554,37.261746],[118.06544,37.352078],[118.207042,37.375271],[118.229421,37.396308],[118.231537,37.450222],[118.29127,37.508124],[118.304779,37.576443],[118.328868,37.596381],[118.55421,37.626492],[118.710053,37.749823],[118.917003,37.830634],[118.978038,37.79975],[119.033214,37.802558]],[[110.269949,34.637274],[110.37672,34.615749],[110.410818,34.589057],[110.482921,34.615749],[110.530284,34.583604],[110.708425,34.620917],[110.765636,34.661241],[110.883474,34.666042],[110.922862,34.685736],[110.910574,34.732449],[110.989757,34.721869],[111.109304,34.768622],[111.138438,34.819159],[111.222667,34.798529],[111.256602,34.827989],[111.284679,34.816352],[111.342459,34.842312],[111.383474,34.821804],[111.557384,34.863308],[111.630463,34.958319],[111.678315,34.978827],[111.682709,35.007839],[111.740652,35.018907],[111.829112,35.082465],[111.897472,35.096137],[111.957449,35.094062],[112.058116,35.033393],[112.151378,35.013536],[112.178966,34.970811],[112.240733,34.944688],[112.274832,34.965155],[112.288992,34.947781],[112.480235,34.906806],[112.779226,34.797919],[113.089773,34.842312],[113.19752,34.876288],[113.24879,34.948554],[113.353608,34.972357],[113.497569,34.965155],[113.534109,34.979519],[113.665619,34.907538],[113.867768,34.87641],[113.953868,34.896918],[113.997813,34.949083],[114.062429,34.931667],[114.179454,34.935981],[114.303233,34.898464],[114.421641,34.924669],[114.509288,34.901923],[114.577403,34.91767],[114.631602,34.896918],[114.729991,34.920925],[114.83074,35.019802]]]}},{"type":"Feature","id":"ne_10m_rivers_lake_centerlines-1334","properties":{"name":"Di’er Songhua","nameEn":"Di’er Songhua","nameOrigin":"natural-earth-original","sourceName":"Di’er Songhua","sourceDataset":"ne_10m_rivers_lake_centerlines","sourceFeatureIndex":1334,"sourceId":967,"scalerank":8.0,"minZoom":7.0,"min_zoom":7.0,"featurecla":"River"},"geometry":{"type":"LineString","coordinates":[[123.465831,46.834581],[123.54184,46.815782],[123.562999,46.86518],[123.591563,46.875556],[123.613048,46.84101],[123.598399,46.806749],[123.671153,46.800238],[123.773692,46.717312],[123.759369,46.635321],[123.810476,46.555365],[123.787364,46.519314],[123.855154,46.402208],[123.842052,46.305732],[123.884776,46.297146],[123.907237,46.266669],[123.956472,46.290635],[123.958344,46.192572],[123.985932,46.159288],[124.010916,46.055976],[124.038666,46.034369],[124.033783,46.018378],[124.001394,46.016547],[124.006358,45.996283],[123.973725,45.964952],[123.979096,45.929633],[124.061697,45.871649],[124.04127,45.830349],[124.059581,45.808946],[124.013276,45.768581],[124.074718,45.744656],[124.054861,45.731635],[124.102794,45.709581],[124.125987,45.668972],[124.164806,45.662706],[124.148936,45.622138],[124.223399,45.635443],[124.274506,45.550238],[124.352061,45.541775],[124.350108,45.498481],[124.376475,45.457302],[124.455496,45.463446],[124.502533,45.423163],[124.549246,45.414374],[124.572195,45.419135],[124.589366,45.457302],[124.674571,45.450466]]}},{"type":"Feature","id":"ne_10m_rivers_lake_centerlines-1336","properties":{"name":"Kolidam","nameEn":"Kolidam","nameOrigin":"natural-earth-original","sourceName":"Kolidam","sourceDataset":"ne_10m_rivers_lake_centerlines","sourceFeatureIndex":1336,"sourceId":969,"scalerank":8.0,"minZoom":7.0,"min_zoom":7.0,"featurecla":"River"},"geometry":{"type":"LineString","coordinates":[[78.677989,10.869412],[78.864675,10.84455],[79.194591,10.94184],[79.397878,11.073554],[79.4428,11.132758],[79.607921,11.227566],[79.614187,11.248074],[79.648936,11.248074],[79.67628,11.296454]]}},{"type":"Feature","id":"ne_10m_rivers_lake_centerlines-1337","properties":{"name":"西江","nameEn":"Xi","nameOrigin":"editorial-translation","sourceName":"Xi","sourceDataset":"ne_10m_rivers_lake_centerlines","sourceFeatureIndex":1337,"sourceId":96,"scalerank":4.0,"minZoom":4.0,"min_zoom":4.0,"featurecla":"River"},"geometry":{"type":"MultiLineString","coordinates":[[[111.301362,23.480658],[111.392833,23.477729],[111.467052,23.449042],[111.554861,23.293158],[111.538097,23.204413],[111.668224,23.148139],[111.878429,23.140733],[112.00058,23.085395],[112.174815,23.078721],[112.31544,23.159613],[112.350027,23.154242],[112.400645,23.073188],[112.444835,23.047309],[112.501069,23.064073],[112.595795,23.165595],[112.78297,23.163845],[112.805919,23.142442],[112.858653,22.972602],[112.927257,22.83572],[112.970144,22.806586],[113.0713,22.781806],[113.095307,22.660997],[113.165538,22.575629]],[[112.804698,23.147895],[112.845144,23.159857],[112.917898,23.128241],[112.982026,23.040351]],[[112.97991,23.041124],[112.982026,23.040351]],[[112.982026,23.040351],[113.075776,23.056464],[113.11085,23.041124],[113.152843,23.067735],[113.220144,23.041124],[113.313243,23.055365],[113.391205,23.038275],[113.419363,23.062852]],[[112.982026,23.040351],[113.002859,22.952948],[113.076182,22.890245],[113.213308,22.911973]],[[113.082774,22.764268],[113.151866,22.739447],[113.186534,22.703803],[113.244233,22.734687],[113.303803,22.693223],[113.371349,22.676378],[113.467784,22.573269],[113.555919,22.583075]]]}},{"type":"Feature","id":"ne_10m_rivers_lake_centerlines-1380","properties":{"name":"Dan","nameEn":"Dan","nameOrigin":"natural-earth-original","sourceName":"Dan","sourceDataset":"ne_10m_rivers_lake_centerlines","sourceFeatureIndex":1380,"sourceId":999,"scalerank":9.0,"minZoom":7.1,"min_zoom":7.1,"featurecla":"Lake Centerline"},"geometry":{"type":"LineString","coordinates":[[111.229015,33.055609],[111.308849,32.988308],[111.469005,32.929958],[111.526785,32.872097],[111.558442,32.738796],[111.5088,32.676703],[111.47755,32.569525]]}},{"type":"Feature","id":"ne_10m_rivers_lake_centerlines-1381","properties":{"name":"Dan","nameEn":"Dan","nameOrigin":"natural-earth-original","sourceName":"Dan","sourceDataset":"ne_10m_rivers_lake_centerlines","sourceFeatureIndex":1381,"sourceId":999,"scalerank":9.0,"minZoom":7.1,"min_zoom":7.1,"featurecla":"River"},"geometry":{"type":"LineString","coordinates":[[109.87379,33.882107],[110.028738,33.834052],[110.195323,33.742621],[110.312755,33.712104],[110.400401,33.604438],[110.446381,33.498887],[110.47169,33.484239],[110.793224,33.441677],[110.896495,33.325303],[110.996593,33.267157],[111.156993,33.118598],[111.213878,33.092963],[111.229015,33.055609]]}}]}
