{"type":"FeatureCollection","name":"Hartwell 1200 country","features":[{"type":"Feature","id":"hartwell-1200-country-v5_1200_chin_chn_1200_l-37","properties":{"id":"hartwell-1200-country-v5_1200_chin_chn_1200_l-37","name":"大理","level":"country","sourceId":"hartwell-chgis-v5","year":1200,"approximate":true,"color":"#7f9eae","recordId":"37","sourceLayer":"v5_1200_chin_chn_1200_l","sourceRecordIndex":36,"sourceCode":"S210000000001","sourceName":"大理","sourceAdminType":"Independent State","sourceContainerLevel":"province","sourceHierarchy":{"polity":"大理","province":"","prefecture":"","dependentPrefecture":""},"labelCoordinates":[101.26875912654798,25.17931679812405]},"geometry":{"type":"Polygon","coordinates":[[[98.89100728697639,23.47645809012796],[98.86397645339181,23.477343091686045],[98.85242496842456,23.477916591232905],[98.83992593097099,23.476569700762017],[98.82797157761149,23.47970673116111],[98.82327094244037,23.49925997667738],[98.80877591631621,23.522893657222482],[98.8068940215253,23.542336081288298],[98.81027858252149,23.551307322529663],[98.82066459960333,23.557310657553007],[98.83497839471684,23.568568641052973],[98.85186731091741,23.57769117753235],[98.88219080708745,23.590975088375533],[98.89026841034746,23.59820575012097],[98.89339734521354,23.608253288895426],[98.89089660610526,23.618155387019257],[98.88296083138603,23.62052458117766],[98.8753037734337,23.624553578145164],[98.86641719883876,23.62951487252636],[98.8595334364618,23.632126464141397],[98.85416962991673,23.63820612994776],[98.85286291669995,23.64762852991526],[98.84876483858666,23.66830336840697],[98.84791758606963,23.678117038572744],[98.84460419541522,23.68550279773285],[98.83826686680995,23.692984898131005],[98.83083840205093,23.694923177189946],[98.8251544137062,23.69842464517894],[98.82299062542002,23.701676264628443],[98.82329888752041,23.70580375471893],[98.83436859445297,23.728095598464677],[98.83604114714856,23.735133283921307],[98.83350645540439,23.746854532478064],[98.82377963638375,23.76125726480057],[98.81280192676778,23.77102005449625],[98.80286723751274,23.77536512127212],[98.7902163457266,23.776627315042795],[98.79025223338083,23.777542424654236],[98.77530998166158,23.77665890951754],[98.76290049068746,23.778662540125108],[98.75594123165453,23.78217540648599],[98.75271680720485,23.786982504425737],[98.742258062987,23.791339148987195],[98.73521529841744,23.793628644276453],[98.72204655591301,23.794509560583638],[98.70915531572658,23.794572801318893],[98.69942968756914,23.79797760945723],[98.69425689310553,23.800954324264328],[98.69249906797023,23.815273591395034],[98.69960276639488,23.819716117690763],[98.70211593571418,23.822879187188672],[98.70551920614946,23.831572708492562],[98.70326466109871,23.84604350162013],[98.70039437936082,23.853813302520827],[98.70149999348415,23.873321718860055],[98.69640255706481,23.88369571858747],[98.69142127639161,23.896631685100402],[98.689911510323,23.910140020992497],[98.69203883542319,23.92039765301038],[98.7024791450303,23.928961823473525],[98.70890342687213,23.93920129734469],[98.70569779254863,23.946127721837414],[98.7019771396367,23.947730520040178],[98.69737699447684,23.952200675593463],[98.68495843527444,23.955381218738346],[98.6778045932425,23.960062469321013],[98.67892606341393,23.965057221568514],[98.68366364988009,23.969994836838577],[98.69175113202054,23.9744938863428],[98.6980252937676,23.976967712849984],[98.70674113109045,23.976575838683427],[98.71823094076225,23.974158696241027],[98.72393661860004,23.974954694426394],[98.72912882173102,23.973256265605016],[98.73288990591237,23.97393610740394],[98.7441642618057,23.978985249253135],[98.75263271731465,23.98943238574847],[98.75762192331439,23.990731427850047],[98.76450722094438,24.000079783394785],[98.76616445491291,24.003005971434003],[98.76423664126365,24.018492466865233],[98.76808751233177,24.02364627327349],[98.79076619497683,24.02772002290394],[98.7955994625339,24.029920012682087],[98.80303075145953,24.044313420039114],[98.81273650406852,24.048166653036603],[98.81958518872999,24.04802059018581],[98.82966963827388,24.04769842774577],[98.83895110244354,24.050612178370017],[98.84856270231504,24.06613143954993],[98.87499062578898,24.08600002866875],[98.88716939870729,24.104215754161597],[98.88892680966036,24.11307210377784],[98.88530670087185,24.141040148191763],[98.88443502221635,24.144366286258286],[98.87391260484634,24.148334397464122],[98.85540712208586,24.135690492615936],[98.85117990072746,24.133290743981537],[98.8463132188176,24.13217855435888],[98.82080892437249,24.132348189449587],[98.80827405404105,24.135272201311455],[98.8013615142659,24.134977317856013],[98.75882033783694,24.12815806928349],[98.7436767872857,24.128836600200355],[98.7192101280821,24.12600074227972],[98.69748789335907,24.11564360553113],[98.67595990766618,24.105371439175176],[98.67036734399242,24.1057725154033],[98.64020103273242,24.10792816659145],[98.63299930470166,24.10582153329345],[98.61928166023903,24.094627431445684],[98.59846309655292,24.09459168916192],[98.58323717425382,24.101238579216805],[98.53518656856117,24.129685866522312],[98.51319746940845,24.128064522035167],[98.50765322912704,24.12763277450407],[98.49987678144716,24.128340391832122],[98.49440330961649,24.126908965932365],[98.42637807194689,24.12625573037819],[98.41053905258381,24.124812923444598],[98.38738688387964,24.11898771004091],[98.37833459023247,24.114315645475497],[98.34718562560563,24.099729710048376],[98.33657340199149,24.09833718309285],[98.31994918979626,24.10280638885284],[98.30869564133297,24.103115761024657],[98.29475750514581,24.098224788314035],[98.2869748628994,24.099281308935286],[98.25791531431469,24.11020001785649],[98.2501259635413,24.110832868239456],[98.21316999362098,24.112040962137485],[98.20410711660107,24.108697419170834],[98.20124618314657,24.10560648858066],[98.17350723911588,24.102826195537457],[98.15659073538028,24.104103548029844],[98.13729667903175,24.101847798080584],[98.11618206715195,24.095181269305098],[98.08915333677596,24.086571979294796],[98.07262334661772,24.084028601958128],[98.02899764092113,24.071301084417367],[98.01357459179404,24.06453191494119],[98.0103995381495,24.06514303678634],[98.00904326248641,24.062406610913143],[97.99907714742181,24.055905053239755],[97.98982860747097,24.05154914328864],[97.98189406572202,24.047918593685612],[97.9776548159945,24.039092755041334],[97.9751231061208,24.03382117770555],[97.96992711202373,24.028886686670386],[97.9441556960998,24.018981010464703],[97.9339938259343,24.016911384904457],[97.91334844242651,24.0174202070684],[97.90362161076929,24.014495027469227],[97.88931686830199,24.004086097458934],[97.8850823788787,23.999593878865202],[97.88755474615067,23.99651718047055],[97.8873112813402,23.987909351464474],[97.88254057023005,23.98137938273067],[97.88166592896158,23.981320319731058],[97.87101111968649,23.980143759049962],[97.8587285920874,23.976025611467392],[97.85616015127741,23.97009972459541],[97.85710283436563,23.95920746592036],[97.85372956699602,23.953591810981067],[97.85162749552497,23.95299269345428],[97.83839520502129,23.952389942590383],[97.82667643702504,23.93700789080223],[97.82038707935129,23.931995505880597],[97.80694166707018,23.930245373536472],[97.79487957446658,23.92504503370935],[97.78822627196296,23.913337257129164],[97.78481861650785,23.90851944563997],[97.77363988489952,23.906294386493077],[97.75865327667465,23.895886358897],[97.74489077593604,23.8841023253106],[97.74033091772138,23.879828595997388],[97.73369070789424,23.8793703691356],[97.7218772641255,23.86834163372062],[97.70540155100976,23.868451267158726],[97.69870522478753,23.865902454141022],[97.69214937675324,23.858778398153284],[97.6813482420916,23.854692604930364],[97.66265857998268,23.84630397179691],[97.65423699149646,23.84395132740473],[97.64627960501201,23.84539867993976],[97.64756887806573,23.84928441882585],[97.64498283009019,23.862600348820376],[97.64280805491363,23.868808688075834],[97.64389153329662,23.876131615711568],[97.64094669535157,23.880512918207202],[97.62811429562619,23.890944733141602],[97.59365252168125,23.906385072445584],[97.58352924452794,23.91426716973257],[97.57608267015502,23.91708434250768],[97.56712643144199,23.91831025261986],[97.55921432166159,23.924111076945486],[97.5406225118163,23.932752053356243],[97.53519015789927,23.937383117539014],[97.5342446697691,23.94220321624676],[97.53881383923066,23.95041319591627],[97.54661876879258,23.95767631680864],[97.5681408781189,23.966422061008963],[97.5736800271795,23.9711849745889],[97.58235373209229,23.989896402677054],[97.58538291648696,23.993076255981016],[97.59240246852518,23.996450626376998],[97.60594395104465,23.999594550735345],[97.62948773046212,23.999594242830803],[97.63241751955142,24.00208533612318],[97.63389757320627,24.00606008121657],[97.63021969124833,24.014579122554537],[97.63165438906914,24.01665606545032],[97.63810899220276,24.017566139853876],[97.64178608172176,24.035202202011295],[97.64060365825986,24.042612205616642],[97.64226627509744,24.04468367329384],[97.65048329255174,24.042810770313956],[97.65284792144729,24.045288823107235],[97.65472526769693,24.055582830077643],[97.67711687864347,24.068364572409063],[97.6870044342795,24.07742159117915],[97.69538157462063,24.09009773158634],[97.71025040032663,24.096295288873073],[97.71458469360769,24.1035794472533],[97.73242183381132,24.117302206012074],[97.73636623212404,24.12712515182882],[97.74157698237747,24.149577779626384],[97.74689460494987,24.159158578722373],[97.75710634464899,24.16999131411414],[97.75442540818108,24.180392083695015],[97.74202706178046,24.18364745852014],[97.7306854587321,24.189620156448036],[97.72753033996949,24.193600321629795],[97.72778914079207,24.203928349969797],[97.73232719316292,24.214641457295187],[97.740839279814,24.23456739079735],[97.75792167622866,24.250243239825704],[97.76292980875193,24.258795923969274],[97.76462028152719,24.265935455203213],[97.76076192853851,24.27880686236872],[97.75261699030297,24.286367587852677],[97.74324827601943,24.289556719837876],[97.7282232127978,24.28989387267033],[97.71467204031504,24.296350487310416],[97.70969215958131,24.29609888857775],[97.68352567012208,24.294749795711528],[97.6736943923623,24.299998906998912],[97.66860683067348,24.30721751936809],[97.66129126233962,24.33489457709597],[97.66201428036881,24.341785023693443],[97.67340087270225,24.34658605475787],[97.681168989309,24.34757899852915],[97.7013526217805,24.342952219748376],[97.70631699678799,24.34466213196902],[97.71046870507215,24.34795745571554],[97.71453036571533,24.351155173007356],[97.71659771587677,24.35476278743568],[97.71686638788017,24.36371835767431],[97.71301838805564,24.371387591443014],[97.68982300069536,24.392770122494458],[97.68400477906575,24.400484341599626],[97.6813641227283,24.40650264137991],[97.68690867760307,24.415729849218383],[97.68754002818228,24.423797177081113],[97.68132120446664,24.43403595208894],[97.67961835474112,24.445497572258603],[97.67108280135632,24.452715321588],[97.66184427452113,24.45208039576385],[97.64948442932335,24.446660650762254],[97.61957054277684,24.439311852775322],[97.60793526039252,24.44399973529339],[97.59920768169995,24.436176158001473],[97.59459192672217,24.43585582594171],[97.58919087115727,24.44082818714269],[97.5855131450332,24.441120091338213],[97.58062319290798,24.439116863432737],[97.55645416693858,24.44006877694943],[97.54708506332739,24.43436384798564],[97.53742648835512,24.434783502027493],[97.53516790295323,24.436732773407734],[97.5348402738958,24.441805098144442],[97.53735008678248,24.4499802098476],[97.5532190670487,24.48388274202175],[97.55710229545012,24.492177972843738],[97.56421310816702,24.54414866739021],[97.56415218926047,24.568632420066272],[97.57043894679747,24.615136980034382],[97.56860727729854,24.669419103339003],[97.5704843886463,24.706104769100474],[97.5726505771174,24.709433646645937],[97.56522543936661,24.72664221889847],[97.55383045000869,24.73468283811078],[97.55377960482832,24.741329427483794],[97.5571156589111,24.745115320960622],[97.56728259067445,24.750926426713143],[97.5693404160316,24.760725694550054],[97.57514047525657,24.76331615984914],[97.59042831642589,24.760736760327692],[97.6012147141215,24.761395182441316],[97.60451200034524,24.763263653602813],[97.61896184647294,24.7710058091157],[97.62907096312009,24.771523304843413],[97.64145294319121,24.776841947527117],[97.65730583603015,24.791687965462348],[97.66542978708651,24.804633155705673],[97.67330081414197,24.80972780237399],[97.68605174358855,24.82526480689066],[97.69111832497758,24.827251267577292],[97.69809242796737,24.82390428563208],[97.7025925807014,24.825578229343684],[97.70610505257505,24.83219281291821],[97.70692237964434,24.83306824358056],[97.71073678026046,24.837153475722612],[97.71496880801418,24.83726045197067],[97.73070842567634,24.82294508135146],[97.74632418508368,24.826193689059625],[97.75193468381653,24.823843300691788],[97.7620676366845,24.82289234193076],[97.76694954713638,24.823496701439474],[97.78250797431103,24.83866430593356],[97.78719425313545,24.846720699330582],[97.78812932283493,24.856070997122533],[97.78274154762799,24.86927275387547],[97.77480214909188,24.874835589925326],[97.7718817899091,24.876822923081715],[97.75714820067385,24.88219726433058],[97.74998399981357,24.887901853493272],[97.73790589015904,24.90692773912512],[97.73486953009727,24.915278660849985],[97.72932971331667,24.945033223044025],[97.72077172847133,24.963110793213062],[97.7177980334461,24.975560228563285],[97.71668186617921,24.980854321315977],[97.71691120359986,24.98168911453555],[97.72136814272852,25.00001377039894],[97.72761958587843,25.02555764472223],[97.7291813649092,25.06524880152769],[97.73057393485527,25.070075075988765],[97.73291298764124,25.072963697527538],[97.7454156763311,25.07981721064907],[97.75532116539839,25.083308707711026],[97.76005094929577,25.09218139955365],[97.77044384289128,25.111898830194413],[97.7813990923628,25.123373055111617],[97.80436082788496,25.173039292992243],[97.81553755170299,25.20680545572599],[97.82307335941346,25.22913715233617],[97.84426830712316,25.26792792496625],[97.84863739888429,25.270310527887936],[97.85569956207746,25.269962458098938],[97.86598945754815,25.260098932454667],[97.87755681106091,25.259139546325397],[97.88332597680028,25.255066627398122],[97.8899063699423,25.24822821060476],[97.89107869318242,25.24339544031474],[97.89393814702424,25.24103867875816],[97.89446634327369,25.240618984416272],[97.89965048104752,25.22504819688346],[97.90329267434377,25.2190143747127],[97.90966333715556,25.21479771477545],[97.91748772888705,25.214769039040114],[97.92344590019809,25.218345217958568],[97.93042642321329,25.21771426707508],[97.94827710611028,25.22370899234971],[97.95760769123783,25.231051130955922],[97.9909976775481,25.266607766111527],[98.00023860164475,25.276484623060334],[98.01392729489808,25.303195877969635],[98.01891673539595,25.307883989435336],[98.0301657491147,25.308523686791087],[98.04660910170217,25.304771431374245],[98.06181357009983,25.309391011415038],[98.07007035671278,25.316741878709987],[98.07782948540265,25.330604584955392],[98.08456989719399,25.339673892544667],[98.09597890730919,25.355132239786176],[98.09998986304855,25.3792023698491],[98.10709355492732,25.391381851929268],[98.11281610855782,25.394384042781788],[98.1327768317281,25.387572359511385],[98.13816702581484,25.38973406162603],[98.14062665634171,25.396525085196675],[98.14114212392589,25.404100674463525],[98.1388347315128,25.42140109169156],[98.13923520839526,25.427878377087364],[98.13941016041609,25.430797321206057],[98.14443762119954,25.454742525686104],[98.14433911129736,25.47954046457504],[98.14155309828134,25.487449009798556],[98.12591686174287,25.50498561215817],[98.12437204304337,25.513517559373746],[98.12758573010365,25.518264944751053],[98.13547804100487,25.521584338261555],[98.15172749298007,25.523436118910723],[98.15688319034123,25.5274882356602],[98.1615655984833,25.531237469904788],[98.16612436655495,25.54578819683376],[98.17558216274091,25.549475906007757],[98.17976517942532,25.553283199545714],[98.1758136749471,25.58182592497832],[98.16358624455545,25.614564612054576],[98.16918259750605,25.623365024749],[98.17686412193322,25.62566739846617],[98.18186069830254,25.625347589296418],[98.18666668519268,25.622291106670556],[98.21371135912663,25.60519714529915],[98.25359944654048,25.592987301572272],[98.26978230418246,25.585279989462325],[98.2834082503979,25.574504754731382],[98.30011781905228,25.554292063966127],[98.30219194490923,25.55178704527356],[98.31189319778606,25.545577552945375],[98.31949463900779,25.54623066154232],[98.33383322157705,25.56056027586101],[98.33923855621336,25.562710815104207],[98.35359145871489,25.55941899236546],[98.35995967632702,25.561991116505276],[98.3683931949178,25.572954211372643],[98.38636801932061,25.60829354750998],[98.39238104702703,25.618468805637292],[98.39034881974638,25.632599977047196],[98.39177466764993,25.647033146733826],[98.4051138282665,25.673996579923617],[98.41576922178247,25.683362210902867],[98.43864466623586,25.69301559516465],[98.44315639066832,25.700733416478982],[98.4445977678652,25.710987797039987],[98.44442616855788,25.711975901915082],[98.44201019395229,25.725989789949804],[98.44597534985402,25.733038088924403],[98.45328442722302,25.7392902458462],[98.45321465535929,25.751176233850078],[98.45799464408306,25.758000520117402],[98.47218042032883,25.76421288564716],[98.47438457747913,25.770880517606734],[98.47318267771892,25.787416120293823],[98.47502559704034,25.797691472612364],[98.48222539668646,25.808289352165822],[98.49572080095768,25.81590747067909],[98.50002790801005,25.81834416274589],[98.51049105842408,25.826594512793818],[98.51816738930981,25.837580256983443],[98.5267184943212,25.841993704302546],[98.55126950061523,25.848449588717124],[98.55857528862626,25.8452553132681],[98.56883659379967,25.832799875459866],[98.57842709649668,25.832462037947376],[98.59559989488498,25.81524178887587],[98.60560837003729,25.81320236672659],[98.6082392532654,25.812631922628373],[98.6231543877876,25.80461972093363],[98.6368280875301,25.804245275554933],[98.65533038664739,25.825747255060083],[98.69352575921606,25.843675672238344],[98.7028204183778,25.8546499334106],[98.70728889619818,25.866249727155065],[98.70735216552512,25.869609962328404],[98.70752501953716,25.882773776774197],[98.71193431550353,25.89808801014515],[98.71184569034567,25.903616116140693],[98.70789205040678,25.9073777113936],[98.68457937620624,25.908470372406757],[98.68008176338962,25.917097467372123],[98.67857577550923,25.932792244438936],[98.67443014044149,25.94488575065506],[98.66151903344641,25.95392707199891],[98.65192561124198,25.955542494382346],[98.65184268652554,25.959528347530867],[98.65171246326724,25.97122049530013],[98.64805478094941,25.976357237356474],[98.64049146090856,25.97745574003445],[98.62465034034794,25.97425820839578],[98.61666923665824,25.97841413273832],[98.60996731414514,25.98980959530634],[98.59866468734506,26.047363179107965],[98.59589213944335,26.054000439643062],[98.59260482278904,26.06223929782242],[98.57882648760993,26.087210659376858],[98.57846071618276,26.09651875956122],[98.57598919562462,26.106100134215986],[98.57021353419177,26.11471964037053],[98.57009112883583,26.117893732373105],[98.57640121870696,26.12426054053215],[98.57899433981902,26.131581277206433],[98.58782934703244,26.141379756685804],[98.59420834003484,26.14166524892024],[98.59921804724031,26.137337008669675],[98.60669315191865,26.134876033809302],[98.61482886261399,26.13435712517951],[98.61661093942479,26.13600293996315],[98.62007571818124,26.139288615263506],[98.63955610797018,26.147954385344107],[98.64838658150748,26.14611383373083],[98.65712214309949,26.135745847995306],[98.66009765764693,26.126219582946874],[98.65733834392336,26.103122238835365],[98.65956193628364,26.095727168994614],[98.66608429378793,26.09112126752881],[98.67189205273108,26.09236641340129],[98.6795125790208,26.106137130769543],[98.68713015758094,26.11573635246371],[98.68988712659642,26.11916007009468],[98.69646969119182,26.12362153411073],[98.7114268542554,26.129836543221792],[98.71711514053231,26.134244770006863],[98.71720705549721,26.144311969358036],[98.71097590750318,26.153288127916664],[98.7094947100854,26.161541630136256],[98.72395918526563,26.16917557300064],[98.73380618619701,26.187055086183864],[98.73204909929235,26.187860187513913],[98.72533496268713,26.20795596755799],[98.72197714997922,26.213018760178123],[98.71494230376724,26.22339732946927],[98.70665003028869,26.240227431841642],[98.70313101179255,26.243286317641758],[98.68198014998634,26.2408825639795],[98.67493002347686,26.245729283229064],[98.67203074743131,26.24991067194606],[98.67605949911474,26.298986759353966],[98.67595383188858,26.30894756393517],[98.67587270151805,26.315738337150464],[98.68149172409288,26.322678448327938],[98.71123292698252,26.341340949279683],[98.72704841469076,26.364357025764672],[98.73239157549425,26.378161964645745],[98.73645937738584,26.384464910294692],[98.74154496295016,26.413380437139146],[98.74182397920639,26.415117407807557],[98.74516435831926,26.473182887988703],[98.748882324072,26.484534755790342],[98.7476612831222,26.49904464666036],[98.75199529927949,26.514505634948968],[98.75372826697371,26.538419039469797],[98.75554181240497,26.564055668373673],[98.76024897225848,26.57998732633002],[98.78026240099173,26.619873790481332],[98.7820046588363,26.653827324509077],[98.78096759663659,26.660013972552274],[98.77802530826361,26.67758727492681],[98.76106421721305,26.73137785331884],[98.76212089287262,26.769264390541643],[98.76371291290468,26.783832917895353],[98.76670661329777,26.809971509388056],[98.7608285605694,26.826194796720326],[98.74222230023635,26.851372763569255],[98.73834523777536,26.86200804127261],[98.73859813017123,26.87125011788748],[98.74206260447788,26.882122432205648],[98.75357822141022,26.896075746739715],[98.75474874034823,26.899489278083536],[98.75675191661145,26.905392429590187],[98.75700822281273,26.91318620709766],[98.75236908893051,26.918892520817042],[98.74922022371341,26.946300960860757],[98.73284385389212,27.005060031615372],[98.73735516064689,27.01689235882168],[98.74095948008977,27.02017209990821],[98.75195607374641,27.03029206753276],[98.75921545253597,27.039023167842164],[98.76383773990787,27.052215685015177],[98.76014164193761,27.064484284064207],[98.75131216800435,27.076461264555295],[98.74159689478964,27.08522244993833],[98.7112762271971,27.098052231711538],[98.70432849173817,27.103351439858848],[98.7003935081138,27.10891290914283],[98.7001618263193,27.112154486310263],[98.69962991740087,27.118181590697986],[98.70732999501875,27.144839476754292],[98.70800669389403,27.163681542223078],[98.70526277903984,27.175186232352274],[98.69151774847352,27.200434337704664],[98.68611531967193,27.213683775229743],[98.69001236272058,27.22990512885605],[98.69236473439055,27.232389598492347],[98.70522897441879,27.246410178547723],[98.70994631744323,27.256891854616935],[98.71427716449664,27.28271435613861],[98.72487118052778,27.30030606034417],[98.73137068983705,27.317121329067163],[98.72888100805316,27.34065425976476],[98.7289259683989,27.34996345727377],[98.72905171121832,27.36524024236829],[98.71967158774457,27.3716648612191],[98.70489767315294,27.3755229920791],[98.6989632519553,27.380515652327148],[98.69567651076022,27.390989454988258],[98.69766691132936,27.432479727160974],[98.69193820210559,27.4514852290088],[98.68792858330038,27.45785099663895],[98.68632586823843,27.460379242180064],[98.68525313657965,27.466821921320435],[98.68583783892745,27.475617242524006],[98.692698004882,27.48043426189741],[98.6938189925543,27.49025330792431],[98.68725690774902,27.502434506973383],[98.68501694836092,27.51097771629409],[98.68742240343612,27.51987579972406],[98.70334586177331,27.556907184983956],[98.70288872803368,27.56609266605049],[98.6996537348661,27.575752280501554],[98.69875117412018,27.578410147265917],[98.69215322815654,27.58959393223434],[98.68081399837723,27.597436871339756],[98.67122158466441,27.61061567128975],[98.66545519015587,27.614440323198863],[98.65521681809335,27.6168351459439],[98.64946777517406,27.60639260001198],[98.64080084063771,27.60255491586065],[98.59662624718578,27.600555431571696],[98.59006059924945,27.604149662932738],[98.58019792603633,27.609720068252695],[98.56876397916233,27.6297372332873],[98.56076569956664,27.652751099010814],[98.55548682121042,27.658133388431906],[98.54532349409497,27.662147967720976],[98.53912306612929,27.660703731349926],[98.53523779232799,27.65271199812152],[98.53895692433053,27.64091879094355],[98.53515044279244,27.636001464520046],[98.52789952985908,27.635037001372556],[98.51650641684951,27.64331183778475],[98.49692614147455,27.65769796895137],[98.46683893137693,27.690063662134676],[98.42754136176931,27.68891864488461],[98.42491449898323,27.680546076742665],[98.42502351707789,27.66691725695271],[98.42554374605561,27.66270388298405],[98.4293122081697,27.632855332165825],[98.42552003749354,27.611588177563373],[98.42399002165841,27.588647456789605],[98.41771057556225,27.57752676054962],[98.40211130467823,27.566031668417118],[98.38933820089163,27.548108362169888],[98.38584757275854,27.543202895421263],[98.3720798398215,27.530456277802113],[98.3636893111746,27.52588892448157],[98.33916323884961,27.525139841384107],[98.33247257880686,27.527628227277432],[98.32123443720177,27.537791896100465],[98.3180186047515,27.54265685756863],[98.3018806167242,27.58495167121706],[98.30179118833254,27.586120521394474],[98.29995474770843,27.614100327942786],[98.29454996059654,27.639514478894476],[98.28976215700293,27.648888739028745],[98.27608626444358,27.666665407084913],[98.25665042608759,27.68779289243704],[98.24625594595794,27.697185200547825],[98.2418698766725,27.70125303661206],[98.23273849785163,27.715326265175474],[98.22593335354355,27.721684138778006],[98.2205432681291,27.732101117589227],[98.2226806938591,27.74261582154502],[98.23300311290848,27.75660854703959],[98.23292509661361,27.764188372157548],[98.2175085469107,27.773812870934503],[98.21207551479428,27.780794768744833],[98.21023664771549,27.788718172218676],[98.21581279128343,27.803504250307764],[98.22807201617577,27.816258886058577],[98.2282009487716,27.827732208540457],[98.19637548551698,27.843665590860887],[98.17946928524155,27.847325036197578],[98.1680789183547,27.85475123091854],[98.16478074423111,27.857798644238624],[98.1633473870505,27.861772986861233],[98.16274610141186,27.874645141792502],[98.165373596646,27.88536814880634],[98.16890775267599,27.88973740194686],[98.17020249019129,27.891441651195432],[98.17804785551208,27.894179261472104],[98.19490310455343,27.89521060312344],[98.20119841570715,27.898212816263268],[98.20658379491796,27.905040431335376],[98.20619164550855,27.910071183852107],[98.1958763673291,27.928486400335608],[98.18339637297304,27.94189391864787],[98.1542746543964,27.95265424279481],[98.1418548690022,27.961277180991193],[98.1407917974516,27.963107102557547],[98.13769685477918,27.968692832372614],[98.14140049107581,28.040936359933827],[98.14540642867442,28.07050854493622],[98.14819949972912,28.075281760234787],[98.14936688692913,28.087714663103952],[98.15047528720581,28.099602203919293],[98.15006966514663,28.11383251416193],[98.14321652542468,28.125501541247456],[98.12958310948942,28.155608267967672],[98.1438585953527,28.17569981332879],[98.16217879261767,28.214707213264482],[98.1720994340051,28.22397222144475],[98.19318928634287,28.233194586071388],[98.2118752581658,28.237847362252936],[98.22532248873028,28.24533640442585],[98.2371176217709,28.25696247159529],[98.23721023797304,28.279423654313213],[98.23048340861595,28.29470834225501],[98.21912382029802,28.306285150681514],[98.20088907808508,28.33096960765574],[98.19820698325718,28.339012412497006],[98.19792446205692,28.350446794937895],[98.2052173128936,28.364684693471116],[98.22810304189369,28.378962897604133],[98.25462071069673,28.382274587128205],[98.27294187579191,28.374900575825894],[98.29056790972923,28.3618921339518],[98.29770808884102,28.353122947478266],[98.30053815973945,28.340398899298698],[98.32027712929097,28.321109960331146],[98.33042996400846,28.307738938016673],[98.34251661526424,28.28248884372388],[98.34447923712807,28.27160423523368],[98.35105536004546,28.263338107809087],[98.35250588673692,28.24574922422474],[98.34823953327364,28.214562531048074],[98.34886084209879,28.197102762683294],[98.36443745471762,28.172774168045702],[98.36680345710599,28.151177003712245],[98.37218009439243,28.133004729005073],[98.39188965659972,28.114597891902747],[98.40143972899405,28.114079972445005],[98.41072447738762,28.115710507401392],[98.4715766382527,28.149679640538217],[98.50375473351778,28.173560709044274],[98.52063602460933,28.183198030288928],[98.53214031401768,28.18674990253638],[98.55307254040612,28.188770277991605],[98.56977674983628,28.18432124498294],[98.59313457558869,28.164559627297493],[98.60302101122019,28.16368286527089],[98.61013841788652,28.16706591986113],[98.63345176388815,28.18958774554577],[98.66415920859262,28.210538142669364],[98.68207180109115,28.227420500843518],[98.68671542555239,28.23958412733365],[98.67872308221826,28.273393311334353],[98.67976350905691,28.290040271169815],[98.68447161415847,28.299951960653946],[98.7098683691848,28.318508765933604],[98.71640590121798,28.32870114636866],[98.71572029415228,28.33956968018822],[98.70781302534549,28.356702895147755],[98.68127214420252,28.39586024093279],[98.66836233332526,28.43352604097095],[98.65084920043155,28.46101465345252],[98.64795122622319,28.473917633437654],[98.64345897844808,28.479160412037952],[98.62699525117647,28.483814284930283],[98.61142722573786,28.497167673337003],[98.61011339438299,28.507996453645546],[98.61685187997278,28.52802316899948],[98.6210433415644,28.554751547364965],[98.61991262004918,28.624329628723057],[98.6137760502647,28.6669508248106],[98.61408266302689,28.679488909194195],[98.61603778364477,28.6864454682601],[98.6532776555798,28.70908640695103],[98.67411022236143,28.7268301169047],[98.6804751243942,28.742724562610864],[98.67774349686344,28.752947856100608],[98.67158737019592,28.761581023326453],[98.66958086357552,28.77199397698793],[98.65722940154349,28.79454137463627],[98.65466517380106,28.809619871976103],[98.64956893795986,28.814417128415084],[98.64807428525658,28.819320635961944],[98.65078192271318,28.827906649897614],[98.65653420385657,28.834080302586983],[98.6562453062589,28.839160428835797],[98.6586554660753,28.846065143485916],[98.65257490608349,28.85512070996252],[98.64751690624963,28.86265774362573],[98.63923126267149,28.891846834412714],[98.63984178346688,28.89542126476133],[98.6484092108908,28.906375700469653],[98.64954694144154,28.911201258528955],[98.6436256256499,28.919826792374895],[98.6460442929301,28.926730067732617],[98.64480066530476,28.932047172711133],[98.63663738762816,28.938622158080204],[98.63372400758155,28.944199694846073],[98.63283046645762,28.952677967460765],[98.62609387441616,28.96534028553634],[98.62645329225799,28.969765128599434],[98.62697124645244,28.976090107637305],[98.63500539137614,28.974536265451295],[98.67670945356154,28.974850319644023],[98.70826603506433,28.97967126466139],[98.74922997412526,28.998594514850268],[98.76950673753929,29.00385351855468],[98.78459408709973,29.002343568100752],[98.8042515205206,28.989021778885245],[98.817150984926,28.95903591613543],[98.82046711569896,28.905749237104672],[98.81709153614881,28.870905905199166],[98.82018912420575,28.832092773335635],[98.82679542435172,28.817598729881684],[98.83187799465631,28.812834718362648],[98.83944302339535,28.807935951449895],[98.85962734805085,28.805254967508464],[98.87253059740883,28.80784737144482],[98.88981874200992,28.802392675055934],[98.89955280602894,28.804630200664885],[98.90798268052554,28.812198388001402],[98.90957804307011,28.817326297629577],[98.92264974429204,28.82487343546676],[98.93784688121849,28.825690949165878],[98.95440573291822,28.832070965984467],[98.97043924439892,28.845982180972417],[98.97251925189404,28.854555256688823],[98.96701233435647,28.86839408041281],[98.95700382492662,28.8787509259439],[98.93941200087902,28.881048707382696],[98.92984026530172,28.883685173205045],[98.92453722138426,28.891591479971208],[98.92203746673576,28.903608944091125],[98.92301619304212,28.926254390860723],[98.92694495294214,28.94221686464058],[98.93370566696652,28.960490625590218],[98.94325588145894,28.97585263365818],[98.96243403193044,28.999736936290365],[98.96842304579533,29.005635934228717],[98.99189884718815,29.018493736441847],[99.00552152331446,29.03199419870505],[99.01105963912161,29.0414656499062],[99.01238244791665,29.059531592738193],[99.00752162380631,29.084737560349566],[99.00489427232984,29.09422557332511],[98.98793109207273,29.116448822826662],[98.97540383683123,29.1431331894598],[98.96959125744202,29.171341904873167],[98.96799875779126,29.18367137854293],[98.96882396454447,29.192530943941353],[98.973341102803,29.20041716731838],[98.98146915393168,29.208494680740234],[98.98987301736517,29.21118902021613],[99.00314526159053,29.21090197834581],[99.00792282693943,29.20476799861741],[99.02893897593373,29.197331009826154],[99.04751738036855,29.20406429906987],[99.06508112188827,29.220994977693596],[99.0756168651674,29.221899087232284],[99.09650785535943,29.21970959472339],[99.1118318923842,29.215995308581732],[99.11641734939214,29.204648485067334],[99.1164252954258,29.19894278009251],[99.11379296590886,29.18190958378022],[99.11168716224006,29.177540245854907],[99.10645374587443,29.173270948787962],[99.10606469722492,29.16969044811349],[99.11129050315877,29.162128053266763],[99.1120071250177,29.156186069709005],[99.1085053885532,29.14721191951665],[99.11388420353498,29.131824454295877],[99.11782062911966,29.07020183167797],[99.12127740909628,29.04325193639047],[99.12739570598427,29.022766021140878],[99.12627397532832,29.013871786341742],[99.1248851847193,29.002770612258455],[99.12931018168649,28.970504714459498],[99.1286693287561,28.960802931263093],[99.1311721405368,28.951634060368225],[99.12686952833677,28.93486603785273],[99.13092060736567,28.91085351966772],[99.12863925061798,28.90226314898842],[99.11805738545901,28.884428160680546],[99.11484547651901,28.85895840038027],[99.10974927081782,28.846018780573186],[99.10900835107657,28.8221589905044],[99.12063603457104,28.78437461239736],[99.12364932728984,28.764409561207138],[99.13420775614888,28.724121240214004],[99.13418550107097,28.70615730111048],[99.14175338527454,28.67505028198016],[99.15197652662248,28.644530023314356],[99.16084876348313,28.638708568626207],[99.16260405659415,28.634848083412688],[99.16274864655539,28.626810122937854],[99.17058436248936,28.613871784136887],[99.17118696662958,28.599478281707636],[99.17957187847226,28.59391981359389],[99.1812804343098,28.589002597823086],[99.17684710065238,28.557440336080763],[99.17712959544937,28.547073550453437],[99.17955616883647,28.530719622072425],[99.18860373272696,28.506746676299095],[99.19054177870096,28.495903182553715],[99.18730728002893,28.45859408046427],[99.18781082116621,28.44779772688489],[99.1853995849432,28.44153585020431],[99.16986659243719,28.430208079074387],[99.17437555497047,28.418009880451486],[99.17546613137759,28.411435293370857],[99.17628304497386,28.40653306517887],[99.19052651813993,28.387041197879594],[99.19927780212322,28.379142469457353],[99.20428927974196,28.367771732144348],[99.21033949942333,28.363768193352918],[99.21761759299767,28.355072681399704],[99.225217072557,28.35397398684199],[99.23047362379985,28.348514647967892],[99.23090010795467,28.34681912295159],[99.23312810160789,28.337856102897188],[99.24200118528042,28.32170824943847],[99.255535051719,28.308571187745173],[99.27862893716707,28.301456808612556],[99.28413696790957,28.29619761765244],[99.28965323067494,28.285654024414615],[99.29036237612164,28.279921649205914],[99.28508324775036,28.268050191716117],[99.28751674315396,28.26352942412364],[99.29499321837531,28.26539129932717],[99.29924325895632,28.264191019063496],[99.30275966473694,28.258429076076485],[99.3086040896183,28.24886490302416],[99.30810832056021,28.242751690692515],[99.30998435758895,28.23655618860268],[99.3201319912823,28.228178618305392],[99.32554036101912,28.220809067884424],[99.33247592624409,28.221207382949277],[99.35325031484247,28.19956974479548],[99.36293938025126,28.186553544478905],[99.37175162765863,28.18625185720721],[99.37708344591921,28.18268744805921],[99.38240154867657,28.173412829312245],[99.38787924769385,28.167728832199796],[99.39157936956667,28.17056179857474],[99.39421114653985,28.170682028107773],[99.39585148384116,28.17548649719847],[99.39026710638025,28.189633553910106],[99.38739144916799,28.20579958871369],[99.38919954346075,28.22539758396528],[99.38412222342255,28.257724163018462],[99.39662395208092,28.276554063226563],[99.39828464770817,28.288892568213583],[99.40248878318718,28.2999160173986],[99.40849776021439,28.30679399665579],[99.41188507622982,28.319397665819828],[99.40703570545723,28.343753837997244],[99.38080639995147,28.364246300104547],[99.37137000969797,28.378548864230584],[99.36942302934759,28.391154356458784],[99.37139196557965,28.411343286017328],[99.37660037138379,28.421153630099653],[99.38624138290085,28.430644738605732],[99.39343714661973,28.443075354098465],[99.39097722075877,28.45412232578332],[99.37672313650235,28.47610869563458],[99.36790234725187,28.48548477381171],[99.36030109285085,28.501316319575444],[99.35793727878679,28.515518593308506],[99.36064123301661,28.52601193972944],[99.37385187394713,28.539192805328618],[99.3876728161363,28.54303582280268],[99.4066126606598,28.543979790119266],[99.43177566715616,28.550362207376786],[99.44297489159158,28.55190692177081],[99.44892524905386,28.558414634142625],[99.45057135007806,28.56957237719063],[99.46586815558115,28.582572896248013],[99.47595027475545,28.58558981845943],[99.48837392580921,28.58412817415144],[99.49354014023397,28.586902489592795],[99.50302469923726,28.596100684228837],[99.5109000118361,28.608010569020045],[99.52788215630926,28.64818334024199],[99.53000726398024,28.660080601910224],[99.52834548886892,28.684667234842397],[99.53434676317195,28.70035244222547],[99.54016588988867,28.7059457744489],[99.57613906452828,28.71965528979519],[99.59386960371344,28.732298886756308],[99.60168264111483,28.742304426237265],[99.60608547861932,28.75583629811053],[99.60730394655826,28.777495554416795],[99.61329292155565,28.788761797667316],[99.6218415409629,28.796999516981874],[99.63994650279184,28.803980827377455],[99.66338159068248,28.80977130794767],[99.69709786576276,28.8276488221839],[99.71615451487398,28.841140449615725],[99.71774402073602,28.791721030940614],[99.71361423613496,28.763358632189085],[99.71516931386161,28.749751404912633],[99.72391079104169,28.72801985896126],[99.73319384537876,28.717563204646655],[99.74777661934422,28.70789284439379],[99.81111616786744,28.693095774187412],[99.83121778752353,28.67691798442569],[99.83715733437283,28.66530880082343],[99.82659110767949,28.642589989348963],[99.81234037880293,28.592331027073108],[99.8216356269224,28.57952484477843],[99.83056405243823,28.577954821390993],[99.828935012381,28.574278684800756],[99.86508793082287,28.588178771096437],[99.8859896934061,28.608215950680947],[99.9001234363033,28.610747784924868],[99.90753227760165,28.608832751891953],[99.91280253047931,28.604840109532848],[99.92764963223657,28.58822596116634],[99.93517842763856,28.570199868363407],[99.96259587602205,28.54739344329353],[99.96813163050346,28.538728166899343],[99.96091808740553,28.521568608172565],[99.96019060124611,28.50586937374348],[99.96779832071108,28.491533651452446],[99.99491579164253,28.47509653511799],[100.02976608559186,28.463137297784492],[100.04683147607263,28.449934089960546],[100.05868082019227,28.43100564108486],[100.06346938467999,28.408162840144346],[100.06340395666648,28.394921682104876],[100.06904775814003,28.380400167190206],[100.0838986663649,28.367902997326926],[100.11101204627364,28.352246284099223],[100.15298980883483,28.345332259204834],[100.16013905686745,28.34203848816375],[100.16605764622699,28.335088607822804],[100.16684495578298,28.31728922660935],[100.1632087006913,28.312718966013563],[100.133154528753,28.286287253216653],[100.13204126083154,28.278762420672205],[100.14347202247878,28.261062338417467],[100.15621706886054,28.250894417450994],[100.1613175813345,28.238322894044618],[100.16052932930371,28.221262245537478],[100.14665310961978,28.198678917550456],[100.13713165306942,28.193400404881757],[100.09252891908496,28.184695741471838],[100.06468504891001,28.185273042356364],[100.05581596574305,28.190197459566647],[100.02308969519761,28.19027835000142],[100.00705583746102,28.182806232822717],[100.0012160087159,28.156243917747332],[100.01073732037011,28.155873401432753],[100.01471132251838,28.15423669630874],[100.01879291148107,28.150059915383682],[100.02149433909727,28.141921469309594],[100.03398306246488,28.134031429780727],[100.03896502767157,28.128761949231784],[100.07203812262652,28.060428335093043],[100.07328082637979,28.056782500633986],[100.07270854134856,28.05561983320261],[100.07195412354898,28.05408590244096],[100.07660723764046,28.046925735106313],[100.07419681759616,28.04173334610356],[100.07846884935273,28.031837698142365],[100.0816732196883,28.029173040161766],[100.10519456967984,28.02316641104957],[100.11451693884382,28.018989639294535],[100.14227990596493,27.993351487697602],[100.15786693267201,27.976655342896734],[100.16458049629843,27.971324355335174],[100.17159881857741,27.965742003383397],[100.17372705815009,27.960791450278975],[100.18096013826991,27.957753505051876],[100.18546164256732,27.95270776315225],[100.18873575009862,27.946059232367254],[100.17192727618233,27.92967563003854],[100.1658683352932,27.91760306626918],[100.16773343800772,27.907857019374468],[100.17306884862245,27.901687079598066],[100.1845501476918,27.89677429441759],[100.20323788383428,27.892351068020105],[100.23280065252466,27.888390513753826],[100.27388345743564,27.87860039542565],[100.28898175665277,27.87067477958892],[100.29899594058098,27.862532648330763],[100.30662746543454,27.853207220691953],[100.30583342185447,27.82062398887099],[100.29918793711047,27.80979362841046],[100.29853574333919,27.7992158462233],[100.29186882303317,27.786940641402904],[100.29242541583213,27.748276392514484],[100.29846516004265,27.740213094318115],[100.31055000355404,27.730408587935656],[100.31918602397666,27.727513948801143],[100.32725039339168,27.727179437286168],[100.33187356223013,27.729314483201676],[100.33863307707044,27.741306059160163],[100.3450110409203,27.757955847186246],[100.35094683815498,27.76236230512716],[100.35707647411333,27.76253713977542],[100.3668694180502,27.76233401223696],[100.37149970003979,27.76002518342316],[100.3728501909087,27.77667766989106],[100.37310916599236,27.781529952742634],[100.37547420735561,27.785872767474],[100.38676637543706,27.79259311914162],[100.39119120206699,27.79686119823868],[100.40379419559957,27.809010522339097],[100.4056938079141,27.82690742689901],[100.41078233132727,27.842134578932615],[100.4185041411901,27.84878796407491],[100.42659022622867,27.8533116933214],[100.42794850287584,27.8564282637225],[100.42821591516193,27.86149245424128],[100.42982593000144,27.86355904797409],[100.44581862721851,27.86547612434618],[100.4601930673942,27.86326806464447],[100.47738731494704,27.855763470393242],[100.49091282498799,27.842337770938006],[100.49511815369739,27.8338528573125],[100.50541367017568,27.82570380357742],[100.5204080739024,27.82315247734171],[100.53537940632823,27.82501601440236],[100.55226654358364,27.835248434762455],[100.57557217231519,27.85754281028284],[100.59243959735674,27.880477613644526],[100.60095808935085,27.89740030018903],[100.61811781084367,27.9127686320862],[100.62996083689164,27.916388209168403],[100.65071346430143,27.91710955963361],[100.66333652793793,27.913274851700216],[100.67403693450653,27.905037658285238],[100.68128247906544,27.896575409749918],[100.69421415672284,27.876073423688815],[100.71296023666824,27.884975419026578],[100.72022684922864,27.89495342318816],[100.72343394132102,27.90478400362959],[100.7274625751823,27.923278385957627],[100.73531013960834,27.92068205058493],[100.7404162762615,27.915827257954835],[100.74823413355784,27.90495389813897],[100.75687977730047,27.902742477363127],[100.77216318678076,27.906529142972335],[100.78513840265829,27.907353943826873],[100.82873665395698,27.90565264945784],[100.87810340925715,27.911336316765293],[100.88761782802672,27.90770319184246],[100.89112199563284,27.902070582482914],[100.89653289846731,27.890022313627536],[100.90118862674714,27.88586737112805],[100.91149579012955,27.882623603306115],[100.92164137256658,27.882972799436217],[100.92992077707648,27.87965852837956],[100.93966456924731,27.870641181791264],[100.96182150752536,27.85663926235787],[100.9763335260096,27.849933701027403],[101.0025843042997,27.84433944475494],[101.01216484883584,27.838906918222133],[101.02146258196245,27.830583530637718],[101.04833129893224,27.80053091656324],[101.06000613332698,27.793359090412864],[101.07196499416895,27.789081573092503],[101.0936267444999,27.78583063876096],[101.10768448905199,27.77981642291251],[101.11668434733302,27.768592885942937],[101.12834927104399,27.76141423960563],[101.13739779028714,27.758468014538547],[101.15738211538385,27.75623644505196],[101.16114688188199,27.753480712070804],[101.16173321772413,27.749181830875706],[101.15927923953976,27.73974205279257],[101.17058091177064,27.72139123574119],[101.17348174920143,27.709967099323364],[101.17826054637172,27.702204597481575],[101.18325596092166,27.69912499984755],[101.1951231667783,27.69662318590746],[101.20322673887793,27.696881307131168],[101.22558357637357,27.70587233195041],[101.23108160263266,27.710364763832423],[101.24425620580047,27.725894355402648],[101.24903557861495,27.728206695835453],[101.25468006622091,27.729101004637325],[101.28066660237626,27.728834430941752],[101.28869618537156,27.7308822312998],[101.30180601048787,27.73812877362198],[101.30920038362214,27.746272171085295],[101.31551405426508,27.761222798764912],[101.31342351239786,27.77303243698731],[101.31524003410178,27.778485659346828],[101.32880188895172,27.795095356831933],[101.33358836944387,27.797401907335576],[101.34169874659024,27.797647078509122],[101.34828847396523,27.795328850754434],[101.357981691999,27.786272342637382],[101.36990525795987,27.771881133562317],[101.37569153781266,27.76917716344905],[101.38098021941526,27.768977001383867],[101.39546928894549,27.77229199726008],[101.40626816560268,27.776576605683577],[101.41772792857708,27.78483827676417],[101.42397255182331,27.791498927009773],[101.426524112838,27.79913029665513],[101.42705278456306,27.806702867750662],[101.4227202100159,27.813767738183625],[101.4189599785427,27.81653457024396],[101.41412554478038,27.82610365200147],[101.41227973556504,27.842599029652135],[101.41480801114264,27.872179835267563],[101.41293855893473,27.878598027995654],[101.40816792700302,27.886367155572817],[101.39491153635319,27.89280486260542],[101.38548954954146,27.894678666977892],[101.37620111826364,27.892957860162888],[101.37207401021178,27.894630372127036],[101.36492148821999,27.91132190250093],[101.3655081160372,27.917096214229428],[101.36979677857775,27.921901625052325],[101.38510493337623,27.925599403919122],[101.40535107007621,27.928004498390724],[101.41334104451553,27.93184421302017],[101.41742689276667,27.94203892421691],[101.4186107538095,27.95358345761942],[101.42204191639149,27.95980120238636],[101.43126704022329,27.963310330545518],[101.43939409233735,27.96354922554883],[101.4536900174516,27.962178251855242],[101.4645790685325,27.964655401284308],[101.48093488519447,27.973402298358845],[101.49003111428947,27.980505865080104],[101.49246074642997,27.99172163899578],[101.49009279978087,28.000645007763627],[101.48345201723889,28.014835036260948],[101.47758835969273,28.01933809769823],[101.47231342551747,28.0296137335576],[101.46917226765473,28.048221787943927],[101.47137030766854,28.05475770116058],[101.476105245447,28.05885145479228],[101.49407756853621,28.06836449650911],[101.51319013239429,28.06927770484141],[101.51756312546803,28.07228186044678],[101.52013121316676,28.07990324168932],[101.51479272508611,28.091978682617636],[101.51452764387405,28.099158424746793],[101.51826625320008,28.10825861149095],[101.53468726740437,28.12706502598826],[101.54226583252313,28.13159614394439],[101.55034276296712,28.133623222095054],[101.56984176150901,28.135619609565293],[101.57748651282057,28.13835004789395],[101.5874100876234,28.1458213417949],[101.60429029397872,28.16391153330668],[101.61549003750378,28.181115245312814],[101.62343159377379,28.198594252386123],[101.64093023637618,28.246163814795],[101.64418579395496,28.268421204115437],[101.65614149135051,28.265273068951217],[101.66740238212614,28.258754095010612],[101.67123748918661,28.2541876895489],[101.68038745196942,28.249404208295825],[101.69732257082349,28.243758609267278],[101.70529776634503,28.237505169320837],[101.70962644758049,28.230436415227576],[101.7098749317196,28.22325481233252],[101.70235028088574,28.205079129785407],[101.70519839986687,28.19365547378468],[101.71453527246135,28.171621753675698],[101.71522225952577,28.151870135147366],[101.71818362829457,28.14871988263936],[101.73275027929904,28.14011902464817],[101.74262924644594,28.13751207819693],[101.75281152044201,28.13778739552854],[101.7755206157128,28.14126362296365],[101.79818060828244,28.133162847393887],[101.80600300965173,28.132006954711116],[101.81673147805147,28.116110338169268],[101.8285618845178,28.103478171979322],[101.84107450099214,28.09481534550263],[101.84890889103863,28.092142988177326],[101.85624823725472,28.09197318218754],[101.86839831005044,28.09408463380928],[101.8820425728099,28.100543610705536],[101.89582031240505,28.115277279974094],[101.90467247353452,28.131316735151128],[101.91675645299047,28.160740007831652],[101.92275239203214,28.164484931157862],[101.93572100969443,28.166970134211915],[101.94633782798913,28.16651662278705],[101.95374207483556,28.164544939060924],[101.96243468280416,28.160447768483092],[101.98702427430415,28.14380276611952],[102.00210457098288,28.130872871447103],[102.01406312527594,28.126493430025732],[102.02714126106767,28.125374991792228],[102.06652261918472,28.130279267454313],[102.07472508121475,28.12867885753483],[102.09209087729693,28.120465226988223],[102.1010444520092,28.12103440418888],[102.10538465521093,28.12580911328985],[102.11217820694331,28.143580840815293],[102.11801484604442,28.166363076986137],[102.1219281931322,28.171846701623103],[102.12997004668136,28.175629160035488],[102.18419752334866,28.184823401030794],[102.18449858345359,28.165748734849082],[102.18733106315834,28.152512489321143],[102.19210153738771,28.142918618195107],[102.19450274892031,28.130395498672115],[102.18992692618521,28.091825929155767],[102.18504758612909,28.077695514264384],[102.18670315306488,28.062995145404162],[102.19343798886808,28.041577763798905],[102.19546845898591,28.027962577446605],[102.19513737068314,28.011417374405408],[102.19106201576683,27.997661281328284],[102.19201729896808,27.978989156139548],[102.19757588568112,27.969766055816773],[102.2069883310516,27.967820461725793],[102.21421596711525,27.971219314899457],[102.22250996815877,27.979679045548924],[102.24168222936264,27.992332288811365],[102.24998492145289,28.000791452540852],[102.26037432809358,28.00749346965182],[102.265892022198,28.01372939053606],[102.2715159494406,28.016369675539114],[102.277669220625,28.01470783244568],[102.28027871284378,28.00865273540972],[102.28111313850725,27.993573227158674],[102.28425641248431,27.983213910765407],[102.28360537421148,27.97744912062955],[102.27460129461132,27.96502262833573],[102.27084195391406,27.95415462512093],[102.27242878219678,27.94123989190471],[102.29497886421278,27.91628976608648],[102.3282690242562,27.900201072494337],[102.34422495962933,27.900931738120086],[102.35158958224868,27.8987611449368],[102.36247417095116,27.892262002869032],[102.37368124581404,27.899488123691036],[102.40109350182517,27.910707541974883],[102.4227901127175,27.92843449139465],[102.43302903781347,27.939285657728],[102.44653914201481,27.947965914391556],[102.45268583480316,27.95339073878307],[102.46211678853008,27.971117169019255],[102.47031295267362,27.978348862361337],[102.48014441739699,27.982682531503674],[102.50349415585649,27.986639304582752],[102.5302433480633,27.983460716870425],[102.56265550838077,27.97828220426969],[102.57630831110039,27.981724329810934],[102.58291165684149,27.984979921193837],[102.5927925058796,27.994868237715686],[102.60031621600547,28.00636626581464],[102.60961587379504,28.02994377193236],[102.61321152183737,28.044115647096785],[102.61309542684339,28.06911975733005],[102.61968426827346,28.07737545087743],[102.63652713750041,28.093052395522697],[102.64879248288246,28.101325712250823],[102.66482778188333,28.10314722213324],[102.67083557328652,28.105703345184057],[102.67517996961753,28.109947731176078],[102.67689523147341,28.11764662969546],[102.67501085232692,28.130565924773578],[102.6785736470321,28.135346404528818],[102.69439997783195,28.14839023962176],[102.7013428135836,28.159180619469634],[102.70667687024701,28.181042481227742],[102.70778536335399,28.188045708832696],[102.70311514551769,28.200645189418303],[102.69643775449507,28.212396401351203],[102.694843128076,28.21846786828881],[102.69613189923618,28.22424214842418],[102.70786416723169,28.2411936927634],[102.71522794261338,28.258902948853535],[102.71581840193092,28.264595584330472],[102.71351079166965,28.27558643738642],[102.70084209915419,28.299159853229938],[102.7146633445193,28.321345138952953],[102.71483428746228,28.332841277453806],[102.72456555065395,28.341209336067767],[102.7392353390126,28.347858394173006],[102.75732969453999,28.350512313085154],[102.7697529656611,28.348159556220967],[102.77842877672563,28.34226082817705],[102.78061182778706,28.336487768689267],[102.78129075924015,28.33122564428974],[102.78833995245095,28.315590011355305],[102.79214829819075,28.31129719458716],[102.7968752349617,28.30807599408144],[102.8013392839746,28.306698632849876],[102.80614403004394,28.307861751198313],[102.82490068250068,28.32558212045483],[102.8335471261039,28.32967079128334],[102.83835459682872,28.330832488467404],[102.84919837016973,28.32953913825793],[102.8606584229922,28.32394283414429],[102.8658221266686,28.32264288877866],[102.87979955532305,28.329198445979483],[102.88631027831558,28.334468085161475],[102.88939989990355,28.341509394755366],[102.8926061815469,28.36373572609708],[102.8922390229259,28.376189775024265],[102.894404535368,28.39080070882471],[102.89333897288232,28.403177012196377],[102.89497073542366,28.426472524197255],[102.89399710580341,28.43323893149133],[102.88819805016618,28.448838216639132],[102.87566582589842,28.4568183959315],[102.87399723693397,28.45850764479555],[102.87407930359055,28.462887178307277],[102.87818494752347,28.468967203746136],[102.8858847940451,28.474816905185477],[102.89069309563327,28.480971557291777],[102.89216954310253,28.490505733572224],[102.88882772827111,28.49887898798838],[102.88829691950026,28.5025684132844],[102.89502289334122,28.515182069839934],[102.89764793396114,28.52171584611578],[102.90328497394933,28.56668499282229],[102.90230734088497,28.57844027968958],[102.89905288268356,28.5862005473403],[102.89474710768472,28.591341211556664],[102.88254951486188,28.596864987848615],[102.87921025672027,28.600240845018615],[102.88032511133999,28.61722383934161],[102.87908323968455,28.625830937709377],[102.86342413445234,28.64533475182371],[102.88715196827488,28.66818110735594],[102.89441256548372,28.672110254232596],[102.90062726691959,28.673411169845163],[102.90840617513517,28.67362680549332],[102.91443324834904,28.67114011937588],[102.9276291988955,28.663525425820808],[102.941627235877,28.66968807665665],[102.96783843069605,28.684770799902854],[102.97095577086175,28.683527817345812],[102.98417039805693,28.685579154134192],[103.02167300865452,28.681448860783668],[103.04889813206786,28.675882619552848],[103.06555201394596,28.698079855349523],[103.06435910508787,28.706741908228096],[103.06185035568382,28.71463413537492],[103.05923665092385,28.718123946067177],[103.05630393209972,28.729106347994737],[103.05597979546314,28.736605103899745],[103.05916084544246,28.74448139707057],[103.06566940629843,28.75396333848241],[103.0724408625021,28.76159119342543],[103.08420082764536,28.76912439818377],[103.09026927713523,28.77667422966062],[103.09540680400191,28.791029955917352],[103.09614602300991,28.801152191397293],[103.09952340009293,28.81280788606176],[103.10341137527968,28.82075360107837],[103.10833961436195,28.826297043525212],[103.11484199552683,28.830753839771795],[103.1230009235905,28.833505896335254],[103.13141479267594,28.834395808476575],[103.14550052181104,28.830244817321326],[103.15563151955544,28.823787898159445],[103.17011304763247,28.811516408873725],[103.17675921050979,28.809708629843474],[103.18306895081936,28.81037743562754],[103.20255713933496,28.818708824923878],[103.22973985463237,28.822515559153985],[103.23716607189581,28.82047563858672],[103.25004199702875,28.819946079534844],[103.26973244466018,28.816366889243856],[103.27575497450266,28.813858937433547],[103.28393945075283,28.805933507234595],[103.28642948003667,28.79803883901203],[103.28807508593478,28.78064170722997],[103.29171206285527,28.77474757774876],[103.31003757592487,28.765370960415797],[103.31552565476996,28.761554752337823],[103.32333475997015,28.751072722767955],[103.32528793961842,28.74186317441685],[103.32393869200948,28.736073218934614],[103.31476091530462,28.72507240061427],[103.30517632650178,28.7171666324916],[103.29693518001393,28.68896265793277],[103.2965583633851,28.663123859834137],[103.29282617471168,28.648993622212746],[103.27651060220222,28.62290705290006],[103.2767537395761,28.616067503924377],[103.27953218257434,28.606380328574605],[103.27847059963764,28.603770036018645],[103.27258176112792,28.600017564195582],[103.26309786849735,28.596506079986774],[103.25466353245243,28.590602903403045],[103.24973894915136,28.58508272182118],[103.24721820193724,28.56233804614321],[103.24771187759205,28.518068085016846],[103.24891754676985,28.509456718801164],[103.24525375857701,28.4847160622041],[103.24661705670601,28.469877068682095],[103.24440160084217,28.460273259853217],[103.24499173905593,28.45097028957916],[103.24690542170703,28.44743012089671],[103.25301439130234,28.43934438341614],[103.26026308575524,28.433255664497604],[103.26964373168708,28.427548280435747],[103.25425935150746,28.415126049109524],[103.24056834718327,28.401162563648725],[103.23591416398823,28.393792086879333],[103.23202889676837,28.380882747597266],[103.23145089221443,28.359583526691267],[103.23325323539895,28.346665503232618],[103.23180349066527,28.32652233031867],[103.2323058678565,28.31783060937644],[103.23610942372547,28.300752532917706],[103.24663393452767,28.28127386468777],[103.24827303359459,28.274581317295684],[103.24641908898862,28.267508308975504],[103.24405114410669,28.26413185561639],[103.22978878545572,28.254469609473816],[103.2192909667853,28.24833790029248],[103.19918082160324,28.239911921276082],[103.17838678963182,28.236407152761984],[103.17156709757319,28.23441790587098],[103.16649596231785,28.23011699635574],[103.16675259581416,28.228269996397835],[103.17294636341016,28.224569763482304],[103.18385821957521,28.22263048581583],[103.19005388385938,28.218931107304922],[103.20337257778924,28.199756206804008],[103.21330054917178,28.189585559398754],[103.22741757132816,28.17986634722355],[103.25722485927322,28.164343003880145],[103.27221823723589,28.15846481885233],[103.2854524692997,28.149892456500773],[103.29388402340898,28.140177736294802],[103.29594864762218,28.130405004350905],[103.29378942441839,28.110177006307524],[103.28980870582224,28.092874671413874],[103.28408602686257,28.075014488172094],[103.2744293783344,28.06393206156262],[103.28021229466549,28.061974836311087],[103.28807795964588,28.06155360634819],[103.2949061307133,28.063850161073407],[103.30369429472118,28.064298065438713],[103.31019425161728,28.06214671627574],[103.31387947085453,28.05865434560817],[103.3229047340978,28.038183867061335],[103.32443507532832,28.02748015275529],[103.31919380448798,28.018549049479585],[103.3059320817759,28.012118981628106],[103.30069336925816,28.009055504837956],[103.29326322687042,28.00137970860278],[103.28626081893844,27.99062223070833],[103.27854928821324,27.974787045182076],[103.27659840390591,27.963327073329793],[103.26774918685523,27.94549128864643],[103.24648623539977,27.922264986299727],[103.24685867225264,27.912596565404574],[103.24370649123495,27.904750292094345],[103.2429095041292,27.90029130159111],[103.24437147844071,27.8948203832386],[103.24923339339233,27.89034760296037],[103.26652608195369,27.882840507782504],[103.27608408642178,27.880125444435365],[103.28095706075652,27.880651920568972],[103.2854905941833,27.88364350836511],[103.29448953927835,27.895245061037308],[103.30110990094123,27.898458718089138],[103.30729257010529,27.899751470199096],[103.33128628843929,27.894837145544702],[103.34825232589485,27.894788008619773],[103.37019605401743,27.89964461571674],[103.37585033710279,27.899627131575173],[103.38166996726056,27.898377907976386],[103.39234932542406,27.892644059133115],[103.40093767122711,27.886685523689476],[103.42510445885421,27.864892009358183],[103.4324620353266,27.857553260105636],[103.43617088038664,27.85107069964849],[103.43915900759264,27.83951388609126],[103.44570365466659,27.82770909747616],[103.45202445257647,27.82275727540792],[103.45976606834543,27.822956450133752],[103.4636872944561,27.825250812592742],[103.47278788052166,27.836223744777783],[103.47793523141513,27.839896232906618],[103.4861211637787,27.84201817466294],[103.51249872105,27.84764349473477],[103.51088909638727,27.831119672848587],[103.49878882525677,27.81601804664621],[103.49157972275046,27.811396889021655],[103.48723087347254,27.806424035360884],[103.48184477016439,27.796566050735173],[103.47561900906193,27.790911130136596],[103.45463138985087,27.779381835169016],[103.44213478678418,27.762362797302483],[103.4361377622376,27.756924551931593],[103.41762149178632,27.749891436131893],[103.41050372395195,27.742731057892904],[103.39322389074691,27.719876243320517],[103.38997384834516,27.71767673172545],[103.37704180664035,27.71416584659233],[103.37007605382901,27.709755262228537],[103.33365432487818,27.678141903915257],[103.3232023429567,27.671734584454335],[103.30794424947936,27.65314873599774],[103.29919371334381,27.64551553414594],[103.28471267182634,27.638995380606218],[103.28036459413907,27.63443923447297],[103.27880057150116,27.63165006944773],[103.28094393009435,27.624310263393483],[103.29691968331764,27.607624388200527],[103.29852917620903,27.602172866790294],[103.2989949670123,27.595422991146375],[103.29125103664256,27.572388701050954],[103.28291264105026,27.566667992332203],[103.2494961135882,27.573998805777578],[103.23475663673574,27.575286025285678],[103.22933200233012,27.574501992476666],[103.22464807724648,27.573105794001908],[103.22098579440176,27.56920102538233],[103.20687911912228,27.53901028940902],[103.20044837521898,27.533126081570067],[103.19071263894453,27.527150595667898],[103.17759847115236,27.502689133970705],[103.17142655226417,27.496177608970587],[103.16272891936171,27.48092723530049],[103.15400161260273,27.473495611791254],[103.1531921218898,27.471859246541282],[103.14936278538832,27.464067658160666],[103.14592174892482,27.43417072102942],[103.14346474379981,27.429873575434392],[103.1366518002639,27.42186202259048],[103.1224542931627,27.415330950851367],[103.11002622000106,27.405467267083903],[103.10160345138462,27.402901983545643],[103.08835918292574,27.40273640698169],[103.06907263000036,27.41275049990982],[103.0598493302793,27.412485639084657],[103.05422653281921,27.407769994657468],[103.04469760313684,27.39978919010967],[103.0273335508248,27.38935223061309],[102.99361928618427,27.373362039098684],[102.98344989800405,27.373276480505048],[102.97888795895705,27.375255839632388],[102.95860184653716,27.412067373757505],[102.95251334208616,27.416750618221332],[102.9475087118968,27.41765806317711],[102.94401418199878,27.416074686815634],[102.92978582480293,27.385216811993114],[102.91429099445348,27.356855109400367],[102.90216016654783,27.320982491458782],[102.88833666427843,27.300660381962203],[102.88655881509379,27.295785127256913],[102.88872558483605,27.28845125436276],[102.88580306138209,27.265746456873426],[102.88683297673514,27.257113790585052],[102.88960248660935,27.252757007516074],[102.89833058556859,27.246680388822327],[102.90187855361711,27.240445234072826],[102.90535717421157,27.216877062630118],[102.90584523460336,27.197657467665156],[102.90900407767816,27.180812812308826],[102.91527461849044,27.147425227051293],[102.9153743031288,27.138551988491656],[102.91294836573888,27.12769868742645],[102.90673781668951,27.110816053561294],[102.90099289097654,27.100286711143216],[102.89992516112872,27.084825127232676],[102.896224666909,27.0764709730363],[102.8863142786417,27.064125511732552],[102.88164530900562,27.05024582803916],[102.8718950514586,27.033675856278247],[102.87441239789776,27.029313997640934],[102.89281431849754,27.010214404963627],[102.89485164992546,27.006258818347067],[102.89459172930735,27.00054406576599],[102.89534350534534,26.977013365315347],[102.88820384952895,26.95165529572255],[102.8896134398142,26.943822891399254],[102.89629972633115,26.936823563689074],[102.89620938339489,26.93206899494045],[102.89757528663407,26.917472343599414],[102.91104509463487,26.89908474149489],[102.9181843294704,26.889897683447938],[102.92520881101973,26.87686905477649],[102.93128527648753,26.86948837052384],[102.93504209692358,26.865536827778413],[102.94119765290426,26.854684577734798],[102.95011469783026,26.84753897587826],[102.96590490274545,26.842347860135895],[102.96950936360096,26.836015997063516],[102.96848997290476,26.827220573142053],[102.97232177280027,26.819796154254767],[102.97764708483083,26.81427124225065],[102.98305981307455,26.803903831077026],[102.98980185885405,26.784647213607144],[102.99134893515296,26.779190141052513],[102.98581471441511,26.772139999979636],[102.98431377894869,26.766626878734485],[102.98901336081116,26.75665583299905],[102.99639786644894,26.744722582729345],[103.00127720339626,26.735667950187093],[103.0000117326998,26.72869625245326],[103.00194330320032,26.724159474059608],[103.00801932474953,26.71604100597053],[103.01080344372595,26.709690004849268],[103.00520332086789,26.687642860781764],[103.01024448061727,26.68023561389789],[103.02036493845051,26.6727373267323],[103.0272404712717,26.664996226210405],[103.02606668621938,26.649245435485426],[103.0253897173825,26.63405139367104],[103.02873469813265,26.611428970320098],[103.02705865607767,26.604630417732164],[103.01864789728761,26.599540033035687],[103.01691166664035,26.59548360611941],[103.02148050709387,26.59081010582588],[103.0264914576943,26.584497771724006],[103.02744694544106,26.581168525214554],[103.02821005036651,26.57950134486237],[103.03018958281298,26.56864783938254],[103.03665735102157,26.560530771628024],[103.04786626928518,26.558169951314092],[103.05486897967747,26.553355466615628],[103.05566124982252,26.54495341250651],[103.05700969327782,26.538938997178484],[103.0567307051962,26.53307905761974],[103.05524939215557,26.526649024373498],[103.0451686588873,26.514759800523017],[103.03888057456106,26.50568064029483],[103.03221338116718,26.495496682034453],[103.0258833337123,26.488429498464612],[103.01875674734079,26.48537270822077],[102.9946055399416,26.486762079474282],[102.98942869042293,26.48264166548442],[102.99141323395938,26.47554123229411],[102.99920938091961,26.462324844458912],[102.99613261040815,26.445981327215982],[102.98890160122443,26.42077533850608],[102.99056521400682,26.40085504721456],[102.9965491496223,26.37790248233281],[102.98791466439046,26.356875304052497],[102.97841512341877,26.347363840025796],[102.9652030208219,26.345471562116163],[102.94232806738775,26.345774265913466],[102.9363360164384,26.342366677785442],[102.9253002389961,26.338313108880918],[102.91732920623818,26.34603257268133],[102.89714931416994,26.343631669880846],[102.89246247494205,26.34500537098545],[102.88834240250779,26.34803842068417],[102.88761413042477,26.353149991223837],[102.88719539664557,26.362295194255378],[102.88467280161629,26.366273111366212],[102.87960128898983,26.366723620487303],[102.87223682084587,26.361454838516806],[102.86554124447487,26.349425230021538],[102.86149548864363,26.340924866883203],[102.84828305153175,26.3265687966218],[102.83678845442125,26.31663820810879],[102.82582280511643,26.31001238724503],[102.80724360048099,26.308725197047128],[102.78751516118211,26.30484831983829],[102.77656374008887,26.29785120774027],[102.7577765997863,26.28080395335268],[102.81722837107158,26.20145727212109],[102.84470046617507,26.176926204859743],[102.85521028005431,26.16043515039646],[102.86074514948038,26.142468453712862],[102.85900744424016,26.090513243052563],[102.8638206979602,26.07611623918135],[102.8700999283164,26.06868975181221],[102.88037534253317,26.062793360165728],[102.89923679704233,26.05462488781782],[102.9290675771313,26.009622308530993],[102.93000966612118,26.002920229286566],[102.94343321198478,25.979646935667844],[102.95072825347947,25.97303531976538],[102.95743462321126,25.9717540189085],[102.98939935072221,25.983973939087793],[102.99320602858032,25.98286303958738],[103.00675857007278,25.968811672305844],[103.03539562149132,25.948555706068422],[103.04706967820164,25.93549259155312],[103.04849170588321,25.928345118515313],[103.03580968882846,25.900858513360493],[103.03536221039037,25.894700684683272],[103.04264355364174,25.888082202865228],[103.05519932811309,25.887323869448437],[103.07884347579811,25.892076088753374],[103.11994299454544,25.896642629239263],[103.15068026464772,25.905360496072063],[103.16414156822793,25.903652521391106],[103.16768401060367,25.899018807424895],[103.17089466378273,25.889989817041712],[103.17074954414277,25.874987650553127],[103.17568293273013,25.84995755405501],[103.1756067199976,25.835834160913702],[103.17229100278321,25.804241196130867],[103.17626728627313,25.792513688571432],[103.18976649186574,25.778430104879128],[103.20294640071903,25.773198101132472],[103.21645696779,25.772360894829486],[103.24529277160518,25.782055843705177],[103.27047589253434,25.79462064588814],[103.29539769913534,25.803661971582304],[103.3017210795855,25.810331615847986],[103.30245213376901,25.82000316196534],[103.29732371077368,25.82915418319466],[103.29765083088381,25.83865771033105],[103.3156376657889,25.840373137642402],[103.33011914213877,25.83946351167613],[103.35668437045842,25.831599264645025],[103.38104467911333,25.820341225199197],[103.39359098899072,25.81954632734531],[103.40254828829542,25.82250687510525],[103.41371050930773,25.828864000772636],[103.4254114483376,25.8422509176583],[103.43574432192902,25.850426026512014],[103.44173885586395,25.852691884886358],[103.44946345193524,25.8521977928091],[103.45415430378478,25.850130556053223],[103.46319680354385,25.841598930552397],[103.47769929008784,25.81593314547109],[103.49025804924227,25.802756838234497],[103.49584198465173,25.79974366827769],[103.5189521901138,25.808508675097798],[103.53887239030966,25.82000647384009],[103.53602696001367,25.829015377756452],[103.5473177849401,25.878101607528183],[103.55080496504873,25.886008004773586],[103.56344817872238,25.905360760948977],[103.57723733059515,25.921782853867242],[103.58120250831885,25.931715861970762],[103.57626774872436,25.93934950949209],[103.5764341278506,25.956911177450515],[103.57318225978754,25.973461303980258],[103.56759808223222,25.98383405048199],[103.56420357817323,25.98592351614116],[103.55737750658062,25.98494693159545],[103.54251639628048,25.975766756360702],[103.52662206698345,25.97794728344153],[103.51760313718081,25.986275846236243],[103.51311155864994,25.992506864456505],[103.50868239371451,26.005967418984216],[103.506534082104,26.02044065030738],[103.50896387622264,26.03797987745056],[103.51358499524608,26.046204372770784],[103.52045361624187,26.051318869915047],[103.55234276341874,26.05521332859269],[103.58084929477386,26.06221879814346],[103.58542816400625,26.06527920249649],[103.59119186073681,26.07246120976451],[103.59706845724425,26.09203454828844],[103.59619959198268,26.118883729334264],[103.59862204935085,26.134354734322983],[103.6124271846512,26.148690550092393],[103.6318426179927,26.159090558205627],[103.64036382781768,26.16352706648203],[103.6437668633824,26.166992742672722],[103.64949670903219,26.178542937768505],[103.65382962153302,26.182241302403764],[103.65753744069733,26.183177213911115],[103.66556377864048,26.204081313379717],[103.66284787746409,26.21647733723096],[103.66207743774899,26.245588875213297],[103.6705753959338,26.26277847934671],[103.68327332958704,26.277117949558445],[103.68680104250865,26.286374118477053],[103.68574484222921,26.29463790701086],[103.67007666899917,26.32263488464316],[103.66675067771548,26.331953276601944],[103.6680952205818,26.351546816492736],[103.67161831428935,26.360800598378475],[103.68200390474396,26.3710258467039],[103.72328506464609,26.38716293568022],[103.73133790035637,26.392248240580702],[103.73598740510072,26.39942803340961],[103.73636307610917,26.43243817889781],[103.73874984017975,26.44170069070604],[103.74682306540201,26.447812044979578],[103.7628162094772,26.44766158978228],[103.78217659518576,26.44231704912813],[103.80141309154624,26.426656036453696],[103.8116433872192,26.422428618016994],[103.8242059300465,26.42230146318624],[103.85059568029249,26.43131742038527],[103.85983679874597,26.439471213265755],[103.88901778503666,26.4866184077485],[103.90577974143467,26.50790020005573],[103.92588808606463,26.50800729858342],[103.95538624342372,26.504587476973562],[103.98459930368081,26.50838724764047],[103.99607899549157,26.512198615867568],[104.015299935387,26.5228566994305],[104.02008780422334,26.52488787765818],[104.0296093200804,26.52479198761758],[104.06792454723984,26.5224021564936],[104.07130116488047,26.525142030252912],[104.06678460978014,26.539556482058565],[104.06479327240801,26.55240318343025],[104.06467954650718,26.57437203131839],[104.06850199788602,26.580581553193465],[104.09070213195683,26.602186877388252],[104.09334175076958,26.609004121793202],[104.10073522508053,26.613598845647235],[104.11321678237542,26.635373950584167],[104.11667974610585,26.641403449539272],[104.12057801982019,26.6448669101704],[104.12851344984037,26.64693678362108],[104.14915767670426,26.648005100272144],[104.17352530044677,26.641329185154984],[104.18480878239528,26.640930357677938],[104.19442221134028,26.63225528196243],[104.20391299832686,26.628436189493204],[104.22045246019907,26.624550971607768],[104.2253660505497,26.625285096935702],[104.23533711022411,26.630347616534756],[104.24143266762069,26.630893200175812],[104.26142167961699,26.620311127708792],[104.2718274817631,26.626859498534106],[104.27627588841077,26.627370508569992],[104.28312652941696,26.625605921402087],[104.29124467033996,26.62048641359593],[104.31575739090742,26.61653595747702],[104.32256984163797,26.616671348107825],[104.3346549337998,26.62176597458219],[104.34776231094116,26.623501724421608],[104.35333867775645,26.62593344503502],[104.35998432745176,26.63303556660912],[104.36134894977793,26.63846950598021],[104.3636234040943,26.647472553813127],[104.36883201126071,26.65151282818768],[104.38827101338158,26.68558699341169],[104.38843508478644,26.69091736276073],[104.39458018004869,26.702603719815684],[104.40046894607976,26.70787494380452],[104.40978835180606,26.71081586226961],[104.4189418278926,26.708516290030914],[104.43642222533266,26.691535754528093],[104.44503784670307,26.678481807597663],[104.45267175438052,26.661447084822775],[104.46020713059737,26.63553818696145],[104.46471747883123,26.633338790176037],[104.47384967298996,26.634564694236115],[104.48044918559188,26.63363222635495],[104.48766640733697,26.625949071662294],[104.4889858818504,26.61963559356226],[104.48652976155873,26.614308121200207],[104.4674184607455,26.597686580391013],[104.46635027642589,26.593017416532877],[104.46809003407913,26.589036796934394],[104.48685035851996,26.579455660716754],[104.4884066148078,26.583287678273056],[104.49393797610102,26.58803709092441],[104.49974353615858,26.590679487252274],[104.51342247513885,26.587760360936997],[104.52300536647658,26.5898381739554],[104.53827880024302,26.589057923120883],[104.55015703055761,26.59349848577033],[104.55391150337039,26.593567148883405],[104.56704146816824,26.583449692040453],[104.5792861392592,26.571203608174923],[104.57646312149201,26.561012931301008],[104.5672317991268,26.5433137703385],[104.57128284130667,26.529866113842974],[104.58226880094671,26.531752994803192],[104.58911993812293,26.52954957370906],[104.59641244788182,26.52518754021075],[104.60124324383794,26.52237218779953],[104.60706400259176,26.51360203129331],[104.62989067309614,26.488440993780802],[104.63280555320001,26.483844254547634],[104.6346436712237,26.474790756574514],[104.63337772304709,26.46822029899092],[104.62809057653267,26.46327024236251],[104.62679304927624,26.4581771877904],[104.62806695154205,26.453340484570344],[104.6332633117422,26.451741934984852],[104.63526880912113,26.445649317693242],[104.6388400307807,26.442965798565663],[104.6530604144508,26.440787393076924],[104.65982796490886,26.437203028498917],[104.66390900240323,26.432837140110568],[104.66713658074669,26.413246110010068],[104.66652567778209,26.408800359697732],[104.66168951916296,26.404914671868433],[104.66080454205371,26.40236450505887],[104.66276482470312,26.3981733457797],[104.67493413009778,26.388032010966757],[104.68167048047538,26.379486158213496],[104.6797552918481,26.370370415122267],[104.67547515662837,26.36226992645311],[104.67039452822799,26.358801989269153],[104.66289438163435,26.358883963036973],[104.65988166289657,26.35756639251158],[104.65786715307222,26.3528840782293],[104.65698240616527,26.339772394089753],[104.65399898475687,26.336762118864232],[104.62961623617379,26.326832152013456],[104.59719917256159,26.320558009041484],[104.58606864382524,26.315501670134978],[104.58200960524948,26.308671141655733],[104.57671486124772,26.29378953632798],[104.57151936970446,26.285248315606058],[104.59027820651924,26.281187821047396],[104.59825592604483,26.28125819480003],[104.60827580157314,26.277133989057116],[104.6210444666223,26.26460642361513],[104.62510383401153,26.258024213144292],[104.6258238868511,26.252613226722353],[104.62453234373982,26.248991326023067],[104.62190478128933,26.24595801990312],[104.6179245488496,26.245323737286434],[104.6125863949488,26.247080186108217],[104.60926949307458,26.24644884968977],[104.60664350194932,26.243419679470147],[104.60667474251112,26.24040818028665],[104.61275411485518,26.231434761872325],[104.62413321253024,26.223710129541647],[104.6308044904551,26.2213569844649],[104.63817065619853,26.21600476800411],[104.64221375801706,26.210622120744254],[104.64294518208585,26.204008295478516],[104.63710936212533,26.190113986967134],[104.63583114788406,26.18528951657934],[104.6365499656716,26.179877364738037],[104.6419776877889,26.16908951345627],[104.64270339530194,26.163075552097546],[104.64009798399141,26.158235547649692],[104.64014628737696,26.153423216163],[104.64286469142222,26.147426414965796],[104.64224052030657,26.143807656994667],[104.63764460798136,26.13835194213816],[104.63441342390615,26.129896146834685],[104.6357833944867,26.125693098650768],[104.63981714166604,26.12091168949938],[104.64514625044028,26.119149665491086],[104.6630742135021,26.118697313713717],[104.67043720436779,26.11273886433055],[104.6737557606042,26.112767865324003],[104.68234195662589,26.11704900988225],[104.68767099089547,26.11528579285832],[104.70045448324119,26.09732761818423],[104.70654554346686,26.085334369688],[104.70731089431663,26.07450242640906],[104.70934159319803,26.07030230171639],[104.71201237206678,26.068516054161982],[104.72456557095019,26.07403538023068],[104.73053202957958,26.07468278983652],[104.75050007420198,26.067609542566593],[104.76242701020905,26.069503808974893],[104.77636795821257,26.068400540240845],[104.78963676671658,26.068495787891006],[104.79625560751853,26.070348793482584],[104.80219674211854,26.07400344014397],[104.81338093353752,26.08491963132722],[104.8193319325601,26.087969724413792],[104.83855871070524,26.08990812008282],[104.84849297505623,26.09237974713818],[104.86110223573074,26.09246172345398],[104.8803768219654,26.08837247619188],[104.8943568371162,26.08243714310333],[104.901031729949,26.07705901015597],[104.90573886621497,26.068659331166966],[104.91977450995631,26.054292726458442],[104.92380336067541,26.047693736522284],[104.92647615258015,26.04469591185963],[104.93046844747086,26.042912300640303],[104.93377662316563,26.044137768759818],[104.93710053636438,26.04295072665859],[104.94311688222295,26.036362802020257],[104.94707274059766,26.039396206686735],[104.94636847843455,26.045413352723884],[104.95032351500589,26.049050109100722],[104.95496749589256,26.04907565948564],[104.95798590564847,26.046607471923732],[104.97413240506663,26.060021603619855],[104.98607128441824,26.060084413850927],[104.98873216564164,26.058893044462096],[104.99204576855091,26.059513154730002],[104.99402145378757,26.06193191587441],[104.99399126327742,26.066146615584827],[104.99265014300063,26.068547930985904],[104.99329896139645,26.071561007619593],[104.99526896420831,26.07398056934422],[104.99923623234018,26.07641096848889],[105.00718812275497,26.07825742343763],[105.0131207819382,26.0843071783875],[105.01244303960091,26.08671215196202],[105.0077794021996,26.089700132928243],[105.00379249479394,26.090283013692662],[104.99978558162391,26.094476635300154],[104.99976462963076,26.098087486418084],[105.0017115348337,26.10472008999449],[105.00035708395568,26.108927058664833],[104.99701149019124,26.11372469763723],[104.99699245619021,26.116133915893794],[104.99999999835161,26.133212440880595],[105.0192253771419,26.14889711373857],[105.04324956489175,26.165299563442144],[105.04758338978151,26.17127512910416],[105.06000324845454,26.169764708472098],[105.08758343497261,26.170788976740006],[105.09883626055054,26.168835438429134],[105.11040251370157,26.16244979674151],[105.11974821544085,26.16321243042398],[105.12563028576017,26.160761619301095],[105.13116946755774,26.151332795104732],[105.13520470206132,26.1477980533675],[105.1447646635775,26.149196961553915],[105.15490355167925,26.157993852696812],[105.16234216301267,26.161051381503995],[105.17216121152454,26.16076311268205],[105.1759065964706,26.14644989772702],[105.17604406308284,26.138215703790017],[105.17186378588885,26.122319302863158],[105.17242026225223,26.11704679062803],[105.17461733010578,26.111162705828324],[105.18339883230999,26.10325455511351],[105.1901357185792,26.091305747033157],[105.19003690760177,26.08327967758961],[105.18556560751729,26.070757740591837],[105.18588610585823,26.065692906638546],[105.18901360961104,26.060034104549032],[105.1946753575269,26.056518736102372],[105.19997004753571,26.047295806804144],[105.20780466616345,26.039162476664234],[105.21407555874674,26.026997341569864],[105.21640325222103,26.012878298583832],[105.22191089813263,26.004290745753394],[105.22325400564243,25.993537507433878],[105.22667183746825,25.984078344732026],[105.23212727021847,25.9790827445221],[105.23729155617193,25.976826145775934],[105.2438075145008,25.97838831690753],[105.25094090395982,25.984815982382813],[105.25613629225901,25.981293200428045],[105.25758582432391,25.977933848783454],[105.2503678028225,25.962213306739955],[105.24963582014233,25.957541961250666],[105.24846066741067,25.94993897031311],[105.25113895722302,25.942793103688118],[105.2561209951125,25.937578655460648],[105.26129362212271,25.93511062467407],[105.27015867820182,25.935434690962452],[105.2762463009454,25.93382265488587],[105.28118986102471,25.930929702510383],[105.28791206728755,25.918765317650358],[105.29265742192634,25.913756750334702],[105.30298684592204,25.909453014626852],[105.32070992815133,25.894680882806135],[105.33196278177923,25.890806849279137],[105.33943200372876,25.890687771470297],[105.34778633696838,25.893536465703587],[105.35920702163756,25.893884890765968],[105.36342628338045,25.892458606567818],[105.36838443216101,25.888294780773265],[105.37243551475626,25.882642766566438],[105.37344336315199,25.877374021703485],[105.37173425956902,25.866583833067395],[105.36435676638149,25.84516515238093],[105.36882753288849,25.826848713500627],[105.37620541655829,25.816166979282702],[105.38517698014432,25.808251393320248],[105.40155701620671,25.803799326001048],[105.41300038062474,25.785985244184726],[105.40649332526509,25.785064463447014],[105.38174376033058,25.77231079519137],[105.36999486327086,25.76309090458787],[105.36049580487432,25.7595964782861],[105.3513717098869,25.746604302708572],[105.33686058440361,25.73544640039289],[105.33181793637657,25.729893790109788],[105.32656892250013,25.722860636761645],[105.32506623265675,25.714605834763066],[105.31842068025631,25.70734429315433],[105.31070821600157,25.694156005288807],[105.31126517411057,25.687829205219895],[105.31725392894164,25.676922913120546],[105.31954974939006,25.663437038107997],[105.32017603075106,25.637472814006085],[105.32280753128171,25.633072957936662],[105.33035343303887,25.626409458657424],[105.33157368206756,25.62262327474565],[105.3284989107699,25.61054939977123],[105.32927761350655,25.60485722814618],[105.3137661005975,25.5895649329592],[105.29600174478402,25.570829095817157],[105.27753677726785,25.54944240235842],[105.2736537902172,25.54544610724922],[105.26639923359896,25.54482267811746],[105.2578162575031,25.547211370805424],[105.25318314837219,25.551419724883996],[105.25118106690972,25.558648281956902],[105.25178009161355,25.576136889031627],[105.24976389021928,25.586382166585995],[105.24379234436924,25.596010927088237],[105.24377428453569,25.60143543415021],[105.2470413847246,25.610488229419886],[105.24637247351683,25.612899734359498],[105.24372683805457,25.614700523274756],[105.2404245255294,25.614690707583897],[105.23581144845481,25.612265542123474],[105.22660273255512,25.60379678764422],[105.21408951436484,25.59712399107363],[105.20353838361231,25.59467812697583],[105.20089242643299,25.59647705626378],[105.19558591169098,25.603091804658373],[105.18698835432993,25.607282886681233],[105.18300499232485,25.612694962790506],[105.18033423756835,25.619921125006584],[105.17635828109287,25.623523517113746],[105.1690877595915,25.62530450139503],[105.15258622035613,25.625244807001792],[105.14137780085481,25.621582705660156],[105.1190396243218,25.60039276966802],[105.10259151286448,25.59007254499913],[105.09408229161589,25.582066993222323],[105.0934514173612,25.57134207564898],[105.09743169905632,25.56713961362418],[105.1013764323472,25.569568004912558],[105.10464896196764,25.574407130193404],[105.11122159460874,25.57985888092005],[105.11386023192648,25.579872440231696],[105.11650623135216,25.57867629817638],[105.12247115858167,25.57327297280509],[105.12447332682554,25.56845832022732],[105.12450696366389,25.56122375237546],[105.1219172963196,25.551563517071283],[105.12195743248463,25.54312336102746],[105.12330183113426,25.53830360852753],[105.12267649885267,25.531067341760895],[105.11677090169098,25.525011243077905],[105.11282449114178,25.52318484360309],[105.08911411785562,25.517656274612744],[105.08188115818156,25.5140070674155],[105.07269395462973,25.505522767513746],[105.07472548254468,25.496485594204735],[105.07080215045117,25.489830427802996],[105.06227400820431,25.48255599218379],[105.0530793988099,25.476481989857373],[105.04193795006267,25.466174149819192],[105.01902885516228,25.440125448287905],[105.01120089573698,25.42741955815929],[105.00991439832138,25.421982492323053],[105.0086738815905,25.409307565786705],[105.00543406437576,25.401446154185006],[104.99955569580635,25.392971632685413],[104.98973351147347,25.38447360857074],[104.9713523196894,25.375928112008747],[104.9424546445371,25.366110275393336],[104.93852981843088,25.36246694732743],[104.9352796630966,25.356417512506514],[104.93533373858403,25.34857372846212],[104.93798645801989,25.345572268213207],[104.94854760577452,25.34140874156944],[104.95384829859752,25.336008836562165],[104.95518809003951,25.33239693512562],[104.95522014506696,25.327570289318604],[104.94942523609843,25.308830779870124],[104.94552419972234,25.30217189840782],[104.94158998054495,25.30033893831302],[104.93829581494867,25.30092200748566],[104.93301825405345,25.303304722196533],[104.92772611931028,25.307497161722125],[104.92377864080804,25.30747448751064],[104.90443593126578,25.298745331733386],[104.90418402015186,25.299529523144063],[104.90279533136201,25.311330564107777],[104.8948080012253,25.31648273774921],[104.88597278659556,25.317399571166533],[104.8814725433125,25.322395615734578],[104.88212082711199,25.324939826628697],[104.8897494120485,25.326538382367204],[104.89243488860963,25.33164614905122],[104.88591194808104,25.345267628882453],[104.88627124228114,25.350551394048946],[104.88984112275156,25.358419733324457],[104.88279170545367,25.36274165472695],[104.877440736525,25.356422509790374],[104.87343227279962,25.355345261769617],[104.87011970870884,25.356016798043875],[104.860204239754,25.361380984370314],[104.85230461614417,25.361332356210514],[104.84771390187399,25.359490851752255],[104.84313844160897,25.355235567242012],[104.83599012035991,25.343724280919595],[104.82943485959538,25.340662059898634],[104.80971849892249,25.337509848943476],[104.80251125034329,25.333839068376076],[104.79394916286091,25.334380665117816],[104.78404234257282,25.338532244721893],[104.77679546997132,25.339686238543727],[104.77219347044868,25.33905004358482],[104.76171223306123,25.333542472524606],[104.75710804273103,25.33350951100298],[104.74656528718947,25.33463495505163],[104.73872034368623,25.329144844861574],[104.73347405334394,25.327291249993678],[104.72488519164914,25.330847713380624],[104.71962940742957,25.33020213876068],[104.71702437025372,25.32716492041828],[104.71708081021151,25.321131389309613],[104.71447223953709,25.31869703284929],[104.70921327750881,25.318051821863744],[104.70393462255394,25.319821987441294],[104.69796145912771,25.325204351692303],[104.69595295706951,25.328808536834785],[104.69590707222446,25.333635069809937],[104.70170753094841,25.34635281114195],[104.7016738392412,25.34997139895167],[104.69569953285125,25.355354972007945],[104.68776529775474,25.358911850217268],[104.68376712495485,25.363705560611134],[104.68106384260807,25.370923662475708],[104.67576319808754,25.374499959421293],[104.66918130877146,25.374444579500263],[104.66525798247196,25.371396100727704],[104.66531072546628,25.3659663010105],[104.66732843643342,25.36176016947088],[104.66739316373805,25.35572548781551],[104.66544390779826,25.35269380523868],[104.66150796595328,25.351452014086025],[104.63270506619936,25.35403054117709],[104.63691244713672,25.34080678477092],[104.63654272502751,25.334367676716962],[104.63380612495286,25.326378907122805],[104.63364470833383,25.317401203443303],[104.63545761630051,25.309155422056445],[104.63844266037424,25.30435932869497],[104.63935187709595,25.29946546092669],[104.63799552514081,25.292568821722462],[104.63831125650319,25.287763478857475],[104.643767696206,25.282612463249837],[104.6498045527615,25.280546440215705],[104.66057332567766,25.281578551307877],[104.66629987330137,25.283138185337283],[104.67882886014675,25.28961516502434],[104.6935533176547,25.290474308378325],[104.70266965476318,25.283516956446732],[104.70673447048759,25.279628490879848],[104.71149244768456,25.275197545637372],[104.7209006436518,25.268783276917844],[104.72961366566531,25.26309187131305],[104.74810253415501,25.25914622625699],[104.75205457881378,25.25924610825967],[104.75521102373209,25.261248624711193],[104.75668147341732,25.265605264278726],[104.76230222976851,25.270061773676794],[104.76902147694145,25.270257802239886],[104.77901840083516,25.263658239824753],[104.78637008807891,25.24689435221003],[104.79003618795372,25.24227593631791],[104.80010126105164,25.247464954884904],[104.80385329918693,25.248469543330526],[104.80711375321982,25.248384745827547],[104.81037628941853,25.247302176030626],[104.81314870956875,25.24431398264645],[104.81712324647104,25.23298327018857],[104.81595263843005,25.22572503896488],[104.81487060464951,25.223546279946486],[104.81112023256021,25.222179182757166],[104.80806306252698,25.219996840695423],[104.80471952439913,25.213278543738376],[104.80503160136864,25.205931737928765],[104.80850239604655,25.199044003843486],[104.80871519256533,25.191787411021142],[104.807237846625,25.19006121557684],[104.80597199539244,25.18180389487441],[104.80944579737647,25.173010560687565],[104.81044051868611,25.169383571079244],[104.80749482802185,25.162029989314263],[104.80414582982341,25.158848672577328],[104.79733464434265,25.159289640566186],[104.79190122529155,25.161456567773165],[104.77904247690445,25.172770863957254],[104.76438271683858,25.192062158454235],[104.75774886090235,25.199032242221403],[104.75161344862352,25.203916602807038],[104.7447922383605,25.20662190218235],[104.73620468338738,25.20533122588511],[104.73068473339629,25.20196125599479],[104.72317412147734,25.194853057586442],[104.72032004484346,25.191190836178073],[104.72810173797725,25.18477826427349],[104.73243561268565,25.17682970137369],[104.7325266679624,25.1723992620316],[104.72846064521292,25.16185464549349],[104.71790914592094,25.150829088605832],[104.71531458906993,25.1417079279826],[104.69467823788925,25.119822459268008],[104.69019170791573,25.11278043243205],[104.68928395760048,25.100730702315715],[104.68413453724693,25.092410278919477],[104.6832875705825,25.088384318707533],[104.68658361277197,25.074931289979663],[104.6862328167732,25.0694373996799],[104.67360592358749,25.0529650220531],[104.67537460007154,25.04852807937137],[104.68879560678364,25.035442978666904],[104.69225702031483,25.032004218699043],[104.69879447729453,25.022220873766486],[104.7018798801115,25.0129718672964],[104.7024103181896,25.001446315122195],[104.70117094125955,24.98882620463613],[104.6981608665337,24.985405735772694],[104.685950061875,24.98267746488832],[104.68348571912306,24.978624528775555],[104.68682770889967,24.973827037721456],[104.68666672668913,24.970235556974767],[104.68508789507702,24.968520733356875],[104.67745151391685,24.968598760420836],[104.67194291470456,24.966392528530527],[104.66719779593706,24.961243587635536],[104.66357329716789,24.946406252716766],[104.65114586680477,24.93247032967125],[104.63994642339448,24.904199730922905],[104.63086688200667,24.896442228623265],[104.59952626635558,24.880899397060574],[104.59454386545916,24.876376033463366],[104.57820240235492,24.851600466861175],[104.5779277528465,24.84294076188476],[104.55928229126528,24.829306359224354],[104.54252792905794,24.813593764321162],[104.5403155550534,24.809120513150734],[104.5427567815362,24.803254906041005],[104.53968967625396,24.79560266481356],[104.53981969151947,24.789904912561624],[104.54234541176459,24.780033853340353],[104.54691512283932,24.771675278609134],[104.54380983180059,24.765708994301008],[104.54105566519846,24.754683644856204],[104.52638452428998,24.72887862087951],[104.51899950200635,24.718400372506867],[104.5121104334081,24.696113958967672],[104.49593619846493,24.65571717081786],[104.4870864566637,24.649429875461237],[104.48530912419602,24.646442743681376],[104.48559102974916,24.645530902938063],[104.4872926418128,24.640147979256234],[104.50113947599822,24.62964564193833],[104.50634219306885,24.623834123207576],[104.5073496611544,24.620055762285453],[104.50508392548392,24.607773522825603],[104.50583133881595,24.594914971479906],[104.52408072668904,24.530898435906682],[104.52691090680703,24.527996840411536],[104.53101560066094,24.529971155468164],[104.53586743383084,24.529427038832118],[104.54886010026442,24.514686994067603],[104.55079068972154,24.51071177260416],[104.54235298708457,24.506971445500916],[104.54294003312832,24.501073261251335],[104.54792230753972,24.494624650593614],[104.55358323499138,24.477848202673442],[104.55805373168165,24.4737111978584],[104.56244798238772,24.47273658361341],[104.56620175306992,24.46963902523932],[104.57379290836903,24.448678414221725],[104.57182476581757,24.444000728481743],[104.5733198400446,24.436072694512898],[104.57961862936882,24.431249623661994],[104.58581591134825,24.42490902768083],[104.5284502287583,24.405198733753625],[104.53899074386582,24.33413904012217],[104.54377731324861,24.316101937442586],[104.54571821986003,24.295606282391386],[104.54468644648888,24.26924788673733],[104.54056786637483,24.257469724379167],[104.52998810232417,24.244204074626083],[104.52597272050404,24.234972402222546],[104.52527747085158,24.21711412523516],[104.52957708433291,24.210160744289755],[104.55586299129246,24.181163066955424],[104.55918143579582,24.172533698014718],[104.55878028951828,24.162326002045578],[104.55375086267408,24.150574171449218],[104.53518804805654,24.119691864563677],[104.53107543421889,24.1079058443829],[104.52960073249116,24.093473962577693],[104.5333672097971,24.072904624667128],[104.54067433682586,24.049650880393028],[104.54821274176807,24.03235471368357],[104.56266864000752,24.00544649333771],[104.57808961259535,23.98020512084702],[104.57795513715173,23.976801711303732],[104.57121444242351,23.967658452806923],[104.5447060329632,23.943738288929026],[104.56482640823556,23.921001272781147],[104.56358313249008,23.912520480640836],[104.54481830104886,23.89866885815541],[104.54185779078131,23.892805733233484],[104.54263701791879,23.889367922075188],[104.54604071618634,23.883285300458837],[104.55743793875837,23.871813720291456],[104.58247035697995,23.85987158867757],[104.60193533426511,23.845558235070374],[104.62998382635027,23.818149337008336],[104.65380887620753,23.79940897358257],[104.67160904656338,23.78940249220409],[104.69451212631384,23.770678385621373],[104.69437269500655,23.767273697170104],[104.6862793357618,23.747092200396768],[104.66711847144953,23.723037531503785],[104.6630752868682,23.712944046853927],[104.66161910218342,23.699348557681155],[104.6638987090572,23.688179808226742],[104.6706159223734,23.67429193649941],[104.68877701713822,23.6514660127665],[104.69297187978025,23.642784623882417],[104.69681525460844,23.625582612892714],[104.7028584073664,23.617687617591365],[104.71510610811586,23.606157735213284],[104.72665250962409,23.5997699682808],[104.73561607656872,23.59688724583398],[104.75068963386427,23.587628883131714],[104.76571410435228,23.600063125435348],[104.77869289680788,23.60641945495572],[104.7841693856377,23.607069952409496],[104.7967040057456,23.60501263588609],[104.80146402039222,23.602203651046672],[104.81155780967258,23.600782649969158],[104.8407318600836,23.59667348913912],[104.84923872432142,23.585259134062092],[104.85400713085814,23.58162335655348],[104.87406406943379,23.57452828909836],[104.89944624300178,23.569166909613298],[104.90734250772668,23.565994671738782],[104.91099726227516,23.562133511246376],[104.9145526658155,23.55207969003282],[104.91958029422896,23.54766747462878],[104.92665984477198,23.539068978110013],[104.92786499038259,23.534342469764642],[104.9265989085677,23.519256267867274],[104.92981120286402,23.51497403008646],[104.94363538841665,23.517055285631244],[104.96515448280743,23.528609960834793],[104.97715505479691,23.533271387177027],[104.98621745183058,23.532922791303395],[105.00505933845979,23.527926201972747],[105.03926762058167,23.50969973938263],[105.05988169766971,23.507750181499794],[105.06969289942822,23.50914129993741],[105.07166174196702,23.51164794794266],[105.06687809308478,23.51632044422982],[105.0645434310709,23.52165051561607],[105.06638981617898,23.530346564743205],[105.06517669863157,23.53569300943484],[105.0653211775286,23.539822035686296],[105.06951012786676,23.543394887065432],[105.07275190444301,23.549430252092385],[105.0760554072606,23.552163513315175],[105.07940530349333,23.55221483160918],[105.08900226853993,23.54142689047349],[105.10172042830422,23.54327103540476],[105.11095961127376,23.53949280508192],[105.12106057962161,23.537581227228063],[105.13078033836783,23.53174423546326],[105.1348235723392,23.530979482342655],[105.1459551646939,23.53362284798478],[105.1575890253268,23.533592341516066],[105.1823313110666,23.525499889138057],[105.1912802877862,23.52542467782858],[105.20466887652334,23.520498571976738],[105.21446528386983,23.516893145571075],[105.22442125198377,23.510228520984445],[105.24888836936361,23.505217499989506],[105.26066065012421,23.496719861643616],[105.26895355029703,23.482601249682567],[105.26766339015707,23.479486136728525],[105.26391007495944,23.476749340606982],[105.24904865683479,23.469930301813864],[105.24331089073796,23.465720643534684],[105.2426938465867,23.462820574287306],[105.24627968512881,23.449251129028383],[105.24992585369979,23.445176879043625],[105.25734929968915,23.44239404052384],[105.27858918834912,23.429492896408703],[105.28224324625826,23.424590720735004],[105.28323516300023,23.41923760615059],[105.27887907831688,23.39956815955473],[105.27963433160338,23.394420535836602],[105.28397539463464,23.388910067236512],[105.29463286383961,23.379773228455385],[105.30174346242349,23.38193815642037],[105.30867133802184,23.38203566017964],[105.31655207462005,23.378226601831123],[105.32057981633054,23.377869458055148],[105.32436474169566,23.378954505964394],[105.30903465593379,23.371343019350594],[105.30078194629901,23.363611369987108],[105.28990220542696,23.350958805513226],[105.280874630548,23.341858440577905],[105.26084041884664,23.340541527682433],[105.25346972169201,23.334445722614063],[105.26049878335438,23.322200239207525],[105.25999186457994,23.31389697232599],[105.25357273244629,23.301227344009728],[105.24755771326427,23.29439689652682],[105.24010777055281,23.293319076074383],[105.2352621201384,23.289405619943203],[105.2362030679787,23.27909010631568],[105.22400372611963,23.27281922217848],[105.2205221128841,23.272552806968015],[105.2153205132754,23.28114314377426],[105.21124370544304,23.27439741239312],[105.20660112436725,23.27385905819332],[105.20265153939897,23.28071211773727],[105.19230445643518,23.280731662139086],[105.18236115300141,23.289419994321882],[105.17617097159828,23.28906553784151],[105.17026729709899,23.28670235785108],[105.16260776504096,23.27548836445492],[105.15457151570592,23.269202752529814],[105.13125755430644,23.26092862589078],[105.11877566043812,23.253093714204702],[105.11374965796728,23.253920810409394],[105.10535098996269,23.2645176901328],[105.09394022142041,23.262611789795557],[105.08929917158702,23.262342031454928],[105.08050364027157,23.26536125263257],[105.06821951252802,23.2585243180154],[105.06754249596338,23.258159650904798],[105.05090746434293,23.246576693057566],[105.04365474220688,23.240737970133996],[105.03031171618774,23.228784478323764],[105.02470506710652,23.22476934656034],[105.00750202053315,23.21929471624406],[105.00064067107587,23.213635017323927],[104.99938446093934,23.21208307232609],[104.99349049871377,23.20477948905203],[104.98411878556257,23.200487663120736],[104.97764520225302,23.201034245699276],[104.96933345523266,23.20860948795779],[104.96285984006079,23.20760317054868],[104.9617999832826,23.200207999582044],[104.96228639841772,23.19199152534335],[104.9560139486101,23.176742006157816],[104.95282754427252,23.174366749271698],[104.94413320575217,23.1761885105025],[104.93398617258934,23.182847583952793],[104.92171347913849,23.188134471559668],[104.91553020810527,23.188677443398575],[104.9106040690173,23.18785165482817],[104.90201135625284,23.18291377059717],[104.89196945988856,23.178977924808514],[104.88396184651987,23.171025990036373],[104.88011463340915,23.158330109465386],[104.88043372997281,23.135411272268506],[104.87812615984859,23.12801198107911],[104.87330530231252,23.1233490097387],[104.8638431746392,23.124250276206304],[104.8530364840992,23.120582841894564],[104.8346949998739,23.120372749218763],[104.83102515861938,23.121188746981243],[104.82319636759246,23.126106993305356],[104.81769457114575,23.125549614488794],[104.8159926583826,23.107373712063595],[104.8196126770426,23.08217351444745],[104.82986638796234,23.068399305496882],[104.83297830451875,23.05470357941553],[104.83447758722939,23.02520147422394],[104.83304995391862,23.014602420539426],[104.83489334864747,23.008210565883743],[104.84369137640314,22.99397238271178],[104.84679699510508,22.981369088454258],[104.84585310083683,22.969216073274755],[104.85636409031771,22.965576385873785],[104.85993369139051,22.96311428650595],[104.86534493358907,22.953161991709937],[104.86149838985962,22.94776591182394],[104.84013200189537,22.93311501952139],[104.80866186087856,22.91652182586419],[104.7900944466085,22.906068013686802],[104.77633261148726,22.90137851936449],[104.77278268272627,22.895796031858115],[104.76149657092338,22.865244560447184],[104.75928841007922,22.86286304366798],[104.74235771575229,22.858160940081483],[104.73899556510563,22.855593256613712],[104.73777203630326,22.845626991109672],[104.73260467180275,22.835010416609492],[104.73282738059616,22.824407191116627],[104.70605957294336,22.829362613462518],[104.69143299355751,22.828954548663596],[104.68115264431972,22.823987189805372],[104.67750251411262,22.822056220880707],[104.67027963832716,22.823679004508534],[104.66680595316791,22.826318918612227],[104.66138723067216,22.83452847981626],[104.65579386213304,22.837618046718035],[104.63385315639367,22.836811762199645],[104.62674247143492,22.833952732590188],[104.62446347902147,22.82626589036135],[104.60910033953229,22.81783195529116],[104.6046757176755,22.816511611109206],[104.59999119578441,22.817047659717964],[104.59925913540157,22.819926271795225],[104.60413385216766,22.831581015393624],[104.60132620573701,22.8393575506152],[104.59703141772181,22.85127880131998],[104.59024897139489,22.8559066168675],[104.58414007683217,22.858071472641882],[104.57968607085178,22.8541569968856],[104.5727486673944,22.834476004692064],[104.56496890942249,22.831061489041947],[104.54603287769258,22.826318404593383],[104.53748855376226,22.822167062342967],[104.53079015447075,22.814640879048394],[104.52444035471291,22.79550508437864],[104.5200217052704,22.794204817349943],[104.5070733383315,22.786830124752353],[104.49405991976536,22.774058938922543],[104.47834675693699,22.76319212431639],[104.4374070493811,22.74240476684974],[104.41356122383397,22.727184514932443],[104.39431716971042,22.700096003831714],[104.38291594867641,22.694724339901953],[104.37572030275867,22.692943580758147],[104.37082624291241,22.691907964878357],[104.36217290515367,22.69258675407977],[104.35734193777614,22.696398116373263],[104.34623478374444,22.7083677526247],[104.34018563551128,22.719818404683803],[104.32936717986074,22.725803796564506],[104.32309605216139,22.727331378228072],[104.31331545266418,22.72693331475548],[104.3023292940428,22.730432816547047],[104.29083945927034,22.736608822474167],[104.28076863170868,22.7390944270368],[104.27252219983495,22.739342353246723],[104.27127045268985,22.754809897992608],[104.26850094196416,22.758885899185895],[104.26261864380845,22.762899470331075],[104.2610855825087,22.771338008893487],[104.26149753304941,22.782294396321497],[104.27074387626497,22.824408679505538],[104.27477182910218,22.83316421910172],[104.28021937285973,22.83802227251026],[104.2753882220068,22.843065642428822],[104.26331060663526,22.848922303052735],[104.2574435050016,22.848332093467523],[104.24594836376248,22.841393594964945],[104.2366378785033,22.838217625870513],[104.22553650046588,22.83054818450747],[104.2018956386845,22.826529817373725],[104.19623689353476,22.82429219981697],[104.17240480780244,22.820448367766186],[104.15506750523113,22.81153251506786],[104.14510293073454,22.806879884656773],[104.13815990711501,22.808559519768732],[104.13282434573922,22.813269009121996],[104.12387800643147,22.813011085316393],[104.11029439417473,22.80457619576294],[104.09847466857511,22.793046080684192],[104.09366682011725,22.782855614306172],[104.09144076453475,22.774332986885423],[104.0844931380441,22.766774307767413],[104.06979486657904,22.755396775965345],[104.04488971696115,22.726914232775506],[104.03932963351221,22.715980254784995],[104.02902783319436,22.68039850411485],[104.02472122580821,22.669473645056094],[104.02565507960342,22.662805218374128],[104.03160527901036,22.654079767886586],[104.03231628925613,22.641005548324245],[104.0286150345538,22.615316933841456],[104.02122213896902,22.5909871879292],[104.01408112049914,22.574304722520168],[104.01417260270377,22.57079569338408],[104.01718675326302,22.565694848463103],[104.01609539527671,22.556167279745644],[104.01813969189062,22.545468600573738],[104.01688854368346,22.542341778981168],[104.00896196658454,22.539281120305425],[104.01442416415371,22.534231585112657],[104.01659094273998,22.5276660539251],[104.01473014034798,22.522048576425696],[104.00687178767693,22.51650806335016],[103.98957632924467,22.51489638642746],[103.96936648506484,22.505574277897082],[103.95245966155905,22.515124706657268],[103.94851545267272,22.521650124091657],[103.94375528228993,22.52526682161681],[103.93589673921353,22.528400266749355],[103.92656596966926,22.53666721619678],[103.91984513329628,22.530321327830386],[103.9175870534826,22.531718012329815],[103.9143367465456,22.54285932348851],[103.91416907980887,22.543420347552587],[103.89040397737242,22.568516173615418],[103.88794757419265,22.56887503088471],[103.88258346818824,22.56152540805598],[103.87944784079329,22.562280266320247],[103.86558597591154,22.58242681219212],[103.85806295370905,22.589489951076512],[103.84789319942244,22.595668417562653],[103.83577786516663,22.60820809906991],[103.82218284414304,22.61802562293337],[103.81186082913395,22.638246243395656],[103.7844337303933,22.66593151654746],[103.77237971755342,22.684043789620617],[103.76919087130902,22.686863346865128],[103.75535065165076,22.688406665662367],[103.7515215794389,22.69017801490604],[103.74624150971859,22.696461816342456],[103.74127478535445,22.699034814266216],[103.73759809931985,22.70328783985244],[103.7349280536157,22.711490215112537],[103.72915242353173,22.71941375917682],[103.70544796187897,22.740146243063744],[103.69188344299285,22.747889940385342],[103.6850473942443,22.753720943313514],[103.67940980475817,22.76433166519931],[103.66898793316636,22.771113212786105],[103.66330462970501,22.783581654861088],[103.6546225777214,22.791642756988903],[103.64734348705092,22.797254422139616],[103.63917329472537,22.79479239712299],[103.63698379176594,22.78544390302583],[103.63110097056475,22.78881813715669],[103.62702707435844,22.78314477417334],[103.62171761224027,22.781987246403585],[103.62186196555918,22.768562402436125],[103.61496564613773,22.760549933547022],[103.61206657746523,22.752838125897927],[103.60117191422687,22.74431712709952],[103.57318773433549,22.707200574835028],[103.56834322206687,22.700772649303527],[103.56552786154609,22.68996288824496],[103.56632856946135,22.685230489943592],[103.58008441481262,22.66283286562557],[103.57071554368102,22.639882922365178],[103.55926395299524,22.635891160268418],[103.55514455184705,22.63207378047183],[103.55079576494778,22.620606447796785],[103.54776663250753,22.617640022177493],[103.54207594959153,22.606554543796566],[103.53724650986895,22.601413991966222],[103.53214273298343,22.595983754608483],[103.527840189516,22.594417536657115],[103.52080364252025,22.59498334433805],[103.5149252704412,22.608531997394643],[103.50975178901608,22.61385572321334],[103.49646903420285,22.621806378168827],[103.49298103062804,22.62971513056613],[103.48859141385495,22.6398974958019],[103.47402893575908,22.655327290724536],[103.46306144203388,22.679771929307154],[103.4465335774539,22.69717894182157],[103.44494013031895,22.700539259913104],[103.43116355375868,22.713959646340108],[103.4304873503448,22.725656099649964],[103.43387130157932,22.736041648147477],[103.44601600384007,22.74006528079966],[103.44659358294275,22.745835331403747],[103.44484104239895,22.75294208113305],[103.43800279650208,22.759332085432884],[103.42396403234682,22.764880861706253],[103.41810266958487,22.775947662379586],[103.39679718219485,22.784307545713965],[103.3797293614194,22.797758019585984],[103.36376913055568,22.80811394562533],[103.34101721422864,22.821375952322477],[103.33247753044435,22.82100788840602],[103.32408574855658,22.803650062033853],[103.3223769929913,22.793691730377816],[103.32493232584761,22.782601307274938],[103.32366615300292,22.780295774085936],[103.31904275406991,22.778527519017928],[103.31501426067844,22.764376218565538],[103.30956751422569,22.760313368382064],[103.30579085009569,22.752574666881195],[103.29819947311805,22.74597844734268],[103.294804901562,22.740313895471303],[103.2915619172375,22.707698298699473],[103.28351317568799,22.701186562025946],[103.28343660227735,22.696226840421087],[103.28590082794005,22.68823109413882],[103.28510051557419,22.685112405262576],[103.27969111809458,22.680221371483565],[103.27117691252766,22.67463240460519],[103.25568162747948,22.671964219489492],[103.25327120306247,22.67023404561764],[103.23891312038423,22.65996495326752],[103.23364868949841,22.650324591555513],[103.22909439357088,22.646282819880483],[103.21812351598047,22.648683745439197],[103.20676304291044,22.649218707453485],[103.20180433847473,22.65136224183635],[103.1984852290016,22.65065596217906],[103.1887732675056,22.641105654433424],[103.18933776032101,22.62975618851408],[103.18628630499288,22.627816243690717],[103.18052594141193,22.6270482374185],[103.16577934020478,22.600215592779485],[103.16720534281093,22.59715449231873],[103.16599210152435,22.59319655277388],[103.16696183820343,22.59053540678443],[103.16864769523237,22.58644568844773],[103.18157134381202,22.57087375788794],[103.18512625086191,22.563734196302594],[103.18524897208424,22.559810424109713],[103.18357756680199,22.556255039208523],[103.16299392710842,22.538773126569012],[103.1578752072874,22.53884592518729],[103.14868204148476,22.5487306923769],[103.12417634476066,22.523305373410338],[103.112283598056,22.518329531675167],[103.09397271420173,22.51295951866672],[103.08923742542818,22.50994312403358],[103.08630199612853,22.508058193951342],[103.08384053392182,22.50645654955087],[103.07469429364822,22.494020911240792],[103.07555802752188,22.484608490269363],[103.07451989575075,22.47909667805882],[103.08052062109282,22.462272498116935],[103.07919424871318,22.452085881387113],[103.07389500156235,22.44869136822461],[103.05696547389141,22.44681796096844],[103.0430706844273,22.446555697197844],[103.03007092631904,22.444752215919834],[103.0215673545678,22.447977208336642],[103.01032698933048,22.45819826143035],[102.99818016312129,22.465836880187975],[102.98802674775526,22.478822325288633],[102.97148608305999,22.480970700754774],[102.95702582538773,22.484439169204986],[102.9391954291884,22.484085215671023],[102.93142800150054,22.48841564846745],[102.92743225069283,22.495658873079993],[102.92443114490754,22.509970023452567],[102.91657918437085,22.51365656507397],[102.91076365968789,22.52498075963883],[102.89753082326804,22.53322482579183],[102.89589944090949,22.550398390469173],[102.88671368077117,22.557715926003464],[102.88385180143487,22.569737854327226],[102.88015741848392,22.576068325767743],[102.8853985535469,22.586333440755045],[102.88264892053525,22.593323495664173],[102.87977704721581,22.597199570151805],[102.87267561475629,22.601263216614516],[102.86675702668781,22.608187353620725],[102.86153212577943,22.60990965966986],[102.85965211903869,22.61234140947818],[102.85344813442447,22.614866570422347],[102.83813320934253,22.625162100618425],[102.83572680005551,22.625386340398645],[102.82254252426134,22.62648248279005],[102.82161427284717,22.62509047035958],[102.80807571776462,22.624896325725263],[102.79658494955103,22.627488993243347],[102.78863854921647,22.634548015638867],[102.7880392436959,22.64368480679184],[102.77404467221248,22.646404361293936],[102.76575869822065,22.651441108206924],[102.7593838644375,22.66090999374017],[102.75663796450675,22.667254776034593],[102.75040568823796,22.67068766770877],[102.738995778508,22.66961598106581],[102.72956752291454,22.678009529942685],[102.71980823504956,22.680173880221194],[102.71709563020433,22.692921661436763],[102.70927187747506,22.702354338004266],[102.70225568712212,22.70622405903685],[102.69531747962043,22.70689335681123],[102.67502148091211,22.699579415130422],[102.66359248062176,22.695297373298942],[102.65984797348055,22.695121434465538],[102.65167513018291,22.70289534216155],[102.63720467539387,22.712537579708723],[102.63356873489482,22.71565629303186],[102.61567373108053,22.731254065117913],[102.60984444058448,22.733589580334463],[102.60027092054513,22.731905015251368],[102.59574676393073,22.728324356587],[102.58770556984892,22.711946715941046],[102.58491705319555,22.708222709132794],[102.57799673705254,22.708152767256433],[102.57415501546363,22.711722066798078],[102.56893025030207,22.7241318170293],[102.56443499789734,22.730612355219222],[102.5567436325488,22.737932025083026],[102.55105118273171,22.74968854871027],[102.54412626571914,22.757024943400655],[102.52600204348843,22.76949048139213],[102.51445284468973,22.780555330150275],[102.49713765118523,22.78041360035414],[102.48900367396475,22.778753818303638],[102.48306380235454,22.77421993464327],[102.46885373793666,22.769575700660155],[102.4608873439846,22.758222594616115],[102.45711744508931,22.748251882962407],[102.46121705406193,22.738930927705255],[102.45803393677019,22.73217550108367],[102.45229815329186,22.727369585393845],[102.44555911360868,22.71704989674869],[102.43876159770045,22.701879331415636],[102.41652425191472,22.688976947053785],[102.41260094938698,22.688330158935546],[102.40060370472652,22.691140596445706],[102.39167813319123,22.687165349766904],[102.38975804237616,22.68016373420336],[102.3979613382101,22.66161365559032],[102.40489568296728,22.65410169256742],[102.407917510641,22.64557624747136],[102.40736665594146,22.644647437336282],[102.40702876468724,22.642442907061003],[102.42107349684406,22.64142280087267],[102.42227141505623,22.639186986501677],[102.42099767535835,22.637289505653655],[102.40432045443926,22.630996390428745],[102.38014330235634,22.59781625273094],[102.37473371101395,22.59351965434564],[102.36966016708524,22.592331052497425],[102.36180185064867,22.594364166555724],[102.35730874764076,22.589473993018657],[102.35225787465366,22.58766548307644],[102.35105973282563,22.583908005896273],[102.35875030654236,22.568270547675898],[102.36017737390856,22.565380780965494],[102.3395552552586,22.55751636948315],[102.33161377502444,22.555824442079597],[102.32316021700781,22.555979520485494],[102.30840848491006,22.53375960040929],[102.30365137490708,22.52896704929384],[102.29733557207716,22.514978865429406],[102.2907546601222,22.50693343135738],[102.28376323762467,22.50317949319169],[102.27202087691627,22.471374642002836],[102.26507800223521,22.46606357001947],[102.25388239853072,22.461920888290297],[102.25233347054034,22.459132717076685],[102.25988730021295,22.449993391935532],[102.27003053686114,22.43084859442067],[102.27113114103716,22.422635762230538],[102.26857118945397,22.418355444305547],[102.25850374158416,22.41845495887383],[102.24934296194078,22.423614511317965],[102.23939144957552,22.426279457060186],[102.2233789855469,22.426399627236407],[102.20671853622234,22.42897240290456],[102.20387279932267,22.43118483111597],[102.18770905310062,22.433126942219847],[102.16582783265459,22.430697216053286],[102.16361917717032,22.4308197361394],[102.15944657861829,22.426126087293337],[102.15101651793722,22.40373053794514],[102.14891917766892,22.40019228201227],[102.14197193487729,22.40174035472906],[102.13526012142293,22.408148620772426],[102.12570843503507,22.43535785243186],[102.11762611583434,22.439436742166897],[102.1070944242653,22.442072747907265],[102.08980548112702,22.443052290482758],[102.0658279803858,22.44942528798451],[102.05235785628292,22.457008738992972],[102.03995208078142,22.458119193766677],[102.02377993963678,22.457013544218928],[102.00846479996243,22.45006934446957],[101.99933937422362,22.432496136150327],[101.99471917580605,22.445091468221577],[101.98055661036351,22.43222342064814],[101.97260473255213,22.429059934905563],[101.95973164348783,22.429872335147884],[101.94586580891394,22.43468346717522],[101.9242303141487,22.436605702711084],[101.91864465462493,22.434424357920875],[101.91190136493398,22.423690546491905],[101.90885811568135,22.417096674412587],[101.90734477670522,22.407709016239817],[101.90779803121724,22.393891698662774],[101.90454052220365,22.38802333744786],[101.89655039114939,22.383294941849424],[101.88780942047994,22.381016458054965],[101.87228761989311,22.383844858717413],[101.86296773667237,22.39034045727275],[101.85129768830159,22.40977009361414],[101.83890138167277,22.42212260816193],[101.83522319623165,22.428879139916308],[101.8307335921749,22.448340689875575],[101.80624822275425,22.48604873533868],[101.80406534328014,22.488178938444467],[101.79054370478445,22.496458964051186],[101.77883698898496,22.499299655826928],[101.76919892348805,22.500555493520313],[101.7621785278537,22.49822977309537],[101.74627239158157,22.500385761240675],[101.73917890919888,22.497415177649753],[101.71866703739498,22.477535743013238],[101.71393653453995,22.475645463487396],[101.7060600232801,22.475944132964344],[101.69460326523378,22.474387766566995],[101.68836928042677,22.471623958565225],[101.68829161877325,22.462921349042272],[101.68336607269984,22.45571144584781],[101.67439862814774,22.44892055864306],[101.67172201341775,22.443247495752367],[101.67165325727747,22.439764892774296],[101.6724852972658,22.435212182459367],[101.67496155891214,22.430254388550402],[101.67123641139008,22.421707698539343],[101.6626903081053,22.416668781275582],[101.66361650151843,22.409462419723074],[101.67284883100254,22.397760602012266],[101.67889273119252,22.381282979440268],[101.67908060717055,22.37322734896874],[101.6654205274477,22.369305501008206],[101.66022920112927,22.364373654202073],[101.65595975938395,22.355073703077863],[101.65366023708762,22.338873883188914],[101.65032835530752,22.3274957951975],[101.63366017649217,22.30340358414091],[101.63442983934637,22.297930524519938],[101.6322525032906,22.286496114625713],[101.62789127309811,22.279938515465453],[101.61803482423558,22.27448336616965],[101.60721405130083,22.274585839583317],[101.59013825464604,22.28089554236139],[101.56965255966695,22.280857094232623],[101.56536064856729,22.27778145465192],[101.55539058677496,22.262418149795035],[101.55118554558312,22.2596195347451],[101.54635805197394,22.25029234320164],[101.54633609582227,22.248275166876677],[101.54713334021015,22.236936242122695],[101.54808907517481,22.236968284828333],[101.55168070523848,22.2250808741382],[101.55690559927496,22.22085583147543],[101.56975690124553,22.220001513257042],[101.5744505277835,22.2145661685929],[101.57808381613891,22.204053458182013],[101.58909254839364,22.18791780446644],[101.60330473193581,22.15969224053955],[101.60274421340485,22.143353454760405],[101.59416477633583,22.129407527605593],[101.58461524322657,22.126523287571995],[101.58035631950506,22.12271385690585],[101.57940611828991,22.117272054497942],[101.57628659290894,22.11368361599111],[101.58137386255571,22.10248187123546],[101.59142898386509,22.088601417610295],[101.59647031630281,22.07858873502367],[101.60264570395262,22.07154783743639],[101.60977981148555,22.056375243566364],[101.61607426742019,22.04291004244431],[101.61733367139185,22.036895936404285],[101.62540495531152,22.02193942335449],[101.6337821673316,22.01547135547],[101.63517081712646,22.01289977600128],[101.62839606042672,22.00277753119426],[101.62174283443316,21.975649404321143],[101.62345919051334,21.968931368308358],[101.62840356968596,21.962574363807136],[101.63652084921979,21.955882520396084],[101.65658555033268,21.95248955859707],[101.66191080540645,21.950021476442636],[101.66984499121791,21.938280722410262],[101.6750714415194,21.933290838262838],[101.68170151135433,21.932848633957125],[101.69618902829174,21.94524828339659],[101.70186560863645,21.945527340583677],[101.70523754640912,21.94358137967057],[101.71092117179073,21.937655758748367],[101.71378179395596,21.92837179083344],[101.71369865491722,21.9196455415292],[101.70670969745466,21.897124174735044],[101.70802186204013,21.892717343461033],[101.7151099961766,21.884678029022872],[101.72524133551464,21.879296773973422],[101.73449600118727,21.8767012592095],[101.73741785436579,21.87591697728869],[101.74336108108683,21.87044074505556],[101.74598499108086,21.861624395493077],[101.74499349588211,21.854763481103014],[101.74694613097458,21.847806863308417],[101.76135805455984,21.838609650235014],[101.77649409813971,21.83559016338913],[101.78152993384815,21.831978840718254],[101.77818026229622,21.827954086900714],[101.78109439600291,21.820506015863046],[101.7775628615516,21.81809274423478],[101.77518999364315,21.800708882498597],[101.769826810924,21.78893419469882],[101.76592813671706,21.77296893699513],[101.76169402580936,21.755652347015168],[101.75212671692762,21.736431569959553],[101.74799131319944,21.73105060748001],[101.7521109351181,21.72381443737545],[101.76518788920504,21.717066550862956],[101.76972821657995,21.701047921240818],[101.76697953174542,21.681124218969426],[101.76529408545852,21.674733807395985],[101.76584548840891,21.669699875962518],[101.7715845278191,21.660329458218587],[101.78025989184871,21.654082083731065],[101.80010346222788,21.646531098756217],[101.8161782745019,21.64069576376552],[101.82278388989901,21.63364506921462],[101.8231238786178,21.632002254937465],[101.8257669744866,21.621153451058916],[101.82608096421103,21.60315822616153],[101.81428363110922,21.589286051753422],[101.81168688901117,21.587367530099616],[101.79826285805052,21.58244543260511],[101.78003732002662,21.581871865332854],[101.76509384104591,21.582593519509963],[101.76175303301957,21.577434405053456],[101.76085259060773,21.567574897952895],[101.76609745189317,21.5501917986669],[101.7672934709697,21.534516881266253],[101.76977867376102,21.528438910356883],[101.77261373254744,21.526047588337406],[101.77759509714538,21.513523604522213],[101.7664408958618,21.498006749162908],[101.7595553214965,21.491078985353674],[101.74775855319791,21.483442438867446],[101.74950481958332,21.47118210413709],[101.75748619484813,21.4541563228738],[101.76006956016539,21.4451384460269],[101.753236525613,21.42561647971114],[101.7554068086134,21.411987957994796],[101.75383842687533,21.40789284559391],[101.74690300451255,21.399856797961977],[101.74579325030444,21.396235713499845],[101.74628303308278,21.3706910710272],[101.73813003600628,21.353970691118047],[101.73879456714899,21.3261284651721],[101.73964652621935,21.315027952153905],[101.74245013131,21.310611403160973],[101.75611389485734,21.301667487284952],[101.76933746294597,21.288844561807043],[101.80133661682339,21.286637871586166],[101.80733858256191,21.282779707754198],[101.81820557772548,21.263620927079202],[101.82859077504176,21.258886637459113],[101.84152988175575,21.25708223680472],[101.846420390919,21.2523589902069],[101.84596992254446,21.245905884344175],[101.84303906774286,21.24001945788208],[101.84198434888167,21.231799359407226],[101.84281592021655,21.226673535502666],[101.84598056175422,21.219688184570995],[101.84108894209707,21.213004138203928],[101.8291280867056,21.208307093675447],[101.81767164283158,21.20840851103531],[101.8101258073713,21.204767488891],[101.80354967687411,21.20612463473557],[101.79493174745951,21.21192502375248],[101.78981330621309,21.212131263613294],[101.78479655055338,21.20930438062428],[101.78168147095339,21.203409373066158],[101.78234649130727,21.19487382848565],[101.78961945837356,21.186823353087224],[101.7911789133972,21.182640154767125],[101.78990889074,21.16686538566455],[101.78865995025149,21.15329885892278],[101.78933938094043,21.144301993276677],[101.78720392440414,21.140277204149893],[101.77167578150423,21.143557072991214],[101.75087677441873,21.146021611642436],[101.74205386191889,21.143989988922165],[101.73406543077252,21.139683734572827],[101.72720922685733,21.141027139298654],[101.71479721819584,21.149920526390755],[101.70497297295847,21.149509732506182],[101.70243688866395,21.154488710705284],[101.70261217690059,21.165905255157274],[101.70062998057719,21.171269976294052],[101.69072885085885,21.18125340882364],[101.6876899736335,21.18704319143172],[101.6789458110262,21.19632664483672],[101.67393096472631,21.199014713244612],[101.66410186928589,21.198600038388477],[101.65713947675397,21.194690439483615],[101.65026078012995,21.19381948795282],[101.63465501897531,21.190818689024635],[101.62797151348076,21.1871001967968],[101.62122836189826,21.177029932462673],[101.61202728719685,21.174974649100125],[101.60470728852911,21.175926159749523],[101.59832252064517,21.182521692732877],[101.59816279948326,21.184356698862427],[101.60036642746122,21.196944672735153],[101.60715130323321,21.208489126666787],[101.61151533308322,21.221607856666825],[101.6098469671397,21.23130442442457],[101.60755798906474,21.234447972800513],[101.60039643090774,21.233472400991324],[101.59611786996737,21.231305009606885],[101.59182624286517,21.232173031893726],[101.57924229416338,21.245181681549052],[101.5627343296645,21.24867204321663],[101.54338569611623,21.24948716261924],[101.52585257728119,21.247232822502205],[101.50575653447567,21.24516323616919],[101.48674888946664,21.24183928206944],[101.45914803221437,21.230207913760037],[101.4548796116246,21.227850769841528],[101.44809757059517,21.229453822838224],[101.44002551817665,21.230091121103936],[101.4131110372078,21.225647306561555],[101.39577228015891,21.225953202940996],[101.38551292271413,21.221815932980068],[101.36717036210268,21.208647051061433],[101.35296788389229,21.20123619979051],[101.33716820070961,21.188612072310587],[101.3279374421968,21.18496542965739],[101.31863257431179,21.18573249684553],[101.28977071121116,21.178238931070087],[101.2843517225993,21.17886883855908],[101.27614176011049,21.190439439859258],[101.26482462862896,21.20152651093855],[101.26192782469879,21.202984218420386],[101.2593481154119,21.206017899718365],[101.25811944248078,21.213242206716654],[101.25801670856687,21.218299420717294],[101.23742015716776,21.25093843092768],[101.24333272743881,21.264405941212623],[101.25088760668318,21.277105017265274],[101.25257121219838,21.28250291313285],[101.25360583422304,21.292384357240376],[101.24975234997747,21.301257220863253],[101.24453530945686,21.306215854624174],[101.23423553946921,21.307858389980662],[101.2302584910234,21.31258619557229],[101.23483577499513,21.319102785155344],[101.24038460910376,21.322619553737965],[101.2518942980499,21.336105614918615],[101.25375035495694,21.341968473385755],[101.25674415147701,21.357529946636518],[101.25922783556337,21.364334966301275],[101.2678508358393,21.374216056865986],[101.26399107035583,21.37591360521419],[101.25032270975207,21.37862932279624],[101.23612952427254,21.394657824894914],[101.2285132193415,21.40016900319118],[101.21353637639386,21.40706106493722],[101.19878740289656,21.408166346814628],[101.19693246787685,21.411867098164343],[101.19644367132568,21.416998092988496],[101.20025122933517,21.421461938348603],[101.20093591998352,21.428107708042564],[101.20452544678685,21.433298599466585],[101.20603058272225,21.44080208379163],[101.20357713259988,21.457167688571328],[101.20467783945965,21.46768921644655],[101.20918800341182,21.47842917540037],[101.2199644332533,21.491607330947026],[101.21973945200949,21.499688135642252],[101.21346795025646,21.51894182681891],[101.21280832292578,21.528384333417247],[101.21846091477687,21.541553303443575],[101.21912954991636,21.548654797269254],[101.21765609199286,21.55466574519641],[101.2129199725043,21.56147443608809],[101.20140977055675,21.561781562203073],[101.19420255294162,21.559031535580854],[101.18736378062566,21.558959889513496],[101.17788163342995,21.56320000238664],[101.16470641738995,21.56472719122552],[101.15278136308925,21.565311004278488],[101.14882969297898,21.571861343571392],[101.14853111588967,21.577842702255893],[101.15067543647726,21.583066113529174],[101.16079943196604,21.592191202149316],[101.17614951502297,21.595879966860707],[101.17631727653287,21.60805119102443],[101.1687646574744,21.62458702069205],[101.17103775964219,21.63371035193906],[101.16818448214225,21.643674616138487],[101.15684710778062,21.642625593690703],[101.14236697934774,21.650400467447557],[101.12686490755604,21.649700630138454],[101.12151690451905,21.651234023083187],[101.11656533071454,21.661774481225894],[101.11808141148651,21.673591061652093],[101.12241324435337,21.67935927496889],[101.12473016647911,21.683213532080128],[101.1273304926309,21.69311169936333],[101.12945864147241,21.705226337729876],[101.12530037107527,21.72786404099301],[101.12388180293533,21.751798449786154],[101.12662036500512,21.774922193196932],[101.11779377994883,21.775637198453335],[101.10959264638862,21.772886590931652],[101.09946837472623,21.771570764304034],[101.0896263464354,21.76381337785344],[101.07816020121898,21.75908649423569],[101.06517470499688,21.74544447267445],[101.04179074771302,21.729571007253774],[101.0298052162351,21.723707263758985],[101.02287028336568,21.714484771408447],[101.0181028128043,21.71163350184341],[101.0158902548774,21.711077886688297],[100.97945290152282,21.70192642950639],[100.96268373379284,21.70009858687323],[100.94708920042237,21.696400130775007],[100.92636111349441,21.685950979882808],[100.91872404862933,21.685474359213952],[100.91442828274918,21.681688519253893],[100.91076608226584,21.682478131371692],[100.90068814827902,21.682298360510767],[100.89190676481053,21.684378298743216],[100.89014470606688,21.68304880419215],[100.88401867669421,21.675866763543322],[100.87954749570272,21.674152204362663],[100.86921749945151,21.67374780761773],[100.86966913495645,21.6684465112977],[100.86783745291025,21.66294616798121],[100.85926825599047,21.656535032713652],[100.8523406862147,21.653956847873616],[100.84267856552958,21.653012615477934],[100.83427649036173,21.64936237469392],[100.82739577749945,21.643568300576273],[100.81325398117026,21.621211269446093],[100.80484353352729,21.60487574249402],[100.80009662053604,21.58528876356986],[100.79130694043018,21.57766568730229],[100.7800452681447,21.57223714087987],[100.77037350621195,21.560990541196254],[100.73727008722335,21.529736877119262],[100.72373152709059,21.511702580748402],[100.7179805904773,21.508611044552822],[100.70032467355774,21.510441767332754],[100.68986771783091,21.504299789544127],[100.68552082871614,21.497496067152177],[100.68026126713416,21.485688208742236],[100.67799542380591,21.483293421477594],[100.67103539700382,21.481802526164348],[100.6573853833802,21.483336262588292],[100.63960530537804,21.479634254713027],[100.62006145777012,21.46886474163238],[100.60349874229466,21.463553188576515],[100.5910447660046,21.455657967966882],[100.5771389163028,21.45045672752913],[100.56854343197715,21.451554340485238],[100.55548328486842,21.45677864017646],[100.54403205351541,21.460048520735587],[100.53432468664478,21.464589082857866],[100.52453008914908,21.466917836887262],[100.51301641447422,21.467422690907522],[100.5021579731833,21.464092852330275],[100.49142592570442,21.458100445016388],[100.48414159232746,21.46154811172959],[100.47076209284153,21.47336860512589],[100.46409868988293,21.487693204465103],[100.46322155127555,21.492159879494363],[100.45682521259839,21.50281703021878],[100.44616557176543,21.51319101942807],[100.43936745758721,21.52621893956843],[100.43674861898683,21.529319676940947],[100.42567907276916,21.530294496312063],[100.41660270237801,21.529335056245145],[100.40883934584906,21.528679444504533],[100.40439884066866,21.527870636721648],[100.39980590526271,21.530283797274507],[100.39582364564704,21.53681479717616],[100.39244394105995,21.538966096552976],[100.3814273213613,21.539929347966737],[100.36494830460593,21.53669244848375],[100.36168260412903,21.53605383110156],[100.35467893917249,21.531401562491816],[100.34581357488521,21.52173992216395],[100.33199684424417,21.50163152309097],[100.30807147110616,21.479931369501063],[100.30161714199245,21.477102002861745],[100.28520710604685,21.478191150327564],[100.28025525639295,21.47647283214507],[100.26744581765765,21.465754373562568],[100.24999067186886,21.464568125455127],[100.24351351807749,21.460818586983486],[100.23068096479733,21.44940826886889],[100.22199067137292,21.436521684913753],[100.20267421369499,21.438819522517328],[100.19809603268003,21.4419159185634],[100.19652491291767,21.447008376272407],[100.1858205580556,21.450479891568],[100.16910519716039,21.467187660573618],[100.16725917036622,21.471366734098318],[100.17044003166589,21.480022283898172],[100.16094961983943,21.49196361081005],[100.15058124583116,21.498641052937263],[100.13760399134884,21.499634543796844],[100.1356895579857,21.50151762233231],[100.12487865585697,21.537610502207883],[100.12804473373532,21.554766093743453],[100.12744982455862,21.560064983864592],[100.12444374498867,21.566795890782622],[100.11512890132992,21.576432314589816],[100.11397604499086,21.579446008403433],[100.11489179195148,21.586088227371846],[100.1258475723434,21.600763684297],[100.13250052419568,21.60720568561699],[100.13441548506617,21.609062967841712],[100.141410834625,21.61349442876144],[100.14353196704309,21.61918810485709],[100.14300563675083,21.627012292706056],[100.14514190299268,21.633163186523294],[100.1516879843776,21.639211857439562],[100.15764640918488,21.6416005104826],[100.17091311407917,21.641747419220195],[100.17732966172241,21.642973615627046],[100.17811587553865,21.644791125011345],[100.17749733170925,21.64917094485664],[100.17262285922551,21.659395334402742],[100.16260484256665,21.67042700140991],[100.15678432797671,21.6730920500596],[100.15126024730078,21.677816603884864],[100.14196804250057,21.688601698372125],[100.14131218467193,21.691845793666857],[100.14013732227386,21.69346980553548],[100.12548860078356,21.696797847227913],[100.12070552456827,21.69254431440835],[100.10356213967276,21.694550766468534],[100.0957804153555,21.688300358474535],[100.07587572211526,21.688071420046857],[100.06878109877901,21.689383376428864],[100.06244822115929,21.691367638340697],[100.05457533251779,21.691597891834007],[100.02685783175156,21.692412706930966],[100.0132021518965,21.69639722194582],[100.002284820615,21.7017003809659],[100.00010301116481,21.703937102450528],[99.98625527280849,21.718142431527255],[99.97794747600484,21.738773545427517],[99.9724776243382,21.764853923320345],[99.97284306110514,21.769439296482197],[99.96110167134898,21.800022797080548],[99.95013871309844,21.81335985323821],[99.94788083945329,21.82122044023421],[99.95184734888109,21.841574914656398],[99.94813998501108,21.859802255456806],[99.9497650560448,21.865507305699193],[99.9651078198022,21.8787172067993],[99.9619872679579,21.90037757515828],[99.96361213091318,21.906311972116665],[99.97133263530061,21.910042225799398],[99.9828833118364,21.918969685391794],[99.98543962508637,21.922587970352616],[99.98427927933147,21.9347862433779],[99.99441906314946,21.955456586836686],[100.000102520304,21.97508068633003],[99.99168771276723,21.99203626547453],[99.96657266123137,22.020161071814883],[99.96244507498656,22.031737535987173],[99.96438340761621,22.040191114152304],[99.96886733569846,22.04808077616733],[99.96863103695576,22.050477657629866],[99.96721047972922,22.05260719885675],[99.89072172432046,22.067262265069616],[99.88130856701517,22.06633450492439],[99.87112578934865,22.061971353940635],[99.86848325700687,22.056056696241225],[99.86912143230542,22.049571535677718],[99.87779886991775,22.03403296091317],[99.86687123262219,22.027611960374553],[99.85589120973536,22.023940955771653],[99.84852920319912,22.024030625569388],[99.84219155528154,22.02811865344289],[99.83509775270053,22.039052975857793],[99.82592991423161,22.045934821756333],[99.81956979396591,22.050387289134132],[99.81280270512471,22.053533671012985],[99.79466220609915,22.056654280995847],[99.78974019063077,22.059250133849872],[99.77360465451835,22.062376996665726],[99.76774289922626,22.06639258700408],[99.76375092217815,22.072889678409574],[99.75725017625794,22.078065213988097],[99.74661195206309,22.0785311828754],[99.73637437432296,22.073509299237188],[99.72885439365243,22.066055639744825],[99.72293694871233,22.05216604960041],[99.72074473116268,22.046912642096622],[99.71524620782957,22.042682289742245],[99.70220879020084,22.04338716810476],[99.69441861407218,22.047666595004873],[99.69089894726605,22.05418592767567],[99.69583506440722,22.066741698378802],[99.69475658349491,22.07063306783282],[99.69181247808324,22.07369361639544],[99.6822827761621,22.078249027931726],[99.6742904875597,22.084351892664],[99.67070623947797,22.088571780859255],[99.66240079217525,22.091720165836662],[99.65719195467378,22.097598995292845],[99.65523782851996,22.10171941499483],[99.65189452642626,22.10503316841494],[99.64252144135813,22.10335155916368],[99.62587044605428,22.096791027284375],[99.6155155293474,22.097258363222178],[99.60796134294884,22.102277491280116],[99.5971000910804,22.113271652030463],[99.59168528542135,22.112619602418828],[99.58175506324568,22.1089756706595],[99.57052100029102,22.113063559141093],[99.55999563202468,22.116453470227142],[99.54374426325533,22.104669040856937],[99.53850491132263,22.102646607466344],[99.53092466566002,22.103069385481277],[99.52792639299355,22.101991799715776],[99.51885221744678,22.105087791077022],[99.50739806539012,22.112920533925784],[99.49658781490804,22.12280564779041],[99.48346095671246,22.12971978394601],[99.47572613974565,22.137656426579344],[99.46325470572307,22.133313943127998],[99.44010863962544,22.121784091133996],[99.43050008710023,22.119244299027706],[99.42283886051818,22.11937942195836],[99.41747536899102,22.116242603080945],[99.40800577245857,22.10827948196523],[99.40221496478351,22.102650935780858],[99.38182177354933,22.104880718767195],[99.37826151737559,22.104832793060076],[99.37260078751079,22.10351303605128],[99.36689936011739,22.101272732053722],[99.35093852778841,22.100415369273218],[99.33810678281563,22.09928282545256],[99.32931030207747,22.10243374810591],[99.32689914353058,22.10477369263479],[99.3173545269787,22.10748017324113],[99.30699411550913,22.10675590673995],[99.30044084674807,22.11124226024541],[99.29184250489008,22.112319884963373],[99.27947574405815,22.110025408932707],[99.26297365883713,22.11010199845082],[99.25423772796674,22.116003046984062],[99.24785980780972,22.117268214087233],[99.2362940283374,22.117939104827382],[99.22564340527825,22.115150585456995],[99.21905976848879,22.11825589672033],[99.20612838177537,22.135710918803202],[99.19886552319917,22.14158452995129],[99.18958775643785,22.14565648872278],[99.1812416545877,22.146955874736786],[99.17271243511621,22.15146981851618],[99.16908076058073,22.15474918870836],[99.16651706282134,22.16145589077602],[99.16365649932352,22.16632904981578],[99.17258204526738,22.168923585494532],[99.19347168232022,22.16625155147447],[99.2026720098533,22.170447750291576],[99.20053633658688,22.174159279152097],[99.19340238595666,22.174748778000826],[99.18800148752462,22.175534902064534],[99.1836373642809,22.1790576413062],[99.18103533460621,22.184153921093902],[99.18797069949962,22.197576910920297],[99.19926966798984,22.207705203633576],[99.20414447855218,22.21680008923523],[99.21037744211975,22.220130791784996],[99.21205599538654,22.229514726418415],[99.21408561311257,22.23200281652868],[99.2200970970344,22.236484678266354],[99.22704731041931,22.239112891494724],[99.23283061250456,22.244288493323392],[99.23695858340308,22.25293843336916],[99.23623379669289,22.272951202417712],[99.2361876005936,22.27430374342559],[99.23763685998428,22.28461002947208],[99.24477083230454,22.306978176809817],[99.25440574280032,22.319199381258677],[99.25737395053406,22.330853206796785],[99.2641948442051,22.33830435963302],[99.27673687148494,22.347944724870626],[99.2780799450073,22.353199700350274],[99.27384533935425,22.362690397147222],[99.25716074518745,22.38019520907007],[99.25358218327844,22.383955041016556],[99.25217081500226,22.38719539617213],[99.25571881609986,22.391493426162405],[99.27006909188785,22.393294113949914],[99.28087207469197,22.402275621982184],[99.28976746451349,22.402800568094957],[99.3007840019576,22.410171006202077],[99.30757473904586,22.41601304387998],[99.31222882764571,22.425796042784178],[99.33177420020014,22.438974848477667],[99.33912154809771,22.44778952469784],[99.34765063363119,22.454055078732242],[99.34838297394695,22.45532189819241],[99.35407438169467,22.465183751664878],[99.37032543126298,22.474516475168105],[99.37700118451725,22.485865438608418],[99.38756698027215,22.494617102071533],[99.38963459002429,22.498938790276664],[99.38373765849333,22.511217644012014],[99.37096557663136,22.514444757142474],[99.36432086585327,22.526508953917613],[99.36641089394816,22.531749347918755],[99.37681781668616,22.544174411890754],[99.38427895113504,22.557576010301133],[99.38773477356034,22.568528384468827],[99.38839106116053,22.575631492573386],[99.38685774987151,22.584611483685308],[99.3836992923552,22.58673829472113],[99.3801436081879,22.593461920546144],[99.37828967617457,22.59900774275153],[99.37991573703,22.605403231933604],[99.37710757414774,22.61257105725482],[99.37104961607302,22.61796572785957],[99.36800574244756,22.62559759706852],[99.36549587373923,22.646073448186083],[99.35978982759957,22.667066347799974],[99.34768123782295,22.689789594705044],[99.34218887916428,22.70963156866713],[99.33206463287979,22.721297509308783],[99.32332199465999,22.728805214244165],[99.31909485731558,22.73875242060306],[99.32082033763666,22.74378011364101],[99.32470858286251,22.751171873860944],[99.32754085090565,22.753708184603383],[99.33673150526016,22.756225602025193],[99.34427324272694,22.76213241356104],[99.35447225416851,22.7623219677008],[99.36585902677622,22.7667878318534],[99.37894707943497,22.765391870104366],[99.38507924919084,22.770761025121562],[99.38582616543428,22.77437301765458],[99.38622441825278,22.790237055553316],[99.391708344495,22.80646683367838],[99.3986298800708,22.8148069605372],[99.412401221734,22.823057590274487],[99.42110795508476,22.83707662233016],[99.42844759192019,22.8433303628531],[99.43514571886067,22.845795394336886],[99.4471596560476,22.851290956756714],[99.450320602244,22.858143029411412],[99.4450312112546,22.887153934282736],[99.44003236845472,22.898237034135867],[99.43733878854894,22.911090551372357],[99.43803156683131,22.918907684047653],[99.43752773282057,22.93224359696954],[99.43948209404019,22.939944601629804],[99.44504515091609,22.947014580055086],[99.45072919744432,22.943931952783192],[99.4581749355614,22.935543177093933],[99.46813634489351,22.927013065954934],[99.48847356292063,22.915920814619025],[99.50840470062171,22.90837257972017],[99.5298823268606,22.907308943253394],[99.52992513069503,22.908226471895972],[99.53730328534549,22.90742481708462],[99.54434527476451,22.90907621082601],[99.55382000071813,22.915339355208502],[99.55760399339555,22.918283314473143],[99.56352760727854,22.92591508729779],[99.56277954059709,22.93877998508382],[99.55798082406952,22.954909792300036],[99.54902460340219,22.964506699354065],[99.52587214036434,22.992297587225213],[99.51793573653926,23.00414054563276],[99.51568259105764,23.02277820797766],[99.51680006043665,23.03006484620026],[99.5159265916894,23.048224651041743],[99.52525319216457,23.065456478007754],[99.5193711086465,23.078411078325622],[99.51499247145907,23.082205402201897],[99.51054418292166,23.083891975516135],[99.4992280084855,23.08567323143801],[99.49475236583126,23.087815052364505],[99.48589209325627,23.090547900670394],[99.46817995709951,23.097082001865004],[99.45547575279471,23.100995683794405],[99.4339075379844,23.100954153740414],[99.42069377213537,23.108549202774384],[99.41256158237879,23.110769675073797],[99.39821111779963,23.111962040854756],[99.3857289598321,23.119082464004727],[99.37361361021426,23.12045958747315],[99.36625995803911,23.124270718910807],[99.36339883177642,23.12937077540892],[99.34762368339153,23.12943376342822],[99.32881964574185,23.119161820317487],[99.32153759272322,23.116478421304496],[99.31311621443896,23.113457864222116],[99.29987321309858,23.111819430797777],[99.28484998656694,23.115570170973218],[99.27569621261038,23.116622732289745],[99.2548011377852,23.11519821761013],[99.24160826636736,23.109621553215327],[99.2232121212026,23.09597855790857],[99.21671695917439,23.093148029912633],[99.20297107185438,23.09333166167898],[99.19736299107461,23.0977912721772],[99.18628560345611,23.10143312331174],[99.18068940411963,23.100381437211293],[99.17221038567966,23.101462647109095],[99.15851331549173,23.110209833048597],[99.15065618076363,23.112147535189933],[99.13593871466682,23.107843737271967],[99.1231579256699,23.100444931729204],[99.11548350769901,23.10101802834663],[99.1090749777327,23.09379403512139],[99.09975989334072,23.09738384486425],[99.09192598950693,23.103527055743818],[99.08306209683664,23.10759837606228],[99.07278259931617,23.11415003728637],[99.0566802865944,23.124028031493335],[99.04965702078344,23.134056286986315],[99.04854663604223,23.143872751284096],[99.05230976477807,23.159181129844487],[99.05686532443428,23.17270429110912],[99.04907832901489,23.1688757350426],[99.03978758400756,23.16587527683376],[99.03166326641757,23.16733141890496],[99.00909508926837,23.16768353172904],[98.99819779875357,23.16861182147565],[98.9817351989894,23.174797769997372],[98.96731277613846,23.171860384266427],[98.95938740054744,23.17469459178596],[98.95054539960324,23.182455725407323],[98.9500437077976,23.18277421344099],[98.94549147776827,23.1842717524785],[98.9407615920501,23.183201210746898],[98.9360691728513,23.184425845328875],[98.92430500300135,23.19150247505981],[98.91760705855823,23.19138188247729],[98.91004699011383,23.185083672793336],[98.89340755844087,23.184208444852356],[98.88990565685579,23.18266136251427],[98.88486194354074,23.19122958157373],[98.89428421375491,23.203922556507994],[98.89825179673315,23.21647344056422],[98.89755749818967,23.219237120874254],[98.91545539712693,23.24669837767475],[98.92020112620526,23.260839922313743],[98.93087411162294,23.273737712861767],[98.93201100740194,23.28128936711654],[98.92851646049118,23.29304304261889],[98.93844849746998,23.2942024287933],[98.94085699742003,23.312263468471507],[98.93080005350625,23.326765741740168],[98.91127437115378,23.331846910386222],[98.88435020616197,23.331463165699525],[98.88731231185578,23.34096213848485],[98.90064691934023,23.351980714614374],[98.90688460889328,23.354447216065676],[98.91953133607713,23.35381234414409],[98.92280026113748,23.357202148872776],[98.92473287951415,23.36471935759782],[98.91940835408138,23.3868062160357],[98.91944707754234,23.40399313941283],[98.92120534973282,23.41862838086873],[98.92236318777593,23.423174237518666],[98.91484931947078,23.432699901480294],[98.90550287124559,23.442026715713435],[98.9014966774359,23.451298226276716],[98.89608117502104,23.47017426636662],[98.89100728697639,23.47645809012796]]]}},{"type":"Feature","id":"hartwell-1200-country-v5_1200_chin_chn_1200_l-38","properties":{"id":"hartwell-1200-country-v5_1200_chin_chn_1200_l-38","name":"流求","level":"country","sourceId":"hartwell-chgis-v5","year":1200,"approximate":true,"color":"#a49373","recordId":"38","sourceLayer":"v5_1200_chin_chn_1200_l","sourceRecordIndex":37,"sourceCode":"S008200000000","sourceName":"流求","sourceAdminType":"Independent state","sourceContainerLevel":"province","sourceHierarchy":{"polity":"宋代","province":"流求","prefecture":"","dependentPrefecture":""},"labelCoordinates":[120.8266425307811,23.601465478624558]},"geometry":{"type":"MultiPolygon","coordinates":[[[[121.4907026594054,23.434878006065375],[121.4805019869609,23.414110029713477],[121.47738701359995,23.40054203179586],[121.47520066513589,23.397651040374562],[121.46883337348314,23.388947310441317],[121.4671845164311,23.35775006422316],[121.4628368225565,23.346596281945885],[121.4642562176986,23.33970832571224],[121.45713688778311,23.31631594687247],[121.45484169615949,23.31334886178728],[121.44865435171447,23.312757919606586],[121.44236473586291,23.307740813127147],[121.42726151511349,23.28792574948238],[121.42520678331884,23.285197500471792],[121.42162590701541,23.270587152090602],[121.4166260477218,23.263975650780033],[121.41161616435625,23.235799553925926],[121.41543651022397,23.22862186006078],[121.41495570987227,23.225365795677128],[121.41042063126946,23.219697946903857],[121.39717628960187,23.210226466814028],[121.39287982638352,23.203131518798585],[121.3927930611572,23.196017418448307],[121.39928163260035,23.174622627528056],[121.40290991613814,23.167474099360355],[121.39504423692122,23.1468717198149],[121.39650051365405,23.14293728943434],[121.39593978556296,23.138119020091438],[121.4017684668953,23.126824081687232],[121.40544910626724,23.125499196762124],[121.40714426998849,23.122915230217412],[121.39820036076168,23.114982469936],[121.39152142618012,23.11706057342928],[121.38366872628545,23.103119961536937],[121.37912603134761,23.097913829546634],[121.36627438755956,23.09828354899197],[121.35297181774521,23.087796601377008],[121.34949379312924,23.081402149853634],[121.35137874228127,23.07656633946152],[121.3439197223155,23.06978307077878],[121.34212508557549,23.065159061032507],[121.34181939922986,23.05622469598116],[121.33462544438413,23.032636170616914],[121.3313259076755,23.028342310671],[121.32908790087666,23.021194549935377],[121.32433090757887,23.01805714537948],[121.32299789973139,23.01326665626513],[121.3200170627882,23.01077430203672],[121.31652781249304,23.002064139796055],[121.31690627291214,22.993112603978847],[121.30704628660226,22.974849817376786],[121.29831513531443,22.9652070632676],[121.29078972653573,22.956855167823537],[121.28361320167554,22.955487575799175],[121.277547267954,22.94708954770017],[121.26365088675627,22.912969419033544],[121.24227495624623,22.882896583520733],[121.23208396897991,22.87764691520047],[121.2297940859016,22.870132628671186],[121.22707369336759,22.86741114842956],[121.22324310864356,22.867829245465956],[121.21914330720567,22.86838223355627],[121.20915881216156,22.86541418436958],[121.20047313707092,22.86205567118151],[121.18881885746943,22.853419011888434],[121.18602286091736,22.8491334166297],[121.18348929361208,22.837394375031668],[121.19235067835997,22.80820353059252],[121.19201296689754,22.798990185746792],[121.19026307067868,22.793983503563567],[121.18629393874747,22.79358858682935],[121.18051276032824,22.787825775820707],[121.17719171878618,22.77546691500309],[121.17493506869081,22.772022209600024],[121.1681856056662,22.75899690525727],[121.16616647696866,22.75579261247118],[121.16071566730668,22.75359095497486],[121.12779488324163,22.72280049736381],[121.1056642351384,22.710329029068188],[121.09971091863886,22.708573914292792],[121.08307080526203,22.70246702789066],[121.06889225013592,22.6919875335727],[121.06525041834057,22.68894232841645],[121.05921282848797,22.683861688958288],[121.03531774868223,22.670632618670812],[121.0248866331529,22.662064977964032],[121.0151321153499,22.644400121942045],[121.01078496901734,22.630432770656235],[121.00610474970571,22.596956943347255],[121.00031425426599,22.58645721382417],[120.9797185717291,22.568436788387277],[120.97113990614284,22.553548390003623],[120.96004021077471,22.521063934421626],[120.9499800348699,22.495183193011687],[120.94261943467005,22.461182742496508],[120.94107901550632,22.46012411842544],[120.9265076847514,22.4225113704662],[120.91928974365152,22.411483687919656],[120.89987758801519,22.360701755395834],[120.89466386860008,22.353997936305458],[120.88816790162508,22.334597978218117],[120.88716713337992,22.32584721647881],[120.88519926045909,22.30796857189897],[120.88837932059998,22.263863840290583],[120.89017941343978,22.253103295917356],[120.8935757062613,22.232802189185957],[120.88953662293648,22.221551316102662],[120.89050240961363,22.208964166396154],[120.8885720921068,22.20100405434938],[120.88667516047755,22.192667253763076],[120.88976869001733,22.174920631306968],[120.88549067114525,22.1650973420899],[120.88786714457517,22.156836715447966],[120.8873857658309,22.148278234677544],[120.89032697536261,22.147355882593704],[120.8912771888463,22.145536799601427],[120.88156427981308,22.136187894161903],[120.87987863688602,22.130230229822285],[120.88100397109271,22.124298870627165],[120.88616937818755,22.113652729851243],[120.89173754304056,22.10767826660385],[120.89316814910742,22.103555546792386],[120.88516967162018,22.087160536501315],[120.88443828027712,22.08569601070953],[120.88552020341866,22.060641048543946],[120.88890936730046,22.049804357560745],[120.89354107226912,22.041744988871894],[120.89353999245844,22.03830890056385],[120.88261339345107,22.02914755755307],[120.87886436974999,22.018401508785654],[120.87242676390917,22.01634042994122],[120.87088909698663,22.01295794940663],[120.87189915910336,22.008063672414295],[120.86714456722918,22.001653160034838],[120.85030806577778,21.99350228090094],[120.84269179540566,21.99245898833168],[120.83995667169314,21.99056270340513],[120.83964814409627,21.982994427173693],[120.8353691136217,21.963318445333822],[120.83578897276067,21.954335597167773],[120.84066334713322,21.941407379731835],[120.8482214759966,21.930661130929394],[120.85476826384107,21.921372040564425],[120.85399098474848,21.913317389438152],[120.85786385941314,21.90593084957205],[120.85687249145553,21.903483960604476],[120.85365146661617,21.902128142149966],[120.84750917626724,21.90234267409568],[120.84364435462577,21.90461754751104],[120.83810290302692,21.919881639345782],[120.8308912653302,21.920633160674427],[120.82039400982379,21.93285750920654],[120.81474599631082,21.937173133993394],[120.80544722657929,21.938154220821637],[120.79837476726195,21.944919410749286],[120.79609385660356,21.940536275957676],[120.79390473672616,21.9395757763467],[120.79100305585087,21.945878352902668],[120.78576881446553,21.948641436266094],[120.77521462162302,21.94962856609595],[120.75708786173865,21.96191166525843],[120.75411200848576,21.961443727996215],[120.7404704208259,21.948601889211783],[120.73825317241976,21.936498866697793],[120.7339561959144,21.92638910769417],[120.72951759145717,21.92178123564703],[120.72510800321442,21.920233958800658],[120.71972205930477,21.922088459187382],[120.70987263338945,21.933641779612714],[120.70520371880733,21.93343404907226],[120.70354672970275,21.94028423561784],[120.70537023127682,21.949476005471407],[120.70884034812592,21.966214355693126],[120.70816436532664,21.97662693862515],[120.70574999310001,21.984150055119617],[120.6986726124193,21.99499212412571],[120.68720377304344,22.005581226627033],[120.68105088386335,22.02082772504292],[120.67942865699197,22.02906212363239],[120.68117115806639,22.033714503844987],[120.69152851223022,22.04307471099373],[120.68959743938112,22.050613554335115],[120.6909300679452,22.05570000136489],[120.69727668672078,22.059549855040746],[120.70059726283533,22.065536671864017],[120.7001489738235,22.074424809203173],[120.69500213063584,22.084129091679873],[120.69822106514633,22.08892448076112],[120.70756854095312,22.092775571831677],[120.71037275541578,22.09624210118769],[120.70087957704968,22.127963288758423],[120.6947322518921,22.13401404974311],[120.69258602089435,22.145481177644903],[120.69338082055492,22.15139122601764],[120.68431662369005,22.178211638442484],[120.67838673660644,22.196010386032807],[120.67595540422083,22.214476434095182],[120.67185136614883,22.21946694608634],[120.66302690899819,22.23677773233138],[120.64663243464545,22.249958197111972],[120.64458812244112,22.25453832242428],[120.64462958187254,22.255366829338858],[120.64396312135727,22.267620350098447],[120.63763043369784,22.28714012915423],[120.63521472625494,22.290663094553086],[120.6352350994781,22.301233090437375],[120.6193247170981,22.32378896166644],[120.61225128696684,22.331360155554467],[120.6036515535971,22.334434149143437],[120.59504413415992,22.34270112731425],[120.59086777209481,22.35604054911459],[120.58697483673183,22.362938417925605],[120.58158740584733,22.36959983884276],[120.56882600083468,22.380905445416442],[120.55401536999877,22.388070129815482],[120.53848333456773,22.39849339107186],[120.51753347530486,22.40843674863092],[120.51211560656684,22.410277084489497],[120.50675850403185,22.41423972600502],[120.50275959775017,22.415864622243276],[120.49983152148405,22.417512671952924],[120.49373609189091,22.421122690096617],[120.48650445660384,22.42490400066209],[120.46183660220271,22.435302621253744],[120.45081587844165,22.444934784206037],[120.45601775141763,22.444706354245987],[120.47815764261411,22.433672420358253],[120.48165023478134,22.434256863582625],[120.48358939517993,22.437763604149115],[120.48242944373496,22.440719168580916],[120.47383649374358,22.44859694365489],[120.46512710738014,22.45343307854424],[120.45829019455387,22.45140647958586],[120.45375568504593,22.45273901301871],[120.44738263351486,22.448232427303306],[120.44345110028601,22.44910296696487],[120.43955392033767,22.45311880268568],[120.4350981382728,22.45786714953845],[120.43234124126758,22.462915360825054],[120.43689086820419,22.465195453294267],[120.4383304367984,22.469796988934455],[120.43414404640407,22.469130138453806],[120.43140681325048,22.473711819782096],[120.4280292053241,22.486172603015753],[120.42553828724012,22.481080831153267],[120.42203397055452,22.481607984804285],[120.42012689765241,22.49004814359025],[120.4159397356462,22.489380604565472],[120.41438393935158,22.490540975559558],[120.4122458499826,22.49283204803338],[120.41025928350398,22.494959449639236],[120.41171466869692,22.484364047756802],[120.40943868288834,22.479980903746128],[120.40644208711866,22.481820982766052],[120.39665236395732,22.49839283146976],[120.39519515923423,22.500742378430594],[120.38753518933467,22.503744700487957],[120.38682319532555,22.502369258710534],[120.38946511971174,22.488354226946264],[120.40308328495851,22.480287296456755],[120.40521875538096,22.476167741502017],[120.40303175651805,22.474087363198997],[120.38303727642317,22.484686387482274],[120.37249125962983,22.494327861751355],[120.35770556970543,22.503583485169102],[120.35102709909594,22.501340959055558],[120.34954265523787,22.50471272306144],[120.35001619443719,22.50936620412731],[120.34530228755125,22.515536740367924],[120.34255223984778,22.5177080189153],[120.32295466681771,22.53258528977696],[120.30047505329723,22.55835192675582],[120.29482507744754,22.562990803205643],[120.2727145297361,22.594061961133068],[120.26554246520851,22.601887345035994],[120.25742172907631,22.606889935019304],[120.26330217328149,22.60897924827108],[120.2606474213613,22.613540035665228],[120.25740222979613,22.61865124037464],[120.25726796203773,22.620800601233366],[120.25694641159048,22.624181321735236],[120.24903736257882,22.634057739972295],[120.24586084733583,22.641379630393306],[120.2432056913463,22.65427069345329],[120.24395555453248,22.660639359127025],[120.24644139211264,22.66573225742295],[120.25685710397059,22.676498633187165],[120.2571125253972,22.690530278308458],[120.2590952479573,22.688384922466454],[120.26035011332922,22.680608579331775],[120.26326965383909,22.679434785675685],[120.2655114496826,22.682434365411808],[120.26329115295756,22.68609619649713],[120.26630747082474,22.689073330684547],[120.26485274522702,22.692066093075873],[120.2665844236263,22.695511512432525],[120.26136864375077,22.70285713145202],[120.26069924752343,22.70767680212066],[120.25870135185426,22.70973168304295],[120.25619766704041,22.70751145641566],[120.25869360977126,22.698996312000325],[120.25566611679632,22.694169530178225],[120.24876881589226,22.71620209514051],[120.24192823037872,22.729605905489922],[120.22858108428635,22.755745575005847],[120.20921357522076,22.802187430521343],[120.19741342276079,22.826501546523154],[120.19068785640343,22.846733770866784],[120.18822623512733,22.850148945892684],[120.17872618587447,22.885029980625912],[120.16886090783262,22.907566854221198],[120.17011180577072,22.912839076750508],[120.16684593138875,22.91969987515232],[120.16868018443465,22.929139842388928],[120.16155592299106,22.95237833653906],[120.15407871713117,22.970488301224517],[120.1446890932845,22.98406923244752],[120.12866449625771,22.99945203239711],[120.11723277099367,23.00473041695344],[120.11403401811693,23.013240363997713],[120.1112845043415,23.01253323068784],[120.10813207998729,23.012347111742844],[120.09595828839635,23.020873658032798],[120.08162750809471,23.034149337067575],[120.06430776634335,23.042866781122456],[120.05442947868971,23.04513735211749],[120.05113661003922,23.045893997304027],[120.04719797531365,23.048685222177653],[120.05390762612963,23.056950022679946],[120.0662883910138,23.061061459036587],[120.08387864119376,23.067184281658374],[120.09083414710393,23.072731018118485],[120.09180244973095,23.07268214828531],[120.09280167569395,23.0776190484253],[120.07699844447305,23.069296447401868],[120.05857926205076,23.065880731838064],[120.05964228001044,23.081435400470326],[120.06009704614068,23.084233770191656],[120.0586513754542,23.091559310641866],[120.06190161273732,23.102543973066467],[120.06389760954424,23.107612572242196],[120.0639196709109,23.113153208842537],[120.06833793526269,23.1174994228541],[120.0738204339013,23.118179418540883],[120.08001496172723,23.11903258465951],[120.08698665702332,23.11626097568035],[120.08745148358764,23.125710156961713],[120.08048655530945,23.129127378555648],[120.07777108868167,23.13164798548559],[120.07659057839449,23.140597079477658],[120.07357380910392,23.144269948771253],[120.07016008072839,23.144304945337236],[120.06997668448332,23.146179384860734],[120.0684508218719,23.1668182043311],[120.06941304733513,23.17092767467633],[120.08337319530864,23.172036576469704],[120.08559133461901,23.173653531208227],[120.08506323699294,23.17640946521525],[120.08256837184474,23.18628766385343],[120.07844888629492,23.191598431822626],[120.08283514941105,23.19751850031645],[120.08491040253313,23.213843057939904],[120.08763059191504,23.220928820657996],[120.08937959041722,23.22205969947969],[120.11764748585112,23.22569946056494],[120.11119094733252,23.229873787946705],[120.09016769169669,23.228687602269034],[120.08587735197834,23.232360042345817],[120.08592930645662,23.23447680138043],[120.09167280604925,23.248695530771],[120.09490684049364,23.249333065656987],[120.10131806189118,23.255049306614087],[120.0984244910085,23.26128906575535],[120.10062459907904,23.26697175505161],[120.10558810470836,23.270404861302648],[120.10832568422882,23.27637844031707],[120.11598133194848,23.28071183173131],[120.11674726861689,23.283001340833806],[120.11354532069669,23.289747623440093],[120.1143484902569,23.292862783567536],[120.11701141285427,23.294783495347094],[120.11235212165334,23.299802488579093],[120.11016365563088,23.305569469703048],[120.1118509418216,23.311695355050677],[120.11636033556756,23.313531825133172],[120.1195568611387,23.321099784495356],[120.12184525571138,23.322520845453152],[120.1282425217401,23.319741795704722],[120.13050841724998,23.320427241747925],[120.14044851829247,23.315376269231155],[120.14391285482527,23.315609554305485],[120.13643009301562,23.321318285747708],[120.1260602489207,23.333910587078005],[120.12445022251858,23.335437868899653],[120.12011976012153,23.33948504123472],[120.11936464645147,23.343842312665796],[120.1256479455753,23.35529949054514],[120.1298657505451,23.367887928797277],[120.13217059058108,23.389709637877143],[120.13461570986674,23.391476813439716],[120.13686670450254,23.389671754526987],[120.13305802808675,23.365853278669604],[120.14150711552247,23.367206966843586],[120.14451468415218,23.36464487817051],[120.14676013478284,23.365794671934925],[120.14673485025374,23.370414775367635],[120.14871845556573,23.374741833599845],[120.14823439480041,23.376566628453922],[120.1537615758271,23.391732521469606],[120.15304972245198,23.39395974564686],[120.14959248378348,23.404526689612975],[120.14385780852287,23.404808713763693],[120.14115770668299,23.406863867413964],[120.14012382799206,23.411907172132942],[120.14159886970224,23.414923237899497],[120.14060832910255,23.419036973632977],[120.1453715122999,23.426558664977716],[120.14063803282835,23.428171349001907],[120.13691671565435,23.434159443980427],[120.14320828441451,23.4456120757993],[120.14786387524563,23.446503060943428],[120.14989821135201,23.44814504118139],[120.15260846006936,23.447934707576874],[120.15464645471711,23.453175908583297],[120.14743834190834,23.456441418077066],[120.14592702515041,23.45500014009912],[120.13827333781491,23.454360946258436],[120.135219217962,23.457851396871394],[120.1372643307835,23.46373769528175],[120.13555328747604,23.470632026134094],[120.1402278543873,23.475212470445424],[120.14351011084243,23.488024792292737],[120.15546296358454,23.489145233778775],[120.15697498368633,23.49058620844211],[120.1485405375686,23.493568172475374],[120.14052923387821,23.500917541359836],[120.13731457268429,23.50821429918425],[120.13714949183498,23.513775262533485],[120.14060840732326,23.516317407620164],[120.15872616887808,23.516725415480394],[120.15381387923871,23.520855233706094],[120.14081785137002,23.519978171478243],[120.13958216930979,23.523203145911825],[120.14356817103386,23.529544197064407],[120.13889063554006,23.533915620364915],[120.138628795579,23.538290620987517],[120.14561752424615,23.537827777715947],[120.14813737134347,23.54419721938039],[120.14212725199732,23.54285691827435],[120.13772071601217,23.54589677403941],[120.13217680272169,23.54679491095273],[120.13018938396793,23.55142040212822],[120.13223195777707,23.561457582765406],[120.13195150453143,23.57109386040788],[120.128574783606,23.593542060093874],[120.12633548454839,23.60918118617399],[120.12259905919886,23.60437290380765],[120.12057881980108,23.606418830690046],[120.12563935500127,23.616293184344773],[120.12874416569423,23.624421578830184],[120.1481098793059,23.67520143199955],[120.15410837917842,23.68595147096331],[120.16755635020448,23.7001375644404],[120.17155974165924,23.700570063524115],[120.17279809654792,23.698545403793993],[120.17278143170164,23.69070817479161],[120.17879119712092,23.69555240146791],[120.18297044361317,23.689318071618388],[120.18940772585194,23.68782760047303],[120.19449603499432,23.68293593111951],[120.19295890533677,23.687310482725792],[120.17852707778385,23.70287704456599],[120.17835073188733,23.709543145089164],[120.18234536729857,23.72002923295502],[120.18232793391553,23.729438554137197],[120.18591631438507,23.744594013300965],[120.18968150812408,23.753083578306153],[120.19366255352486,23.756930741511948],[120.19313434356647,23.759681820498077],[120.18710957873019,23.75834505405947],[120.1851752175913,23.759732916412787],[120.1874273307778,23.76383162458303],[120.2069478079826,23.789023280959768],[120.21190038763986,23.79337365861462],[120.21815184517006,23.796059322660483],[120.21494011296055,23.798647822568917],[120.21616535324078,23.80188099084941],[120.2329374054702,23.819906606790557],[120.23592536602278,23.820116474107984],[120.23810970723044,23.822231230119687],[120.24660206197366,23.83045354571872],[120.26139639244951,23.84894734686242],[120.25988087201712,23.852856406562207],[120.26237737267547,23.861342724830493],[120.26714325276333,23.868667822393217],[120.2776222668483,23.87598799006403],[120.28071067630651,23.880330754332643],[120.28388877112656,23.891113508798075],[120.29346688102557,23.903633968674704],[120.30324987355023,23.92561816059783],[120.3069457369613,23.931806812873873],[120.31252400567986,23.93569201851407],[120.32452693086432,23.96204923910036],[120.33331194156742,23.975049792563226],[120.34082645837574,23.993396798614764],[120.34157307394706,24.0001997819537],[120.3461075969909,24.000180808925077],[120.34783061662866,24.00868388734353],[120.35130432961051,24.015271415937626],[120.35773363144268,24.021241347958956],[120.36425500085723,24.032450388720388],[120.3692822052191,24.03300353372706],[120.37301553924122,24.04111877011099],[120.38263354220686,24.04431560273687],[120.39343496307067,24.052775058110797],[120.39818091635478,24.051064376624737],[120.40289410046529,24.062628665392786],[120.40965225916871,24.073431251291776],[120.4174323545086,24.08150285134619],[120.42634078771064,24.08572194173897],[120.42885555997876,24.08774794117697],[120.42966499629716,24.095461526805778],[120.43220010180983,24.098774505039472],[120.43157068796323,24.10089432427104],[120.42682378935008,24.099104544725208],[120.42664472368028,24.104475311026125],[120.43355367677664,24.125481240308776],[120.43149290281387,24.129654108134996],[120.4433126706163,24.14579009569025],[120.44275925977377,24.148359139230827],[120.44729561449951,24.154141061432323],[120.47993660164946,24.18517292808306],[120.48490323651195,24.189968472153502],[120.49381328395461,24.19003638790801],[120.50232900488116,24.18371256914431],[120.50761354356462,24.183393024869854],[120.50979542004063,24.181688805940063],[120.51487047546749,24.172001923589928],[120.51760117794775,24.17178267500853],[120.51128180357163,24.188102866600087],[120.50568484522219,24.192983079488],[120.49388307263563,24.19859398624723],[120.48459730489306,24.200976588244174],[120.48374003831766,24.203498175878103],[120.49634718376285,24.22356441465691],[120.50119926738053,24.227086260654442],[120.51026616606863,24.244908949814143],[120.51537062132135,24.251064237713095],[120.52170047766315,24.264407329588],[120.51952064955603,24.271361034426928],[120.51932289174843,24.27194287569133],[120.52477185289524,24.28707307530551],[120.53046693369042,24.284482206309274],[120.53516421843429,24.2917095706323],[120.54037695937647,24.294992127866905],[120.54033180880292,24.30632751688871],[120.54235464200079,24.316436037767467],[120.54680077887403,24.329133338743908],[120.55473295687696,24.338460056175133],[120.55551999658233,24.346540041491927],[120.55906746942411,24.353383043960545],[120.56591828798314,24.3575273050914],[120.57625355241213,24.37275891784041],[120.57656861591548,24.383854718759164],[120.58173142219017,24.39027350798401],[120.58483684276258,24.398561857163383],[120.58828411606278,24.4001696035102],[120.59894612331516,24.401077365180743],[120.59651815995832,24.40714595207393],[120.59617744234035,24.413826125133838],[120.59788385769312,24.417993246442226],[120.60021816460971,24.42004164655172],[120.60547680325035,24.42064404520896],[120.61215461109762,24.42950704912062],[120.6132304068994,24.436345393636007],[120.61644401416068,24.437158265027584],[120.6208203594665,24.441849985447405],[120.62469569314003,24.44247247477498],[120.63330255253867,24.454454760441603],[120.64763767430631,24.4651257874786],[120.65425694661921,24.478782264320085],[120.66683411203384,24.493026158462122],[120.66835961930079,24.498415519295857],[120.67166291777899,24.510077119304782],[120.6810856965665,24.5295745099448],[120.68484760832673,24.550188063636856],[120.70040195059417,24.57981685554425],[120.70215681041594,24.587655868351167],[120.70944707927748,24.59991784159539],[120.71826152713845,24.611216026453906],[120.72121926742466,24.612800729620805],[120.72965518708614,24.612741376267817],[120.73977103976333,24.614916176910825],[120.74729422193644,24.616464139939865],[120.75983642574303,24.614869759786977],[120.76491037648607,24.616045557700478],[120.7563537057204,24.62284480919201],[120.75436461105315,24.62912411189479],[120.75165531549575,24.628975839646163],[120.75032267856383,24.633316257206246],[120.75748190172334,24.64761900906549],[120.76415161204726,24.649385359751033],[120.76847399760099,24.65251397296821],[120.77552516440878,24.663886379056933],[120.7932763176889,24.669886816584476],[120.82359908769415,24.670414007322353],[120.83794803802004,24.6637549425647],[120.84044901111731,24.66384035929824],[120.85753694404299,24.664315407739295],[120.86014778252313,24.668433870233873],[120.8530684339901,24.670600411411403],[120.84911366320378,24.670733257656558],[120.8394126596573,24.67099084472936],[120.83654864838397,24.6756537884169],[120.83143909841314,24.674302241222904],[120.8286272825814,24.67812869791743],[120.82557862514692,24.67775679399159],[120.83746859345088,24.691714445292785],[120.85118349655775,24.70300433142621],[120.85404920948935,24.708004693739394],[120.85780527221779,24.72603169336523],[120.86104158850725,24.731436253288475],[120.87190288576916,24.74002228912314],[120.87796567727358,24.742241505239935],[120.88157713610154,24.740135014498904],[120.88801570580551,24.74505810766451],[120.89282580275537,24.74580815574605],[120.89539571908374,24.749103208473652],[120.90126652625163,24.766074057401703],[120.90451396264832,24.769819160304554],[120.91079225452415,24.79813772880417],[120.91336429474806,24.80143181654125],[120.91718912895077,24.802789252506],[120.9136354608384,24.817677268800757],[120.91400699799155,24.825442217752165],[120.91081507745795,24.827117811338585],[120.90974909626073,24.830682156666057],[120.91357650392088,24.83939979219425],[120.92011404817823,24.84596194868105],[120.923961174936,24.846303864938164],[120.92872706030084,24.84337936919368],[120.93470980802854,24.843399792059905],[120.93569907648038,24.846747220238363],[120.93438783540783,24.851176627984398],[120.9403667762973,24.852301438603416],[120.94335927612747,24.85626742517194],[120.93938424453823,24.863673560566664],[120.94299215200333,24.87168690872372],[120.94290954086361,24.876299267630568],[120.94553124056512,24.884368659101888],[120.95197421739587,24.89600271550428],[120.95432871237867,24.898040286337142],[120.96197362250174,24.904617141683534],[120.96995269034392,24.90405967967832],[120.97247034786753,24.905888331371926],[120.97005181907647,24.90800048120002],[120.96130501815084,24.910421289360986],[120.9650236814779,24.92016444185705],[120.9673552431617,24.924320900117387],[120.97595323145617,24.932317016543458],[120.9831579966172,24.936382989439846],[120.98118535133797,24.940451623339385],[120.98285381002312,24.94479954261019],[120.99538646989203,24.953581093946806],[120.99920448111321,24.959352360878622],[121.00540514714017,24.964488188108533],[121.01547508830748,24.98578031632795],[121.01418850443183,24.98808990770282],[121.015159517372,24.99355400545405],[121.01391370360157,24.998340690852423],[121.01442654940199,25.000102822839565],[121.01611020720576,25.005643194567174],[121.0278871659864,25.021892723179885],[121.03977652644743,25.03426116748665],[121.04299600507,25.036074180181114],[121.05021199500075,25.040134355207485],[121.067549547239,25.047170205115787],[121.08874592647194,25.06180450490229],[121.10142775714844,25.066229412593067],[121.11250272445005,25.07227613582779],[121.127250531116,25.0742696769212],[121.15082485816677,25.082002125739574],[121.16080338503558,25.087475191233235],[121.16445014703677,25.08830022485311],[121.16647896661291,25.086796005336932],[121.17998627906476,25.097984819373305],[121.20173956184864,25.104972582040983],[121.21050799706968,25.109798138871806],[121.23993579095803,25.11993114918485],[121.2568513984555,25.12166903611282],[121.27402845524591,25.11821342683703],[121.28387313942258,25.1184537062233],[121.29186861010325,25.125047343161434],[121.29900538636286,25.126345118023377],[121.31681493583433,25.12582117281608],[121.33335987712506,25.127144304310235],[121.35174302006149,25.13636931749165],[121.37251283812752,25.14329231643234],[121.3876259639013,25.152647236628354],[121.40729464849574,25.169392658927947],[121.41050188360552,25.17763671772521],[121.40082138101434,25.184924388823493],[121.41242042705902,25.193070053739],[121.41925811855113,25.208019939042778],[121.43001958326752,25.217580738598254],[121.43720168229972,25.231648192451235],[121.43688438562138,25.236479850546825],[121.44464084432607,25.252573087127576],[121.45553465510106,25.24969471541043],[121.46658182827844,25.25966773344391],[121.46818302872157,25.26457057959411],[121.46981723669735,25.26965219376079],[121.50208346747739,25.2848923433828],[121.50496795427858,25.288584203230847],[121.51384788482385,25.28509285321086],[121.52119808136545,25.287448273343696],[121.52824263268097,25.290862357387283],[121.5275674562113,25.29372627623261],[121.52905436420845,25.29689859235962],[121.53181777987925,25.297205661704556],[121.54592579791375,25.29216459844084],[121.5498632415663,25.29394443570087],[121.55699414593217,25.292928527330833],[121.56702036860707,25.298360310530985],[121.57273912017104,25.29783889313484],[121.57859110385327,25.29315733121539],[121.58294513632374,25.292847652280578],[121.59138845545203,25.290797253970922],[121.59987541071834,25.28248427351497],[121.60859122532507,25.27974586170977],[121.62334436448644,25.26631324302528],[121.62802520397503,25.25803874023725],[121.6314663047738,25.24416125786929],[121.63357812406544,25.235550975704452],[121.63768882250511,25.231780349773867],[121.64597639502709,25.233244862525954],[121.64824067005824,25.230866561058193],[121.64621362017078,25.223178770262315],[121.65502581612829,25.20965426795458],[121.66678920043111,25.20394760247869],[121.67366950555613,25.20323768507435],[121.67723012691523,25.208384887654276],[121.68275022682441,25.208439748547725],[121.6904929270949,25.21559938108999],[121.69449397267964,25.217180235921713],[121.69560501495243,25.21507350166558],[121.68677692802116,25.204771617004937],[121.68830104898953,25.200575586753004],[121.68165661150606,25.19177109487151],[121.6831356183542,25.1884102862297],[121.69216242833964,25.18147244374062],[121.70419510450981,25.17562595903435],[121.70537535086629,25.16743360067113],[121.70759153024943,25.16588895843887],[121.71750005033601,25.168013152009554],[121.72652220024652,25.161071995600622],[121.73043555622866,25.161652836728376],[121.73428300885497,25.15865428201546],[121.74250460384825,25.157636069562063],[121.74122145957354,25.150750681090525],[121.74544897644375,25.1460347911105],[121.74446540742878,25.143980578489128],[121.74023887071255,25.142253024825436],[121.73570876553,25.14480727874001],[121.73449960418381,25.13293936942018],[121.74150371908206,25.138832122843198],[121.75334972050364,25.142764815570434],[121.75653461396638,25.150179040505982],[121.7605285321377,25.153875704318352],[121.7561706993063,25.155206966130034],[121.75601509624352,25.156520143002666],[121.76186607296219,25.16158087281634],[121.76786690453302,25.1610028550334],[121.7693479670792,25.158744219188474],[121.7678854341184,25.155200915937986],[121.77514159517868,25.152767497986655],[121.78482675659981,25.143506249974923],[121.78798312488699,25.1421792811905],[121.7903399661186,25.143003732452936],[121.79107523526487,25.146938015715474],[121.79653846904291,25.146166939738915],[121.79936934442881,25.138815276913608],[121.8027440397486,25.13598033573855],[121.81391986948775,25.135777883456825],[121.81686072965991,25.125277663654],[121.8239618269137,25.124706008417206],[121.8275278894457,25.129849438713535],[121.83221470984607,25.132421541191185],[121.83606049212638,25.132640932550913],[121.83727759844821,25.13272430209922],[121.85117879063387,25.129968467318896],[121.85885283344035,25.124976336055504],[121.86624238877472,25.126473740418074],[121.87768824647698,25.125577049624553],[121.88582368897458,25.121982569614783],[121.90820688961193,25.124408030240794],[121.9119478442954,25.128324556545234],[121.91512241468698,25.12763507130192],[121.91456883651824,25.122566682704107],[121.90978488802358,25.117895394452166],[121.91182438384823,25.11490035931118],[121.91735575242542,25.115032581919028],[121.91689729392854,25.107278374658275],[121.91381676402656,25.102612107638894],[121.91457175237956,25.099176736864234],[121.91143928257549,25.08678308763116],[121.9112710953864,25.08588896303759],[121.91268750681753,25.079585306461205],[121.91919303599767,25.068418369074458],[121.92486469361819,25.063461984954593],[121.92311540565487,25.058951675686693],[121.92582853157177,25.05050621519099],[121.9267271129129,25.03986295865104],[121.93081188661384,25.030737372139473],[121.93690653677334,25.026448702894502],[121.93263270228012,25.022341048841447],[121.93743340739536,25.02074572596129],[121.94730962125486,25.02432693973612],[121.95281867929894,25.02436794493147],[121.96690911376523,25.028010951961],[121.97312363424213,25.0270169595591],[121.98053305236543,25.0233441218585],[121.98468754922241,25.015677843131886],[121.98746080257794,25.01606287325929],[121.9914708750345,25.01928979027564],[121.99933891219295,25.014344256701005],[122.0001827385174,25.010339732754012],[121.9984266344413,25.007396747310832],[121.99427758651711,25.00502143095791],[121.98822526913068,25.003687862984858],[121.9846507272276,25.000114670484106],[121.97626200317154,24.99169235957642],[121.97113087915807,24.989934096882497],[121.96111530731793,24.982415963067027],[121.95603552857261,24.980925226951886],[121.94470789572401,24.97757701340379],[121.92474807210543,24.96924939270361],[121.91886680444489,24.96401571362691],[121.91230500298879,24.951427965476338],[121.90564739534057,24.948436416998963],[121.8975990207522,24.940691289342563],[121.88655284385177,24.93720064748102],[121.88274414744608,24.93393808455975],[121.87810314300717,24.921963458566488],[121.87819219835777,24.91817185446278],[121.86592624902922,24.902804251554507],[121.86129365487967,24.899395710175106],[121.84702343355073,24.88876756518342],[121.84045346639492,24.877650470957548],[121.83058219308106,24.865952018946423],[121.82719706074586,24.859579584420192],[121.8201343140412,24.8350861457522],[121.8142245943952,24.810868513664406],[121.81211372067435,24.792035733782548],[121.81193561404959,24.786258056575267],[121.81122545719172,24.766371776651745],[121.8151904385477,24.744818957102463],[121.8235461970036,24.723302685717492],[121.8238777274892,24.719193986617373],[121.81608470086555,24.717484835413387],[121.81785090904772,24.715728828542368],[121.82072144660324,24.715087492363704],[121.82512396931376,24.71410992663016],[121.82708030756713,24.711770332575394],[121.8262937888168,24.707009874746134],[121.8295554255384,24.701512277322564],[121.83467702052982,24.66105310520676],[121.83808053780609,24.6499071864142],[121.84542507689075,24.634258926825048],[121.85258059122074,24.622419935951616],[121.86038140741422,24.613519759459123],[121.8662483814455,24.6102764713855],[121.87404214638069,24.608292306273107],[121.87708556003321,24.607528760094294],[121.87799514432456,24.605999904867062],[121.87723762523842,24.603538898942613],[121.85721018320345,24.606649172577065],[121.85365950574052,24.6009456833536],[121.85468215570229,24.59146798303815],[121.85672838154035,24.588558705561265],[121.86054754551864,24.585550339385385],[121.86378750989248,24.58798346496305],[121.86742692492712,24.587216966909835],[121.86891921034947,24.58347367452969],[121.86520928651478,24.58065470746612],[121.86413542103594,24.576491774300155],[121.86629021682624,24.536763173556185],[121.86407435658235,24.532874762324752],[121.85105361687111,24.530253552068793],[121.83538615952172,24.524087520944896],[121.83229940484811,24.519784270904644],[121.83138166328763,24.511629266648725],[121.83251513909947,24.504345479696482],[121.83942520373945,24.498720995655024],[121.84441683698483,24.48759094317206],[121.85141495696551,24.486194599106227],[121.8523337030285,24.483649010979374],[121.84996995960226,24.48162869118395],[121.8419103367569,24.480519488654476],[121.83315890441932,24.476752753009258],[121.81480166103586,24.46298839832198],[121.8118331677635,24.45340681892537],[121.80593248772193,24.4462305902657],[121.79612118337329,24.436172415596417],[121.79440525523857,24.434416589638673],[121.78766351054259,24.419992760042152],[121.78403830624507,24.40414834008531],[121.78244476817179,24.385856815170335],[121.7764647038854,24.365311519546452],[121.76559725076821,24.341392058100478],[121.76597784590399,24.324628115592105],[121.76375973359485,24.31529192239134],[121.76454975381307,24.312581791443094],[121.76258564172934,24.305696603960307],[121.76133812073462,24.303772972938976],[121.7595068585352,24.300834962109093],[121.7450113638078,24.28838009988055],[121.74266076667286,24.284232478433722],[121.73821572142461,24.262236171140707],[121.7283464584817,24.25116409950726],[121.72260740465059,24.24690964102183],[121.71209359135607,24.245261234049696],[121.70806381023527,24.242210735989744],[121.70046656844828,24.22782084853707],[121.67641566838434,24.21447730206974],[121.67366341001133,24.21297631722254],[121.662745925788,24.2015112254545],[121.6493670706052,24.175481719782955],[121.65701650707369,24.157188743067323],[121.65865260925047,24.14880471671635],[121.6514706679786,24.125757242093865],[121.64818072812157,24.121294313787114],[121.63068962419914,24.106806605660907],[121.61915538000082,24.09728045199731],[121.60875315673084,24.080371768340722],[121.60725749602746,24.074330260799996],[121.60823568919102,24.060139972196897],[121.61017232888025,24.054477056657166],[121.62390402188721,24.029949666977107],[121.6369722247261,24.018637680516054],[121.6400429074642,24.012700357604814],[121.64055983990659,24.005229410574263],[121.63933929268757,24.00015896499273],[121.6346929989051,24.000158972594487],[121.63109575932674,23.99343435307962],[121.62238094537086,23.989000740962116],[121.61482647505507,23.98170364307073],[121.60850742438573,23.974671653720673],[121.60210940522278,23.96284877192135],[121.60096366884926,23.9456652434129],[121.60483684318729,23.940339060453788],[121.60361386825329,23.93850108948062],[121.60549783165732,23.9369085663949],[121.60523870811316,23.936025977560302],[121.60111884932523,23.924763822197924],[121.59752544709379,23.888104153452666],[121.59168646559348,23.85863474555441],[121.58067138536728,23.834882533030733],[121.5757750872476,23.81819585897568],[121.57306215980758,23.814653261203414],[121.56893708855834,23.809301855083625],[121.56613373873972,23.801984634283805],[121.56527313719799,23.775413687352653],[121.56810474947787,23.759991730271896],[121.566279099342,23.753165173649588],[121.5576839106032,23.736692343180234],[121.54655238545293,23.72034383873131],[121.54421920808238,23.71396670251404],[121.54418964884523,23.70888752125378],[121.54777302098431,23.699259676805397],[121.54669578044836,23.696565176179508],[121.54264527063862,23.686670291385152],[121.53755230431507,23.656232517495592],[121.53256772131735,23.648241314936442],[121.53047312263978,23.640438098157404],[121.52621064868542,23.620589646279633],[121.5257891782627,23.598558053441465],[121.5191424099515,23.574184822956703],[121.51719605808157,23.567188580034504],[121.50659994726543,23.54982115902766],[121.50343937509628,23.533861502602832],[121.49807827080424,23.52426198295739],[121.49746570155767,23.513723337485168],[121.50009453223976,23.498784970325534],[121.50350925837274,23.49371039043465],[121.50745615161533,23.491603373529387],[121.50763846049117,23.48768954369922],[121.51059454918412,23.484444784287803],[121.50377620575225,23.47766595319158],[121.4941505626775,23.461249881208417],[121.4907026594054,23.434878006065375]]],[[[119.53475755998357,23.546291573364552],[119.53477549374816,23.54702656134366],[119.53830889580014,23.553263113150898],[119.54232766079016,23.553255401656006],[119.54349069641019,23.545718144488777],[119.55054908818765,23.533300916572717],[119.55322314702146,23.5309912838769],[119.557452056809,23.534180275096983],[119.56123151393835,23.533283229313096],[119.56839576010485,23.525274530554857],[119.56994839542295,23.525794918482607],[119.57193059287324,23.531510403952684],[119.57663802544636,23.532142470149598],[119.58455353187918,23.52826846177809],[119.58835491500162,23.5287502715379],[119.58735909290284,23.53174790364088],[119.58830381111292,23.535856680535066],[119.5930444223775,23.541646412370866],[119.59574078692496,23.54938181744758],[119.59497971067742,23.552623009538667],[119.59202437107878,23.553774498385753],[119.58808115681558,23.55054681573048],[119.58377446770555,23.55492958268513],[119.58079659355157,23.554701022066173],[119.57717006257947,23.551613049839887],[119.57211123992326,23.54752681596741],[119.56518252691568,23.547112854211477],[119.56314870801701,23.5509925561601],[119.55549781561264,23.549111673098302],[119.55071379852005,23.554204881703804],[119.55395196725227,23.55670257838156],[119.55850372241201,23.55634326086361],[119.56711319238916,23.555600900561178],[119.56959619849361,23.56013967341958],[119.57384362544246,23.561573820029682],[119.57554761832252,23.564285463902966],[119.56864126360948,23.567740219220454],[119.56361046373848,23.56383417718189],[119.55340975689565,23.56009697633648],[119.54844267992986,23.562173331248662],[119.55448649440697,23.568150927325824],[119.55812184495537,23.57501769775361],[119.55764711945879,23.57821813180137],[119.55289023177701,23.5834913170269],[119.55536831553711,23.584896686350273],[119.56406606536162,23.584695765557882],[119.57330627086752,23.587921095644187],[119.57429540744033,23.594788329707576],[119.5785312367133,23.587467030228666],[119.57730711099676,23.580355954676183],[119.58078610779579,23.57940841921958],[119.58400599719224,23.57434873777023],[119.58525547561678,23.572330184713298],[119.58828293293166,23.571629886359062],[119.5892035988149,23.57620246051039],[119.59224557478535,23.579924900591443],[119.59198231308275,23.583833455986937],[119.59569830520667,23.585617748097132],[119.59721145366169,23.58835569630925],[119.59297311230179,23.5993654250392],[119.5936756871367,23.601940237365408],[119.60363342376398,23.605339195866513],[119.6111457551113,23.60198221938919],[119.61435974305212,23.608629551424755],[119.61732083163226,23.608122296726048],[119.61906425381868,23.606126459782285],[119.61805883283829,23.59732588963687],[119.6150783178946,23.592765925149834],[119.61706534677037,23.579950100772294],[119.6205611183381,23.581580091399424],[119.62408863221607,23.58587894173511],[119.62500286652586,23.595337933742336],[119.62757832677464,23.596728078893562],[119.62975253467144,23.59559332488894],[119.63132028216641,23.590026542636153],[119.63174832463446,23.588399287451313],[119.63451236150408,23.587273757918712],[119.64217046252753,23.593481103159213],[119.6402071615512,23.595324018847926],[119.63547734745842,23.593960084768224],[119.63427168237943,23.596249605914625],[119.64394652021068,23.610193555360834],[119.64767620369841,23.607733823456325],[119.64838558703303,23.59924536851807],[119.65313785021927,23.593968136814585],[119.6581708444942,23.593537095535314],[119.66136376627698,23.600647506762503],[119.66680145071498,23.59536537248249],[119.67254231427634,23.58275684008057],[119.67229956927974,23.573848040488706],[119.67610955761931,23.565751234970786],[119.68504052608628,23.562095670601202],[119.68433602950132,23.55583293874913],[119.6695802498881,23.55247170950203],[119.6638419858835,23.56139323367225],[119.65866197498441,23.562122120972607],[119.63900397794701,23.55999940302615],[119.62562740514457,23.54740306313695],[119.61790397559254,23.545075763997193],[119.60812295532438,23.538426581422527],[119.60122280721042,23.533862110635013],[119.59752457953095,23.525990267299566],[119.59903221750028,23.523750501242112],[119.60380256259138,23.52354269120742],[119.60448986633145,23.521694446456408],[119.60024146330726,23.517772172306667],[119.60008143418132,23.509957150240815],[119.59807392723695,23.50903993584838],[119.59006676822453,23.511084272342885],[119.56722450005432,23.508565784752133],[119.56299908048992,23.510355454851684],[119.55972698078915,23.52252228705544],[119.55752898374047,23.5241202952701],[119.5452884409083,23.524816338462603],[119.54259042471475,23.53007933048273],[119.53986968431943,23.531473267905692],[119.53785682845447,23.53673250607029],[119.53438269281445,23.53832355929311],[119.53475755998357,23.546291573364552]]],[[[121.50204056079892,22.084885358222188],[121.50803408144506,22.083728034386088],[121.52957286826405,22.085067725913486],[121.5527848076691,22.083807048594256],[121.55965938373095,22.089289473072128],[121.56644551481948,22.08548984543281],[121.56559365283938,22.07847031171147],[121.56710616040596,22.069485449972227],[121.57099357459825,22.062437896374476],[121.56702007113432,22.06131823463619],[121.56296720100553,22.054261227809025],[121.56367738755755,22.0445694015725],[121.57118885915338,22.037767911592706],[121.57823879180336,22.034388057267503],[121.59070765991414,22.028264439925753],[121.59347503091792,22.025302519527497],[121.58680732984004,22.00453747723328],[121.58280247094606,22.00267973108039],[121.57602292111446,22.006481587176165],[121.56724842477486,22.0039126409928],[121.56367585879414,22.005052429914382],[121.56289594776236,22.012153462371515],[121.54262361056618,22.02726054932145],[121.5302743470657,22.025827484020244],[121.52743864166038,22.027310875031098],[121.52076502699438,22.037784841797144],[121.51543712042388,22.040509021663812],[121.50282122649543,22.046924910964734],[121.50249729709083,22.049487460762744],[121.50568004781965,22.055478799508563],[121.5025398442636,22.061844440311354],[121.50429884853675,22.069646661507782],[121.49477718684045,22.079369614590313],[121.49440760392461,22.082775738780317],[121.49521193264053,22.0845974214082],[121.50204056079892,22.084885358222188]]],[[[119.53419206700124,23.639003278226927],[119.52252197585969,23.62910882706528],[119.51150491576077,23.627693061061613],[119.51004347612056,23.624025719497652],[119.51284921493091,23.61506439981348],[119.51178259438004,23.61078902194939],[119.51315502839566,23.605805483567764],[119.513855411276,23.603403862532083],[119.51211700780757,23.596733328788826],[119.50439630044944,23.590065615568022],[119.5073826332066,23.584119885724444],[119.50317810013492,23.580465083285418],[119.50936309371133,23.569926067585964],[119.50967948778035,23.567577621927818],[119.5078849243026,23.565523044555025],[119.49027244814995,23.565761164813633],[119.48253003088256,23.56204433984401],[119.47439144854842,23.563912413513364],[119.46811744817337,23.560174993046427],[119.46220444476764,23.559981853080064],[119.46040186439862,23.56161456657394],[119.46269565257445,23.564983109132637],[119.47357044569091,23.57241400637726],[119.47953527074283,23.56918908217926],[119.48301068663216,23.57008877144393],[119.48766538981104,23.573497416996084],[119.49021318795536,23.575355362018346],[119.49398262899572,23.58248143389676],[119.49344832079144,23.587809334941696],[119.48544399891296,23.59740101181885],[119.48671951656839,23.599896540560593],[119.493954516537,23.59787725715333],[119.49537229818694,23.60127457365289],[119.49611775864967,23.6072537050299],[119.49913551116869,23.612087380250767],[119.4985840651013,23.61419158426832],[119.49241078826566,23.61735360430985],[119.49115128299509,23.62056982559324],[119.49390957090151,23.625623820658635],[119.493875641788,23.634751865680165],[119.50027636555954,23.64049741341843],[119.50381101062726,23.646733182261304],[119.50830331131613,23.647214421438253],[119.51496172360376,23.642141413291363],[119.53036208808122,23.64147209731704],[119.53419206700124,23.639003278226927]]],[[[121.46212394266598,22.676919311048604],[121.4752698414442,22.67907770450776],[121.48509463748108,22.678985123001073],[121.49178711514828,22.676612078826384],[121.49774568492285,22.678344867679794],[121.50265620403187,22.677463132351424],[121.50365663898876,22.658379750077046],[121.50114496286771,22.650805959237985],[121.49605292552535,22.647357249436013],[121.49577533976279,22.643041947548888],[121.50261888868998,22.63164466396023],[121.50100183162814,22.628564962470573],[121.48344115161409,22.63389167990662],[121.47351644880071,22.645503437521903],[121.47163919227279,22.64645400271482],[121.46679583318014,22.64880794138005],[121.46743604478031,22.653528641037575],[121.45884318221633,22.670488989641584],[121.45862948003906,22.674789703504768],[121.46212394266598,22.676919311048604]]],[[[119.59120716508288,23.62164226373829],[119.58571880627481,23.62416121913256],[119.58122942979348,23.621839558975015],[119.58022835631134,23.624191574122065],[119.58540182953594,23.63268501166576],[119.58563655636725,23.63726049458268],[119.57399409126981,23.65050008543787],[119.56943739959904,23.662011044266308],[119.55898544470332,23.661718871174415],[119.55499759142224,23.653889087380218],[119.55234368991067,23.653245545799347],[119.54652238935168,23.658019908616595],[119.54381679494027,23.662636058359073],[119.54434064291522,23.665327593055256],[119.54656494530622,23.66759779973296],[119.54899573174715,23.669931323337337],[119.55575685900844,23.672951048313262],[119.56517418848757,23.67228227986291],[119.57264255025561,23.67851974682583],[119.5854041615877,23.672313788907697],[119.59205417518825,23.672766532676214],[119.59380523240598,23.665241295565586],[119.59832711063503,23.66156755242882],[119.60403668863898,23.65053859224401],[119.60184001495557,23.648449794973622],[119.59833230108002,23.65170557388368],[119.59461772887052,23.650566329694826],[119.59041484261832,23.639541557516324],[119.59119519017614,23.63703609628225],[119.59909502887862,23.637958433276896],[119.6013725410556,23.635611965226254],[119.59514772240077,23.63040005496025],[119.59120716508288,23.62164226373829]]],[[[119.42282217209097,23.190552409221006],[119.41987079920698,23.19354681853623],[119.41591520065673,23.19197445510791],[119.41586493162855,23.19604175393867],[119.41269670355013,23.199527386219035],[119.41558439743311,23.203647543759757],[119.41487042007905,23.20596142757128],[119.40642689956601,23.212578934900616],[119.40736039675228,23.216693770680532],[119.41088670655772,23.219894709924677],[119.4175934159892,23.219054902554213],[119.42375795782561,23.222257767513312],[119.43765038950204,23.223646712304316],[119.44017245225871,23.222280600574365],[119.44114953165698,23.21789991039176],[119.43622973646194,23.203266818309103],[119.4320178221767,23.20256122238602],[119.42654567897003,23.19815507843057],[119.42554350338658,23.191096607612387],[119.42282217209097,23.190552409221006]]],[[[119.48479396872901,23.35380334723431],[119.48157716938869,23.356373202808932],[119.48325307540114,23.360198077062787],[119.49021550640698,23.367159824711017],[119.48893436722616,23.370843370967318],[119.48973147063052,23.374052668619086],[119.48644594535135,23.37930672289836],[119.48839088906672,23.38733638174491],[119.48588519500926,23.39257365275141],[119.48618931642025,23.39575921241077],[119.49364302991843,23.391492400896578],[119.50105633210612,23.39257988556673],[119.50184456983229,23.386382731849356],[119.50453723753276,23.38047309574107],[119.50112951954911,23.37559900152553],[119.50240300648805,23.373115438607147],[119.50532884827719,23.37243042692017],[119.50910211858768,23.37402517460144],[119.51157758958048,23.3710969327372],[119.50930099393926,23.367817521034354],[119.50387192027014,23.366269409820482],[119.50162059475687,23.362525111531657],[119.50516353406549,23.35704966594018],[119.50285540823947,23.355434784755406],[119.49667499765779,23.35657394513133],[119.48479396872901,23.35380334723431]]],[[[120.35040937119916,22.322681358026028],[120.34673387455115,22.329813997829664],[120.34621055073312,22.33489782746651],[120.35236899924621,22.337588997713773],[120.35607801148188,22.341296244396773],[120.35789207006816,22.34880989404778],[120.36379218005996,22.352280698942373],[120.37368047646532,22.35524492583137],[120.3822868262332,22.349224650648992],[120.38127608427719,22.3430735011159],[120.37261043054369,22.337516342217626],[120.36226345939536,22.32702003404052],[120.35460906513923,22.322885411995497],[120.35040937119916,22.322681358026028]]],[[[120.01140842442975,23.433160041029097],[120.01071836707362,23.455408066849643],[120.0132304465165,23.48226740257141],[120.02395495287806,23.507754757170066],[120.02922177122385,23.515390607339675],[120.03894745282933,23.52930182029014],[120.0413653099881,23.529690614589637],[120.04464667679277,23.525156840733825],[120.0438805190347,23.52286867411462],[120.03395408437538,23.514338119027062],[120.02465806064563,23.50064085654917],[120.02070758235871,23.485432762258093],[120.02169759440245,23.47947652052354],[120.0169217707695,23.467616366412123],[120.01588991664497,23.43961907336818],[120.01443450390471,23.434291982434452],[120.01140842442975,23.433160041029097]]],[[[119.59453005185293,23.729183006716386],[119.59362034107144,23.73520691636415],[119.58822752577366,23.74084335125996],[119.59672568744773,23.747948344230732],[119.60311259687204,23.7578353114127],[119.60867919788598,23.751437074700124],[119.61310274133835,23.74897575994941],[119.61284620108933,23.745510490416425],[119.59649171108629,23.737201270784436],[119.59453005185293,23.729183006716386]]],[[[121.95351773754955,24.836379845153523],[121.9474336666328,24.83799960315943],[121.93871731943452,24.837828390335744],[121.93229288414915,24.844017688520317],[121.93251892768224,24.84628557444741],[121.93964794407697,24.845974195409582],[121.94207629928033,24.850930915809528],[121.94639898465105,24.851621309836716],[121.95318806183012,24.848967257320158],[121.9565023932682,24.842169009269014],[121.96100247178109,24.84061833400182],[121.95722477721368,24.836984034607042],[121.95351773754955,24.836379845153523]]],[[[119.66670580950448,23.244852188422705],[119.66123652454108,23.248578882228298],[119.66225776116956,23.25378770650499],[119.65673891396948,23.260289738967096],[119.65745046236805,23.262311936220353],[119.66895170150742,23.266408644820192],[119.67266772521471,23.260253307311924],[119.66871105557168,23.25379838215768],[119.66844551705259,23.24534457525052],[119.66670580950448,23.244852188422705]]],[[[119.5091325756065,23.482563035178174],[119.50310713504668,23.483494916595305],[119.50067063175375,23.489181957862368],[119.50936316302658,23.487140983219536],[119.51429520620111,23.491708902047137],[119.51897180951183,23.492163200261057],[119.52153582079316,23.49475601034734],[119.53119177818792,23.498203175073755],[119.5346434149365,23.497721370161283],[119.53446162241809,23.494704092201516],[119.52997612186878,23.49173433094707],[119.5091325756065,23.482563035178174]]],[[[122.0715998201277,25.64225511907577],[122.07411180207329,25.642222183354416],[122.07720824178871,25.639980686510462],[122.07913710248464,25.634798531317042],[122.07919860539428,25.632489496142494],[122.0773519394628,25.630209143264384],[122.07667612616133,25.62562655809872],[122.0729975399573,25.622718830411706],[122.069784946557,25.622771656695438],[122.06789108494554,25.62445338175341],[122.06723055461673,25.627317828346655],[122.06851883236757,25.632998242453777],[122.06842651504182,25.639358641475166],[122.0715998201277,25.64225511907577]]],[[[120.0276483270593,23.081005837785373],[120.02370345113901,23.09340588087464],[120.02315625676468,23.10327924580508],[120.02565551457907,23.1108621848898],[120.03087201647658,23.114724291693683],[120.03335985786498,23.115009696645014],[120.02985434295168,23.10785027044922],[120.02866110854926,23.09989285087375],[120.02910073797858,23.081534055083342],[120.0276483270593,23.081005837785373]]],[[[120.08221515693691,23.25487410284871],[120.08119402666534,23.25760852266826],[120.08376799439225,23.263791218850525],[120.08474245799685,23.281749935134982],[120.08724492716932,23.292282738894944],[120.08953965616142,23.294349953070277],[120.09098712184465,23.290630361119543],[120.08545713209341,23.257357872154532],[120.08221515693691,23.25487410284871]]],[[[120.04707288472949,23.136299306273393],[120.04359333154893,23.136527815221378],[120.04258729105959,23.138152169989617],[120.0475850067793,23.14666440668207],[120.04863206683719,23.164526521729947],[120.05231014220966,23.170920356699135],[120.05505658866389,23.17098308157773],[120.05176801400913,23.160375646484887],[120.0532665889667,23.153968296952456],[120.04707288472949,23.136299306273393]]],[[[119.51755980204211,23.361221946498],[119.51456703128092,23.362101217467018],[119.51234011678385,23.365363913366057],[119.51276208818447,23.367426482836482],[119.5182552967557,23.370625495769588],[119.52443304793218,23.3713303683847],[119.52766414145148,23.373830412426283],[119.53063609232399,23.374060620292315],[119.53561763777746,23.369028711886784],[119.53445761348463,23.367253884458883],[119.52222672470037,23.36601207150858],[119.51755980204211,23.361221946498]]],[[[119.31452518282791,23.39629586485977],[119.30755168080296,23.39928399624093],[119.30747409817064,23.400677676086936],[119.31072621609226,23.402719605255893],[119.31094683333063,23.40729921141742],[119.31665944632852,23.41195271182941],[119.31892755338134,23.406385135673037],[119.32336302250833,23.405958758840672],[119.32461589480849,23.40394217595023],[119.31866234677098,23.40088960345715],[119.31671906055874,23.397192471356636],[119.31452518282791,23.39629586485977]]],[[[119.60651768256386,23.62042071627802],[119.6028441707897,23.61273167772798],[119.59662717289756,23.610652536184595],[119.59392741207465,23.613426957295513],[119.59171144876534,23.61244663380393],[119.58915241832736,23.61363425536494],[119.58889506498787,23.61634326877157],[119.59267148218453,23.616644436060376],[119.5966218030402,23.6205158611778],[119.60239405590201,23.62164340491644],[119.60651768256386,23.62042071627802]]],[[[119.60961218568245,23.244141122522986],[119.60561094525862,23.24479686339638],[119.60393518386354,23.24780147314945],[119.6031549128331,23.254002306768673],[119.60562498726651,23.255408049531823],[119.613331443491,23.25469200460477],[119.61601899044615,23.247576277431907],[119.60961218568245,23.244141122522986]]],[[[120.07498010182132,23.234499434796835],[120.07718414727161,23.231223366332223],[120.07297172627493,23.21317855467179],[120.06994454728674,23.20900045841887],[120.06954085714412,23.2143240360241],[120.07498010182132,23.234499434796835]]],[[[122.09468800623584,25.489913356367023],[122.09781535753679,25.4899646700948],[122.10220860760609,25.487696873079145],[122.10539168037405,25.484886639606284],[122.10473033407133,25.481956158950624],[122.10099094720435,25.480806956273753],[122.09788588051259,25.48139630376432],[122.09599062776991,25.482527926798642],[122.0940708573479,25.488263972826328],[122.09468800623584,25.489913356367023]]],[[[120.02782598679647,23.057416664854415],[120.02633382242894,23.065672945398944],[120.02691028723736,23.07344362717998],[120.03136380326715,23.071410471504056],[120.03187072925738,23.069119068005143],[120.0310751238444,23.057591326653544],[120.02782598679647,23.057416664854415]]],[[[120.10918590434159,23.321132614873836],[120.11045032384664,23.33424488702188],[120.11270487578985,23.34084166962909],[120.11444871803451,23.34132646749085],[120.1128505817218,23.32438491817939],[120.11118668186758,23.321395364993773],[120.10918590434159,23.321132614873836]]],[[[120.05880101480122,23.186789154944954],[120.05725854242976,23.188121812128077],[120.05833073080441,23.191106613484525],[120.06599200149442,23.203940746292446],[120.06749052198056,23.202337336051865],[120.06629302942864,23.19918616188354],[120.06147445078189,23.18880221275619],[120.05880101480122,23.186789154944954]]],[[[120.17043202708363,23.740758756712278],[120.17016573022026,23.74688369315023],[120.17568388625902,23.75170691410062],[120.17863973093158,23.751738353523642],[120.1769131798812,23.747839646035224],[120.17844017012058,23.74577335515577],[120.17043202708363,23.740758756712278]]],[[[120.10793239217517,23.314666719850308],[120.10669380613116,23.30829086277692],[120.10112370188622,23.30116020427436],[120.09971976500444,23.302749647806813],[120.10267149408567,23.309430365213636],[120.10793239217517,23.314666719850308]]]]}},{"type":"Feature","id":"hartwell-1200-country-v5_1200_chin_chn_1200_l-39","properties":{"id":"hartwell-1200-country-v5_1200_chin_chn_1200_l-39","name":"蒙古","level":"country","sourceId":"hartwell-chgis-v5","year":1200,"approximate":true,"color":"#bb8068","recordId":"39","sourceLayer":"v5_1200_chin_chn_1200_l","sourceRecordIndex":38,"sourceCode":"J610000000001","sourceName":"蒙古","sourceAdminType":"Independent Tribes","sourceContainerLevel":"province","sourceHierarchy":{"polity":"金代","province":"","prefecture":"","dependentPrefecture":""},"labelCoordinates":[122.44124047066106,50.32886578491592]},"geometry":{"type":"Polygon","coordinates":[[[119.3600960997454,50.167576508406135],[119.36326860814926,50.17451377068214],[119.3627738016897,50.17604969396702],[119.35806611931594,50.193151939071164],[119.35464587925574,50.20157610449855],[119.35212305713719,50.207774009401504],[119.35934225349266,50.21803353283518],[119.35941819888494,50.22853201536584],[119.33647399233273,50.23757608082786],[119.33218959202439,50.24181567527194],[119.33053411790424,50.248002509649446],[119.33443247592976,50.25394990168034],[119.32505635780856,50.258569736435675],[119.3288183914157,50.26958234931399],[119.31348330163917,50.276986814927724],[119.32630786466207,50.283398906640215],[119.33446310560204,50.29549225419237],[119.33994082636711,50.29757425515677],[119.35375424575756,50.3028538762093],[119.36353581701935,50.3061276299024],[119.3689039837637,50.31121301782968],[119.37060489470863,50.31358693402969],[119.37035038345351,50.31549197807192],[119.36759807643018,50.318411269916794],[119.35807059365652,50.319560706674416],[119.35384851552543,50.32225217894791],[119.35302666770534,50.32535164933081],[119.35812172460868,50.3306249210896],[119.36021716948109,50.33444335575719],[119.35401281098103,50.34215093022023],[119.3482158886624,50.34812325769353],[119.34182364943483,50.34991600798067],[119.32942373314367,50.35166262168276],[119.32081471370506,50.35197770970311],[119.31223943918876,50.350275717848085],[119.30215532640703,50.34670879988619],[119.29407422214769,50.346546448007075],[119.28262665628421,50.34904422793556],[119.27793488311835,50.3463251690353],[119.27381209410856,50.342597856117585],[119.26620137195188,50.343870852181844],[119.25777568784784,50.34575323608503],[119.253395962125,50.34374448724953],[119.24923363673787,50.34054983190315],[119.24388484506969,50.339164746170056],[119.23704883829035,50.34110198177147],[119.23193963158539,50.344460310975656],[119.2304810787331,50.35010928081107],[119.22694195431768,50.3545322082214],[119.2209858969028,50.357014588994836],[119.20604107072941,50.35574051702732],[119.18334472311955,50.3461395106865],[119.1780568554592,50.34593672349569],[119.17483727176771,50.35323834692324],[119.16356135743885,50.3524374656718],[119.15791542741007,50.35520229965618],[119.15542180504588,50.359944100263135],[119.15797667855773,50.36457161832299],[119.16115862929271,50.369926371927555],[119.16288942072654,50.37283025412127],[119.16338120496692,50.3751128775437],[119.1584142838326,50.37622968665699],[119.15079756412892,50.37736205716751],[119.14402742845614,50.38270711143612],[119.1381803481961,50.38560337445558],[119.13316000976616,50.382806126367235],[119.12742864991783,50.37816962554949],[119.12173019113408,50.37808517550225],[119.11859830810707,50.38040086488689],[119.1195343356415,50.38475884830162],[119.12400648977388,50.39015201222927],[119.13143844196149,50.394623663277365],[119.13841467423289,50.402105255963235],[119.14257963531217,50.406786839062185],[119.15048122235692,50.41195530397027],[119.15583544141344,50.41482645012871],[119.16094556640846,50.416556174933],[119.16744697000001,50.41777963664314],[119.17580329750436,50.41845259678638],[119.18077490273579,50.418076376072946],[119.18518069059853,50.416802047262365],[119.1892547307537,50.41510383694817],[119.19821294173192,50.4110858753238],[119.20298949093902,50.41199888637506],[119.2092911986772,50.420548463856235],[119.21653865534512,50.42699529122609],[119.21873191022598,50.433301042256666],[119.22312196252646,50.43979349137321],[119.23722800627927,50.44553098145001],[119.24055941286328,50.45013206295263],[119.23883212668974,50.458632785735126],[119.24274177234452,50.463181649280024],[119.24993146691557,50.46937044822358],[119.25211924177025,50.474350731675486],[119.25161506264307,50.48061108072338],[119.24726081130814,50.49213452672032],[119.2318576378347,50.49973709340858],[119.25071631919486,50.50653918998414],[119.25588129361256,50.51180316526802],[119.25778061588748,50.517419069337286],[119.25776614817254,50.53344836614936],[119.26689010511637,50.53854881508096],[119.27210125222464,50.544231891839814],[119.27110857266723,50.54743658255291],[119.26207666204529,50.565739675633544],[119.26369333152077,50.56862698278667],[119.2703617562876,50.572353830891274],[119.2806991201642,50.57318236248149],[119.28627605752264,50.57590206144645],[119.28873297291342,50.5804372441396],[119.28665659413504,50.586006657088205],[119.27634288774283,50.59508614181718],[119.27307742237063,50.60197160914318],[119.2742828068326,50.604031341578455],[119.27985998817434,50.60991319331052],[119.28859416487188,50.61439599445589],[119.30174028878838,50.61658126867525],[119.31153538594474,50.62165180688149],[119.318546884034,50.62852526390814],[119.32056125322799,50.63518590019746],[119.32511481403506,50.637524076702995],[119.33199756915023,50.63681143050553],[119.33975522922884,50.63184061201094],[119.34371517181118,50.63167266256914],[119.3570665165746,50.648396650002226],[119.37090613889337,50.657085716099765],[119.3745598208595,50.66346809746317],[119.37334740193576,50.667736937020535],[119.3688380525651,50.67214662624545],[119.36870787910995,50.67721644228478],[119.3717986708998,50.68130202663164],[119.37831312884246,50.68457529611521],[119.37914513712734,50.68499424242309],[119.41098207002584,50.688054075164885],[119.42783394947298,50.69365441752764],[119.43270883677212,50.69892606478211],[119.43529523903064,50.70767285442691],[119.45072905568264,50.71543984752008],[119.47247224540142,50.73242286522664],[119.4798957700418,50.73968990880436],[119.48915767802696,50.75468514855991],[119.48775268563628,50.77246205618124],[119.49082017842483,50.77928997882773],[119.50549822175174,50.78898262819065],[119.50563741949397,50.79677544953027],[119.50486201179505,50.805249761157924],[119.50147868201478,50.81771498382709],[119.49363825969105,50.83024817828592],[119.48943500298275,50.84060528584383],[119.49336585722118,50.843527269478976],[119.5025068935501,50.84505035597393],[119.50709519739819,50.84683660476948],[119.50777828679317,50.85432916892766],[119.50971796537007,50.85992432896442],[119.51748894454857,50.86344926088252],[119.51978463935755,50.87190325717768],[119.5206876377998,50.88226926757956],[119.51430286316767,50.89382375748646],[119.51166995132246,50.898937071029586],[119.51488268250489,50.90552928402076],[119.52311387278272,50.90957109247923],[119.53416230029066,50.915853871459646],[119.54727105859746,50.92305452760681],[119.55562719931015,50.93126387931013],[119.56848739806107,50.94503550080561],[119.57814438815801,50.96119940739821],[119.5884871188077,50.97862690316097],[119.60417649238433,50.990364427966114],[119.6171953989449,50.99726032291699],[119.62440968442156,51.00776676433045],[119.6307599840891,51.011922342292735],[119.64110550947296,51.012485666437534],[119.64865818993341,51.014259444928804],[119.65699013657306,51.01409550123508],[119.6633831412639,51.0114865966289],[119.66869224072023,51.013618855111176],[119.67861154333916,51.021565804978934],[119.68038099143692,51.03086011408805],[119.68205679353015,51.0376098988797],[119.69829945582153,51.039603886843324],[119.71159603463182,51.04763898553433],[119.71698332117822,51.05667917507721],[119.71586212920978,51.06232568135765],[119.70939642496973,51.06904124532863],[119.72584217821142,51.07260996809261],[119.73606835472307,51.084679096304086],[119.74900923675597,51.08966252899368],[119.75344296455557,51.096564439678986],[119.74457273566216,51.10394981341993],[119.74128567886314,51.11343652435024],[119.74944518080807,51.1198584598811],[119.76254070563313,51.12408166319561],[119.76672019321154,51.12983860161833],[119.76785183671524,51.15390178602491],[119.76423078742093,51.15767420028623],[119.75710615185906,51.16009373317117],[119.75898678883493,51.164165222146195],[119.76342837162163,51.16542392044242],[119.7742915835178,51.165398584898846],[119.77718731834142,51.16729775040568],[119.77512636874894,51.17266815906332],[119.77047994823685,51.17604824179098],[119.75829534762957,51.19804621156026],[119.75645197245899,51.21039563476217],[119.75793261440164,51.219377680320385],[119.76466307943994,51.224723704116194],[119.7787253927903,51.223694792051084],[119.79336199939782,51.21941634854586],[119.80552626807778,51.21443622752972],[119.8116921657528,51.21903784033549],[119.81037703181575,51.2266294907278],[119.79846543448808,51.23336966015909],[119.78867711163466,51.23819019974897],[119.7866870460826,51.24329849935674],[119.78712847509517,51.2489638726458],[119.79844638724491,51.256063720106546],[119.80842372616367,51.26029312226897],[119.81145299458207,51.264465926602405],[119.80645096157139,51.27275071998523],[119.80488368055056,51.27573103449983],[119.8053973093467,51.28232668670038],[119.8103735079623,51.2868820632197],[119.82002462147216,51.29218420442986],[119.83970251688308,51.29329208184802],[119.85807616612752,51.29546546533187],[119.86728865407765,51.29697016548179],[119.86920081448015,51.3016466089228],[119.87286225509918,51.309049677907616],[119.87594960081503,51.325034046421486],[119.87712444174498,51.33634248711011],[119.87903845085211,51.34101996928427],[119.88386010390694,51.343623990850276],[119.89163686657946,51.346210218298275],[119.91163482101136,51.34924561900416],[119.9271714863673,51.35432342358323],[119.92929956622547,51.35991640906766],[119.92081255988113,51.36592932466907],[119.90629544614266,51.37208362643204],[119.89934124137396,51.37803401278922],[119.90000296552671,51.38461967801872],[119.90515835618208,51.391125948071874],[119.9138716610739,51.39613378086413],[119.93579758875745,51.39561376834909],[119.953406116874,51.40535499651829],[119.95778551670908,51.41057136175716],[119.96068000433131,51.41736326715984],[119.9618500577116,51.428586085219095],[119.96884437871948,51.43874967029837],[119.98030893302958,51.446865847344085],[119.98692108215214,51.452287592365096],[119.98788512250229,51.46259657875583],[119.98400577726706,51.46842906398262],[119.97682803488897,51.477273704737016],[119.97476372467887,51.48645243866951],[119.98235671038073,51.5012717003714],[119.99945504996982,51.51093349114865],[120.00678872234232,51.51393916868914],[120.02412357434538,51.52837641337416],[120.04360539684292,51.546204937184356],[120.05006565193284,51.55777864732323],[120.04956982254731,51.56744392952261],[120.04214889967923,51.57744239880227],[120.03889524667166,51.58632188215092],[120.04062216554736,51.59309039282872],[120.04991118599543,51.607619681904005],[120.0552364925864,51.62615056159351],[120.0606689273663,51.634543421507395],[120.07004459252055,51.63916302118234],[120.09272596702311,51.64440466919322],[120.09673831959469,51.6467425312392],[120.09933288392153,51.65126276647592],[120.09754786090768,51.658736091487114],[120.08785050435377,51.67081377633789],[120.08774348042921,51.675459749224146],[120.09036135179119,51.67744694297872],[120.1028657896138,51.67705427700554],[120.11492628365039,51.673094290126],[120.13326055445935,51.67326664147018],[120.1476871475157,51.67467720068485],[120.1508453618176,51.675535582297115],[120.17402301365156,51.68183759772962],[120.19974813170217,51.702956438747265],[120.21883637898529,51.71426693777086],[120.22498489653708,51.72261690933551],[120.24791105600862,51.72930043194297],[120.25459311072109,51.73382461511621],[120.26267322806896,51.746516071982796],[120.26790632996972,51.750266326818476],[120.2829208159957,51.75078816820057],[120.28932179675782,51.753004575045615],[120.29296812301416,51.75581606649254],[120.2949828436375,51.75736880648808],[120.31125491859312,51.78083743845017],[120.31827464866218,51.785132668863014],[120.34134502564086,51.78735643144103],[120.35082786085724,51.78962554393172],[120.36625324664098,51.80362985109066],[120.37428783214528,51.80787181143012],[120.38765438134871,51.811209740725666],[120.39897560746405,51.81190390309867],[120.40157732971902,51.81620678113483],[120.39766365762621,51.82527093217232],[120.39998205329962,51.83001193705676],[120.41292822528196,51.83526504882518],[120.43692209270915,51.84165088379419],[120.4535536584898,51.84376050700668],[120.46245026490864,51.84784494499853],[120.47081446894852,51.85307507572297],[120.47438770548185,51.85923458387161],[120.47337846353906,51.86651743152263],[120.47194573872056,51.87609355685857],[120.47546080376598,51.88065409727154],[120.48133559748847,51.88357423455768],[120.49375868113607,51.88613018597853],[120.50108594947753,51.8867653557839],[120.50582200782074,51.885848259296544],[120.52520687364981,51.88041568670148],[120.53801732484727,51.87933274592623],[120.54419550377926,51.882182084469584],[120.54718728077248,51.89174195579982],[120.54715628509969,51.904200868832724],[120.54969712218018,51.90787444191528],[120.55678479261529,51.91236412782574],[120.58142601666005,51.91044905696738],[120.59229783330642,51.91262697206662],[120.6081948313993,51.91883661171319],[120.63428828869746,51.92229772593017],[120.64938222661475,51.92713343103552],[120.65463799859411,51.932793879152044],[120.65537307923334,51.94386573950595],[120.6564479028705,51.95232807180594],[120.6657268108054,51.96120979800197],[120.68078462079121,51.97119537031146],[120.69687057804336,51.983056064537706],[120.70727968241658,51.993212318671965],[120.71333352000786,52.00211589172012],[120.71529245285748,52.00684140433102],[120.71353961703713,52.01163990855092],[120.70886922443262,52.01578250674233],[120.69998782326645,52.01994302428934],[120.69068337158609,52.02256978242506],[120.68592973102157,52.025355395666686],[120.68300825937297,52.03142429646616],[120.68197842820173,52.038870245784615],[120.68795943999557,52.049960212198144],[120.69625244637112,52.05797035310123],[120.70091796950638,52.062887836588395],[120.71146424356887,52.07220869341852],[120.72618935579052,52.078772094421424],[120.73751096814563,52.076483630309696],[120.74247734711246,52.07769668149451],[120.73432894659217,52.088057257065536],[120.73414524912928,52.09165780347619],[120.7533404097171,52.106477743502715],[120.7614733878067,52.11808217450481],[120.75508782911362,52.12877475654784],[120.75260065540616,52.13798767624487],[120.756712961575,52.142839622016716],[120.76786638028017,52.14900411309607],[120.77749394484113,52.16137527441763],[120.76980874144735,52.17035455582857],[120.75682392187004,52.18043395763286],[120.7396439774975,52.205351408843896],[120.73677328179588,52.216934697000205],[120.73783771672728,52.223894028314035],[120.74265860398258,52.229455746223586],[120.75586546772314,52.2446917229007],[120.75318742706807,52.25011171913451],[120.74199446327664,52.25366318824718],[120.71549156584345,52.25591033501928],[120.70588567358803,52.258527325754244],[120.70066786849752,52.2630243368119],[120.69581602340027,52.277642036006114],[120.68707248006714,52.2840163351478],[120.64747721279848,52.29875691654176],[120.6292431999203,52.308789172173135],[120.62508549111931,52.31111571963618],[120.62028206763256,52.31842797464295],[120.61827362580334,52.33637330596585],[120.61593710168006,52.3422089908076],[120.61158149498608,52.35067038309653],[120.61589166058117,52.35699525109433],[120.62034752016572,52.35929868667807],[120.62226219533989,52.35911233723706],[120.6342859397965,52.35794107125505],[120.64388258770565,52.36504417771559],[120.64083881054835,52.38294285165998],[120.65706648336088,52.405536425732606],[120.66921980163514,52.41356295004451],[120.67908443641964,52.42994340042466],[120.67456747806014,52.45953332681378],[120.67910611055218,52.46732316632885],[120.67954005577803,52.47316972226376],[120.68434730394033,52.480140914865714],[120.69273256526803,52.483291403946694],[120.6939069153239,52.48945562939362],[120.69401366025907,52.489982174356456],[120.69074120063193,52.496280679232626],[120.6813800937207,52.503524310044114],[120.67887787400207,52.50788040280235],[120.6801443091316,52.51203852447394],[120.68656704612498,52.515925946928974],[120.71918186591567,52.52900310080006],[120.72246965042386,52.53516724615089],[120.72049365519122,52.54329253323246],[120.70548026425767,52.549781200936465],[120.69920808693512,52.54947621529207],[120.6891465123993,52.54429928103924],[120.68132602336023,52.542807705858785],[120.65776654838037,52.55754780387575],[120.64731507575544,52.56210218351651],[120.61899481530025,52.56758032449655],[120.61149517962963,52.57092183249791],[120.61013766059712,52.57193239912805],[120.60176123803264,52.57817778478481],[120.59566552825972,52.58926307237039],[120.5832075278452,52.59433640720307],[120.56121927437174,52.59313421487355],[120.54031500012613,52.59736864450857],[120.52064696316612,52.60808061545947],[120.48116648565265,52.62358686417644],[120.46148382191136,52.637030013763805],[120.452030610451,52.64151609539285],[120.43791602473917,52.642221208011],[120.42951657242494,52.63905160329889],[120.4234672987528,52.634263964317846],[120.40392916828387,52.61879113383518],[120.39630674396807,52.616216363138356],[120.36689724400438,52.613871023370784],[120.27209682002666,52.62020249504957],[120.25998163766445,52.617627467689395],[120.24007719271103,52.605714495059225],[120.21321454275073,52.59350361726997],[120.1956607223632,52.58083873819235],[120.18948855666166,52.57859973030248],[120.11888090681889,52.5840737710367],[120.09122537800421,52.581582428600434],[120.07124466262793,52.58231076005488],[120.060761926739,52.58427900564906],[120.05024858355624,52.5887799910518],[120.03848468428957,52.59713431607703],[120.03225081342214,52.60544650011175],[120.02752144849097,52.61473905583908],[120.02375971602137,52.631794910174925],[120.02430094719432,52.64443237817269],[120.03019131354151,52.66103772228028],[120.03407592829633,52.6650860771237],[120.04652480044217,52.68074888976913],[120.05460427954002,52.6980972605996],[120.05512985756842,52.705036466211965],[120.04930151433159,52.71535875806604],[120.04463972926652,52.7321126795951],[120.02415543167255,52.75986072457942],[120.02381946062009,52.76831830712242],[120.02676501301862,52.772399979306236],[120.03592747484709,52.77619543572453],[120.06158429988844,52.77837697054524],[120.0841285605333,52.783443190016456],[120.11656032717332,52.80391227516796],[120.12458602098415,52.808975130310216],[120.13139791899891,52.810553743590575],[120.14589432929314,52.80965732550716],[120.16323539996897,52.80651457582743],[120.17422874764188,52.80810516142587],[120.20064768029123,52.83216852546861],[120.21747883822763,52.84381470700729],[120.25158051718932,52.856952226960466],[120.28100560077736,52.86291090834031],[120.28271433338958,52.863257685483084],[120.28846720882389,52.869945104442934],[120.28745251408661,52.88603575435778],[120.29059545625707,52.89136817355234],[120.29663039234725,52.89487424608402],[120.30418312181415,52.896621520472856],[120.32984008134599,52.89811687926056],[120.33440281901876,52.90359045842808],[120.33971944060806,52.920005123713324],[120.3495761149637,52.9364126742806],[120.35905181045206,52.94206920433134],[120.3651168899769,52.9430380720989],[120.3716402692854,52.944827730000526],[120.38147483751317,52.945345088479826],[120.387801170012,52.949432233974704],[120.39409193483745,52.953433883360205],[120.40325492036294,52.961848651205926],[120.41635428273587,52.98652921868819],[120.42537968325351,52.996428595404275],[120.43144495055851,52.99992683209162],[120.44034323954966,53.00806637043839],[120.45282087677334,53.01476674971444],[120.47407742812541,53.02098862747461],[120.48723764731051,53.0291287543654],[120.49598854244987,53.0374018007725],[120.51142036877481,53.044008731019886],[120.51518102491124,53.04834101235211],[120.51853957941552,53.05444395631993],[120.52416228752845,53.06126640331292],[120.53041345269207,53.06666676126509],[120.53700381763991,53.07278730130137],[120.54508347293697,53.077565699904504],[120.55734485911819,53.08190843371763],[120.57806869717163,53.085799938508764],[120.58716913614126,53.09068603125601],[120.59817236716637,53.09796753600119],[120.60701391807322,53.09974657752403],[120.62745208748763,53.101068946256945],[120.63662220698636,53.10486553797014],[120.64089276705154,53.11155227776024],[120.64108354193388,53.12450508038274],[120.64328421738843,53.12946489128101],[120.64956376705956,53.13356371865264],[120.66392720232275,53.138329873230845],[120.67362710211218,53.14088149188432],[120.68378623024522,53.148683061363855],[120.68753582835382,53.154561859293246],[120.68806873850336,53.160778650508306],[120.68393008045253,53.17354285562696],[120.69940258905665,53.181436182090856],[120.71090128964799,53.19061402527436],[120.72512170264218,53.20145167651817],[120.7471083831651,53.207576116454035],[120.76546411181624,53.21234952473975],[120.77731895736815,53.21888999258128],[120.78978962802434,53.2292602174091],[120.80299038686299,53.235874669033386],[120.82604348574135,53.238198521947744],[120.82924565193046,53.24045666560576],[120.82921930907769,53.24435721317924],[120.82139714723041,53.25016402683974],[120.8134796299354,53.254249331243386],[120.80963552025509,53.25876973304074],[120.81265421825996,53.26429594484466],[120.82098691565734,53.26991062792855],[120.83524487564226,53.27273172787617],[120.8538518879489,53.27574014063817],[120.86533385966587,53.2809652781983],[120.8703494149659,53.285949060438426],[120.87619578807724,53.286659980459994],[120.88890936406008,53.28340754237149],[120.90185189975966,53.28108069317106],[120.91069559776527,53.281566567001434],[120.93634900966435,53.28825095976113],[120.9587743654048,53.291868108363545],[120.97332595781144,53.29183069212121],[120.98611957628002,53.28873124123663],[121.00329336844597,53.28614264879508],[121.03177516797649,53.28470862926563],[121.03995615615598,53.286209473905785],[121.04765544793344,53.29023515886817],[121.05721379432613,53.29586873217778],[121.06967648961944,53.30147546646741],[121.08020082679761,53.302255597280364],[121.08708381206395,53.29934866471851],[121.09160840254998,53.29496166433439],[121.10451150237353,53.289672348845436],[121.11070416164615,53.28272190370592],[121.11598313411513,53.27608684799754],[121.11857768905928,53.27488714196137],[121.12582419889543,53.27475539549172],[121.13673884629316,53.2793193047381],[121.15509723065644,53.27993581365282],[121.16975263268684,53.28095167219065],[121.1925400716759,53.27994081980183],[121.21170986012082,53.280632946736624],[121.2269834028405,53.28146688796162],[121.24829155916757,53.29042152974929],[121.27074965433115,53.28987451014211],[121.28457670636683,53.29346159345163],[121.29687435969197,53.29949117777926],[121.30758631870644,53.308469975208986],[121.31747456622705,53.31866412681813],[121.33490990797547,53.324023286700225],[121.35484185754343,53.32357893103491],[121.37632935531727,53.320793545553116],[121.39694200491189,53.31945484844986],[121.41202766146381,53.32120625611951],[121.43832740409293,53.322696740049984],[121.44937300049698,53.32394137012362],[121.4693207329524,53.32933484206183],[121.47529407757237,53.33110226165953],[121.50572442976862,53.3378409881537],[121.51763385875353,53.34052598243083],[121.56337272596723,53.28375331876721],[121.59567578463543,53.264649464657595],[121.63935511919989,53.255791989164074],[121.66656226207112,53.24238143204106],[121.6803449787415,53.22884781330943],[121.68731501833176,53.20817501548016],[121.68595403014791,53.18567627229076],[121.69572553051245,53.17354519155439],[121.77743553652341,53.09883189154314],[121.79353974982831,53.07609557527737],[121.81326190401063,53.0633173446977],[121.81755303370966,53.05313394963878],[121.7960949941394,53.035490502525064],[121.74718882611016,53.02207431853835],[121.71839965289293,53.006771295357815],[121.70401218810422,52.99384394929855],[121.68505320004179,52.96945736448184],[121.66890645079725,52.92965756852081],[121.62962076438122,52.89150580222306],[121.60975678747347,52.881285275148315],[121.57608611071298,52.8534279645531],[121.57584952484277,52.8474751747354],[121.51558415140865,52.80037383725264],[121.47980344038292,52.77522061354169],[121.40427998297247,52.739568111185136],[121.36269608131443,52.70433684999592],[121.2590453208606,52.625231814348886],[121.19719817690027,52.60035701885833],[121.18827840002837,52.58779103682522],[121.1982656358071,52.57373473113286],[121.22484808210197,52.56960480814187],[121.2960134477862,52.57109571553445],[121.34369977211502,52.5611253831849],[121.38048850919388,52.54117023428646],[121.44668330596892,52.492871299248435],[121.4780429534514,52.481160927606574],[121.59517100251624,52.459312179264984],[121.64991588973346,52.44314878106886],[121.69194315190485,52.41902671302359],[121.70397854738218,52.396760076173074],[121.71163692640219,52.3642984226149],[121.71370856204041,52.3319054126071],[121.72468324593113,52.314495936330516],[121.73598721176283,52.308870015989804],[121.80896445219949,52.29172185850928],[121.8720473280932,52.28947009926129],[121.91950009592829,52.30032728262792],[121.97198538192463,52.322043366794716],[122.00239342880033,52.350257228762054],[122.03872369301318,52.367096768531304],[122.07621471238586,52.399608857576446],[122.1156938349829,52.44647993181039],[122.11653837412548,52.46911696834744],[122.12741599314269,52.498085439250126],[122.13734263430071,52.50508863691576],[122.16552751142608,52.50874887641694],[122.18275907297513,52.500499767202896],[122.19901730561577,52.47786330366809],[122.221712220749,52.46802899088809],[122.26687552603572,52.464199591755865],[122.28624175863763,52.457016344767005],[122.29971547586777,52.445590908107924],[122.31818463925609,52.41747552153648],[122.35961828252049,52.38875742388163],[122.43606714283415,52.31225667484474],[122.50159898741498,52.27650083743751],[122.54805710086019,52.263143125078926],[122.65440714041198,52.26100533030231],[122.73642854867236,52.26587607208911],[122.76693994008605,52.25624949523186],[122.7812602721522,52.244680246820735],[122.78317036430215,52.22664825313371],[122.75951224962024,52.19133702511361],[122.73175471106251,52.1571878773159],[122.71316621480146,52.14796595645063],[122.69272480220002,52.14397937376629],[122.62783747777193,52.13725483794793],[122.61594704597572,52.13044195238231],[122.61179729631937,52.09480531872863],[122.64801787137142,52.04405531929722],[122.68692737470788,52.01794055763275],[122.70456361227393,51.99673204884662],[122.72011710826189,51.965376927655456],[122.71081225256141,51.89449688389422],[122.7235073040413,51.8445209715347],[122.75469869274626,51.797618140559415],[122.76574276324682,51.76881696353817],[122.76518922477639,51.715467602357364],[122.7800585458418,51.684613386534686],[122.79947694285511,51.67811620746316],[122.81663013496127,51.64066710315665],[122.82546373539978,51.586503643368125],[122.83340806060454,51.57045518502714],[122.85707679474933,51.55014220254367],[122.86680817415953,51.54782892686313],[122.88403914270198,51.534610377478764],[122.88461527204281,51.523322873094756],[122.87059598020772,51.50853311243039],[122.85384990632035,51.50236857042826],[122.84805684880492,51.49525017437122],[122.8450318959296,51.484780580236304],[122.84955115790673,51.46048746085319],[122.86651025188648,51.43195334361532],[122.9015625704359,51.40432463606458],[122.94084123900693,51.336244617010685],[122.97436991586724,51.31312261716934],[123.00270118957697,51.304000106492595],[123.04313382330972,51.307883567223165],[123.0845837027743,51.30522798254157],[123.14346586600836,51.29098834162613],[123.24565332604284,51.25966425711437],[123.28344140538776,51.256651466481706],[123.33079827953785,51.270986341075556],[123.3549016037032,51.272114999902435],[123.38869103260951,51.26844567817974],[123.40785722905557,51.27112698577084],[123.4275252934227,51.28005497113679],[123.44385797447973,51.28619773508286],[123.46483186288904,51.29071839493728],[123.50264017688977,51.29414950954085],[123.5261791445223,51.299186956865256],[123.54376154723334,51.30865047221161],[123.57065615358162,51.318442119451134],[123.59789911223098,51.31508329471016],[123.64254214145163,51.3195002116782],[123.66399944594886,51.33100641842576],[123.68836028633139,51.36288761374906],[123.68775515412614,51.385883140684264],[123.70086637168619,51.39590866927392],[123.72021394838865,51.39900665660651],[123.77806322065781,51.376235813122875],[123.84508183738824,51.36169561616211],[123.9226579765628,51.35179819995209],[124.0375747954496,51.34248516577357],[124.15945428775129,51.354821254573544],[124.1930555718717,51.343156388726925],[124.2335343363256,51.31500700065069],[124.27977178398984,51.29345018323943],[124.33252118103623,51.274793174159115],[124.36035547025064,51.27441858556418],[124.38645979874514,51.28153563341575],[124.41133521427996,51.32147733951185],[124.40802993692064,51.34788234655065],[124.42557659909366,51.371339615036966],[124.48856954271162,51.38375631496226],[124.52710554195804,51.37862573284667],[124.56979609854872,51.35856941645592],[124.60644386794927,51.34866144062215],[124.66524188029267,51.34200615236155],[124.7017403803943,51.34333610497732],[124.72363720247786,51.35503489012685],[124.7324321029349,51.3684981613153],[124.74245771463269,51.39484069841785],[124.75912882790573,51.40006087430155],[124.80847036273728,51.398596805293444],[124.83944166343447,51.407736631005506],[124.8521634639091,51.41858930984545],[124.8687137966951,51.44698719482553],[124.90057249038763,51.46583906959888],[124.90358872336292,51.47517356858454],[124.90071609713056,51.483889152851496],[124.91945415591633,51.502160059061524],[124.93142827507103,51.507251173933845],[124.99866875356105,51.52923242734564],[125.0341067875482,51.54417968336624],[125.0505235435762,51.56030383184777],[125.05747266304111,51.57440960031816],[125.0434099543662,51.59669293605643],[125.03972563155442,51.62115914583319],[125.05589611678283,51.6474642689848],[125.0757150932066,51.656976852011915],[125.11477811803788,51.66309393536961],[125.1361315699805,51.65732277883465],[125.15210027293247,51.640727097060804],[125.17044763654089,51.63451046857199],[125.2023216876008,51.633630982875594],[125.24630286531446,51.63808722077457],[125.30364052284258,51.632721559222865],[125.33704292598335,51.604917007513464],[125.35401750952263,51.59640269005582],[125.36470551570078,51.58792282973979],[125.41026715800642,51.56958553771599],[125.41197682171386,51.56791084937983],[125.4280056160133,51.552144978776205],[125.443081638035,51.54372248521511],[125.45908037193003,51.529844517759464],[125.47173673688154,51.52470644945387],[125.48688045730057,51.5114539604988],[125.51175962974477,51.49493669449238],[125.52530829954463,51.482267918594914],[125.5330299869732,51.47795030033252],[125.54397796155119,51.465338850966894],[125.57364038935354,51.450731960151224],[125.57629441355506,51.445852947101855],[125.57444118030676,51.44159240280433],[125.56855846795831,51.439372029887735],[125.56438517164766,51.43358503549949],[125.56528588840071,51.430426770119524],[125.57167157737013,51.42739748883228],[125.5799347160913,51.42632583894681],[125.58924227533352,51.42119141823648],[125.6042717448628,51.40378483074318],[125.61996535297827,51.39331709736838],[125.62030825383415,51.38024056395668],[125.6243669162844,51.37568194966251],[125.62583225684017,51.375015159795765],[125.6394429039196,51.36884671217368],[125.64131898577568,51.359779012615505],[125.65459417632809,51.354892078308254],[125.6571034422041,51.34862102182292],[125.67629194586405,51.33676518235006],[125.68765062799073,51.336810750893285],[125.69165672519827,51.33477070555771],[125.70292500013672,51.315277418290286],[125.71128628711286,51.31121892537277],[125.712354252251,51.306923069881904],[125.70835014406377,51.30229991664188],[125.71645897046928,51.297539536122336],[125.71619267630722,51.292465640530885],[125.73021508688298,51.28509516635058],[125.73149652848774,51.28302026514974],[125.73867585693043,51.2713928719467],[125.7491128760979,51.26126504617376],[125.7598929079694,51.2557529402176],[125.75861068120766,51.25015713555584],[125.76099146046461,51.24226846080618],[125.7591980604685,51.23755682286952],[125.74951708365819,51.22958841401897],[125.74887639747998,51.22679235753237],[125.75101979604796,51.22486220057981],[125.75797808658687,51.222550611764596],[125.77177926849248,51.220906453759746],[125.8075753717578,51.22111985476121],[125.83564366152714,51.21486003665603],[125.83872551948832,51.21160959485922],[125.85354975459349,51.19439846609775],[125.8617505647609,51.17286870729382],[125.86136114677919,51.168477413390164],[125.87192769517974,51.157201851768136],[125.87185872644253,51.153062168755085],[125.86304773239746,51.14653508505647],[125.86197198984324,51.141869919035045],[125.86417627484184,51.139485911436864],[125.8705019977335,51.13643774910796],[125.8873769412297,51.13360033986377],[125.9109364152325,51.13232227068073],[125.91566575081389,51.13009385314324],[125.92263896792943,51.12295342957818],[125.92684342279888,51.12087463954188],[125.93253474481583,51.11805924649584],[125.93296956949742,51.11073838668001],[125.9373333899212,51.10618738009965],[125.94097955719023,51.106184248222156],[125.95293472165952,51.11129551130737],[125.96424918880211,51.12050016773559],[125.97270204890533,51.1224044543134],[125.9793849734416,51.121671543247686],[125.98236855235838,51.10968602235662],[125.9891271793812,51.11538916319501],[125.99193466754814,51.1114297607287],[125.98765534611556,51.099222014381645],[125.97493744541595,51.08970484786693],[125.97258022786728,51.08381511919896],[125.97539520863826,51.07985472958215],[125.99010513850385,51.07434337317354],[126.00304345484031,51.06389104314845],[126.00997897310502,51.068457157556786],[126.01607495669003,51.069063635997885],[126.01964517006044,51.06721717839509],[126.00638615181397,51.05652114614933],[126.00961996459108,51.054426508593274],[126.02697613807928,51.05526951072196],[126.03011193977595,51.05385811766319],[126.02476458906935,51.05077242292257],[126.02374886515805,51.04795293491162],[126.02903677677898,51.044374636052666],[126.03321809904904,51.04325780817957],[126.03918373548258,51.04334170272925],[126.04775070772327,51.04346306993878],[126.05369461893274,51.040388650215846],[126.05605883217494,51.03685983495252],[126.05460909547274,51.03447218296375],[126.04941492695023,51.03277482687129],[126.03980073458446,51.03608567585326],[126.03604029810822,51.0321797702856],[126.0447597859848,51.02996300866946],[126.04650722907006,51.02570561996178],[126.03663494306439,51.012007368365225],[126.0513681644852,51.01085179177823],[126.05532668019171,51.00879902948317],[126.05535695246031,51.00627367043419],[126.06155203399919,50.99448627240099],[126.05391646961154,50.98276418897508],[126.0573954476508,50.97907518100984],[126.05670049089444,50.97650383048683],[126.05950801962871,50.97484150479761],[126.06243037519776,50.9770879555675],[126.07078402692375,50.97714488927814],[126.06466537120833,50.967353130344506],[126.0683969594047,50.96206949649789],[126.04759097086212,50.95091119025335],[126.04247265026379,50.94646329648025],[126.03604924537765,50.93292531657834],[126.03855925836979,50.926749258457654],[126.03746013476272,50.92351801086084],[126.03449187558121,50.924006376497495],[126.03337888411671,50.931434028189166],[126.03035796702547,50.93225027956813],[126.02652739461941,50.93215508938444],[126.0137035047345,50.92355280530527],[126.01430525192214,50.91968492014181],[126.02521495367561,50.907961636655116],[126.0218207719222,50.901782338464045],[126.0165335337923,50.90076360065409],[126.01308554346352,50.9019265354651],[126.01111616389636,50.907545806668686],[126.00630353308082,50.908163722250976],[126.00446449787628,50.905981700035134],[126.00022239872615,50.90526132939193],[125.99705572933158,50.90690107540715],[125.99130438683235,50.906542665609024],[125.98849667978637,50.903609189867545],[125.9958281020209,50.900851319708195],[126.00042053841499,50.89700569172897],[125.98945808825306,50.895171065520834],[125.99302770834585,50.8816173236633],[125.9901745591093,50.87431981624253],[125.98517772867643,50.87148168632599],[125.97899887297581,50.87155433107253],[125.9727888588451,50.87415250287415],[125.9686604110339,50.87963411081116],[125.97111764170094,50.89172975351745],[125.9662038270443,50.89762337645652],[125.9616038096175,50.89917290467953],[125.9559587027004,50.89812717920313],[125.94951872282108,50.89290086684681],[125.94746693769393,50.88289893381412],[125.94365193982927,50.87714614284661],[125.93635878033113,50.87278272015893],[125.93556480440158,50.86859817449386],[125.94921370832714,50.867159532028055],[125.95215918525852,50.86458853415028],[125.94730661917295,50.860839107947655],[125.93343720034409,50.85675290948485],[125.92137558293035,50.85507489396937],[125.90556789899878,50.858667597524985],[125.8952991420085,50.859396992478345],[125.89073675012718,50.8561231600872],[125.89224701527894,50.85346041137198],[125.89723671032965,50.851709970193475],[125.91566174637755,50.849890518434464],[125.9219788191661,50.84661392465101],[125.92352687120892,50.84372626479665],[125.91971967783614,50.83567707383887],[125.90927612510177,50.826059960997135],[125.9033859935118,50.82430863332711],[125.87916384302747,50.823923595535476],[125.87557757827211,50.82139884683361],[125.87353254791253,50.818281946523996],[125.87493751994707,50.81400927473517],[125.88401569331879,50.8093019740625],[125.88523586576504,50.80616231917991],[125.85917473140732,50.79233390263889],[125.8506760794468,50.79110177781595],[125.84178123492514,50.79466924107661],[125.83625748431244,50.79523677789351],[125.83034474333354,50.79141111594167],[125.82838437419746,50.78554428892915],[125.83061875079501,50.77833802083716],[125.84135311082146,50.77006428507647],[125.83237399206938,50.7582380845124],[125.82707138400632,50.75743761034452],[125.8116072095093,50.76816079324063],[125.80184182795709,50.772588999776644],[125.79513629648642,50.77376391704656],[125.76271192933285,50.75697135148171],[125.75703583390377,50.751783396085074],[125.75318327921146,50.74647776856286],[125.75605914821482,50.74436812270103],[125.7655351338309,50.74473063424879],[125.78231120226737,50.745375164684674],[125.78747635136881,50.742491300482335],[125.78960481534628,50.73826476271027],[125.78636302749214,50.73139440895553],[125.78068689121022,50.7262025487851],[125.78939930796497,50.72147957147342],[125.81265365638389,50.71401829297234],[125.82014467648524,50.71013515138191],[125.82072417315948,50.706500193818776],[125.81626217333334,50.70276473241654],[125.81642171502043,50.69496770522804],[125.81163061482974,50.69098533042905],[125.7985092189579,50.687155816172464],[125.79150577915878,50.683486011615145],[125.78919336699428,50.67989212623428],[125.7900560773128,50.67673354983385],[125.8007294382249,50.67098837860145],[125.80514696287494,50.66598728224679],[125.80407771632089,50.66112007673579],[125.79754734502261,50.65700085094833],[125.79276499977807,50.64176031207476],[125.79359585219859,50.63653425323228],[125.80491858666565,50.624400253040655],[125.8072604784245,50.616511259036066],[125.80414729096195,50.60436561265585],[125.82235921400569,50.56924721569283],[125.8221911923756,50.56579110396337],[125.81478343539322,50.55796757395429],[125.82078685658563,50.55192160413251],[125.81768943140581,50.54873616214683],[125.81119780894733,50.54877730342835],[125.8046742759038,50.54904421765511],[125.79767820730855,50.53641797256369],[125.792795846278,50.533117966369225],[125.78567025051927,50.53036067240258],[125.76684104757122,50.53097820789804],[125.76264533568522,50.52794965599221],[125.77000008974089,50.52475263957886],[125.76990825803504,50.52083929125512],[125.76453010455486,50.51842406844732],[125.76127225889293,50.511782975829924],[125.75651244980938,50.50779628437934],[125.74435792159004,50.507235478627464],[125.73978907853375,50.5087769778857],[125.7401704572811,50.51086680532381],[125.74914967333666,50.513289731441716],[125.74856216414645,50.516928641462826],[125.73984252977222,50.52187223737858],[125.73328010185763,50.522364205572885],[125.72676515068382,50.52033156369978],[125.70798250638492,50.502795156673685],[125.70200902761663,50.49964760329369],[125.68805498667929,50.49689378513865],[125.68108963494917,50.49322021573725],[125.67946433954084,50.48989795606609],[125.68361585848467,50.48649461457939],[125.6976145502278,50.48672416094148],[125.7001550269113,50.48436295229864],[125.69898796094431,50.48268045837246],[125.6835313930094,50.48258459565293],[125.67703172964221,50.47825163597321],[125.66901286087959,50.47887337407327],[125.66492421088176,50.477454390339176],[125.65634843512885,50.47045376773249],[125.64781891044825,50.45427177521024],[125.64205164307893,50.44987023908487],[125.63662019102269,50.44571940643157],[125.62684739489808,50.443923176698156],[125.60631621303634,50.45290296974591],[125.58838033996379,50.452627739341615],[125.5779281494806,50.450552756740244],[125.57496141644783,50.44668039184491],[125.57797506771692,50.44366294862577],[125.58452814829111,50.44317850223671],[125.58809787947966,50.44112317339192],[125.58822815951083,50.43814285287168],[125.58293364123644,50.43755927999751],[125.56404359168107,50.44089372188301],[125.56207560832476,50.437548285652014],[125.57046722632398,50.42363210068503],[125.5839255809417,50.407297935220775],[125.57962331151623,50.40287661346168],[125.57468639719463,50.402327231930876],[125.56939145260324,50.40173248186931],[125.56194615435444,50.40330419530562],[125.55366096409945,50.40780499040529],[125.54435970980465,50.41844020379232],[125.53493128555846,50.4233230233246],[125.53073420760037,50.42257965544743],[125.52359367528416,50.41359922379175],[125.51478207911285,50.41254660502217],[125.51218039951034,50.408697298777696],[125.53115419438646,50.40261671365474],[125.53356596850638,50.39887490732589],[125.53515182054491,50.382665986255574],[125.53242839924319,50.37742812747407],[125.52704317340759,50.37523126133525],[125.5246464436874,50.37231293061433],[125.52521191612341,50.36890282417778],[125.52814860370387,50.36634259222705],[125.54848044378353,50.36058639527911],[125.53905905295298,50.3523694830772],[125.52248815533386,50.350569328334416],[125.51717871226417,50.34791423432324],[125.51431008782771,50.34358426306727],[125.51546920350403,50.340902658000736],[125.52781289512437,50.333464081716166],[125.52734767946426,50.32975661932601],[125.52477012320264,50.327974950505826],[125.50615362371681,50.32557112610396],[125.50331569166262,50.321012574413224],[125.50522415708564,50.31815576542886],[125.51689668861125,50.31917404169973],[125.52254929485798,50.31748464510552],[125.51765943143737,50.312331008376795],[125.49260515313959,50.312018209257864],[125.4886909903089,50.3096870064689],[125.48309951042994,50.3001158031749],[125.47718669686247,50.294660791565654],[125.46826756846036,50.296584141772485],[125.46472860852042,50.29197565578454],[125.4627973728799,50.281965337847105],[125.46611669434594,50.27276821658017],[125.46418648578444,50.26712270024031],[125.44843983425727,50.266969582777016],[125.44520577127471,50.2649137919795],[125.44336662471996,50.26088128971836],[125.45049958335078,50.25240542436659],[125.44822682093344,50.24236876864722],[125.45125485306718,50.23706295053659],[125.46351544507768,50.230082258965766],[125.46160101062782,50.22650792753308],[125.45632873772064,50.225916152992674],[125.44697558005468,50.23263409069189],[125.44110869438666,50.231314401999754],[125.43802643298233,50.22834657226088],[125.4379201747467,50.224660746026714],[125.44275690679237,50.22073588064663],[125.44991986669163,50.21491065818154],[125.44514537228571,50.207003283457865],[125.42958872862475,50.20157511715034],[125.41920549125791,50.195120126580264],[125.38993185788893,50.1947195255966],[125.3825930957705,50.18939016170438],[125.38028192220318,50.183946840663545],[125.38686608400518,50.17451669059552],[125.38449263974286,50.17159519557317],[125.378320926439,50.17002322979219],[125.37465912299957,50.17482616954512],[125.37061550286384,50.17546674190688],[125.36364968230383,50.165793158045496],[125.35357958413664,50.16188264290966],[125.34454627047666,50.16240493971115],[125.34192959924667,50.165212600821995],[125.33797054883232,50.16539977100995],[125.33620063233607,50.16399216579382],[125.33544441225531,50.163385359717516],[125.33530746927197,50.15992952542463],[125.34391331738388,50.15339899089082],[125.36150658248334,50.146574009215705],[125.38247204499308,50.14089407816354],[125.37837485821085,50.137625153851715],[125.36725934326606,50.13570980864682],[125.35057422778283,50.135015903968636],[125.33284338906904,50.13631663307501],[125.32910568856825,50.13307048771802],[125.33038023662344,50.12120686434379],[125.32589443876657,50.118139435170264],[125.32098865945572,50.11756725166123],[125.31774588872845,50.11987106377358],[125.32037096803347,50.127638016548424],[125.31795994625551,50.1334440855659],[125.31385539003506,50.13660624081577],[125.3047229636294,50.13987930963751],[125.29764965924569,50.13731933274155],[125.29314938681911,50.13010979675294],[125.28317060887684,50.1278057297972],[125.27962969138142,50.12549018407806],[125.27831750097462,50.1205726441861],[125.28280376439689,50.113073170061995],[125.28043888690388,50.10808008078534],[125.25794074628804,50.10168240341404],[125.2562092549468,50.09926002559769],[125.25918482272061,50.09647898497119],[125.26549445608416,50.09508340934719],[125.28093572329485,50.09455682489458],[125.28912197138234,50.092600288737515],[125.28326274045594,50.08713366276851],[125.27120883395148,50.08031681875881],[125.27080433910984,50.076379437526285],[125.27380907065762,50.07337350066017],[125.28222508264754,50.0700546373599],[125.30856833219248,50.064077727025506],[125.32760350720815,50.061262108953635],[125.33526291553751,50.058119440258544],[125.33795573636962,50.0548572649648],[125.33236398484615,50.04987521621335],[125.31874602781089,50.043871590441135],[125.30859907791532,50.04270721036765],[125.3023356536743,50.043878894840034],[125.29781100528294,50.04746857220837],[125.29403477433851,50.0550218775786],[125.28761864432389,50.057100492053664],[125.28040906038541,50.055448478309344],[125.26898030832254,50.047063545755066],[125.25687307884465,50.04690354269126],[125.25248679243055,50.04544630348112],[125.25063265392126,50.04163965425027],[125.25836906433332,50.03597795870434],[125.28651264126928,50.03197314816619],[125.29276080424118,50.02873067629862],[125.29995537959151,50.01567276964845],[125.29827736087219,50.00659373248265],[125.29522091583678,50.00294491351005],[125.29224219896587,50.000238786938006],[125.26718809276385,49.99017113482764],[125.24973329739387,49.9880274504484],[125.2444455944466,49.98351909234667],[125.24264525406237,49.97719733391386],[125.23863960461544,49.963113851254654],[125.23146801082025,49.95502240368647],[125.22634141592448,49.95374477566987],[125.21598919717663,49.9559996778623],[125.19053836987881,49.95696015874571],[125.18377078165398,49.9528025671094],[125.18177202746341,49.947832413306976],[125.18449543324978,49.94228146613531],[125.19503960720928,49.93682300895227],[125.20201975426228,49.927202302831006],[125.21067951750567,49.9222998049323],[125.22454100687645,49.92028989883761],[125.22641125363359,49.91766518585397],[125.22358769931411,49.91332859444395],[125.2138537840367,49.907816467401894],[125.21193043581506,49.904458859343414],[125.21262517889528,49.900373771078684],[125.22857008666247,49.888170430517484],[125.24448439314685,49.86975680165133],[125.24489714608532,49.86519016358416],[125.24145632409598,49.86242160754606],[125.22218447673656,49.862897793824395],[125.21949227402125,49.86201657932163],[125.21866742128667,49.85851083958132],[125.23544436683049,49.8454497250362],[125.23745941031237,49.83984617761439],[125.23600975239314,49.83583687410752],[125.22812036114877,49.83206023106297],[125.21431214614068,49.82970611689778],[125.18367287241018,49.828218391859984],[125.17590658525867,49.825830400488414],[125.1734497496546,49.821515975356014],[125.17656324002195,49.817830739345574],[125.19887851306389,49.80769582499283],[125.21814974550954,49.79871962576606],[125.22425305764745,49.79409587467664],[125.22603893207965,49.78985802560363],[125.22129328660724,49.77802839221335],[125.13324798248384,49.78583918336908],[125.10724088414452,49.7753367048462],[125.0604877130438,49.75238664389685],[125.02549636088644,49.74742952015664],[124.99244069645346,49.75291003703536],[124.8954396551492,49.784153344327905],[124.82258585248088,49.77073372379283],[124.7802190080708,49.752814304344525],[124.7471515696827,49.733716803999826],[124.67445087717529,49.67118366000435],[124.62201089589212,49.63691230529217],[124.56387534037577,49.62030354361765],[124.47110581926782,49.60295894403006],[124.4493060787977,49.5931047784603],[124.43798793736082,49.579435746352075],[124.43810416830149,49.554927281967835],[124.42635107005995,49.53252608024276],[124.40699088346268,49.51734697273629],[124.38806041604282,49.5109053789583],[124.3271044786003,49.51529857268406],[124.30216719468218,49.52213651422075],[124.27560186453607,49.52289490205995],[124.22992558571552,49.512813536413205],[124.2106086511387,49.497609057456906],[124.20679210902274,49.47235375649488],[124.21161690947793,49.461722396343546],[124.22790054353061,49.4402783297526],[124.23552520338104,49.40421855289159],[124.25098621139057,49.39416270412916],[124.26201744894246,49.37461980643973],[124.27603340821763,49.33401179082098],[124.27720711183683,49.30251892650414],[124.26195438253002,49.288098946331296],[124.19398181856567,49.27952847211177],[124.09593884894514,49.27961569619551],[124.04122748229146,49.27061663381668],[124.00031808791995,49.27432800158329],[123.97366842472728,49.27066536788257],[123.91982822228343,49.250245123043655],[123.90448283426979,49.23142723230288],[123.8967995437622,49.205426124747575],[123.86336482643051,49.164379265716484],[123.86022987399734,49.15223775834261],[123.84231806382763,49.13436287603813],[123.82216151007147,49.12614745286675],[123.81521282973533,49.117596939490745],[123.77459033971908,49.05927616640194],[123.73211238735504,49.01933033909805],[123.7120094353257,49.0111045598375],[123.6551192642174,49.00726337279616],[123.5381284016419,49.0351335133486],[123.31062260463172,49.0841398515528],[123.28588130690517,49.09514960281245],[123.26526030746415,49.111305140901884],[123.24889420117069,49.13696900457778],[123.20796716695052,49.22425863836484],[123.1783079555228,49.250204539228505],[123.14948634744064,49.260408439265916],[123.11915553126374,49.26453331887774],[123.03449431221453,49.26799127615356],[122.97332603704268,49.25872518234036],[122.89596660503378,49.23751066697098],[122.85708745927833,49.21816566760473],[122.81265170124516,49.18756598310748],[122.77077314002376,49.15167812494192],[122.70000909222281,49.121530760393554],[122.6130955555711,49.075059685493336],[122.58089006210447,49.05118448671134],[122.53497377681072,49.00136978412576],[122.53208512941121,48.98920897085817],[122.51999197692331,48.978076617788254],[122.49489707619831,48.975870874493964],[122.47259003647105,48.98146752334538],[122.41056901875983,48.97896413248172],[122.38277839304494,48.97329754179071],[122.3785666133561,48.9594167155537],[122.40156948141386,48.92069798720171],[122.40124140116846,48.90327055408912],[122.3877503204387,48.88605314749919],[122.36641529911992,48.87156860788035],[122.31600969849214,48.8496837916411],[122.21169107654079,48.82682741573104],[122.17088848889304,48.825665527956716],[122.14599627376974,48.83211436438129],[122.11342122195491,48.85433911200525],[122.09247062266829,48.861598336575426],[122.07446143656901,48.86273054993858],[122.0528711147407,48.85341421168448],[122.05136148704621,48.838623812315795],[122.06677409906591,48.81141599318682],[122.14367782352906,48.76507491954744],[122.16815487855447,48.73250888846255],[122.19668929737807,48.70946975578938],[122.203904689566,48.667576465887834],[122.21407058660358,48.646538466045136],[122.23085602544649,48.62975709798601],[122.28167206762244,48.60986200551947],[122.30647692403127,48.6034004431924],[122.34058303807113,48.604625568403534],[122.42688203037555,48.591963921877536],[122.44250592972824,48.58649240812033],[122.44528720138436,48.54220377375661],[122.41067969848615,48.50191269196628],[122.39848378477654,48.47968845150316],[122.3908337596504,48.4363813148128],[122.39853322149568,48.39682923700689],[122.38994600114671,48.342948024236854],[122.37504323719534,48.325988704280746],[122.3437342804745,48.29908554185781],[122.32090220429441,48.28904732953064],[122.30985919260864,48.27302343194789],[122.30047174669694,48.24557569108006],[122.28914955953994,48.23834778014834],[122.27001733621037,48.23364260897409],[122.17518982406678,48.22507268316973],[122.07429161341626,48.19939134449608],[122.02113758158528,48.18547563411428],[122.00049784304709,48.18775117073769],[121.95505582295353,48.200153366293655],[121.94968395269625,48.20621778113293],[121.92504924766735,48.21193592254609],[121.90838618735546,48.210758721268704],[121.84469479611404,48.19636436557777],[121.75180757199874,48.21187131753753],[121.60666389970588,48.23310833865365],[121.57194464099655,48.23326932697303],[121.540217055109,48.22380504234208],[121.51010536285837,48.20732096833663],[121.47800367823322,48.17845740426401],[121.46516299643316,48.15000707625378],[121.4683725740131,48.13598888494506],[121.48458918229787,48.11784244880057],[121.5032193729422,48.1032733249586],[121.52460495651803,48.05531204115555],[121.51257584068986,48.03745190807736],[121.48915656968688,48.01671715592635],[121.4715464834878,48.009307106398076],[121.34258828349382,47.97217142827382],[121.30419171926907,47.97131545556902],[121.25344444674238,47.96136415111844],[121.23848621443288,47.953100791410805],[121.22676137598134,47.93083652940291],[121.22642895929472,47.91147139631658],[121.20671771275926,47.896063905217915],[121.18418342491971,47.8858625907803],[121.00025293916015,47.83130461627547],[120.96169674910082,47.81100274076536],[120.95695897993275,47.803846269729874],[120.89858196454995,47.772482963527175],[120.83340534795163,47.74970807628956],[120.75763231614377,47.73453639215769],[120.69866445463288,47.71626503789085],[120.66193556471224,47.68890108160909],[120.63370881604197,47.68041872639485],[120.60470336572918,47.663609536475384],[120.5941672889927,47.64749788472899],[120.5577770128904,47.61572756576523],[120.51830384687557,47.59353660366884],[120.49445299459147,47.565433788651376],[120.4372116348428,47.564871143734166],[120.39566872506605,47.577733633809615],[120.35733532394079,47.60033844467822],[120.32883332939615,47.628506968496765],[120.29968803387933,47.64609977940333],[120.28551246014902,47.64832034879768],[120.27046510409762,47.64435228305196],[120.25883682393827,47.626426112759155],[120.24290326081793,47.61627799546226],[120.17538234502496,47.60750762215032],[120.09108856974898,47.559781469309165],[120.0818359509341,47.54543198012104],[120.00677299521989,47.50617137667406],[119.95830057850759,47.488812282818294],[119.89571115048612,47.47360996227765],[119.86397319581765,47.47257805193965],[119.82764758112951,47.4643507359039],[119.81900798249339,47.46055648740405],[119.78056016459654,47.41008272841892],[119.76879292193934,47.396511566477386],[119.73116209563567,47.37153919136586],[119.69001941664379,47.36048284024244],[119.67278254428369,47.35287316190219],[119.66105237607519,47.33929844138188],[119.6687536367764,47.31987316213901],[119.64379742969038,47.31594830501937],[119.63627536110823,47.31801914584546],[119.6276241452337,47.32737314787469],[119.61960590042432,47.33193954577057],[119.59856432635294,47.34046869771003],[119.58139175465374,47.34087712231945],[119.56498041504513,47.34519493142716],[119.55714569421929,47.34678987404606],[119.53368621952833,47.34563336789696],[119.51556615587613,47.34006053624581],[119.49626455177979,47.33193079301882],[119.47858831665579,47.329795293565994],[119.46583975972025,47.33969744772783],[119.45547755580745,47.34890294140501],[119.45111549458983,47.3544430513199],[119.42994427569103,47.36878467342603],[119.35926647402876,47.40409750198082],[119.34845585280623,47.41303701413878],[119.32490438908489,47.422128722725006],[119.3168565699918,47.428602931365475],[119.32148539225463,47.43638196779655],[119.3327205905978,47.45056493879224],[119.33986559599481,47.467363371076175],[119.33903454867308,47.47973996708519],[119.329663308086,47.49885124210887],[119.33678727466489,47.51427946299118],[119.33565963828586,47.530909063863895],[119.31628429392337,47.54552654920096],[119.29583578968514,47.54630191843944],[119.27599916898953,47.53737870877105],[119.25201838254316,47.52831915548879],[119.23189517158082,47.5249247505778],[119.20770979423693,47.518631809522255],[119.18737598564826,47.51800480630209],[119.16617638777912,47.52846908100125],[119.15124128640912,47.53903982616799],[119.14961443061125,47.56112762355633],[119.1570297349556,47.57240760018962],[119.15183466315254,47.588889925921606],[119.14587801557002,47.61636844169799],[119.13597855490266,47.640937632868216],[119.1268347498274,47.654511267431005],[119.13033866498903,47.6642587671207],[119.13307921601027,47.6837201353892],[119.12360309251345,47.70274421822961],[119.1048793590222,47.704968905852105],[119.0526607523577,47.71848877900075],[119.0045826790166,47.732131733027636],[118.96062953088982,47.7445268762676],[118.91867633031882,47.756987487013326],[118.85985631794776,47.77438190688617],[118.81775038959631,47.78820263445436],[118.77538960784659,47.80607347329973],[118.74511312212476,47.82441817126887],[118.71246059129473,47.848217345386836],[118.66883827790805,47.881231860303004],[118.63267940328801,47.896535926535506],[118.60173221527728,47.92317705049306],[118.56276892464189,47.94662614165666],[118.5195085848724,47.97276707353023],[118.4780832758984,47.999548064551306],[118.43433242215585,48.006631997857085],[118.4252309518186,48.01033259376686],[118.39770404930485,48.01469695891773],[118.36672973624043,48.01518132844216],[118.347802156833,48.017541704872464],[118.3377617215319,48.013273587482196],[118.3256465982139,48.002554197741354],[118.32110781638406,48.00021600567535],[118.3031411096397,48.003137383315156],[118.29352839907824,48.00021606204306],[118.28544038515474,48.00102830958853],[118.26043963850961,48.022101010007475],[118.24999610347052,48.02477856113043],[118.22732979169909,48.03566223986574],[118.18215734448339,48.035108739808415],[118.17653407745897,48.039510743079134],[118.16315965618088,48.04080762877349],[118.13918176247545,48.03025962234039],[118.13258980154778,48.03006149296346],[118.1224580551239,48.03713443284444],[118.11658357335402,48.03817130516384],[118.09264337147815,48.03644702536417],[118.08219924787039,48.03932016643161],[118.07440197633309,48.039788645689775],[118.06774251135046,48.038747320802784],[118.05640541251628,48.03365474821399],[118.04829505944257,48.03413208964894],[118.04324463432336,48.02924936228097],[118.02770339957694,48.031022249870006],[118.01407859633203,48.024525637640934],[118.00684622542273,48.02412959927882],[117.99954420943952,48.026925152653256],[117.98763537196389,48.03148454325225],[117.97797710899751,48.03221694996321],[117.9678838688542,48.02686487592141],[117.95659231407191,48.026594152719795],[117.94430965336007,48.030144706110626],[117.9337428171243,48.03132348966428],[117.92703001863055,48.02943190428423],[117.92009443159135,48.033227005994725],[117.91412061000543,48.0329987977763],[117.90999361853879,48.02766177995817],[117.90336408069531,48.031445765216624],[117.89993848662645,48.031762342315346],[117.88826595411142,48.0260329962137],[117.882612122272,48.025788459296415],[117.87409044492789,48.02942030854268],[117.87029157686425,48.02890905303427],[117.8645615559077,48.02298877229992],[117.85153850653053,48.02486518138067],[117.84762453233665,48.02267536838139],[117.8385690238843,48.02295787239273],[117.83853090062962,48.01328386762304],[117.83612760153528,48.01020126476743],[117.81649710678289,48.00702348584199],[117.781348033623,47.99952489127158],[117.75919417995112,47.9897625237627],[117.73506051104685,47.96100399164455],[117.71198851673213,47.94343238142914],[117.68948510777578,47.9203070020989],[117.67492363439406,47.90032770461244],[117.64828016620692,47.87702014064151],[117.62496163728254,47.86212567296498],[117.60309464091425,47.833535998608504],[117.58424635633605,47.816045405068934],[117.55607661953923,47.78847126030994],[117.5325246024353,47.77634112186121],[117.50108293857853,47.762518526665325],[117.46936321826092,47.74999775497072],[117.45846987994715,47.735652854740195],[117.43612148181231,47.712508525359105],[117.4137717551424,47.68927285060724],[117.40809460266908,47.66412806679476],[117.38607635371748,47.63821114394737],[117.37388299643388,47.63762330677648],[117.3474429721103,47.65575659267885],[117.3165591415066,47.67655836521282],[117.29208473869062,47.696159988837465],[117.24449125004766,47.71884459907951],[117.19207692255505,47.7496171110233],[117.14767233888988,47.78078746261166],[117.10767391622215,47.80928128217805],[117.05204959228193,47.828735246534954],[116.99654062502152,47.84824846985854],[116.94905015986036,47.86807590415902],[116.8727432229941,47.88781228754121],[116.82617082881757,47.89799537467927],[116.80340381052187,47.899603549925324],[116.77246164950783,47.89940916037274],[116.72124418557804,47.89675201329107],[116.6867639391785,47.89225090187803],[116.64160552975643,47.889894447458836],[116.62602862281621,47.88218981216734],[116.58635151476726,47.86902511064695],[116.55859054425774,47.859281626762716],[116.53716213108117,47.84838163043382],[116.49469023937252,47.8420123631339],[116.44937465990344,47.84235758675117],[116.38655160907936,47.85012570227958],[116.35257030638772,47.85932853939304],[116.31441727104392,47.86830427620086],[116.25571761665215,47.87623538628468],[116.21161583172365,47.86551818893174],[116.16451915878991,47.846239254539974],[116.1371303128557,47.83501933172136],[116.10679031514091,47.81387068959819],[116.0921493649888,47.79918366177835],[116.0505508377279,47.76911717337005],[116.02131885870254,47.73973669562186],[116.00325216323604,47.71927800481519],[115.96950683887208,47.6937183121938],[115.94876235105097,47.67867506566973],[115.93491499181087,47.675075646900666],[115.91515751813809,47.68499846083043],[115.89019164662965,47.702994725417895],[115.85882916567502,47.72339365663883],[115.83596196244567,47.74140435174704],[115.81641192517064,47.76528621727539],[115.7808284619886,47.78534923865266],[115.76267241025138,47.79814801260414],[115.74178190171135,47.816362424738934],[115.71066690314038,47.833878061245485],[115.68357806466769,47.851726281298674],[115.6609963316919,47.86703872227921],[115.64241979471879,47.88250704625212],[115.62091263700228,47.9047763990468],[115.57554375057131,47.9353957627553],[115.55312981953698,47.94784478627348],[115.50209062299757,47.958643735462005],[115.47613601426934,47.96813859381067],[115.46152455875642,47.98384376390536],[115.45587800062691,47.99468524407848],[115.4620914442355,47.99953738730372],[115.4993955960134,47.99955081907265],[115.54922228833534,47.999547191666984],[115.54231458857926,48.01844717540161],[115.52951863335764,48.05773084601052],[115.5271657181135,48.102476504485786],[115.51994527720746,48.11692029481649],[115.50698450896012,48.146799031801876],[115.5057379578842,48.16364468150897],[115.50946719604012,48.1798523158699],[115.5143008773842,48.18343532232554],[115.56436848558765,48.19688006435006],[115.69251870714274,48.229699762583515],[115.7689224535846,48.249270177163424],[115.81188099948157,48.26106608722797],[115.82549679503198,48.27002736327129],[115.83088842148196,48.28025030292812],[115.83128193937051,48.305147534013635],[115.83350521848878,48.3364174600036],[115.82936305000274,48.35561291629735],[115.82524078382379,48.37994223005068],[115.81779971696444,48.45615064578924],[115.81000132218816,48.49690985539254],[115.81374150475159,48.51763533568358],[115.82090077081787,48.53122501901034],[115.88804867328614,48.591585794937444],[115.90160689846829,48.60717208699504],[115.92311482667375,48.62445084108762],[115.95280527791998,48.65056272368792],[115.95908409553101,48.65274766880139],[115.96949235533833,48.665360251157736],[115.99367179105293,48.68720764148742],[116.07467776616049,48.75935380846409],[116.1103223018678,48.7921689803034],[116.11562568555767,48.80379795734955],[116.11762825437793,48.81016811876358],[116.09446433825417,48.82996320765315],[116.05955143006052,48.862880211360334],[116.05234745844177,48.87648391255156],[116.05434619156159,48.88285719264115],[116.05569495147196,48.88284584406224],[116.07007032617973,48.908495528148514],[116.08126856350428,48.922254930083845],[116.08765118768308,48.93629249341043],[116.09736748148033,48.94759212937168],[116.13921839716679,49.01049968364058],[116.1501891237723,49.026764481534514],[116.18283533028655,49.075400751650285],[116.20824389606948,49.11457296432837],[116.24709948168412,49.17379037992852],[116.27485227184083,49.21675417352145],[116.31561540411778,49.27851635494707],[116.33004708970124,49.30023870474924],[116.37769453430508,49.37143506958774],[116.41759699418519,49.432654415622075],[116.45923224996612,49.47899215621935],[116.4689991483406,49.49371821406119],[116.47396720295045,49.501167118893605],[116.52184054957846,49.572765253360025],[116.5449832523242,49.61006550783327],[116.57088794031644,49.64659775276371],[116.59397981963112,49.68252776193805],[116.60788224006714,49.70256968322523],[116.6103014658855,49.71013558077499],[116.63066180520245,49.73650017751976],[116.63360366034406,49.74624296454515],[116.64587014859542,49.759952820394126],[116.6492201935799,49.77646425611138],[116.65421465420417,49.79645079809252],[116.69348121714027,49.81673014662092],[116.72307448081675,49.82414198896162],[116.73693790516805,49.82175812172842],[116.76405186198255,49.8245809450433],[116.82828944285103,49.78915796523696],[116.8576697364586,49.775379278886106],[116.87620112334542,49.76667841393673],[116.91436165059783,49.74460211834632],[117.0092303791484,49.69712501333331],[117.0142510400931,49.69461083102124],[117.06483970553208,49.67703735773528],[117.15809091176564,49.65253511789783],[117.17902629764384,49.650350017211416],[117.21042020314003,49.6443265624209],[117.24456115453867,49.63549113475925],[117.28732251266797,49.63021559134279],[117.33970434418788,49.63457622580201],[117.4271045329675,49.64451750162288],[117.43841854127511,49.64421961101349],[117.47439773566448,49.639474215469015],[117.53927549231615,49.63603775876838],[117.56672551331044,49.63633111060724],[117.57233273982223,49.636392332591065],[117.57971089010468,49.63534319880181],[117.6036961674577,49.63067857550978],[117.68105658766974,49.61080783489507],[117.7076522215479,49.60204149840472],[117.73853496841005,49.58334579804592],[117.74930034343305,49.57683049997437],[117.76534403241824,49.570254326966825],[117.78177693169559,49.56934629896508],[117.80249832091853,49.56031287759021],[117.83695892980835,49.54917445986955],[117.8350067035192,49.544390868375736],[117.83837816770462,49.532496456982436],[117.85517840540125,49.514094530154225],[117.85770368664394,49.5041225383492],[117.86460017061927,49.50580485443368],[117.87272491731325,49.51103493734516],[117.87667698334377,49.51660012779575],[117.87314425277684,49.53060386682673],[117.87100102601372,49.53677614681034],[117.87306785528367,49.53860784427729],[117.90602648509355,49.54286437990073],[117.9350240395622,49.56387227222805],[117.95472252736526,49.56789289148562],[117.97110348693916,49.579596465863695],[117.97992173114243,49.582133290647505],[117.98630814403768,49.583964409782084],[117.999337663716,49.59829593998115],[118.00879767300984,49.603686363033496],[118.0142535104764,49.61172817787985],[118.01796161912789,49.61371534082578],[118.02657437544077,49.61196803178406],[118.03064038111938,49.61878875377387],[118.03619470594744,49.61945281696874],[118.04030660812823,49.609423798473095],[118.04551801950501,49.60989253770982],[118.05004878245792,49.61416911194485],[118.05526834478533,49.614634971272395],[118.05828821865325,49.61180041750229],[118.06340798943847,49.61100316813828],[118.06644474820436,49.612589930332206],[118.06976379524104,49.61796114718715],[118.06855756255302,49.62347345396196],[118.05992124590713,49.629226054694996],[118.06371340850781,49.6322658961417],[118.0740586061295,49.631934267860466],[118.08016204314319,49.636058006072],[118.08566249991262,49.63977343442629],[118.08914116699036,49.63860977193695],[118.09081208542207,49.63076345572075],[118.0975491412503,49.63412449102338],[118.11052585744588,49.64718189111573],[118.10491833081714,49.65010360134529],[118.11141038634639,49.65452475873797],[118.10917478453818,49.65923232293996],[118.11129630150985,49.66147972634438],[118.12045912759064,49.66265824921334],[118.13614475262852,49.6600413474192],[118.15036467029492,49.659576188194926],[118.15859777073885,49.66120108701652],[118.17169579892881,49.671298214656204],[118.17092560094463,49.673854502834324],[118.17414480459878,49.677748997259165],[118.18991432221142,49.6803851522309],[118.19774959807167,49.68517989244196],[118.19903882085576,49.6864083829563],[118.20720208185242,49.69413286639237],[118.20711112052565,49.697086144172744],[118.20263960703639,49.70207951138043],[118.20526407783551,49.70662615771023],[118.2133512357299,49.714572156473764],[118.22283448275847,49.715518194373225],[118.22557278907668,49.71732299839037],[118.23135559450972,49.728926755724025],[118.23649847615204,49.73233353476589],[118.24609586681903,49.730537055635814],[118.25138247508713,49.73583555848068],[118.25953877152168,49.740409416928486],[118.27421665848026,49.74117675396553],[118.28334871468624,49.74571234724195],[118.305748016131,49.76580358082215],[118.3148195329418,49.766769419791814],[118.3162378298599,49.76692193987701],[118.32481382079156,49.76451834451393],[118.33642438251935,49.7714953361818],[118.35319331336471,49.77386497949356],[118.35880934608696,49.77893810718526],[118.3757764536172,49.7758211707272],[118.38155888881198,49.77899175046026],[118.37778212253743,49.78438972508943],[118.36916872690703,49.79037885605616],[118.38038378970464,49.792304582471125],[118.3775836164631,49.797877894991565],[118.38238343761478,49.80087263613761],[118.3882573782414,49.801090533861256],[118.3900650230841,49.803344462967594],[118.38112455712556,49.82114050175791],[118.38328313634872,49.823593167342196],[118.39062210673077,49.825866365536676],[118.39449838360775,49.825523324880336],[118.40147811989706,49.82338327331078],[118.41388394445914,49.815993799580056],[118.41968138407778,49.81537277443982],[118.42939383506362,49.8226128844945],[118.43977679292932,49.82225035921341],[118.44708623854422,49.82409649990152],[118.45111335496976,49.829433076284545],[118.45413527124224,49.83058963839221],[118.45648565196771,49.81976303378247],[118.46206984702415,49.82040799050074],[118.46620477195361,49.823212242166065],[118.46563274998232,49.831866905260796],[118.46892858720076,49.836174053754014],[118.47287252972404,49.836665839888504],[118.48408776355926,49.8345831945595],[118.48629959289039,49.837665609561185],[118.48588004096756,49.84041942394079],[118.48019684603616,49.846309450209624],[118.48291275622809,49.85147855194198],[118.47839589309385,49.85585396223565],[118.48273622859762,49.86096551790076],[118.48761922384564,49.87245938072468],[118.49310434082825,49.87576725330885],[118.49806337621355,49.876644639283974],[118.5072717071702,49.87378725994846],[118.51339830555933,49.876937627449216],[118.51992894785094,49.88470866844216],[118.51937917103997,49.889786206421505],[118.52170620646318,49.89412757114356],[118.52753545463175,49.897499293355885],[118.5360188597817,49.89761328884429],[118.54141218613488,49.899738527224564],[118.5507427390026,49.898346249289695],[118.55518366095399,49.90071452821355],[118.5491411097459,49.90620054003736],[118.55307792769547,49.91027442086487],[118.54859894414487,49.915069884345506],[118.55435887423916,49.92139395926864],[118.5622472296458,49.92595297906173],[118.56718359943528,49.926407106904925],[118.58617314109794,49.92360672347565],[118.59797567027863,49.92802400709591],[118.60519172910979,49.92480827956088],[118.61439303706315,49.92931824286196],[118.61389725600839,49.93860638161343],[118.62291503902188,49.937222137424],[118.62860643646142,49.93153384198559],[118.63218484961573,49.93140459644118],[118.63513617225101,49.93529897486537],[118.63359530791975,49.93999161774947],[118.63706713607434,49.94239082667619],[118.64119497425648,49.93739352954361],[118.64366582663195,49.946995221459545],[118.64829726459512,49.947666479692835],[118.65726972410593,49.945858692850216],[118.66445528838365,49.94959681086642],[118.67227552750504,49.94951265790111],[118.68243766071984,49.94639612431645],[118.68766366031255,49.94641211182292],[118.69175316756588,49.94836458472585],[118.6988098952454,49.94704871597162],[118.71873778890475,49.94735425390235],[118.72855572882526,49.94403490271661],[118.73641443577692,49.9443674741757],[118.75885897509,49.95447577950535],[118.7869804045262,49.95867259360825],[118.80117774032628,49.964032102689956],[118.80843387446778,49.96480598708855],[118.82798004705752,49.96089216637226],[118.83645596810821,49.9607741699722],[118.8633640984984,49.96584066265545],[118.87403628181538,49.97174959393863],[118.88646473086806,49.968522551384126],[118.89345312729127,49.96993768732801],[118.91383836618812,49.978409296031025],[118.9327815033974,49.98187725315787],[118.94831425769196,49.980420506722005],[118.969378831531,49.98210969778515],[118.97071323735874,49.97215025209256],[118.97933471813526,49.97349293635701],[118.98523184587462,49.970307901258785],[118.99145004029846,49.97047957958581],[119.0202114323577,49.97754394747452],[119.03059560509331,49.98365950359417],[119.0331967318546,49.983556338353736],[119.03921549238714,49.97487802055985],[119.04438067484105,49.97424796895495],[119.06524623112367,49.98731338494337],[119.08254932263966,49.98386873939202],[119.10115001925166,49.99701801859458],[119.10468153648883,50.00021891610866],[119.11686763269901,50.0127251493329],[119.13310278709598,50.01254262161441],[119.1483640268419,50.00846107735859],[119.16947765881173,50.00659338037608],[119.18637244783159,50.00819734323296],[119.19690302920343,50.011627129138475],[119.22257545798333,50.03985511126503],[119.24882361006983,50.055955205631165],[119.26019573849942,50.05939294766097],[119.27529580868884,50.07175267957758],[119.27666751610516,50.071711123910205],[119.28071956432576,50.07958070361872],[119.2924268289305,50.07880406439725],[119.29708656903554,50.083734436900926],[119.30013813221983,50.08761510381372],[119.30117908201446,50.09559490836368],[119.3213997123776,50.10410661648974],[119.32096586204497,50.11037404977482],[119.31412953586673,50.120243954847005],[119.31616683633915,50.12580453378965],[119.31810871005793,50.13156050369642],[119.33059603606405,50.13813862606027],[119.32960863975171,50.14185980351414],[119.33667842102267,50.1552900229529],[119.34979221395407,50.15836766087271],[119.35183636216573,50.16076869938048],[119.3600960997454,50.167576508406135]]]}},{"type":"Feature","id":"hartwell-1200-country-v5_1200_chin_chn_1200_l-40","properties":{"id":"hartwell-1200-country-v5_1200_chin_chn_1200_l-40","name":"西遼","level":"country","sourceId":"hartwell-chgis-v5","year":1200,"approximate":true,"color":"#bda26a","recordId":"40","sourceLayer":"v5_1200_chin_chn_1200_l","sourceRecordIndex":39,"sourceCode":"J710000000001","sourceName":"西遼","sourceAdminType":"Independent State","sourceContainerLevel":"province","sourceHierarchy":{"polity":"西遼","province":"","prefecture":"","dependentPrefecture":""},"labelCoordinates":[87.12814817603888,41.74246822900645]},"geometry":{"type":"Polygon","coordinates":[[[85.5403076974192,47.93881015354924],[85.5411169270131,47.954132029407006],[85.5464462993142,47.97295062208719],[85.55018857709632,47.9791223081155],[85.55692125702524,47.99034212876107],[85.56552527711078,47.9993136232601],[85.58698438896408,48.02590803251557],[85.59093282036561,48.04908569189117],[85.59476360051605,48.05731048913691],[85.6053629757262,48.070635776815095],[85.6090666545114,48.07884320593148],[85.61078844037067,48.08269721074402],[85.60535924130347,48.109330852250274],[85.60493258882892,48.121986978095876],[85.6091152622778,48.156064281850426],[85.61355303002573,48.164095727973354],[85.64163653188884,48.198464708894114],[85.64262891434399,48.19971386239087],[85.67301832088968,48.26219180989043],[85.69448023679684,48.29462016936842],[85.69939427432273,48.31779057629745],[85.7025903471395,48.32967355939981],[85.7100058555926,48.3363414162909],[85.73122352167286,48.366484976244884],[85.73599115176316,48.37124587178552],[85.79446201027082,48.402183105668506],[85.8083172566795,48.410243213169835],[85.81848716090143,48.41169257832004],[85.82435297866049,48.41432041999895],[85.83102113850136,48.42033685059227],[85.84048990376296,48.42412111340945],[85.84937224379456,48.427150553843184],[85.87353032604011,48.4272365515256],[85.91409315438572,48.43834008573986],[85.91472176321409,48.43851713809369],[85.92530950437333,48.438076699229164],[85.9491941500536,48.43151868828373],[85.96453297778093,48.43013165329632],[85.99583092266984,48.44517355222938],[86.01358723970395,48.448653766020996],[86.04879987581988,48.44665215416015],[86.09201889434236,48.44226859840058],[86.16347230918561,48.435014109743456],[86.21309908574842,48.4347846507106],[86.22721731982772,48.43961450726633],[86.2478994195263,48.453939090014465],[86.26736907498862,48.45956085589154],[86.27416091774411,48.46342318269441],[86.28189781919414,48.47214353792291],[86.29568914329336,48.481564589501225],[86.3109824727782,48.49823652425906],[86.31676588420605,48.50038639019721],[86.36502737590558,48.50224040194172],[86.37815275869937,48.507295422899425],[86.38849084311538,48.50920082688103],[86.41763774292971,48.49629045128272],[86.4320263409297,48.493893629379016],[86.44692788192263,48.49843030747525],[86.54030618724377,48.535965797630375],[86.5764003274139,48.538511834502565],[86.5850747477087,48.53848076139873],[86.59182755198141,48.5465188276456],[86.59820538264852,48.57019583548479],[86.60281369544865,48.57998495271805],[86.6126172292741,48.587591293225834],[86.61777430729198,48.59412962820871],[86.62201667203335,48.59476255248166],[86.63460521555722,48.62490636586274],[86.64344696818648,48.628439049685454],[86.6605211985601,48.63044112261795],[86.67198806103987,48.63178450322405],[86.68592724063141,48.63910077842919],[86.69091668232039,48.644502123014],[86.69585217219905,48.66069994932634],[86.70195604709453,48.66877930292461],[86.72244014787617,48.68023799822464],[86.75033227692035,48.70129480114667],[86.76358508698087,48.71508194752894],[86.76804060718375,48.726781038730735],[86.77065734327078,48.73365898191152],[86.77000092296258,48.744958376700424],[86.76595851699662,48.75235479971207],[86.75076110582398,48.766031176796474],[86.74713000839144,48.773858703221535],[86.74727514103755,48.78142672936201],[86.75246251950102,48.794622017640705],[86.75965751730048,48.80285742744662],[86.76952155367252,48.80815224176045],[86.8017091778236,48.820637908352516],[86.81167243430386,48.828678810999286],[86.81290073281694,48.84306850009932],[86.81095631101265,48.85055305690386],[86.80307577359478,48.86005579171009],[86.7956824920904,48.866075074009636],[86.77910437056543,48.87341814994722],[86.76851504386974,48.88792553041064],[86.75629335074126,48.89427724803366],[86.75391336296423,48.895990095712804],[86.7394183433833,48.90645335481209],[86.73412334129407,48.9148539931555],[86.72102503816762,48.9623734732785],[86.72068878440126,48.978017309054664],[86.72375652907425,48.99090381698038],[86.73076707983827,49.00007035832739],[86.74517172131671,49.011788917606744],[86.75396821775206,49.01893414974672],[86.76490764012789,49.02416020687765],[86.80882934815672,49.039300419902425],[86.82984822889799,49.050721682674435],[86.83700508012016,49.060566603837515],[86.8415819893728,49.07173597048426],[86.84199402645888,49.08963091652544],[86.84557217001216,49.09673426749719],[86.85275852911721,49.10453904065039],[86.8557199301698,49.107754627011104],[86.86527874439915,49.11283638629968],[86.87224418918304,49.114884507196344],[86.88656400592556,49.11481145518589],[86.91596735882602,49.101967325708344],[86.92369469082618,49.100052053145525],[86.94561375473042,49.09944242680426],[86.97769490310048,49.10110135484626],[87.01316218429237,49.10849011363326],[87.06524213763768,49.12677140701144],[87.11228887148404,49.145279209238446],[87.13344317918884,49.15014107963079],[87.1571594852547,49.14397378984042],[87.16671946650968,49.14153370261305],[87.19020228433749,49.133659650098934],[87.22045637413183,49.11379229624078],[87.25552271450394,49.11626590991487],[87.26784597234013,49.11471916379977],[87.29526632547143,49.10071896589071],[87.31130715469192,49.09906935606206],[87.3251073716102,49.097607243816334],[87.36088021248541,49.08555420234996],[87.37585596988116,49.08376753042144],[87.40890462193067,49.08242710399837],[87.40906336907912,49.083375604961894],[87.41693598690122,49.08257359896656],[87.43678288303242,49.08407087699476],[87.46396414024429,49.097143973326865],[87.4890263239952,49.10066308219648],[87.4940390763511,49.10136639221466],[87.50453153631034,49.10515180704155],[87.50995614441932,49.11259361561022],[87.50486095301792,49.13501549202363],[87.5108007233911,49.1410340587651],[87.5266559990373,49.14008057123705],[87.54189750635506,49.13106073862373],[87.55611637475103,49.12591095101729],[87.5680462393374,49.12633540942205],[87.58517270907768,49.12989641491914],[87.61553935654693,49.13932924976271],[87.6493317097797,49.149818597460666],[87.67818209075816,49.162491515091986],[87.70110647345949,49.16905787351924],[87.73174638464658,49.16809276499328],[87.75800491176865,49.16975469154275],[87.78140723818288,49.172927802660666],[87.79485395520511,49.17332824830345],[87.83098596597613,49.174391666783336],[87.8288068927519,49.15797136705947],[87.83346994209269,49.145247463855014],[87.86034892464605,49.127001254521254],[87.86493880383351,49.11770588826237],[87.84228940715602,49.09160970565596],[87.84249158496247,49.08448535996537],[87.85216124359316,49.07245654476253],[87.84382520500667,49.06505714093185],[87.84274864010196,49.064464557060575],[87.83193022789656,49.059274549227894],[87.82960820515004,49.05240673923299],[87.83088933962885,49.047454553543425],[87.8355472962709,49.04476208656611],[87.85517148600911,49.04441209100313],[87.87785341121949,49.027439929492566],[87.90213666144419,49.00685310352225],[87.9114137968782,48.99626540843702],[87.91328952194294,48.98526196945096],[87.91044217153654,48.979356711160044],[87.90495092227142,48.97471410714411],[87.90018175077729,48.97256938275192],[87.8803603333408,48.963714486554956],[87.87332289987847,48.95396945894601],[87.83919184579166,48.95249329307748],[87.82257855556557,48.947631259299826],[87.79588422481794,48.930612329646536],[87.78518577029914,48.92979396161555],[87.77385078795804,48.93669170882993],[87.7653770409414,48.93623159217029],[87.76084078864791,48.93216141708761],[87.76354844685812,48.92014725117821],[87.76382849529695,48.91906759622517],[87.75934085407641,48.903778335957746],[87.74876663678747,48.889891875084615],[87.74838694397943,48.88400230610212],[87.7521198248095,48.87907102166923],[87.75970012830294,48.876642686091614],[87.79381274805712,48.87489342014873],[87.79928310800693,48.87007717038668],[87.80316223174341,48.85718732872141],[87.80844444802337,48.85309073342343],[87.82024643589473,48.84958945675399],[87.82403313118596,48.843366245960716],[87.81809166647237,48.83736931311078],[87.80938704197133,48.83363741193706],[87.80604176707801,48.82656025231347],[87.79112406432891,48.82106231446159],[87.80208722692103,48.812363407490125],[87.82955441643465,48.80035685553314],[87.83528019210324,48.79557260033715],[87.84226125334061,48.795944505631816],[87.85046492192936,48.7989652818985],[87.86414533713153,48.79763408886383],[87.91734786845548,48.76533042106162],[87.92347051842341,48.76161130765904],[87.93444761253167,48.7628256688587],[87.95627839235462,48.770519470616506],[87.9685449475012,48.768826134985446],[87.99873561471618,48.76138165109507],[88.02975950825223,48.74263431423808],[88.03482375141218,48.738230701569755],[88.03548645192862,48.73136071695873],[88.0450437705765,48.72211573454962],[88.05089293674492,48.7204915881343],[88.06282071580604,48.725421722799666],[88.06658352281697,48.7255883786353],[88.07432318014439,48.72187075647967],[88.08021789560446,48.715248838740656],[88.08215658427501,48.71029050991542],[88.08371189745094,48.706305926454554],[88.08185828033771,48.69969608166699],[88.07210299922785,48.69104170094369],[88.04791978609401,48.67771655850029],[88.03157637462434,48.670965587899396],[88.01644487837821,48.66000331916263],[88.01298345457488,48.65440643024433],[88.01385286438037,48.63608025178176],[88.01146979069546,48.63264898943509],[87.99874951074825,48.62345316290489],[87.99260318088315,48.60392562811952],[87.98475499766855,48.583641365900604],[87.9731470993102,48.56217007856091],[87.9674854895511,48.54770221173847],[87.96712068535052,48.52683052781395],[87.97062229383718,48.51364081919276],[87.9764223113256,48.508962987030046],[87.97693134375872,48.50856079901414],[87.98247774681782,48.506999575459176],[87.99034792580203,48.51598817505998],[87.99880287512424,48.570034660722236],[88.00298070191816,48.56534659718783],[88.02257101385099,48.55443442339377],[88.03650549352551,48.54868185668474],[88.04709962253439,48.54753087811433],[88.0786284717669,48.54987462321314],[88.08689891382403,48.54826085969662],[88.09404019134791,48.545217530133165],[88.10125606762045,48.53866589498906],[88.10462062109929,48.53554643265568],[88.1117824899254,48.53241254823051],[88.11826661502862,48.53141947842174],[88.1364643915343,48.533935738948095],[88.16400297768635,48.51876455921015],[88.17592746181623,48.514985856587316],[88.18519840820449,48.51367022131134],[88.19994058271784,48.51429198817045],[88.2395270707627,48.50820337734627],[88.2543054840711,48.5032733085698],[88.26779142934063,48.49430576764937],[88.27898255616199,48.486919445481085],[88.2879532780836,48.483528081311434],[88.31800391933456,48.48352143939948],[88.33542995716024,48.47769141384952],[88.34830095598119,48.47003481037382],[88.35084217653419,48.46635409882354],[88.35081766432806,48.46265217900263],[88.34521674162288,48.45201276339745],[88.3463426070811,48.44641070208962],[88.35163553117842,48.44036941855119],[88.38006011774526,48.42342786817169],[88.38659268799285,48.4183626899399],[88.39026527176804,48.41555371476026],[88.40408464614877,48.39746828212622],[88.41107867650304,48.3910701489536],[88.4162311880673,48.38991188459902],[88.43118665522837,48.391184378107084],[88.44694264096249,48.39522848623729],[88.4925097934061,48.4153796266576],[88.50550084667191,48.41641691427965],[88.51521874364087,48.41263901342714],[88.51939221497672,48.40886855097838],[88.51760499091644,48.39747920583585],[88.51609866181525,48.387693856765296],[88.51882544891176,48.38375716395175],[88.52946460289336,48.37731338602691],[88.56190104193757,48.365708750179664],[88.58014494716575,48.351359767498614],[88.60027606372299,48.343047165369775],[88.60665937481558,48.33352526345215],[88.60699590303528,48.327743993223365],[88.60431314825324,48.321616355788386],[88.59031649193946,48.303843652478754],[88.5775489346013,48.28768939844955],[88.57399728350647,48.280722972787956],[88.57400788060923,48.27518246205766],[88.58730514707423,48.24845149413953],[88.58306876023578,48.23383546645883],[88.58700925333119,48.22985634764967],[88.59306497674592,48.22824423257643],[88.61830469437866,48.22754272237698],[88.62825255349398,48.2226827384957],[88.63750403969706,48.21349548540841],[88.64137588239798,48.2081230338281],[88.6560702078166,48.18765107104241],[88.67302317380367,48.17390021979212],[88.68625504159817,48.172645136968804],[88.69538124932458,48.175534624334674],[88.7049448931166,48.176073658598085],[88.72070785448477,48.16882846581358],[88.73769188523484,48.165412955088236],[88.74260188414502,48.1618197007345],[88.74549890046464,48.151537110228205],[88.75247594007507,48.141074014148316],[88.76477971564465,48.13583154119815],[88.76720143042381,48.1352767888646],[88.77413926652467,48.133851891955516],[88.79476022738774,48.133705574281734],[88.80514282319697,48.13082540197716],[88.8299664266162,48.114913983250176],[88.8418325158499,48.11422969126591],[88.85647561214014,48.11653417540045],[88.89793323197097,48.119192466695445],[88.90213683630905,48.11680750063622],[88.90527614342524,48.10876784327294],[88.91633044458044,48.100238098744015],[88.92613607585162,48.09747016467415],[88.96761653520512,48.08590917270026],[88.98455576683035,48.07969801544407],[89.02727184085136,48.03912693642519],[89.03116962494241,48.038549677669835],[89.0367002827463,48.0288441089429],[89.03929092932748,48.019639229319445],[89.04041563581396,48.009256555700325],[89.04154275943903,47.999427704723814],[89.02089624812346,47.96208829875697],[89.0297870257356,47.95064425795316],[89.03172002799307,47.949847362242124],[89.03984350543033,47.94670348284422],[89.0700444984682,47.94603143409609],[89.12457094270344,47.95193762625383],[89.15334335063217,47.95219425878926],[89.19177979825977,47.94955660543903],[89.20530735616555,47.95133418980722],[89.21503704987394,47.954439961139194],[89.21951014181943,47.95594916583162],[89.23147655435135,47.96381599434242],[89.23958343597484,47.97328171447204],[89.24571130598262,47.98547666911565],[89.28203979102297,47.999348266125516],[89.28454122384822,48.01676258741716],[89.2891231494877,48.020124325892645],[89.31727317058596,48.027739931333294],[89.35072628853443,48.02413788055462],[89.36506276063567,48.02423712001753],[89.36648825252985,48.02964531085559],[89.36357534815501,48.03927697036932],[89.36777003113282,48.04259346080475],[89.38711255859452,48.046003173551064],[89.39265805259872,48.04697895609821],[89.42134204493331,48.03905985955346],[89.43882024071608,48.03719140356294],[89.46752612196772,48.04363852748221],[89.47711852638237,48.043946231919115],[89.49479739754744,48.04061882531895],[89.50817307726751,48.04023041776708],[89.5647362958007,48.048115218520806],[89.56773397569627,48.047334289393305],[89.57787732052387,48.04465504290509],[89.59897030901561,48.02464507744214],[89.59986333085283,48.02133380876191],[89.596758992062,48.01556454170826],[89.57698876540464,47.99942796814408],[89.58346694962533,47.99515582463232],[89.58706580146932,47.990572176479176],[89.58690195049363,47.98134565846601],[89.59523809950979,47.969539677728406],[89.60139204996501,47.960812984396284],[89.61609169883637,47.94518378527113],[89.63611121585477,47.93086531263815],[89.64495545805697,47.91911545669413],[89.64979942155249,47.91549534513824],[89.6718233074165,47.90406073873878],[89.70517189556148,47.8987189164651],[89.71650845455531,47.894782282737346],[89.7240215947831,47.89117104269449],[89.72709575594085,47.88883198737728],[89.73709251529135,47.881345565941544],[89.74337630301112,47.87428924180695],[89.73832442441378,47.86233744072785],[89.73897956497588,47.85826698751853],[89.75856911434646,47.834971857891865],[89.76551650548822,47.82909173997547],[89.79526759362086,47.81755479311059],[89.80674059060271,47.8164806197378],[89.83686063954234,47.81868173433901],[89.84381926423035,47.82043491869928],[89.87863794723546,47.8291061361085],[89.89078386850488,47.82920038903229],[89.90523326438968,47.823191465089366],[89.92906185052269,47.81587587017524],[89.94288290669878,47.81623531482078],[89.95032668319489,47.82060950474862],[89.95723040581595,47.829800664027275],[89.94146913211776,47.85186428591572],[89.94171077136886,47.857960792125546],[89.9441939499001,47.864202519052284],[89.94660717806086,47.870160960184926],[89.95421931569848,47.8797966041423],[89.96257552512813,47.88371498515638],[89.99684401705635,47.88723729898562],[89.99882384689396,47.886158012905256],[90.01046009038524,47.87956443343797],[90.01436537632766,47.87464045220028],[90.02322585096745,47.86968591738143],[90.06578458571265,47.86293501330702],[90.07196631233462,47.85797318746634],[90.07411610228961,47.8524967119189],[90.07082798521795,47.841392373100135],[90.06389851526606,47.816573001724905],[90.06628799384809,47.794940397987745],[90.07139298961145,47.77672066491075],[90.07826627777085,47.76558256735959],[90.12590290698655,47.73003615527968],[90.1270141748819,47.729233303821154],[90.142350655759,47.72201362978276],[90.16431208678449,47.71741413309902],[90.1874729492659,47.71523397095328],[90.21302261915126,47.70153707999309],[90.22077109881117,47.70087260831517],[90.22890853575366,47.70208580351113],[90.24317404536029,47.69235783497059],[90.28827537611586,47.67755577772999],[90.3223035724816,47.66637587993883],[90.33632655418204,47.656433512554486],[90.33937437720871,47.6516043847919],[90.33838768756355,47.64571622520634],[90.32821131635573,47.63061375016618],[90.32563561278167,47.621622936719724],[90.32773115504911,47.61504343029388],[90.33390259913263,47.60686468223005],[90.35060043317216,47.596190926297986],[90.36081496231088,47.58530720453042],[90.3632981087212,47.58060494068403],[90.37362956923903,47.560552497371525],[90.38190797332891,47.54873591459586],[90.4039036884204,47.53190521423415],[90.41284593505107,47.517587373305176],[90.42281186968208,47.5071383701401],[90.44543133607016,47.49532640422353],[90.4557110190422,47.48646916608724],[90.45880677567887,47.478252137935975],[90.45900486386016,47.4767124352636],[90.4617661620608,47.45891849681991],[90.45705461603973,47.420267138616445],[90.463285129886,47.409805384278705],[90.48251238394543,47.39691455392324],[90.49016019993408,47.37981072528888],[90.48619737656888,47.36610529133897],[90.48294729681776,47.35898521434685],[90.47838098028845,47.349345721104854],[90.47462624994749,47.32355717800277],[90.47543496151866,47.31483656720265],[90.48084606498013,47.30319539244739],[90.51069010997062,47.268385223970164],[90.51383596803393,47.25862261062898],[90.51362119003217,47.24970822493416],[90.51666655614106,47.243511226934515],[90.5189981594259,47.24127473722319],[90.53970177253885,47.22056756849768],[90.5510099233065,47.19917604084453],[90.576977716269,47.1766243013146],[90.58641976223466,47.163933371469426],[90.61343490243887,47.13818917141673],[90.61513526738828,47.13515556348428],[90.62049778846563,47.125440227319494],[90.64246714648873,47.10467990401143],[90.64784562194403,47.09423417727136],[90.65967921028984,47.08261221441013],[90.66902127156351,47.07714865362052],[90.69380709439868,47.068578515688564],[90.71106087786421,47.04807128619],[90.71815018626867,47.0356937307453],[90.72326436968373,47.02705422888479],[90.73324630486948,47.00087025399605],[90.7695350260455,46.98631450137782],[90.79482349165937,46.985840383329084],[90.81984827778419,46.98725757813739],[90.8572713507823,46.98295633191967],[90.85902513093791,46.982765881017784],[90.88000409612008,46.975712923716415],[90.90133895717682,46.96182920979633],[90.91245788576927,46.95268976873574],[90.92548557147705,46.93239382723208],[90.93226590525023,46.90086309986443],[90.95187387725643,46.88305614217704],[90.95591223197236,46.879433135662005],[90.96293863239633,46.869612657548586],[90.96489575843101,46.86139180903031],[90.96101358865965,46.85149232535384],[90.95269415424427,46.84078507762202],[90.95175818540869,46.83575262371877],[90.95237214583472,46.82639301683323],[90.95841873315995,46.81492279288278],[90.97302535350236,46.797629366084436],[90.99533524119849,46.778633294449065],[91.00056105996838,46.77110607100691],[91.00208810118833,46.7687890245145],[91.05064701655792,46.725425453508635],[91.06023016250599,46.7087321603299],[91.06125261790599,46.701155268819925],[91.05396085161613,46.68544304011131],[91.04465508866772,46.67510656138153],[91.0382345539311,46.66158285883674],[91.0350222600533,46.63238491560465],[91.02814340304828,46.60702887412205],[91.0265034334171,46.5919718151658],[91.03079448087375,46.5850885050853],[91.03805907975249,46.581607125943904],[91.0578937753159,46.58074301824393],[91.06825692355433,46.57683665943594],[91.07553483146296,46.57134514783944],[91.07649810295852,46.56340107593128],[91.0743653508056,46.55907880645253],[91.05623032993478,46.52338971914106],[91.04243858338073,46.48767607430429],[91.03546953003925,46.47693655141485],[91.01437589643271,46.452735277506555],[91.01226741442338,46.441931387095146],[91.01103920511667,46.435142387136395],[91.00384257577822,46.426845288692896],[90.99553141159404,46.406748105931406],[90.98499139044861,46.39437283159082],[90.97846318279439,46.37774123720631],[90.97777069669732,46.36835875916828],[90.97217609520335,46.36058631123625],[90.95862773437823,46.35210888624592],[90.95477908089723,46.33583728305655],[90.95044924508201,46.33083863158025],[90.94681298283845,46.32819178976434],[90.94226346027703,46.324905504973],[90.92185325506206,46.31619271681702],[90.91195508707155,46.30908147831109],[90.91068152327472,46.30448006735272],[90.9119701835871,46.2969410962651],[90.93972570034104,46.25582236211675],[90.94775477839356,46.23956048865183],[90.95002603693047,46.22911029005306],[90.94802188230074,46.22361595554501],[90.9452312277402,46.220689302342045],[90.93915795057465,46.21469518697991],[90.9335819124032,46.205009176005454],[90.93535703632516,46.1995295689465],[90.95345520023687,46.1767089187947],[90.97389074459402,46.162790874016075],[90.98045810753737,46.15614991050714],[90.99785550819642,46.1328032708833],[91.01717454701895,46.11530516485517],[91.02021730257225,46.112507881344335],[91.02291208271753,46.10566232714511],[91.02023114214501,46.099009395677406],[91.00284623580377,46.07382922051575],[91.0029370369696,46.0701900296849],[91.00912919393653,46.06725281144437],[91.01743120806032,46.05650070427078],[91.02201381147484,46.03844602492287],[91.02102526813478,46.02220623305465],[91.0187115723781,46.01504444779468],[91.01033723463651,45.99998124236009],[91.00902708594494,45.999394120385375],[91.00089375407319,45.99593499075175],[90.98830509561796,45.98373088158042],[90.92996344281856,45.950054807463786],[90.9133407807795,45.93862242638914],[90.89300166219407,45.92444180203166],[90.87955361953603,45.91277901360211],[90.86300820420564,45.898521837065104],[90.84705430725204,45.88268166371555],[90.81738327837971,45.83709363362564],[90.81159069907031,45.82428907033186],[90.8021361163151,45.81102046614533],[90.79373914163996,45.803328352683685],[90.78367917663174,45.79428113498906],[90.76803018608574,45.77026103995869],[90.72453104328707,45.736278949602934],[90.70316830946585,45.70875035069299],[90.70060513526148,45.69800655494917],[90.69864696630195,45.68996797585571],[90.70200657685825,45.63691497006494],[90.69181748024448,45.60370482388929],[90.67271554288725,45.57987243777382],[90.6722243095669,45.576633228858924],[90.66240624504117,45.51622748891903],[90.66411079769986,45.50365172902767],[90.68411162837232,45.483127818079346],[90.71340719315089,45.465017424693855],[90.732338003361,45.45330517709453],[90.74768930362778,45.441406051739904],[90.76661918305442,45.420859777479805],[90.77884764907571,45.39962665641286],[90.79510874333904,45.37817046678975],[90.80295730387836,45.36377277159326],[90.80430447909852,45.35908648819949],[90.8066181066895,45.350312303585476],[90.80618644209409,45.304033803409496],[90.80814677359322,45.29194900685169],[90.81210749409509,45.285802504147306],[90.82789654320554,45.28787321891956],[90.83960951761797,45.29289253610979],[90.84933491805091,45.293157958797096],[90.85711888525722,45.291586655212036],[90.8745672928548,45.28363001484714],[90.87743534075462,45.28091965722546],[90.88666926348684,45.27221574773431],[90.89417497318601,45.261880021065345],[90.89513292371072,45.24705677919812],[90.88970043631484,45.23331182537737],[90.87618361666672,45.21383016408911],[90.87134942383926,45.200964993195754],[90.87139147975905,45.19760345967201],[90.87753553035128,45.19140790646694],[90.88718049041901,45.18820721446053],[90.90919323857308,45.187993756461246],[90.91604687715638,45.186508212126476],[90.93703782333824,45.18182060181322],[90.94486011626061,45.18188745549374],[90.96393777388774,45.185369398758404],[90.98328578900968,45.195151596438166],[90.99819607250693,45.20020741224754],[91.02107717095076,45.204611202120844],[91.05285972536885,45.201176998752075],[91.08504115531534,45.202777704128295],[91.11033418809967,45.20413478442343],[91.13139348206748,45.20160772129072],[91.15055804090181,45.196978608081196],[91.157025261161,45.19353344049634],[91.17501869203288,45.17541860954135],[91.18313030360905,45.16950031536917],[91.20858537636876,45.156401260923616],[91.22849144806888,45.142110635338874],[91.23148559954724,45.13995410290032],[91.23986646315838,45.13651517636917],[91.25513216765621,45.13394165041144],[91.28958361671238,45.11736235120675],[91.30380445317192,45.11549869463368],[91.31796020222339,45.11135508165907],[91.37323400835449,45.10417745094382],[91.38255762981996,45.10436840409008],[91.3911900199357,45.10939800744589],[91.39843590430873,45.11365461649194],[91.41180948462406,45.133143963475206],[91.42928802991855,45.14085679334579],[91.44386377080141,45.14373904835535],[91.45964387388584,45.143738551148154],[91.46938561721976,45.14114694654421],[91.48093645561549,45.135187438594755],[91.49318261627378,45.12366133497831],[91.51241614779016,45.0979151840491],[91.5171106652467,45.09155851361607],[91.52542075799225,45.08373703912496],[91.54341906293043,45.07286091713519],[91.5617905018289,45.066652562264544],[91.5914548582292,45.060992396715086],[91.65093719878878,45.056118378975945],[91.6698197883783,45.05784859564581],[91.70116634964393,45.06004841431973],[91.72505159674742,45.06443148162758],[91.765862203529,45.06806899531747],[91.77853787261371,45.06810029935865],[91.95610731861899,45.0685184253221],[92.01525002874834,45.06863326517582],[92.07881578598007,45.06214605001319],[92.12579196647052,45.042833304689324],[92.13645378754927,45.038469846428484],[92.17105482802725,45.029883829934704],[92.19015644401486,45.03038326916835],[92.23585867341359,45.03932638617628],[92.26178230432811,45.048703197512765],[92.2946947639026,45.04927861347413],[92.33996347117015,45.050160394792144],[92.37405725932183,45.0477398593937],[92.40395984258531,45.042298522067654],[92.41189322896797,45.03875597272266],[92.42583356395782,45.0253253623676],[92.43472837851024,45.02068992086405],[92.4576450725082,45.019140342589864],[92.47149527065737,45.01821790224171],[92.48774246107202,45.011070068081814],[92.51348706595992,45.009404599815305],[92.60892862005603,45.01481020144412],[92.6317909138742,45.0142253044233],[92.79084041981358,45.00975841368586],[92.80902817910741,45.01027370736484],[92.84768599771071,45.011406848146265],[92.89625098971065,45.0099505285731],[92.98627420148057,45.014076772688384],[93.06881680149274,45.01786193849856],[93.07648423700664,45.01562179900614],[93.10430592140409,45.00160877155253],[93.11747979318923,45.000021169874884],[93.12818890430108,44.99939928810651],[93.13482738310674,44.99942471349454],[93.13814662369074,44.99943730734628],[93.14691471025908,45.00046038353458],[93.1555963545347,45.00274440398303],[93.17223611091565,45.007067626577516],[93.1773641935514,45.00696189302768],[93.18334243525477,45.00937569905611],[93.19427880344236,45.009674381525876],[93.22513728935547,44.9994331244153],[93.25002506070949,44.991216776568315],[93.26378757178807,44.989122056986595],[93.27713414536802,44.990253138798685],[93.31855157053518,44.98695860384574],[93.32443960973988,44.987636647893915],[93.34382249056236,44.99008582405696],[93.35671352828975,44.989358557588055],[93.40217936764375,44.97242700896129],[93.41963027977546,44.96727456643806],[93.45995241892061,44.95886559413714],[93.47989388743477,44.95944005359855],[93.49149946466646,44.96257984448992],[93.49944692996698,44.96468995435041],[93.50721532124163,44.96479176125353],[93.52410065523542,44.95912722739316],[93.54822466399274,44.94355293560828],[93.55901017755797,44.93846710802937],[93.64738098767108,44.91984422634534],[93.65055658340697,44.91756908403387],[93.66459256717852,44.90730960497702],[93.67848977345444,44.90102231636386],[93.71629279691498,44.89034805288027],[93.7243832902018,44.88602791706303],[93.7500274660443,44.85344032694226],[93.75959215720215,44.84625155509759],[93.77920833997912,44.83752506088499],[93.8147320304201,44.82166636686306],[93.88103581077846,44.801040172083745],[93.93454084885455,44.77981456332721],[93.93550515606549,44.779348828842146],[93.99659048121448,44.752557436334165],[94.05993179954437,44.72320959961206],[94.0820287040386,44.709489269401075],[94.08639405092846,44.70675874610078],[94.11507227698297,44.68496170236623],[94.19637568681708,44.66186524721016],[94.20993352052206,44.652164159846656],[94.22268719896026,44.639415271900745],[94.24005132813954,44.62223322400494],[94.2509547524199,44.61485492669494],[94.2829109228928,44.596726832304064],[94.30459658579639,44.589279008512285],[94.30929193521361,44.585936375223895],[94.3125074066408,44.5814844667035],[94.31834025980633,44.56485008466837],[94.31539038782606,44.54428151266463],[94.31524607678293,44.542733572620065],[94.31900621657245,44.53136406681176],[94.32454084209517,44.526640577405864],[94.33302584997712,44.522506993929895],[94.35572494719533,44.51820645469801],[94.36785175245245,44.51760622814938],[94.39476676198082,44.51136536183421],[94.41294689893107,44.51176941487884],[94.43035568013666,44.50804490262387],[94.44511128521786,44.502578765876855],[94.46178771035521,44.492739730426926],[94.49063965630585,44.475967155726984],[94.53296731975179,44.45614937604212],[94.57496248998498,44.44777036252406],[94.5981565282921,44.42531247575589],[94.60220760442085,44.42272765908159],[94.60963058236939,44.4178678724622],[94.6227010300931,44.41244005081836],[94.67105136329015,44.38292676048657],[94.67956154972985,44.37146230938995],[94.68876278865937,44.35354699706576],[94.69436949107717,44.34719368796043],[94.70277911057754,44.344120776814],[94.71796766235339,44.34047068984481],[94.72405712558216,44.34029364897737],[94.75005219336653,44.339614542303785],[94.76182717159578,44.33769215240563],[94.83021417286679,44.31549660138072],[94.86168844747195,44.30825021436624],[94.88192358404154,44.30098314599077],[94.88796492262685,44.299351108697195],[94.92993272734262,44.28834803967939],[94.95215138875744,44.277696675200716],[94.96334240076929,44.26912623575264],[94.98946961956266,44.25397166133023],[94.99892164601945,44.2540280367364],[95.00762462733928,44.25402930026286],[95.03443901514885,44.264190007096005],[95.03987145726758,44.264132489073795],[95.0924094502395,44.26368758390136],[95.13783996655168,44.266232724616984],[95.15371309923317,44.26457291320124],[95.18851771612925,44.26462495101019],[95.21449511861015,44.26737913441105],[95.2693412775185,44.27298688868374],[95.31549209029316,44.27949415001129],[95.32494159224916,44.282325126117776],[95.3554679047903,44.28600369471079],[95.36915774746622,44.28551942708994],[95.38696124745891,44.28631402779582],[95.39084686307977,44.286495374286744],[95.40865708571583,44.28909225787748],[95.41701210696112,44.28692087221537],[95.42225804020467,44.27920265380959],[95.41530017669919,44.24966956656151],[95.40947168181013,44.244488448449545],[95.36385723730437,44.20392666529766],[95.36209341552973,44.175945052578705],[95.36276824033389,44.14523199623323],[95.3475683395745,44.08156750348011],[95.34272094194688,44.060934104030345],[95.34407427696071,44.04461600661441],[95.35332822502323,44.03210114801879],[95.3638998325532,44.02463852912235],[95.37375738606802,44.02055182967124],[95.44789643391614,44.00572077443273],[95.4672775211172,44.00175049000139],[95.53437408239569,43.99882731469812],[95.5447182933031,43.992869969598836],[95.54975550048863,43.988078767460664],[95.55922025574155,43.969890193768016],[95.5634221897092,43.94971716801075],[95.5669881832284,43.94275158850457],[95.57224985496971,43.932477622850136],[95.5864397082952,43.910740207173475],[95.59532354043795,43.90242793655362],[95.62214711305981,43.867588304973225],[95.63333909804328,43.83230963955608],[95.63560950508162,43.828410199126836],[95.6612107713061,43.78348803396846],[95.6744393597295,43.73249955796269],[95.67539760438844,43.707162182798506],[95.67556208899512,43.70591231921179],[95.68857352176018,43.679237195535194],[95.74687079666508,43.592781961513914],[95.75647523835165,43.57848546039862],[95.77129597551676,43.558599494313356],[95.78824633066353,43.54146824647007],[95.79925724340305,43.525826022071314],[95.80651951424396,43.51020109841418],[95.82608369210391,43.4813622089626],[95.88008545650747,43.40155199498888],[95.88468221436544,43.38026118905175],[95.88515618387386,43.36490453139817],[95.88753669211015,43.28705032010246],[95.89303205850098,43.2654656518945],[95.91164108349453,43.243320268727864],[95.91308912018178,43.24170781919145],[95.91545828133715,43.232870103698474],[95.93511948742034,43.21502235729091],[95.94566668864184,43.207270103077015],[95.95779817269313,43.20169165518222],[95.97962001329479,43.1970260852202],[96.00470297677134,43.182229723605985],[96.0320381293162,43.159304463290106],[96.07295209013577,43.124859765261405],[96.09632374412588,43.0896173546421],[96.1082070741393,43.063872068474545],[96.11667612957301,43.05156995744709],[96.12137240942309,43.04468492198998],[96.1534139101249,43.010009605532254],[96.18607296608205,42.9821131451136],[96.2212423986522,42.955723057302635],[96.22380409713962,42.954001538345445],[96.25500386264041,42.933550056988096],[96.28646498397173,42.90978509604553],[96.29557935840198,42.904979360023745],[96.32347324263611,42.88187801531178],[96.33152625665002,42.86639925966533],[96.33326259277051,42.860220549107176],[96.34110869812136,42.83313815595084],[96.34908008522932,42.77839385360781],[96.35754660370827,42.73581458509275],[96.36047393927181,42.72073076078191],[96.36274928509499,42.717193321533465],[96.36560171470752,42.71602827182446],[96.2706008028381,42.6700373673672],[96.2401203030436,42.656295489376056],[96.15688612320254,42.629936993471645],[96.13213879261238,42.61492813597694],[96.11154722898598,42.592283699023305],[96.09207352683235,42.51905198389815],[96.09195913698686,42.44953209673984],[96.09210733899893,42.37393279214797],[96.07025286213299,42.27737754087454],[96.07209882068094,42.26605560895372],[96.07270166251638,42.24699640939322],[96.07106961605136,42.238360547040415],[96.06842968497449,42.23251599457703],[96.05711517956217,42.21858024462494],[96.0517360315551,42.17525647177588],[96.0527662719247,42.16901942809967],[96.05259600933314,42.12407368627854],[96.05546249346703,42.09401869492782],[96.07477116869097,42.04361332414035],[96.07763691045521,42.01544722346204],[96.07564045124093,42.00391792623629],[96.05435930192996,41.96965575343611],[96.03427077017356,41.951532048366445],[96.02062089933571,41.94550220913769],[95.98994950462259,41.91059952067356],[95.93556997036146,41.875430327910124],[95.8779573473297,41.849886762914345],[95.79647962612705,41.836044622605435],[95.73853328563656,41.83751427041509],[95.65952947302621,41.85480931887337],[95.63512116514745,41.85597289820332],[95.5952666917103,41.86717523947186],[95.57036335611011,41.86927989419877],[95.49838235909688,41.85098656751257],[95.42093768724322,41.83737740297825],[95.3001484517989,41.81357822750597],[95.22832922988503,41.79756832185054],[95.10816966564686,41.76636179442055],[95.04810312680335,41.747798770526416],[94.948812184162,41.72338322400766],[94.86836638354418,41.700413340040384],[94.79876176951123,41.68028775377346],[94.72741168626607,41.638346895687114],[94.68215271099072,41.615271533152786],[94.6510423130456,41.59462721170983],[94.622178900254,41.56858252646644],[94.61981646843755,41.559597865534975],[94.51393892863841,41.477207240112534],[94.43485809378171,41.39560175862277],[94.38129171329928,41.35540921199043],[94.33866828869553,41.33106866269054],[94.27872254973165,41.284660249156914],[94.20520056202085,41.242953205435164],[94.13958278545513,41.198257624285255],[94.1054131845797,41.16617575958779],[94.05913264241029,41.132005560037314],[94.03335523626066,41.104817154007364],[93.98545432720938,41.06246198458447],[93.97649783762782,41.051940793223984],[93.9677464982791,41.045764315677886],[93.95636375390384,41.04125936453096],[93.94425660958211,41.03425558676886],[93.93014167065296,41.022952490710686],[93.91386944239412,41.00392443525526],[93.88895967172147,40.987177720284386],[93.87573766042767,40.981799036508704],[93.8403417706965,40.93312345519697],[93.83060756458394,40.906062896912964],[93.82705087604064,40.89616973286786],[93.81479872955035,40.886421117249654],[93.80078176338532,40.858293053131085],[93.75245616753112,40.79482455590827],[93.70993655478144,40.71917430945157],[93.66780987565026,40.67851071408443],[93.65651965801639,40.67420365058051],[93.64973649007824,40.66978985080121],[93.63312067057214,40.66743620816671],[93.623454417187,40.65955897853298],[93.62193527975718,40.65831862886144],[93.60861521013301,40.655431483843124],[93.60322119703228,40.655782061531674],[93.59073920918762,40.65149844802677],[93.58244707256155,40.646886077229944],[93.57268927657871,40.6354462517671],[93.56187100500838,40.627686412705906],[93.54661177507838,40.62117106458199],[93.52293112815505,40.598835651569686],[93.49696150306893,40.585072356334564],[93.49353613801762,40.58325211201933],[93.4641558141768,40.5598869937511],[93.460218578108,40.558830763154305],[93.43475974650599,40.543377069813715],[93.42353008082088,40.539501201799396],[93.41614515675744,40.5344011147238],[93.39123462439929,40.50909037603654],[93.38867219205056,40.504569473416936],[93.38132536579135,40.5001520659588],[93.3795167971074,40.49973956770803],[93.33573227240112,40.48968036742178],[93.32086356780465,40.48427139708525],[93.310784781629,40.47876307529075],[93.30420116695046,40.47020601042665],[93.29200952748873,40.46405319439284],[93.28367869077296,40.465365732103635],[93.27520180737567,40.47125567732121],[93.24657934474834,40.4658529732454],[93.19848964308638,40.46669292538532],[93.151884386744,40.47829878439991],[93.11551755539537,40.48138589530471],[93.0570510263774,40.48255056284574],[93.0083243572733,40.4851832415789],[92.97538730044636,40.49396813957983],[92.94376625729542,40.47679860056197],[92.93751522675755,40.45695653787829],[92.93779539189941,40.41502635965729],[92.9394096594846,40.34959470788384],[92.90304737207144,40.262515860809685],[92.90144716551606,40.22050858971209],[92.89724113653041,40.1769142475922],[92.91309127057032,40.09036250716462],[92.90665806255544,40.079348301921954],[92.84622490338649,40.012119542515585],[92.75970247751295,39.8965126890356],[92.74891876495906,39.854454190692735],[92.74892950843915,39.839995885528566],[92.77922172570136,39.76238255003388],[92.86046294095455,39.58917265535449],[92.90318784508062,39.49639442512775],[92.92468260312127,39.47120213639124],[92.96129983743093,39.432157062138906],[92.98068246963182,39.39635274503263],[92.98155605535767,39.37480438266295],[92.97752454453767,39.35289016086749],[92.97960090868655,39.27769770613265],[92.97101358550071,39.26065491487084],[92.95323465205031,39.2391644242571],[92.95269470056064,39.22861417609207],[92.956584666676,39.21327242336982],[92.96713483743703,39.192449854760305],[92.98048373174618,39.176913261224584],[92.94726784440734,39.165737769296854],[92.88697445308333,39.143486780717595],[92.82652745243851,39.13178071809309],[92.78200484738183,39.131607766601924],[92.52667273087259,39.09628579695157],[92.49417404440516,39.08343821947497],[92.4628842134199,39.05570460235407],[92.45599356753877,39.03357419686711],[92.38562204267689,38.99904005135466],[92.25261466020882,38.98646736382435],[92.051824685693,38.94664370006189],[91.92789003709044,38.90417943848121],[91.8658213870926,38.87170123863615],[91.84099818530953,38.86304948068191],[91.66087872039415,38.853533228809994],[91.5148569710576,38.818584455926604],[91.47635052931398,38.80131566221789],[91.33359528446042,38.76280150855855],[91.24353370291728,38.729695209357246],[91.1104913676428,38.703913163155],[91.05656454654034,38.68689817796148],[90.89489647531543,38.6602744296939],[90.79131210739561,38.65222916953577],[90.6993693307228,38.656468956008716],[90.63921588592879,38.655308088385645],[90.61764707057137,38.63974458512199],[90.5998093123422,38.59435753751083],[90.58307427504735,38.5733006566497],[90.49872787504654,38.523878979598884],[90.44137735649656,38.50204825738763],[90.30602533099517,38.479329874621854],[90.26186779717561,38.47549585436808],[90.23038047029004,38.464469980111566],[90.21074575938468,38.46534596010392],[90.1548244105793,38.44867202694391],[90.13506511239991,38.427638306648866],[90.1391771124534,38.38723387117364],[90.24016403612563,38.28615762418999],[90.35347554004304,38.127318215926564],[90.41596936731693,38.06835653838886],[90.45435384139509,38.02398285093943],[90.48277988492856,37.98089311376611],[90.48798314956284,37.95314163254582],[90.48572630635262,37.923006238063294],[90.465767032172,37.88814040354631],[90.45257642606693,37.880505983523754],[90.42689473258241,37.77270678105782],[90.44308935819969,37.753064194716394],[90.47382664901451,37.735633048630476],[90.63520712500508,37.68507275316508],[90.67917594634504,37.664066984904935],[90.74803155998526,37.648648988507496],[90.81014144917344,37.628211612824664],[90.85552207008139,37.59786973568299],[90.88685181128511,37.544451338038485],[90.8985332678007,37.53011050285774],[90.93746891272161,37.50721201218307],[91.01891995998706,37.49316373413742],[91.0692187419546,37.479852410393775],[91.09632458069396,37.464325784287645],[91.16526477248368,37.289432143416285],[91.21245136430804,37.212549945289865],[91.27890232826287,37.15089042740738],[91.30367289102954,37.11854514648764],[91.3241548090598,37.028931541186026],[91.30268654344339,37.0076237201437],[91.26208818761019,36.99895420700731],[91.20699469857841,37.01474200506978],[91.1800754847022,37.01941607256088],[91.14283411964823,37.01251592545163],[91.07663591753257,36.98036254564175],[91.02241997141005,36.95013633365705],[90.97177618385878,36.93511879009673],[90.93344640850214,36.93630085830932],[90.87480625486772,36.92429880800983],[90.80395677514029,36.88713848852481],[90.73112138201428,36.826407114113856],[90.71463660803002,36.80095602866322],[90.71853166321716,36.74851061975801],[90.72802811045285,36.73313622046425],[90.722767288871,36.711485958987474],[90.68794178172696,36.66845423893754],[90.68655704757734,36.64634600671526],[90.70247999757528,36.61480070750985],[90.73620164756036,36.58151673327428],[90.79507360730729,36.562881823030416],[90.82038682265652,36.565047635379166],[90.84956129397251,36.556135272832165],[90.91578547919408,36.55635978087534],[90.97881305285985,36.550254716873575],[91.03358982831897,36.53096578832878],[91.02517778836224,36.4777819592234],[91.04689659068504,36.38788044661502],[91.04713278286481,36.257082137865346],[91.10130201758574,36.18790931650156],[91.1218793383981,36.13582090497993],[91.12197818376534,36.10796020409718],[91.0948131512842,36.08971678268738],[91.08125068750421,36.08747305002554],[91.05647628845188,36.09835200238653],[90.9956159726522,36.10649862281175],[90.96643991346208,36.10391381386615],[90.9508826745016,36.08946864261233],[90.94962519186176,36.06630316205174],[90.92156623559534,36.04323726966898],[90.91332120650317,36.02799823588077],[90.88620228514415,36.01986897120667],[90.8352928448533,36.03770310724871],[90.73027667930614,36.109472030539],[90.62398102234768,36.13549812980754],[90.57022815841181,36.14517036907498],[90.54277936342265,36.14907668130306],[90.5056360487211,36.14581337117193],[90.47719212681146,36.13618008654036],[90.46417865611936,36.13645238766054],[90.44335673401405,36.14318510087801],[90.42905648681213,36.14303255365351],[90.40032564409032,36.14522725612239],[90.36944669541526,36.15517235729392],[90.29415128676264,36.16470344665691],[90.23871418962504,36.179171222109325],[90.16457448302245,36.21388618651103],[90.09263391268759,36.25927435001723],[90.0491573411803,36.27609863690758],[90.01332827871963,36.28158738521133],[90.00066766439984,36.27339181658361],[90.00410104461518,36.25156351116635],[89.98866864565753,36.18719381810378],[89.96053236480546,36.15558867630492],[89.93912998250562,36.10407852810367],[89.90685136058345,36.08699195334548],[89.7632796285785,36.10217081733811],[89.69548395144116,36.098030834992514],[89.67278199012559,36.09314549660108],[89.63773327298235,36.10177024019895],[89.60693684179361,36.12389226468867],[89.54900524854018,36.13694375515436],[89.45377669452093,36.17962963770378],[89.41851732918954,36.21043871073875],[89.35981745402336,36.24026522946323],[89.29355433197976,36.28010976622588],[89.25587320894962,36.29308736247147],[89.23046945735197,36.29562643885147],[89.19143736203463,36.25259829038204],[89.1682710308572,36.24648157200515],[89.13615437051328,36.25174839335568],[89.11743368220426,36.25899745416953],[89.08098174663334,36.29634316327136],[89.04805342738517,36.31258005868928],[88.99830789679334,36.30679504163109],[88.96683330272666,36.30985074711047],[88.94657449265416,36.33257496105908],[88.93030841664007,36.34868855280061],[88.90593963632766,36.360862117972005],[88.88069705737477,36.36732482655194],[88.85012570648789,36.36316441686579],[88.76771447334234,36.29834574280641],[88.74548027153558,36.30030156005579],[88.67487495821645,36.36943734948424],[88.62187160558877,36.38527732963604],[88.61041004457022,36.39883507555429],[88.60025025363424,36.43530956710792],[88.57975653315536,36.45949541770031],[88.56345268946723,36.460224570815996],[88.53413398972171,36.44306671348655],[88.50502414201351,36.44371173978626],[88.4923188808048,36.4533054210368],[88.49037440671452,36.46505312034341],[88.47418411057505,36.47698036487554],[88.44930370649824,36.480795667884756],[88.37269590069135,36.46197318887898],[88.31220257293279,36.44292093734306],[88.2120004410578,36.430114009639084],[88.18730410818125,36.4204438676688],[88.13341265336973,36.41492702116157],[88.08620356986061,36.42646895665488],[88.02154815821963,36.43181144245634],[87.94764169172707,36.417776967470296],[87.89073014343414,36.38507801487698],[87.8168976359642,36.36066338871285],[87.78030592948699,36.36398409577694],[87.75225765870948,36.37517436715027],[87.72256673424121,36.374740123159135],[87.67177181495154,36.358598862653295],[87.61257420939612,36.35743780080753],[87.55232498727891,36.34470651232334],[87.49890579162414,36.3423152300537],[87.47573525070833,36.348983038004405],[87.46119291449764,36.36555289069037],[87.45637548795298,36.378806928670116],[87.44279642210402,36.39011569728802],[87.42325567234931,36.39768195976042],[87.39044577840627,36.40127204349844],[87.36457259343096,36.400573380767604],[87.33439099918712,36.391655712761626],[87.29456286558238,36.3543903018464],[87.25290768159309,36.343625000294125],[87.19515452984314,36.336589489859],[87.16161087053966,36.32551054650787],[87.14407416656967,36.30325096755466],[87.12383964516677,36.291185339178405],[87.10172642646398,36.28970357139378],[87.08496518340205,36.298225405949346],[87.04650733241488,36.2975309660898],[87.01178252387884,36.286234538909895],[86.94045660377863,36.2741974100727],[86.90729228342015,36.28953259621794],[86.8413415994688,36.296514697939365],[86.74773677633395,36.25944248071097],[86.71723794961869,36.250310290700185],[86.6768487593727,36.25002710965219],[86.54767885086444,36.20831123237615],[86.49552586700605,36.195966667073726],[86.43912937918996,36.2098724421738],[86.3996379942855,36.204918930107155],[86.32978733358316,36.167260880562225],[86.22343800583646,36.142397389201534],[86.1957508191264,36.129560775724634],[86.15528271685258,36.07341540605152],[86.16930621540959,36.01028014521915],[86.15316231848593,35.97752163089896],[86.15177864926896,35.95881181250272],[86.1562597420591,35.94417514239284],[86.1541989624471,35.93152720354598],[86.1130174662748,35.87695765272081],[86.04224092805062,35.83021882062085],[85.90947086027886,35.78394526012789],[85.83506668234149,35.771967963515884],[85.79126012891557,35.771005802787855],[85.66047656012057,35.72709766197534],[85.64083851692132,35.71391758108656],[85.62818228401555,35.66825056896496],[85.60134315408163,35.647020154961965],[85.53441770743372,35.65345352930604],[85.52102257473035,35.66366913586698],[85.51893927057819,35.67831918460721],[85.53587295783625,35.69626853918754],[85.53664192267775,35.70229254383607],[85.52519115955104,35.70836986824109],[85.51014151409049,35.70606452755678],[85.48096233406665,35.70913154848468],[85.42695425387933,35.72284391789253],[85.4063061421244,35.72280897758578],[85.37059325331083,35.729074042650524],[85.32047464536628,35.753814804918065],[85.25241277475995,35.776646672221624],[85.22252010478545,35.77872588875587],[85.13836311529384,35.74956192948257],[84.96892321815778,35.70629984719151],[84.92338979266181,35.69238664182444],[84.8482034648879,35.66936518222244],[84.75752633568099,35.622180522260614],[84.70299781297005,35.607670054783696],[84.66478287323055,35.59366844410696],[84.57822878182603,35.553101363527695],[84.55172992898655,35.54629539157404],[84.49183322653977,35.55407139863731],[84.46959070379778,35.55533370994308],[84.44671173528255,35.54219670518758],[84.44563626436296,35.51352971937814],[84.46468232202535,35.49844821131689],[84.45606310217937,35.49180784450905],[84.37284190379235,35.447524336360225],[84.30816387077546,35.41433446816678],[84.26814156190524,35.404608443462315],[84.21695829567763,35.37657056305716],[84.13973971278902,35.35187214414509],[84.11395731192944,35.34990397147255],[84.07141335064738,35.36872842967927],[84.06458844435024,35.3822188794088],[84.03962068878997,35.395771872700415],[83.9857934590389,35.404702622163455],[83.95065545103567,35.40646121585023],[83.90899975471041,35.39441414920558],[83.87039818848966,35.34141761394441],[83.81292636046102,35.34489682271038],[83.76924373839194,35.356685463647736],[83.60149203504669,35.33609267384354],[83.5643394072039,35.34677529759143],[83.50855699371412,35.38598307682487],[83.48658505722352,35.397325909700974],[83.46465047615683,35.40028117168334],[83.43141157557412,35.39338215034415],[83.33976643649527,35.40599765585215],[83.27843009720091,35.42196465249824],[83.25628487991501,35.42028521500071],[83.19956631465392,35.39652277435321],[83.15571268101998,35.398135655883024],[83.08749639022219,35.42126571884721],[83.0626820566472,35.43586708418774],[83.02714975204643,35.475734314636824],[82.97883249004396,35.52259585785042],[82.96759059204766,35.54923040913529],[82.97327598739996,35.59079926118975],[82.95528334763807,35.63182606973577],[82.9662835557132,35.662394526285624],[82.95164540026741,35.6747205915932],[82.89949347638735,35.68344453217001],[82.87790944325486,35.69633108785769],[82.81014422611045,35.68300621344939],[82.76260331767661,35.644102878395515],[82.7360845973798,35.63743014186276],[82.68436982110511,35.63700714009713],[82.640462963319,35.66467742098326],[82.6010882574971,35.68056055029205],[82.48774519422655,35.68543608228522],[82.43187400844987,35.68213367398173],[82.38952414849676,35.66559164775204],[82.35707415556747,35.645479367990006],[82.34817286315146,35.636690930370136],[82.34586809758424,35.60307030100733],[82.32855339906102,35.56982272991362],[82.23391509307608,35.52452933581442],[82.13727709679483,35.486296858349526],[82.05407112378452,35.431261886139765],[81.99855055111382,35.33548786420861],[81.98215978251466,35.32093321180173],[81.94601325416913,35.3139658583579],[81.92839984131767,35.288183252263146],[81.88844631384562,35.27044801076204],[81.86273246373923,35.265534007374335],[81.76786900384569,35.2549967770697],[81.7464829815176,35.26032055634868],[81.71813510501929,35.25871443762492],[81.61152955080075,35.23090608646214],[81.58941972775348,35.2287337312624],[81.52085520645446,35.249248225212135],[81.49946218068408,35.26809345023133],[81.48477052969324,35.29877854304478],[81.43341488406902,35.32489537508271],[81.42578020239935,35.33642302588149],[81.41258511111747,35.34512567991163],[81.36957422687395,35.33235561836596],[81.34663964584927,35.335420026905375],[81.33411426197182,35.34554770827735],[81.31555359468686,35.355785569587475],[81.29875502309532,35.356347694077776],[81.24182527558328,35.32326954760476],[81.2111328521313,35.33652592760674],[81.17637742000649,35.3664307214817],[81.11551294763122,35.3673655497136],[81.0812759558856,35.39830370292462],[81.05275827663057,35.39697691871075],[81.04152860211931,35.39209434070336],[81.0324677035555,35.37910807885715],[81.03288505490373,35.36331951742706],[81.05170876127264,35.33328720607602],[81.03734899805823,35.31594761647595],[81.0166105496143,35.30367020597548],[80.9939574071198,35.301651108591734],[80.96159034142184,35.31650711692134],[80.89261641138089,35.327275772546166],[80.87528847916866,35.339421856332585],[80.82608154471835,35.34740092598262],[80.70307031160544,35.33440149370186],[80.67165662895836,35.33754083839588],[80.64946055040545,35.34822347497185],[80.62133067732573,35.37405391749528],[80.60703113482576,35.38623188748322],[80.5962121401833,35.38955974486458],[80.57092001953238,35.38013653498916],[80.55721116923235,35.382785431966084],[80.5471065048351,35.39001970591304],[80.53895563665374,35.40958979872795],[80.53645391186345,35.42111686216951],[80.52571692591731,35.436489867824825],[80.50596154972088,35.453804046663876],[80.48808134949914,35.454317814230855],[80.42642796786734,35.41921080289294],[80.34776384295897,35.377376806262085],[80.30258182070973,35.34499038632415],[80.27221484718048,35.307340978341585],[80.27396755154135,35.2454675495266],[80.25681089157597,35.226597721033215],[80.21957049392311,35.19412780289497],[80.21656762391426,35.188453710357464],[80.2155688296223,35.18512232125043],[80.2124341566054,35.179145036560165],[80.21038972304214,35.17513875040491],[80.20697485064619,35.15678279350412],[80.20491798456702,35.15102664491748],[80.19806179047072,35.14235149718808],[80.18487598510957,35.133751037104105],[80.17235950751635,35.122711752265076],[80.16753137895587,35.117026466781866],[80.14473831155264,35.09908105280666],[80.12045078225458,35.086890217528655],[80.11352439609516,35.081687415933295],[80.10310432574065,35.07594523107893],[80.09200311108407,35.071256552204986],[80.0795410796546,35.06830833511047],[80.06494854661524,35.06307744157418],[80.05941040800154,35.059629849513676],[80.04560113774777,35.04342757569632],[80.03736358094939,35.030219045173205],[80.0360812840313,35.023881254941884],[80.03688573809248,35.00785725401459],[80.02947409010639,34.98249067067647],[80.02463686228677,34.97154952339393],[80.01366189521897,34.95371926301928],[80.00823021454738,34.93823651733853],[80.00841144236358,34.92842958678249],[80.01119778222507,34.91870476475009],[80.00983237508338,34.91299219866677],[80.00098854346983,34.90314624252842],[79.99825718037363,34.89457249523337],[79.99895262117194,34.8870804544129],[80.00185199915146,34.88197973381002],[80.0032064096808,34.87563709230755],[80.00260007239099,34.869346050296045],[79.99780984557049,34.86006687227867],[79.9937170722302,34.85608540865031],[79.98888320951423,34.853697497535656],[79.96663498083613,34.8581667559325],[79.94786536211564,34.85857364807605],[79.9422895601659,34.86026191575972],[79.9179679242928,34.86014871153017],[79.90340526783848,34.85885153188701],[79.89789481228732,34.857146279361864],[79.89373430063371,34.85480290939222],[79.88897647573339,34.8507696145121],[79.88274395458716,34.84210122120929],[79.87737322987348,34.82652535550759],[79.87485524304454,34.80814092520623],[79.87564305776718,34.791553644979444],[79.87438467312809,34.78236122989326],[79.8689785595674,34.76797240651991],[79.86355926224005,34.75928724149149],[79.86295155719064,34.754096857320675],[79.86427947942467,34.75069345196496],[79.88525138133173,34.7341978190735],[79.89655427718911,34.721104039889035],[79.91184584885156,34.70801743784053],[79.91326524432353,34.70573767976211],[79.91336434217261,34.69940746513312],[79.90447463559235,34.687326932492624],[79.89693432389869,34.67921012769311],[79.89353984624823,34.67628880907316],[79.88938890646224,34.6739449988854],[79.87903728599008,34.67278475230744],[79.86937110951932,34.6680852953948],[79.86589025148798,34.66578912962729],[79.86386314260292,34.662877691696984],[79.86320179546149,34.6599769929923],[79.86458818735996,34.656033629694925],[79.87297742198224,34.65089184492817],[79.87995330264012,34.64517671023801],[79.88557587727807,34.63834871201295],[79.88842653317353,34.63268762858352],[79.8884140359899,34.62918695395973],[79.8864598594139,34.624634120861344],[79.88235260070023,34.62110182129201],[79.87468500699963,34.617649703084325],[79.86508754798179,34.60780728668708],[79.8569993620456,34.595058795016676],[79.85717284705132,34.58073323769088],[79.85511490712493,34.57615728388686],[79.84553014797946,34.56806344924188],[79.84006683996498,34.55991576181804],[79.84013537132583,34.55652358316891],[79.84650848867219,34.54276624165612],[79.85131641712498,34.53880693501011],[79.8568717128246,34.537122435874835],[79.86172548679102,34.53372493692288],[79.8611119853828,34.531386186476794],[79.8501275086067,34.524469876704586],[79.83574926423385,34.511128285251324],[79.82476900784312,34.4978560254198],[79.81655941027425,34.489770632862935],[79.80909745879376,34.48396002997795],[79.80355015575223,34.48103930823174],[79.78149670263468,34.47564384676916],[79.75945302645407,34.473745473662724],[79.74568816217003,34.470187920416386],[79.7380746853485,34.47014174623156],[79.73389607859022,34.46898054449281],[79.72767295405674,34.46885973606677],[79.7145566300672,34.47455420846441],[79.71166662932094,34.476796996866],[79.70686862671549,34.47789840322462],[79.7000085520421,34.475522745222996],[79.69382972337796,34.47034352959794],[79.68699838064273,34.46226190394948],[79.68024341274177,34.456406571438556],[79.67329530476437,34.45290469837612],[79.6526826560719,34.44870957136569],[79.6367928536671,34.448555390805666],[79.63264545385573,34.44905510958834],[79.60970000442343,34.46149268623554],[79.60615720115128,34.462581066838325],[79.59376271796822,34.46252110807237],[79.58342603793322,34.4606871080242],[79.57038353858813,34.455971552905744],[79.56346655240952,34.45587841597608],[79.55849828657233,34.459241517677434],[79.5549331020134,34.468432701065424],[79.54870662725193,34.47355442437175],[79.54384577886867,34.47343851395486],[79.5404271315238,34.4716951323526],[79.53631489140368,34.46823695893582],[79.5323126334257,34.461300248434576],[79.5288520792988,34.457243565312965],[79.52061247572594,34.4514282500412],[79.51376016144177,34.44904206519274],[79.49516484650867,34.44773799386277],[79.48612919201723,34.448200819688985],[79.47921022168937,34.449853485194076],[79.46952304269251,34.45091302619203],[79.44611243716494,34.45004481931033],[79.43432773994127,34.44880845148696],[79.41915671126446,34.44573800032747],[79.3992827010642,34.43686157803735],[79.38205858259596,34.43380558382248],[79.3724453588726,34.43081663348085],[79.36689237184454,34.430728589444016],[79.3495592802162,34.43806260930834],[79.33768804332301,34.440209063596456],[79.31357235926698,34.43870154434367],[79.30596204776421,34.43862838277733],[79.30116069385508,34.43971384878928],[79.28388304347553,34.43958269397167],[79.2755634362961,34.43889347460038],[79.27148540403452,34.43709079039961],[79.26410428067341,34.42664344123527],[79.25930226011879,34.42097082120377],[79.25379592567899,34.41851366484865],[79.24630174705061,34.416709142812785],[79.24183871176557,34.415507981037756],[79.23738244708035,34.415425909456204],[79.22009640200632,34.41463710677091],[79.2057581593997,34.413605220542685],[79.19567580430244,34.41732632333407],[79.18735910374738,34.42121821440906],[79.17214420169334,34.430075843560914],[79.16371010783895,34.43627223348993],[79.15950890329214,34.43794391052844],[79.15123214215689,34.43780873378365],[79.14440502781127,34.43605036653693],[79.13925430439579,34.43514352517905],[79.13374856209406,34.43289362394365],[79.1289901285423,34.42996158557261],[79.11895204866818,34.42567176850563],[79.10072221914693,34.419387417035665],[79.08483832449897,34.41466674750868],[79.0764742564555,34.41094993707173],[79.0746304870181,34.40002961099514],[79.06994749360791,34.39079741316705],[79.062601795857,34.38375274870392],[79.05644228450713,34.37622769024663],[79.05318075462327,34.369241680688056],[79.05199494062698,34.36012427174433],[79.04937153924493,34.350877709529485],[79.04342819388052,34.340998762525864],[79.03660809736172,34.33341944856674],[79.03048309842714,34.328206123459225],[78.98694976933844,34.31906015416425],[78.97936486682454,34.33226092005249],[78.97467157037218,34.333356834117716],[78.96675773276242,34.3410395752829],[78.95864968422208,34.345541217022],[78.92710220235553,34.36973835428312],[78.92049580497152,34.374844492866465],[78.88951244026124,34.38909731963548],[78.83597259435027,34.40595854498626],[78.82280560991467,34.41358906426645],[78.79722088564382,34.43270586676689],[78.7609162735166,34.45989295726789],[78.75069975697092,34.469554209320314],[78.74726264510849,34.47636918392206],[78.7361539745843,34.48934262263773],[78.7279599982218,34.496032092913495],[78.69422837406945,34.50696741163502],[78.68400949677564,34.51219193997019],[78.67847893993289,34.515034227993006],[78.65793609156995,34.52915241162408],[78.64166581220697,34.5471694646578],[78.63544286053411,34.55170492545362],[78.6188385325425,34.57371141174169],[78.6090171766592,34.582438298864545],[78.5798702638969,34.60258974273404],[78.56717630069967,34.61132517647854],[78.55604055701652,34.614122905749305],[78.53493285427786,34.613598885218494],[78.4800499349264,34.60270039065386],[78.44096654624241,34.6018564478884],[78.4332717226211,34.60226781579486],[78.42289568267587,34.60282046870057],[78.41593020578499,34.604779741803874],[78.40709170383904,34.61288328068049],[78.40474866985235,34.62040189163393],[78.40478338578693,34.636029706005836],[78.40239182733822,34.64335267549348],[78.39619531331924,34.64807109043892],[78.38498952270382,34.65102489615123],[78.32265624414788,34.65540449840293],[78.32132688481562,34.65593921792391],[78.31510543585412,34.65870780052142],[78.29814391596594,34.66138396608681],[78.28208642049731,34.66675681289435],[78.26350896652367,34.67877519684156],[78.25648142677939,34.69747692091936],[78.22927743415282,34.716223178788766],[78.21887693297703,34.7334009711015],[78.21649582967665,34.738969742470886],[78.20623008513965,34.809677888810526],[78.18608135960328,34.86215914173484],[78.1824490066256,34.8809480344707],[78.19014342636446,34.89867306522075],[78.19207684604301,34.91432866072439],[78.18095834965084,34.96765122676478],[78.1475729615334,34.98807823190038],[78.11880578199516,34.99937184579068],[78.11262330343794,35.01416817095696],[78.08062651998853,35.08189610252577],[78.0820105551129,35.09016031328929],[78.08607070997417,35.09504824897054],[78.08671224600896,35.095192210507705],[78.09542035776288,35.09733089066091],[78.1148596478476,35.11102941317759],[78.12202875593394,35.12123556207776],[78.12377626573928,35.128469766696995],[78.12191638008524,35.13480348107769],[78.1138415620167,35.1447385274491],[78.07605966835453,35.171688256012075],[78.0667884011822,35.17543501411148],[78.057400820951,35.18248459236539],[78.05532017403314,35.18414483028422],[78.04051670611585,35.20172407285309],[78.029527208005,35.21960431521478],[78.01550248260817,35.249104279147055],[78.00404077201519,35.289724335493766],[77.99975506859066,35.29403406203433],[77.99928547704764,35.29735086848864],[77.99206746035487,35.34428923200642],[77.98964067402626,35.347906640385546],[77.98769320287234,35.363008369790755],[77.98805802337301,35.37844408249702],[77.9948194406151,35.39346485784984],[78.01723899101644,35.41467618706279],[78.01899447310443,35.41627177722986],[78.02236508688226,35.41656446063639],[78.02761993585314,35.41940610160259],[78.02946118685436,35.422407869969206],[78.06660974700384,35.442278662495475],[78.06960870054603,35.446277872480195],[78.07738401735378,35.447553104420344],[78.09514600940263,35.45503381556657],[78.10544515015911,35.463989668316394],[78.10852278519245,35.4720729171562],[78.10754161330962,35.47619948736779],[78.10172794640401,35.48387079272791],[78.09203067762014,35.48873370908784],[78.08546405545539,35.489949314212765],[78.07712229173902,35.491600397941305],[78.01776324093754,35.48970351343383],[77.98839382200771,35.48654770627625],[77.95949556574206,35.479420311043896],[77.94900986947982,35.47299719108347],[77.94226398572023,35.463527613867626],[77.92578204422885,35.439936316085095],[77.9186315799086,35.43425842775033],[77.90793008258335,35.42879867676936],[77.90069282889068,35.42698524095756],[77.88633340927224,35.4282861944687],[77.87713076507316,35.43565070933278],[77.8603298790833,35.45795706233086],[77.8510686270362,35.48251718839307],[77.84922002453301,35.48774465616721],[77.83862990926289,35.5035858709712],[77.8333175798484,35.50942069481195],[77.82395307868583,35.51424944448346],[77.81338485529649,35.51723321830832],[77.79524379598008,35.51637909431166],[77.77190764773286,35.51120228504092],[77.74520833447045,35.50276092230172],[77.70911112066017,35.48422382520596],[77.69328554886091,35.479804427288805],[77.69158423434932,35.47969643962204],[77.67846414501918,35.478757760434675],[77.64668395547025,35.48135783326244],[77.62088492661664,35.47595882976481],[77.60317003561259,35.476189289853075],[77.57840782410291,35.47990555689966],[77.5450624661496,35.49332922941616],[77.54257941253917,35.49378186256475],[77.5336892240721,35.495273941432075],[77.47136290630658,35.476504149887916],[77.42481707655263,35.46844556105342],[77.39876841481306,35.46794144973871],[77.39392421171333,35.46914673171447],[77.38116910711985,35.47233563383095],[77.36407006640933,35.48564477646389],[77.34399035285908,35.51235235143918],[77.3312390767413,35.5225812795373],[77.30982735335051,35.530077691142694],[77.28779427592687,35.53381413329838],[77.27245606383411,35.53445459595804],[77.26444956441219,35.534742783879544],[77.22357065522607,35.53273680656902],[77.1999476989909,35.52672966417414],[77.18424036293084,35.527737337492326],[77.16903907104822,35.53534943186528],[77.1454214474644,35.54147754786341],[77.12841237301092,35.553396456582625],[77.12454845535592,35.556025470542565],[77.10531890378611,35.560289204815014],[77.09152626732285,35.56590298149496],[77.08112186659163,35.574340987976804],[77.07102194863332,35.58544562314506],[77.05416758244306,35.598785789938695],[77.03297475886797,35.60295715472559],[76.99606613504193,35.599485821146615],[76.99460898488013,35.59933263506344],[76.97068211722534,35.60109621675549],[76.95103053121115,35.605798817796],[76.93032706983394,35.615263221165435],[76.89925776135185,35.63770912113659],[76.88369514829405,35.651521899581425],[76.86783235347777,35.66201649695726],[76.8496152446887,35.670661327444215],[76.82773064572193,35.67659167296983],[76.81529574058901,35.67711886783927],[76.79676212206589,35.67584714184917],[76.77406245833137,35.670070457709464],[76.76116746295341,35.668999355434806],[76.74961619374017,35.67343939066279],[76.73307397222464,35.68506214752606],[76.72821055948727,35.690326328771945],[76.67275992681323,35.74990569854068],[76.66331081968097,35.75743445268842],[76.65107713129984,35.76208060897762],[76.62946724529661,35.764614592306714],[76.61600524817138,35.768783519107274],[76.6134884308851,35.76958419519862],[76.59331518347567,35.784243092450055],[76.58788297464433,35.80227817914858],[76.57580163498297,35.81243401392776],[76.57523734855711,35.818336909976885],[76.57766672898113,35.831258779740544],[76.57612117101702,35.85076630822031],[76.58449239188933,35.88068478516245],[76.58783304409341,35.892426819409714],[76.58489268643919,35.90501338951126],[76.57462775627928,35.91402096020219],[76.56457171068939,35.91713448356472],[76.55267455237411,35.9170283397437],[76.53488061876955,35.90671038196887],[76.5200399047676,35.89476300274529],[76.50319743451848,35.8866128879289],[76.47952610989911,35.89170880651251],[76.47277020828338,35.89225025259051],[76.46584312679695,35.889499927011684],[76.45310280501883,35.874786215766164],[76.44602182419752,35.869954244701916],[76.43453879982356,35.86937561360078],[76.3993278801189,35.872469585276505],[76.39076309616071,35.87034817596886],[76.38333374474344,35.86645110181317],[76.37146575356628,35.854439768015325],[76.36555391153024,35.84495425742701],[76.35559740791828,35.8362738151446],[76.34591916609038,35.83276877228762],[76.3349902792789,35.83258980546681],[76.29121969294778,35.843189410471695],[76.28475592773201,35.84295301279329],[76.24633023865672,35.84988488196728],[76.23208114789655,35.850114791460854],[76.21903461353777,35.850258016623464],[76.20540938183434,35.846357482443004],[76.18220375814599,35.83189360873148],[76.17230511819201,35.8326900550357],[76.16613903860129,35.83753882591594],[76.16161641064332,35.85319320761409],[76.15919329410832,35.88524772854026],[76.16133829842325,35.901844153941006],[76.16314239241987,35.91594161518159],[76.15941387422919,35.92732363003913],[76.15227739039415,35.93779914755644],[76.11125332470567,35.975139120493544],[76.10069735831522,35.99149185217154],[76.09589655383371,36.00596593376386],[76.09255446462825,36.00981636655305],[76.0889320637563,36.013785744817014],[76.07723869945919,36.01768490194246],[76.05043728096302,36.02057144921573],[75.99868393444144,36.01747087446766],[75.9918826295627,36.02114124456356],[75.98541730958927,36.02731046689042],[75.97341451331387,36.047964067675515],[75.96425617251136,36.05348676271583],[75.94962621221849,36.06225349980819],[75.94330409686829,36.06864252250305],[75.93588409717415,36.09476916734679],[75.94051710848396,36.10323095151209],[75.94235187247847,36.114090516876374],[75.93019039339622,36.124659997401224],[75.93383257474945,36.133255904894206],[75.94340937050984,36.134345090055334],[75.95879192809757,36.14268638767711],[75.95824095054614,36.15241456877788],[75.95810398873707,36.154614248344195],[75.96292855773495,36.15921270225789],[75.97403373559632,36.16215329728877],[75.99692223226027,36.16196157511264],[76.0163277679577,36.16595471419505],[76.0128817994454,36.17619793485255],[75.99873067907276,36.184902835838734],[75.99979561319627,36.19687680366012],[75.9979936334262,36.215419432857125],[76.00348115130723,36.22045238845061],[76.0127206614781,36.226754016017026],[76.01468414031348,36.2268513972277],[76.01875153886064,36.22698663081571],[76.04322094053326,36.218697141670845],[76.05109239357728,36.22057680283957],[76.05266474781294,36.22662476782883],[76.05013869172775,36.23662295499885],[76.03964473846268,36.252065614683445],[76.03521520707962,36.25379784712351],[76.03307875698817,36.25784454560317],[76.02234980007286,36.265884020088905],[76.01448381956375,36.28028026577389],[76.00692451897892,36.288332632445474],[75.98929061960395,36.291930674133326],[75.98532489408915,36.29274969968989],[75.98650679845197,36.31209932461728],[75.98020641862273,36.33682230058879],[75.98386809718559,36.34755645878367],[76.0007936765405,36.36889826253769],[76.0223169448831,36.38872805455151],[76.02496624759442,36.396892592553804],[76.02353178004053,36.40371134721303],[76.02263231655633,36.408518749345774],[76.01070417787892,36.451155104269],[76.005706593647,36.46340881364858],[75.9830815602899,36.496880501486395],[75.94713278271092,36.54139706956897],[75.94024293330443,36.55441315231118],[75.93275646941969,36.56063973266973],[75.9294986567692,36.566205082304165],[75.93643201364209,36.587844330060946],[75.94156943690739,36.59715325612354],[75.9412342145928,36.60220785554028],[75.93093078273873,36.60345475285507],[75.9270851706665,36.6060337632661],[75.91635618095151,36.621415463464956],[75.87606981358489,36.647344961888315],[75.86086192888358,36.666541926200104],[75.84593484480901,36.677719516390596],[75.8289083194656,36.68451399963184],[75.82732815498092,36.685143666912374],[75.80688439191185,36.700334478084315],[75.77487855078392,36.72431805487265],[75.75612943372545,36.734326379172686],[75.72674596772758,36.7458093441084],[75.71278467423258,36.75120823779492],[75.69799602279313,36.75698262754637],[75.67997957955313,36.762871121479456],[75.66695336390241,36.768466925785766],[75.65073972510524,36.771805686488605],[75.63879300638426,36.775318472085225],[75.61693418730486,36.77782673429295],[75.58601920358859,36.77782948212261],[75.5549878534154,36.77119666996071],[75.54321129335588,36.76587369347709],[75.52925041380423,36.76091838057507],[75.5240473318145,36.75360732407449],[75.52525684501909,36.748404620310374],[75.5325441984448,36.74131787852967],[75.53293602630134,36.74001555532043],[75.5355117509667,36.73132463517734],[75.52810126016348,36.72208286881732],[75.51939921964025,36.72249362004699],[75.49614840744839,36.730654120015686],[75.48567884690006,36.72951730389973],[75.47057544545557,36.7169173704106],[75.46545057157851,36.71576887894762],[75.46233335878935,36.71585191578295],[75.45143478047898,36.72094238848229],[75.44183403924531,36.74143890747564],[75.432956192217,36.753447029321386],[75.42315757035226,36.77188854084252],[75.41739258635172,36.7956967003426],[75.41927655323751,36.81413453617874],[75.4247809651476,36.834846797664405],[75.41872745141853,36.85322432593935],[75.41460325514453,36.87514414049244],[75.41425814553682,36.87692388048603],[75.40964686121255,36.88288754469798],[75.394694491627,36.89305369203976],[75.38584221059101,36.90944976816197],[75.38704873365802,36.91663713320857],[75.39209202837255,36.92344964575453],[75.4015023117664,36.92824479018678],[75.40709264022807,36.93397748168106],[75.40563925052138,36.93856354393528],[75.40048688332925,36.94512363745812],[75.3889400137177,36.94957036730003],[75.3728065618342,36.95460910489819],[75.35827796786855,36.95833110516659],[75.29778791756144,36.97092215756148],[75.26817323626301,36.970117221304164],[75.25406641311892,36.97137397327066],[75.22842176608957,36.97152477817293],[75.20854635481084,36.97222454582911],[75.182010720693,36.982808372430526],[75.16303431542359,36.98817144638406],[75.16061385817278,36.99932902434523],[75.16099379340267,37.00734721623247],[75.15264954997666,37.01482150245837],[75.1437586403581,37.01917831003912],[75.1144312124731,37.01704917077825],[75.08290831542996,37.01275194786936],[75.06318190871433,37.00479229111869],[75.04417572315272,37.01384779706978],[75.03663925384048,37.014799287593306],[75.02203996020354,37.01075387331971],[75.0139718333724,37.00737583716944],[75.00430690281026,37.0002469344724],[74.99673593777182,36.9917651405326],[74.99123333304749,36.985562968479975],[74.95555513470059,36.960374406271384],[74.9550063657908,36.95995952401586],[74.92828196917121,36.93863990338049],[74.91911628933944,36.93386287185328],[74.89652531052455,36.941732943231855],[74.8847679302714,36.95021912680655],[74.848031592833,36.98726023276659],[74.84446682276176,36.994033818084354],[74.83160021002668,37.01913894876928],[74.83145483047356,37.05559846055899],[74.82851961567911,37.061687988112034],[74.82471341711575,37.06224223426629],[74.81824879183296,37.05961999628017],[74.79277222829894,37.04464687068582],[74.77939929086276,37.03135262338813],[74.77438401781176,37.02899214682904],[74.76587933911509,37.024927956127364],[74.74581959571495,37.02080352982065],[74.73866734014234,37.02136663112026],[74.72616023721388,37.024244210077384],[74.70172120448271,37.04713366683268],[74.68735660145502,37.08550029848081],[74.67981333282114,37.094369300330776],[74.67461897943484,37.09597631133112],[74.6734004893646,37.09632786293007],[74.64062615120652,37.09314552269438],[74.61643467710623,37.08825755649797],[74.6088685097184,37.08217387659499],[74.60789974206367,37.07632871367411],[74.61257081313786,37.05955626114967],[74.60792138135078,37.049246445369924],[74.60039917809502,37.043358888123976],[74.56811497886386,37.03373413545133],[74.54893561226639,37.03007601852049],[74.52608806480124,37.028676081309605],[74.52127828485638,37.03168048514931],[74.51018314232235,37.053017867979],[74.4994327804248,37.073787779935536],[74.48298932753234,37.092669926689474],[74.45183742682686,37.10946655220203],[74.42958079070537,37.11502485048602],[74.4287609447449,37.12257702545588],[74.44529318318838,37.131008007580206],[74.44938217766942,37.13885166457889],[74.45325035636185,37.14635948219169],[74.48031743080203,37.16358116013659],[74.49088831102061,37.17490741556063],[74.49030536710568,37.17896693843075],[74.47526594231024,37.18353321523333],[74.46980165118687,37.186936014310476],[74.46636035689424,37.19504858118701],[74.4692111477397,37.20183379119549],[74.47735511173147,37.2123681780093],[74.4850744254236,37.21662842902065],[74.48910511441423,37.2225853082491],[74.48890298483968,37.23010373275971],[74.48610110692236,37.233143324993286],[74.48326428982485,37.236267648528326],[74.48565563309705,37.24125530135927],[74.49511154232526,37.2389387126708],[74.50452538811741,37.2384798310123],[74.52884539112314,37.244345459218934],[74.53934846217791,37.242099430209564],[74.55853922621554,37.235005404888106],[74.56869390293895,37.233605074109235],[74.57691005701551,37.234898674381135],[74.59209778358169,37.242592961069036],[74.61073893083531,37.247405051352665],[74.62175439516362,37.24565338983906],[74.62357839218377,37.24470460323011],[74.63433840966321,37.238872573599814],[74.6469528591748,37.23583436853253],[74.65662447764278,37.23766977933049],[74.68998525680102,37.266657492887354],[74.701313637476,37.271792658905284],[74.71685126161823,37.27600542893004],[74.74394924789566,37.27475968012938],[74.75806239266896,37.26890562376136],[74.7618224932863,37.26731240775367],[74.77404903540857,37.257537696783146],[74.77822209395595,37.25137830291368],[74.78557069412807,37.232652408613575],[74.79218146979103,37.225787280446625],[74.81147028875215,37.21775252913595],[74.82356488741405,37.216251410944324],[74.84161752484576,37.22013597750582],[74.87003746765187,37.229459987453154],[74.87531806534876,37.235051028271855],[74.89520584770385,37.23499118677294],[74.9063007641034,37.23892869445435],[74.910012632862,37.246931851444984],[74.91125993002785,37.25778258265994],[74.91038041811754,37.263818880829504],[74.90950076838459,37.26985517593173],[74.91113607385356,37.27529543979592],[74.91891874872984,37.282710012683744],[74.9316589915769,37.288819663698575],[74.9450575851341,37.2903302636042],[74.9968184459629,37.29021822176779],[75.00115176700065,37.2901583848416],[75.02959399095994,37.30158650686985],[75.040341825314,37.30850165322052],[75.04128885846312,37.308826110936934],[75.05442579120314,37.31277829102115],[75.08406463946596,37.31618162172935],[75.09902468696299,37.31618940238213],[75.1130926050952,37.3196151886962],[75.12134171961225,37.32591276939527],[75.11281755754912,37.34090377587319],[75.10750721355221,37.34548638786245],[75.10143965467994,37.3546408056406],[75.0977508179351,37.37099589050085],[75.09831015637295,37.37467593449609],[75.10258697190986,37.37804832523653],[75.12883564376008,37.39832736846],[75.13328063148157,37.405468969268306],[75.13408958266444,37.41331204717994],[75.1314053740675,37.42329041746301],[75.13342898634357,37.43049609459462],[75.13079706582863,37.43675728708139],[75.11551027536994,37.4524397814477],[75.10865716190824,37.46383028734783],[75.10279188313824,37.46977217865267],[75.08612746844483,37.47989654476691],[75.07959708498821,37.48390429810819],[75.05883913854811,37.512525062001764],[75.05940434663498,37.516486783959905],[75.05236028286222,37.526525459183915],[75.03577535284678,37.53312261182459],[75.01689679609765,37.54718223522531],[75.00887514632106,37.549799278756794],[75.00194548469209,37.54792422507257],[75.00050180694701,37.54346759613758],[75.00410557955267,37.525314711907285],[75.00234260246697,37.519567439150364],[74.9968237838057,37.51747559716206],[74.97708888917565,37.530668226042586],[74.96109798245793,37.533390353556044],[74.95484733599245,37.53904889551154],[74.95163790544147,37.54461011605609],[74.94008498054727,37.551493139116126],[74.93114819259465,37.552202936187925],[74.92484413466684,37.555608359896425],[74.92166502194092,37.56761566458149],[74.92218798862031,37.59629777417847],[74.92169685366106,37.598697334706145],[74.92012282484673,37.60792442902393],[74.90633487033233,37.630965980682845],[74.90365163184195,37.639362702708354],[74.89347531497513,37.65703469765681],[74.89284538999084,37.66481342101759],[74.8973673428919,37.67413035155277],[74.91027309799728,37.6832535768953],[74.91296273496314,37.69828113382212],[74.92009955467404,37.70739424913741],[74.92443402773543,37.711250804786445],[74.9250568933105,37.7114960023624],[74.93870461254299,37.717622349092856],[74.95979844571609,37.741328803677526],[74.99196024370346,37.762121932286625],[74.99311945485788,37.76669538795281],[74.9902025235269,37.77895469279451],[74.98200888658457,37.79263725131543],[74.97104264721588,37.80126062762513],[74.96242524478919,37.80289711621594],[74.96134102181925,37.803193235725935],[74.95414209809687,37.80162854566858],[74.94467826936338,37.80445767012588],[74.91895033901136,37.825069026547055],[74.91019361054143,37.82881542036815],[74.9044821707218,37.83544987221917],[74.90233788146689,37.84220681633884],[74.90508473792433,37.84968868390165],[74.92595344007228,37.875206626870124],[74.92733001688653,37.879834225648445],[74.92280146860534,37.89067735941689],[74.918994835965,37.894697191008696],[74.91177273071007,37.90236539025428],[74.90589179704112,37.911479883974685],[74.90536472822981,37.919004350024444],[74.90904656969767,37.9274596387441],[74.91024811300198,37.93904430812581],[74.90628769243195,37.967758767465185],[74.91076819077198,37.99087328969839],[74.91148210509922,38.00840554950437],[74.90668417400579,38.01573228385191],[74.90064931476229,38.024905017391134],[74.89394249229468,38.030087860204844],[74.88491880270242,38.029387102483895],[74.87780040665862,38.024015602554044],[74.87156006272454,38.02212399863754],[74.86180520044967,38.02469706260134],[74.85710413371403,38.02999340607584],[74.85055518960648,38.042774246732634],[74.84655559587134,38.06233689583457],[74.84328654649471,38.06648858368269],[74.8272846303886,38.074261227480676],[74.81971789142148,38.08240722544531],[74.8160480109938,38.0919692660575],[74.81434584196954,38.09612917719045],[74.80810979815547,38.12112432016294],[74.79487328347014,38.14693613155276],[74.78271518348285,38.184869716422114],[74.79758985115735,38.211553326001415],[74.79914449656276,38.22490960486534],[74.79294047514392,38.23796542609284],[74.79003052833158,38.25658494204498],[74.77668859669207,38.26426293980648],[74.77373226070826,38.26821216136169],[74.78749014020246,38.279029641059395],[74.79221558595225,38.289982910190915],[74.78979852851214,38.298825683855064],[74.777117992757,38.323194095669045],[74.77535648182335,38.32659415691588],[74.77397109645575,38.33410096390575],[74.77608302289843,38.34432580792593],[74.7846647832254,38.35388205628231],[74.7958821820271,38.35968898731105],[74.80713581466827,38.36186193599697],[74.82167864657761,38.358389869421806],[74.83249691460779,38.36073489284563],[74.846116534156,38.370759980401886],[74.8472523199112,38.37420951068558],[74.85970444389456,38.387683325488986],[74.8663350153588,38.40291913891595],[74.86635926294784,38.40404524722023],[74.86604596655211,38.411624339739284],[74.86019548692809,38.42766488845366],[74.85751729640207,38.448114976026275],[74.85844722433626,38.46925221844906],[74.8639766418246,38.489261811703265],[74.86423425753121,38.49781964760246],[74.85910838861764,38.50348809339702],[74.85592308856023,38.503837727351154],[74.84540656107806,38.4959709121276],[74.84255048587669,38.491078119146565],[74.83862418496045,38.4876065799642],[74.83514673162394,38.4845236482712],[74.81685297680501,38.48345270947997],[74.80658313845142,38.48890003173516],[74.7926706157681,38.51353998597242],[74.77716233265033,38.52518694787032],[74.76535888273213,38.527833058492845],[74.75394074004537,38.52777007450546],[74.71556842929402,38.52162373988462],[74.7107714272619,38.52410022958144],[74.70862642001815,38.525166562483435],[74.69875211299087,38.5384577417952],[74.68865817224696,38.54814600433426],[74.65374218070612,38.565992192395086],[74.64091319878251,38.57725546609053],[74.62793097930971,38.58240803920423],[74.60672913250838,38.584154260834204],[74.59106138685132,38.58930325079415],[74.58422808289593,38.59342961915281],[74.57757521242037,38.59741295522608],[74.54663588949659,38.59733442996217],[74.53526549075538,38.60063085285385],[74.5242919062519,38.610005247432724],[74.51145798883492,38.62471956495908],[74.50351928421864,38.62913411103075],[74.4850228436091,38.6287216635588],[74.46992959740284,38.631850869587396],[74.45283102883484,38.62925207744227],[74.44397035772785,38.629137517082484],[74.43702266428821,38.62911734996141],[74.40532352589837,38.642473057017305],[74.40177509285232,38.64599694248277],[74.37896611346116,38.652366610921156],[74.36252237196051,38.65431225334139],[74.34530093259647,38.653446244658944],[74.34079900432386,38.65486443042062],[74.29229078455779,38.64909933042892],[74.28404075409014,38.64809580016325],[74.25673902384969,38.652029768005974],[74.24189800614083,38.658565928834676],[74.23460056413087,38.657326583346624],[74.22483151414235,38.652669893238645],[74.21515430834559,38.65215151103309],[74.18970728670942,38.666448896290966],[74.1677209993062,38.66990259641879],[74.14251142964143,38.66853118213535],[74.13073354511357,38.667767562682336],[74.12116490789231,38.664087296695165],[74.10850199569587,38.65037348857951],[74.10653970333189,38.63968538181974],[74.10904708221533,38.62767210423288],[74.10906585744199,38.61663296953288],[74.1028901250889,38.60695871008238],[74.06829612655287,38.569167454301315],[74.0672923573825,38.568075609502166],[74.06464555462924,38.55787039925693],[74.06558700163977,38.55333070041113],[74.07918773459429,38.5381781610686],[74.07236449310908,38.53208327842152],[74.06647241163748,38.53043132501491],[74.04820511443401,38.53178523997354],[74.01585210968594,38.537867690963324],[73.99655566053691,38.53212423865023],[73.97583801703355,38.5271462682613],[73.9461397816965,38.53097153965042],[73.92092340490694,38.535442412844866],[73.91126457222829,38.54323637238611],[73.89695191099626,38.56485134589166],[73.88845828628493,38.572187241400215],[73.87917058804646,38.57707659172979],[73.8604177302984,38.5792228423771],[73.83913071313522,38.58157514156607],[73.82979811426135,38.58598242748403],[73.80930124112366,38.595929385144856],[73.78618022748027,38.60456058871771],[73.77766729564631,38.61132614585869],[73.77755542308307,38.61617014747752],[73.78287400236808,38.61975266552833],[73.79577577106895,38.61989554357692],[73.80110184936458,38.62432209572209],[73.80144180817624,38.6255315278538],[73.80318857377004,38.63290202274933],[73.79914494571624,38.64753469655655],[73.78970052714313,38.66306315691929],[73.78231971490523,38.6746117899504],[73.76539647554254,38.68957807841985],[73.7538437531784,38.72116470687048],[73.7500601492821,38.73286660597655],[73.75104634737686,38.747732235605035],[73.75247450320502,38.76786258706931],[73.75272214102938,38.77701438654708],[73.75053646702158,38.78583778700108],[73.74067542052657,38.80370283424619],[73.73790144479071,38.813035322383],[73.73380070924374,38.83346910195005],[73.72949159611237,38.839512214735116],[73.7236087866021,38.84178711529145],[73.71125913447618,38.84740843117687],[73.70208559318428,38.854200305277935],[73.69840163543117,38.86649258583564],[73.70323770480638,38.88495113970483],[73.72007439535898,38.91035114011618],[73.74504569934196,38.936496194095184],[73.75863854886963,38.93780575721458],[73.78659403242057,38.93991718494819],[73.81776733170952,38.93795264921124],[73.82974282557214,38.94009612515909],[73.8323331767792,38.94092938163425],[73.83685740026432,38.94355635297799],[73.84212703657623,38.94702469935559],[73.843559155917,38.95515787316664],[73.84435957852969,38.96275884529398],[73.84207098600538,38.97642971086547],[73.83549464543944,38.98978222499822],[73.82475946032159,39.005378266736315],[73.82261633295512,39.014682686108586],[73.81933453776253,39.024921656527866],[73.81639941451851,39.032342413325374],[73.80402564014636,39.03797325462435],[73.79580987075529,39.03648734379624],[73.783971583937,39.034846992264185],[73.76702494089007,39.026776044650035],[73.75330489038033,39.02522495324683],[73.74140041735913,39.029749447501814],[73.73602143269824,39.04312086987091],[73.72608238728095,39.054790947600466],[73.71535166240014,39.064576010006974],[73.70815729631155,39.072713987401464],[73.70682644558536,39.08438000738286],[73.70726860065905,39.10736325658472],[73.70258421842428,39.11537951898582],[73.69507459312895,39.12737717297835],[73.69306837084318,39.13803172764515],[73.6880724987114,39.15618941171623],[73.67874028070749,39.16782642442639],[73.67015406621324,39.17458715496857],[73.65403699511305,39.18565295348845],[73.64474086227023,39.19204810269254],[73.63247062471962,39.21729702222986],[73.62068245212275,39.230008059760614],[73.61275319976312,39.23721408566262],[73.59556682350839,39.23872632318228],[73.57865591231581,39.23589736481892],[73.56166502321192,39.2397990877433],[73.55526289960076,39.250293866508514],[73.55426119638999,39.258578391615615],[73.56059485585855,39.26588759486256],[73.57199180340362,39.26949353470369],[73.58763341261644,39.27669327844911],[73.59530471783093,39.29118102881413],[73.6019156146554,39.30812231722554],[73.61018813404563,39.32294593517378],[73.63038492752493,39.33277616794121],[73.65192789131748,39.34350066243542],[73.66474928072415,39.35954652939998],[73.6666372384926,39.37774013918543],[73.66656157539586,39.39019295346397],[73.65513553364272,39.42457316136964],[73.65033946538486,39.443633969460954],[73.64820207098688,39.45341717522743],[73.65491706526181,39.46446894429884],[73.66160219603945,39.463602514769356],[73.71161960479417,39.466351802127875],[73.76224739442547,39.45797346205253],[73.78699415272055,39.45736580131805],[73.81810782506557,39.4583315801091],[73.83910854975922,39.463252735237866],[73.85097764820433,39.46928394894703],[73.86056922980512,39.478311479720226],[73.86761080471084,39.49757837312082],[73.8769948455227,39.52923149294482],[73.88088291954087,39.53572140721603],[73.8868049652787,39.544962589103896],[73.90673381858203,39.56393899130845],[73.92412419566487,39.5810661721522],[73.93477559174741,39.59343679880825],[73.93813620004853,39.60232331261135],[73.93549944059316,39.61882170756802],[73.91910975326647,39.687129827458186],[73.91197499094015,39.71405071090401],[73.90697410265834,39.725940351734984],[73.89838630578735,39.73319796452475],[73.88827983796608,39.73764438900405],[73.87547557338657,39.740863097671834],[73.84965255019918,39.74433869635961],[73.84255817697905,39.748119468559516],[73.83182579785613,39.75887714916945],[73.82807751175227,39.77070218278273],[73.82960169087313,39.77923460188289],[73.83773772478561,39.797460299504344],[73.84221420242406,39.81065775971438],[73.84930870568755,39.824124993062725],[73.85879575565909,39.837524441779095],[73.87533047230878,39.85331345946468],[73.89159132085805,39.858532780770894],[73.90945617504308,39.86320647485494],[73.91524055058106,39.87053317980147],[73.91642118648723,39.881040099008594],[73.91110362142614,39.896230921933295],[73.9074445169747,39.90901756001418],[73.90885527108051,39.91611324707338],[73.92319765801506,39.934445330653524],[73.957662469213,39.97073625104033],[73.96907255788842,39.98927757649784],[73.97838218273618,39.99942989988365],[73.96979527908366,40.00548178199682],[73.94724789691892,40.01214425871255],[73.9425205741822,40.0150165483007],[73.94001618021672,40.01937090612381],[73.9417687473236,40.022518742931986],[73.9473134567978,40.02668929290984],[73.9893508085669,40.039790808519165],[74.00785553441978,40.054343027456014],[74.01323054306742,40.066715230414296],[74.01805708845227,40.07314243108732],[74.0254705628191,40.08310614142823],[74.03571952566342,40.08823184744607],[74.04230352434,40.08712074647167],[74.07257776814176,40.07323261328007],[74.07999834538039,40.073354726850994],[74.09573743455864,40.07990656220415],[74.1028636138901,40.077238424928346],[74.10729369590749,40.07794233474313],[74.11032136260678,40.08045955732241],[74.1130750274936,40.09143579780946],[74.1206123652333,40.101139850665895],[74.12744900675919,40.102334468177325],[74.13943832796362,40.098785757692966],[74.14265886653736,40.0985382343338],[74.14655263238436,40.098173243047555],[74.1614144386564,40.10562558238854],[74.17621456580557,40.10800224872333],[74.19305770424502,40.117523235832834],[74.2043883704514,40.11811750606842],[74.2259822016905,40.12353991681178],[74.23882897873133,40.11972191310208],[74.24799199145701,40.12624918643635],[74.25242630419832,40.126948228924654],[74.25992620151861,40.124268571056476],[74.26560886074425,40.11768392281545],[74.27120756204444,40.10517943479346],[74.27487593882863,40.10213418458316],[74.28295336236043,40.09547370976099],[74.30366825151845,40.10497798049617],[74.31193010051282,40.10341690774564],[74.3306460829208,40.08640482467869],[74.33745783862464,40.083275430490154],[74.36080242416479,40.100332266329616],[74.38032285897067,40.10944003394665],[74.3933162162613,40.12043479264618],[74.39929987348752,40.124216505521176],[74.40899693199964,40.13038967433148],[74.41992446290354,40.13367548553279],[74.43742292462127,40.14200386173848],[74.44929502559948,40.150099792449055],[74.45658478187595,40.16224061699729],[74.46747794041403,40.1720639859807],[74.47991374416839,40.179729298697055],[74.48634783143775,40.191848748103375],[74.49049688343716,40.19527745232071],[74.49526940704537,40.197826062960495],[74.50979492723962,40.19999903918837],[74.51806407454407,40.20282328701591],[74.52081896185842,40.20367062088196],[74.52881869218145,40.2103596022992],[74.5397147105074,40.22578856826503],[74.55321856092732,40.23978116702939],[74.55680023995728,40.248965758762225],[74.56683869994315,40.262033186602444],[74.57451432811361,40.268920526610046],[74.58309711968468,40.27396541199271],[74.62244540444668,40.278493764139064],[74.63130174001209,40.27789314865576],[74.63205308338031,40.27788522648293],[74.64253323025086,40.26784867853592],[74.66076974939715,40.26864052629623],[74.67027424511285,40.264731175833276],[74.6774659969533,40.263637916906035],[74.68193441920616,40.26545020877759],[74.68464100041767,40.269368287677125],[74.6803091875257,40.28994383568529],[74.68144442754766,40.29610690926271],[74.68999638124036,40.30478305169718],[74.69507918123244,40.31282023903443],[74.69762428425605,40.32745582447881],[74.69210861527195,40.34139087493142],[74.70084019938706,40.34552459018632],[74.721424193351,40.34611311298487],[74.73810337876237,40.348857800991965],[74.76833568612905,40.3449017429122],[74.78743903331792,40.35017837135519],[74.79935837826308,40.35000996520394],[74.81612857067938,40.34276071967734],[74.83325153795785,40.33110585668949],[74.83883960350086,40.32522906837056],[74.8399550465561,40.324651552534846],[74.85561750608261,40.31704419160274],[74.86035446069769,40.31704252610223],[74.86939562474966,40.326378259769236],[74.87559215523055,40.329431863503494],[74.89680782670436,40.33649943941808],[74.90535375543335,40.34524697269794],[74.89939345167687,40.35113143116654],[74.86775699397482,40.36796654467412],[74.85658915439436,40.37851010684724],[74.85060744693064,40.388876872332965],[74.84727299398745,40.39472712293177],[74.80223776913898,40.42905399270275],[74.78662813708091,40.445933915818735],[74.7865916272989,40.449572609588856],[74.78928668658452,40.45236142762581],[74.80938095365654,40.4532807898794],[74.8187618881882,40.46569172904152],[74.82096549486008,40.478836914933325],[74.82264863451782,40.488773113068504],[74.81838204478912,40.500670294232386],[74.8153685049579,40.504260105727795],[74.82066034686024,40.52075378741818],[74.82544742242324,40.524222279864865],[74.83209969094905,40.52326800897133],[74.83775135042913,40.519645905954846],[74.84857716170262,40.51649667429257],[74.89768384454642,40.49422833275501],[74.9154402842288,40.491212227379265],[74.92163374631188,40.490146423382974],[74.92379086462213,40.485606100616735],[74.92291441569385,40.48353006021787],[74.93164038754875,40.47464689342545],[74.9625162301091,40.459384223399766],[74.98441052309822,40.45619906877264],[74.99567754091883,40.45627440741049],[75.00051205082428,40.456339000727766],[75.00830894552969,40.45734111909761],[75.01548374005112,40.458091087369716],[75.02201689492992,40.45411089059195],[75.02943577647912,40.45043371872629],[75.04394550847806,40.44376799222628],[75.05156289894587,40.44469664758694],[75.06362164027095,40.448917775157796],[75.07409433793136,40.44296264765167],[75.08332892078177,40.44026752094978],[75.09439523823882,40.44005627610921],[75.1048570413976,40.44304260625239],[75.11715504788565,40.44799897860283],[75.13601170523278,40.45483751886393],[75.16682460784871,40.449145624844675],[75.18301065228118,40.44022135847888],[75.1913538566871,40.43815223913234],[75.20102203314659,40.43919371401193],[75.21650884233802,40.440937319021295],[75.22635978586263,40.44454092214565],[75.23541930340222,40.45365591486603],[75.24849402508977,40.462117113532436],[75.25696725013105,40.477163192509565],[75.26232949588652,40.47897111444546],[75.28690850725695,40.48076469647711],[75.29288393475206,40.488316183910555],[75.2985745848414,40.50046977373397],[75.31488808442806,40.51228778805155],[75.31752217552916,40.51345938166094],[75.32560936726439,40.5168299037742],[75.34571571557547,40.5185986643949],[75.35527632776883,40.52594960230883],[75.37099741171542,40.542848424536096],[75.38212898956955,40.55214708021953],[75.38753256464388,40.55507792957204],[75.40756973441079,40.55280460064279],[75.41595978996844,40.558478149106314],[75.44299911438998,40.58096600119103],[75.4463638208955,40.583702851803075],[75.4506635065374,40.58992223821453],[75.45312362806719,40.60271747638057],[75.4578992989824,40.60839279922361],[75.46786402501996,40.610877393098484],[75.48408027066338,40.62152171909876],[75.50631533689557,40.62514913264118],[75.51533589503094,40.62871852383222],[75.53129075635445,40.64153440527816],[75.55299080385558,40.64829521133161],[75.55812744778495,40.65190144011422],[75.56462426792241,40.65311360983717],[75.59065770995315,40.658155835936256],[75.59421145326625,40.65589195526605],[75.610118152304,40.62203329882747],[75.61696241356368,40.61418004834471],[75.6186133758521,40.5636216343002],[75.6203953664652,40.558060083767],[75.62384454867491,40.54691086247946],[75.63551712449282,40.525428838365656],[75.63847778580927,40.50633316678683],[75.64623274297175,40.50139650692149],[75.67482723294921,40.49638739446063],[75.71705689106668,40.48451600756637],[75.71946573929247,40.477700475263134],[75.71404763655168,40.45771699900074],[75.71285810545308,40.43683663930689],[75.7067361765978,40.431704405928436],[75.68845219011074,40.42770067119619],[75.67883662046471,40.42045998949843],[75.67408628406068,40.40771328895148],[75.66695942008042,40.400482469882235],[75.64593425245118,40.388287216921924],[75.64048509941588,40.38274517994433],[75.64249223537912,40.37966239273391],[75.64456891237666,40.3764090785515],[75.65826409642061,40.37060223728015],[75.66368921914516,40.367371844348526],[75.66696932436327,40.36299606192489],[75.6584623450714,40.35367519370365],[75.66196956188953,40.349351841975675],[75.68041720234304,40.340719505307504],[75.68749534925762,40.33525758846749],[75.68485884019536,40.31581700215983],[75.69579845682017,40.30331662821253],[75.69716070560303,40.29906063192929],[75.6943785796261,40.29338705493028],[75.69099401930588,40.28766825669055],[75.69240707069757,40.28267814308396],[75.6974686403272,40.27666114685484],[75.71995418845906,40.28825475583653],[75.73786183167132,40.294318961073415],[75.755843999862,40.29806663400719],[75.7768310180969,40.29839776180418],[75.79025559164242,40.3072488907871],[75.80247082439085,40.31908386054199],[75.81089249701355,40.32986369841004],[75.81530199243471,40.33553165913353],[75.82286783432146,40.338937666109985],[75.8263693683761,40.33796644869824],[75.82720576721027,40.33070109906398],[75.83544357791978,40.31040038878095],[75.84198363136338,40.30714068352964],[75.85533053788033,40.30608683156698],[75.88278171397096,40.30731632820965],[75.89265164715935,40.30472061884475],[75.89791757447115,40.30060935788475],[75.90926136519217,40.28576975460068],[75.9158187508038,40.285213704608545],[75.92002023984475,40.290177080483716],[75.9207190378331,40.2918269875533],[75.92304944955285,40.2980411967544],[75.91927059132384,40.3172134445536],[75.91994896344154,40.32659235973139],[75.92770582467887,40.337209424456375],[75.94582036477857,40.35325557921674],[75.95769567132805,40.37030280799432],[75.96438533214906,40.3762013816255],[75.97248647976264,40.379531684509544],[76.0025462455603,40.37927239931277],[76.00777641991695,40.37924740522614],[76.02116846354413,40.38209695619093],[76.06661128735765,40.4031910658802],[76.08851171863121,40.406838822411245],[76.10433741911416,40.404267658275224],[76.11827581089769,40.39772990520938],[76.12339327595141,40.397674595843384],[76.15194338187139,40.38660981334401],[76.1554659260289,40.38526256113429],[76.170338955867,40.382563383402996],[76.18526652216512,40.382202739842675],[76.19818669214604,40.38622983364616],[76.2181160998104,40.396021946724254],[76.25638945872988,40.43171494467279],[76.2725573854657,40.4494006351081],[76.27551276486219,40.45164618933034],[76.2868680816732,40.460243607545415],[76.29073549023744,40.46083142941096],[76.30056729616645,40.459870334552114],[76.30744011926598,40.45480167193805],[76.3103053983046,40.44669424319059],[76.31189634014228,40.4215477400774],[76.31988550229697,40.40090763682349],[76.32251313440388,40.370039318178975],[76.3279472815792,40.3613924934356],[76.32953876547391,40.358957300299],[76.3379384102951,40.36186343055122],[76.36216974265615,40.38143489588288],[76.37540909647846,40.386537530958904],[76.40853427907464,40.395338195745566],[76.41294287860434,40.39455512973113],[76.43761442804886,40.401830795702274],[76.45032898620856,40.40764427313002],[76.45667905145382,40.411665191839646],[76.46011580900357,40.417083011992176],[76.46283803666935,40.41992256668939],[76.47351006357643,40.43058032017151],[76.49443197970889,40.44296010055299],[76.51916260859689,40.46204228414257],[76.52529751853426,40.47289394066711],[76.52649303900237,40.50060099715684],[76.53118016508665,40.52201409364396],[76.53266839300478,40.52578640373193],[76.5360259334008,40.53425272425519],[76.57307496381253,40.57037486683133],[76.58641289620012,40.58821156555206],[76.59710592075862,40.59922871792594],[76.61176366357495,40.60935400267879],[76.63575070953982,40.62107309355895],[76.63814644980451,40.62225332533808],[76.64431714367399,40.62994038881867],[76.6434146582246,40.638204550755944],[76.64464814216937,40.642011083001925],[76.63705950236033,40.663401603112426],[76.63673092162874,40.67430430397795],[76.64493161393175,40.688205558927145],[76.645101280855,40.69596289047737],[76.64258350275965,40.706103823903014],[76.63086650336314,40.72751678284299],[76.62697222824173,40.73986634870921],[76.63187363599707,40.756761283254285],[76.64281930866753,40.76438404433429],[76.64933095760476,40.77344687262659],[76.6735671338036,40.790039925972046],[76.7352994365782,40.826974776194284],[76.74472869960242,40.830605784653585],[76.77934083882857,40.84470504225921],[76.78493627878127,40.850766421806895],[76.7867565038445,40.859441255651475],[76.77316975815279,40.91728519415384],[76.77306924756118,40.923866301864145],[76.7756474028907,40.932521931026066],[76.78399491503126,40.96011046883644],[76.79164952333092,40.96541184348275],[76.80390015597591,40.97078723243001],[76.83047968599945,40.983568205675766],[76.84674889274245,41.005717063671824],[76.85176656573891,41.0120189342106],[76.86197484645147,41.02038187825075],[76.87080808865741,41.02239987326591],[76.88540015024945,41.02567137233091],[76.90939444250161,41.02252595590804],[76.94523626474198,41.038220833746095],[76.96774198691456,41.042364032559256],[76.98532871394008,41.04757415103612],[77.01357312459493,41.05239517952311],[77.02521977723359,41.05649788101729],[77.02652125301258,41.056686744085226],[77.04518907318352,41.05914725279841],[77.06873430238585,41.05457379343111],[77.09689147670599,41.03403836432025],[77.10981032026199,41.02148775178147],[77.12664228974687,41.01063373262168],[77.14466304636188,41.00259211463724],[77.18531527328761,40.99814738953198],[77.25440642199105,41.00001674928223],[77.27366688585056,40.999041767520104],[77.29948011284,41.0033021709337],[77.32589555792758,41.00896371260518],[77.34717531076386,41.01607457788614],[77.4212090786414,41.0206778836453],[77.43816804667686,41.02169645257115],[77.44652610253074,41.02041523526711],[77.45910751647006,41.01464972197829],[77.46493598630613,41.002432311302115],[77.46562850384073,41.00193012626308],[77.46790361829588,41.000558481398606],[77.50344645942168,40.99930918738104],[77.5207320111044,40.99296295039881],[77.53119421733675,40.99138249399498],[77.54725811365277,40.99210515089545],[77.56821699475525,40.995349700795956],[77.59569053419723,41.003405237652856],[77.6147160784104,41.01170566417197],[77.6234016763194,41.01215368923624],[77.64124280670015,41.00758085611915],[77.65504198728333,41.008160880232104],[77.68468174636958,41.0074899531028],[77.69059316407692,41.0129131881738],[77.69627607344631,41.01893709704529],[77.70492393055143,41.02373128533061],[77.71981770555116,41.02752352161343],[77.72535759088709,41.028042776080234],[77.74920727274446,41.02175503622035],[77.75741767677442,41.022464734707924],[77.76637942967818,41.026114457060686],[77.77278840662227,41.03516161531139],[77.79097811987725,41.05044546151762],[77.80778966940764,41.06035851702662],[77.83035021371089,41.07020065903519],[77.84849300853588,41.070607004296605],[77.87556939552276,41.07260712206581],[77.88409140503585,41.07151851445282],[77.90180981647161,41.06262021383953],[77.91111789380113,41.06076769656403],[77.9210171586539,41.06163415293978],[77.93541674861437,41.06510967047057],[77.940148330291,41.067767653836],[77.95104229140205,41.06930306118456],[77.98135557183976,41.07720948427821],[77.98624588639849,41.075820002304944],[77.99676614860415,41.07160528338692],[78.00493769060144,41.066555436484826],[78.02594781520136,41.0487269862355],[78.03602598199525,41.04467702193797],[78.04506530448351,41.038219398787646],[78.05755148081894,41.03220123382161],[78.06489261829874,41.03521210845654],[78.06903255214075,41.046730347372794],[78.07595520949249,41.05085785434558],[78.08617336958717,41.05020293267786],[78.09198222036976,41.05298583494126],[78.10553785197135,41.06367887482298],[78.10706487132533,41.064922670082844],[78.11603545195122,41.06891678263629],[78.12842150163358,41.07322608466904],[78.14160606262011,41.072349868335706],[78.15310716576674,41.073672150578936],[78.1632014108693,41.0761063241594],[78.17155826190309,41.075429094784866],[78.17908802384062,41.07263460361055],[78.1882610276515,41.078424953359516],[78.19393270659472,41.0909009719153],[78.19598669117052,41.1027207564245],[78.20461243818806,41.116640885235306],[78.21138810403262,41.131845161101104],[78.21411848483818,41.13787527245109],[78.25821245184635,41.19107280985503],[78.25786487159469,41.1943360476084],[78.2705900510874,41.21270669385883],[78.294962050813,41.23300924276324],[78.30030407179082,41.236424103676036],[78.32588668942037,41.25252124107448],[78.33178315960176,41.25345476261239],[78.34042510196842,41.26041655612352],[78.36151952512049,41.258447981164345],[78.37431266006548,41.260418144349266],[78.38375188831648,41.27050884847226],[78.38452396783009,41.27715004794249],[78.38283712716205,41.28569539385613],[78.38631885659727,41.293447604926726],[78.40280362612788,41.30654813811421],[78.40630060188766,41.31393208793444],[78.4068768589062,41.31506877211437],[78.4060853816856,41.32222329268412],[78.396836989299,41.33227791821594],[78.39129261139433,41.347814582982544],[78.37859506716268,41.35503296058939],[78.37761719985306,41.36066817886938],[78.38662354551239,41.39556521512903],[78.38494902083359,41.4057046230462],[78.3906642904086,41.409838035644924],[78.403293893285,41.412883899192934],[78.40626170216882,41.41163807646222],[78.41357524206673,41.413503392963186],[78.4158088668521,41.41321883712211],[78.41992721106263,41.4125783397072],[78.43580258674424,41.41396836066368],[78.47444248038639,41.42009177958872],[78.49772625721542,41.428817889402026],[78.52211346577474,41.446375246766124],[78.52987200991255,41.4529201413419],[78.56116402949507,41.46458948890369],[78.57515259638872,41.46872518625086],[78.60090511187238,41.467467130769826],[78.61493652937615,41.47318067284815],[78.62527101613622,41.47332971020769],[78.63814133910621,41.46899217848012],[78.64216199443644,41.471657410058654],[78.65306540793868,41.48617555270884],[78.67837208592348,41.51322986460577],[78.68405636152397,41.52326451238803],[78.68957273192969,41.533079723987136],[78.7006856569583,41.547078425160294],[78.70669498958995,41.55014181127062],[78.74183423068096,41.551669145310704],[78.7966414442966,41.56611734500575],[78.80949360093206,41.56795826456981],[78.81514776338064,41.57029649491486],[78.82000305184798,41.569697827611265],[78.82610274275676,41.571847297189706],[78.83461123563598,41.574942284263734],[78.86532361388113,41.59331266373403],[78.86967373807485,41.59409129685631],[78.87914671020017,41.59968905798408],[78.89036932900527,41.613500965166914],[78.89638478579192,41.61794260893374],[78.91014674586478,41.62245180506859],[78.91711765660814,41.62634291559737],[78.92708867990808,41.64017762176249],[78.9353597082407,41.6449746050865],[78.95193934168572,41.64865269690889],[78.97523448703515,41.65385172563282],[78.98563220495983,41.658328356029706],[78.99079246848441,41.65861585857267],[78.99886265873401,41.656429603668315],[79.00841887737087,41.65703634768268],[79.01827452629855,41.6633447198696],[79.027248663387,41.679282319614515],[79.03111518479557,41.682085915799036],[79.03863787818716,41.68552326896778],[79.0808308454798,41.692233194463704],[79.09432140939978,41.696850083222515],[79.10338646529667,41.69984873139722],[79.11554692651157,41.70743651525005],[79.1348014851173,41.72345515460268],[79.14554704810642,41.727707295313266],[79.15875605414773,41.72967075245142],[79.19943190880531,41.72956393695172],[79.21597325292836,41.73375061879183],[79.21786807987806,41.73578850996767],[79.22377536077954,41.737137687486474],[79.23701383475388,41.74871454420018],[79.24388047547215,41.754689647025096],[79.25183241159642,41.76355916802423],[79.25843265649533,41.77536216091635],[79.26319083204872,41.779689410964075],[79.27009658387529,41.78443952120765],[79.28808741864053,41.78853134383015],[79.3062918056177,41.80412456752855],[79.31190180027929,41.80596497075371],[79.32237813220397,41.80580109425616],[79.34329335030336,41.798622726464764],[79.35085489915525,41.798532738142356],[79.36096679497254,41.801807374746176],[79.36185850270365,41.80281393147663],[79.38760008867676,41.82957369179275],[79.39661200823522,41.83521775656144],[79.40983787356892,41.840667399245405],[79.45042218264102,41.84858773707776],[79.46976452387118,41.84681247481425],[79.47554631656564,41.84294828841516],[79.47534207156782,41.8396739068779],[79.47371347364486,41.83401679376648],[79.47678112406251,41.829770955618145],[79.49371153707031,41.82657813518502],[79.49426774832894,41.81716271266913],[79.48629459258358,41.81702201617565],[79.48523402923279,41.81499956930437],[79.48905612913752,41.80843443832609],[79.4877201674126,41.806882345486486],[79.47800030874464,41.80795780956676],[79.47468850357475,41.8044254702883],[79.48100598712739,41.79844768116405],[79.47751879701892,41.79674975594044],[79.46493708543154,41.796334701493734],[79.46225120248178,41.793004349970026],[79.47614443824432,41.78168536854851],[79.48277169138822,41.7798528433147],[79.50983535240162,41.785863413717344],[79.5321456502941,41.78484534828351],[79.53815053078392,41.78453476674221],[79.55071791579141,41.78060278364021],[79.60209651240957,41.7803230390825],[79.61606788333879,41.78367840693032],[79.65671928263474,41.78674747924574],[79.66891021412806,41.789475085241904],[79.69065761494923,41.803745649239104],[79.7255538848082,41.826550896778],[79.73052910362419,41.83619139377065],[79.73010873228475,41.8465463807649],[79.73415685972991,41.85139023322764],[79.73898790266246,41.855091783609865],[79.75268906388516,41.85819256992452],[79.76096831625131,41.86172583502242],[79.76398092670348,41.86913953847376],[79.76275602572191,41.882479473097845],[79.76595249788153,41.89149855930066],[79.77533672669391,41.900414519432765],[79.78408484662312,41.90865315476263],[79.78845883879329,41.922145822905364],[79.79529327514072,41.93472556522519],[79.82729003265766,41.96312155196572],[79.83466071262498,41.971737556535516],[79.83820798119798,41.98192920012007],[79.83823142066815,41.991076342817706],[79.83265287972564,42.00007400284228],[79.83857433111862,42.00711891155586],[79.83972125371477,42.00955504422601],[79.8429577449969,42.01673189074697],[79.86097868176677,42.03043187713771],[79.88000879095073,42.0373952072299],[79.89522937221341,42.040210944318716],[79.91719606646674,42.041726687715155],[79.98120654764426,42.039152126399614],[79.99102156339349,42.04018881394617],[79.99211213751735,42.0403039568984],[79.99837284195137,42.042510282800116],[80.01383637352525,42.0478502939273],[80.03006370087411,42.05102534573528],[80.08356830391524,42.04289854908721],[80.12496859756283,42.03412458778986],[80.14419435716536,42.03554555114458],[80.15403468803422,42.03722074168605],[80.17245073326393,42.040237689052105],[80.19584996685191,42.04050090951644],[80.21566938042471,42.05244936082896],[80.22754178807419,42.055147209739836],[80.24641555896368,42.057223992813974],[80.2772017814504,42.05720111505647],[80.28108428806854,42.0590377458241],[80.28159418402896,42.06586815731327],[80.27939186876353,42.072189090574405],[80.27346448114838,42.07910182730194],[80.26942943671405,42.08166491245311],[80.26387971851307,42.08532716875357],[80.2506787498306,42.08930364644767],[80.2478764030597,42.092651813970065],[80.24765711400927,42.097962124087545],[80.25189446173044,42.10743220700693],[80.25095590066772,42.11408370644369],[80.25272983341823,42.11764666967492],[80.2642696183812,42.12673559539885],[80.26853053914452,42.133625784041534],[80.26669997306108,42.145000315206644],[80.25646240329878,42.16171671147936],[80.25465812566607,42.16940591597407],[80.25716952505904,42.180951122197996],[80.26188256787196,42.190879563387746],[80.26421075300343,42.19574609696172],[80.26151901870267,42.20345384186441],[80.24715602663966,42.213215370527344],[80.24405269345172,42.22029243398324],[80.2580923044077,42.22948094380979],[80.2762233331174,42.23417458350202],[80.2770506545208,42.234329734808576],[80.28751630057688,42.25954731769613],[80.28601004012751,42.27107773184716],[80.28125511816008,42.277477520156914],[80.26294292411043,42.290934401628206],[80.26156871016505,42.296306834239104],[80.27343652218903,42.31680635514374],[80.27369125311371,42.32617627474603],[80.269958704695,42.32999966575392],[80.25276734101546,42.33840780579441],[80.24816442053545,42.33966780896281],[80.23711615873337,42.342764924122996],[80.22972996655675,42.34728708780298],[80.22664652696248,42.35104723700185],[80.22812499900297,42.40551618537942],[80.21956143167333,42.418774605773194],[80.20703100140403,42.42713413372872],[80.2094833519605,42.4492928100436],[80.2092914752106,42.45091886876337],[80.20861419061666,42.46076425505924],[80.21504516238421,42.48311583555058],[80.22393238186424,42.489121436254976],[80.25690471394832,42.49889612740854],[80.26772862890267,42.50479864617952],[80.27596579667774,42.51520242654022],[80.27199131045651,42.52221547080203],[80.26534839280016,42.524574652797966],[80.24333139683276,42.524980813506026],[80.23791323766763,42.526367623818466],[80.23531823167212,42.52763637903233],[80.21974319374925,42.53561674247154],[80.2082963343649,42.546955552948354],[80.18967515759314,42.56932570888049],[80.1760881271562,42.596058204277675],[80.16951187719253,42.61292993291108],[80.16582165473154,42.63597878642986],[80.16621901752013,42.63808563906846],[80.17013616481547,42.65895898454351],[80.18144983506551,42.67863135192822],[80.19266569359144,42.68636666414786],[80.21244025409874,42.69644055853528],[80.21711106973004,42.70405755824978],[80.22162018437179,42.72402310998874],[80.22898787867852,42.733713964667544],[80.23486272479806,42.747652236795794],[80.23512524573452,42.74834793246594],[80.23866706218615,42.759910387846446],[80.23708696716689,42.767283422745464],[80.24447446613607,42.809474568512535],[80.25251676710414,42.827220360379705],[80.25579051316305,42.82913142046278],[80.26543379032117,42.828089975175025],[80.26690701627146,42.82793018392709],[80.28055628806754,42.83463593148422],[80.28552305803493,42.834406529399914],[80.28698055161811,42.82952357574587],[80.28938384101993,42.82849823820623],[80.30373576237274,42.83608491933483],[80.32146649105111,42.835714568944454],[80.32565496887635,42.833685520799015],[80.3246172543951,42.8252508702528],[80.32768368825889,42.82464844256248],[80.35205369962772,42.83267782691144],[80.35702040416342,42.83244494152323],[80.35788288259391,42.824380502394966],[80.36187258160034,42.8237316318805],[80.37584187706616,42.8267457915056],[80.38199976756815,42.833104150437094],[80.39342124812403,42.83187638935596],[80.39835766471981,42.82774440916834],[80.40569757325851,42.829690375461375],[80.40911607015352,42.833195689121],[80.41954580854501,42.838432664064165],[80.41811169838219,42.84698639550358],[80.42110229446564,42.849137553093186],[80.43129617890771,42.85163186629639],[80.44406127089539,42.858593913661316],[80.45197201179859,42.856381082799],[80.45597039163192,42.85572899077652],[80.46071642091971,42.86008908555225],[80.46642358317919,42.86119102887472],[80.47448064876158,42.86768367496386],[80.48124109019466,42.87011419151265],[80.49165466434577,42.868004293975865],[80.49605730747517,42.871921701153575],[80.49590550840927,42.87720534638811],[80.49804989306273,42.88031008860961],[80.5023522520003,42.8796469053226],[80.50755554219617,42.87503487483302],[80.5134761574082,42.87498082317862],[80.54008075732327,42.88653147634192],[80.5468182209596,42.87817758221285],[80.55653812726102,42.885734280751],[80.56599903944839,42.88687439102528],[80.5738425736353,42.89084932296156],[80.58876601767025,42.89034975880704],[80.59493802920092,42.89302749035562],[80.59100133547314,42.90124838495409],[80.58563073018932,42.90747780291854],[80.57962636165094,42.9100638172081],[80.56870129249465,42.923900664109645],[80.53160745407946,42.93488028115488],[80.49252867219606,42.93964937862291],[80.491155824966,42.93981755234568],[80.47477454399322,42.945192517026534],[80.43532314212915,42.965193936458185],[80.40710976377757,42.981899741535166],[80.39147007519011,42.98883073160623],[80.38561089260351,42.99323689152723],[80.37947693163022,43.001778578977884],[80.3767085062343,43.02025699462296],[80.36942986373754,43.03366981144059],[80.39319608385698,43.0463864024306],[80.40815823728758,43.056727363692694],[80.44596216530857,43.06730605778743],[80.46993164871742,43.06867370909554],[80.47304192769592,43.06924646172874],[80.48581383837734,43.071320400216834],[80.50054979830495,43.07615615510033],[80.54285463957856,43.09796981358017],[80.54714813404354,43.10282222968184],[80.55530892253579,43.106813432791185],[80.5784594268849,43.124451128496105],[80.59155894899699,43.13109918714423],[80.61410227554441,43.13660971379609],[80.6460823051973,43.14430145281334],[80.6672017299048,43.14695583047613],[80.68194692965581,43.14595108355473],[80.69510654917009,43.14327064252908],[80.70545038561322,43.13952214208987],[80.71502019182816,43.13175375737598],[80.72095195189338,43.131910436018835],[80.73107285705413,43.13615346525378],[80.73858493076739,43.14315286472561],[80.74457457974226,43.14608899343434],[80.7623746195527,43.14544657185426],[80.7698647817194,43.14699204661123],[80.77570736689522,43.14814553597875],[80.79796313450915,43.17480571441276],[80.79838134917253,43.17912880748182],[80.78629051551084,43.197157072163634],[80.78082559385156,43.209647274370916],[80.77875131987756,43.21748946950824],[80.78168473519654,43.22817953002615],[80.77976073727098,43.234848875828085],[80.77582510333502,43.24290810510625],[80.76185927550131,43.258198354315034],[80.75942236112968,43.26486761612076],[80.75940207577825,43.28776932278279],[80.75732588518251,43.292657355930594],[80.74948491459095,43.29649936746812],[80.74332814630864,43.29732157406755],[80.70179981564551,43.296334551408385],[80.68330808332821,43.29333979906504],[80.67333741363316,43.29411139260502],[80.66795599029092,43.29710398410228],[80.66112156820617,43.30500555988709],[80.65924302191321,43.3122393774732],[80.66316510837127,43.31785047050595],[80.67367713320866,43.33279149622552],[80.6786995596493,43.34516211461351],[80.69279677687047,43.35936743632574],[80.69737378524431,43.371563800596824],[80.70855771020464,43.389395125178396],[80.71408188184387,43.394833183250434],[80.72934943719333,43.40093022483309],[80.7338210579547,43.40830127807951],[80.73229350489716,43.42705775578984],[80.73226237392727,43.42788369117295],[80.74448451505907,43.44793215076075],[80.7442324346739,43.45823532236644],[80.74060669361823,43.47051485117321],[80.73109511481194,43.49346444810986],[80.7152337402551,43.508518097774704],[80.70482798401675,43.535837094649864],[80.69936074250691,43.543811268355725],[80.68428180765854,43.56575614395415],[80.66702477601501,43.600526976263886],[80.65873331603477,43.61288992705983],[80.65572707313106,43.62149736237808],[80.63895387367342,43.64526586884491],[80.63161367211472,43.659282564108224],[80.5886683652123,43.740819521787785],[80.56385745973843,43.77488257858861],[80.56084922049834,43.77905350878615],[80.55573050678507,43.78959421946121],[80.55531645972104,43.79516250739497],[80.54416443906717,43.80895451594357],[80.53702745535817,43.82375531278761],[80.5218818782226,43.828400369003354],[80.51825950780119,43.8335703578561],[80.51174652526991,43.86301503296967],[80.50540121458612,43.874075454253656],[80.50231458034497,43.887210687933226],[80.50200618817166,43.88845024957652],[80.50579195151019,43.901819563134794],[80.50510889818285,43.919095877123254],[80.49612945299991,43.935047667702186],[80.49522716438435,43.940159592008065],[80.47849075477691,43.95469947148259],[80.47441919032569,43.96914005397544],[80.4643388736523,43.97832023403649],[80.458224220949,43.99414880440281],[80.45272074839652,44.002774908004746],[80.45500069738515,44.03096848400247],[80.44085079343124,44.04431683121598],[80.43921824285088,44.05439093111774],[80.44786311641148,44.066801250795024],[80.44596742416506,44.07506840417924],[80.42664646577472,44.1044257877562],[80.4159349338323,44.12914910754315],[80.41043945109605,44.14935997123499],[80.40152896156079,44.196279897495415],[80.40127931406033,44.19734617441735],[80.39999720922202,44.25409571051387],[80.40138376847614,44.276773204267535],[80.39866282152934,44.28878808966796],[80.38563539933536,44.30754531197356],[80.38154066316238,44.31940399116482],[80.37813973571012,44.35150307559801],[80.37283169740631,44.38094058835884],[80.36584662715295,44.40488397703219],[80.36460373644351,44.41309413291569],[80.36173199835774,44.43241171449675],[80.348246344608,44.45489743856133],[80.34586384048171,44.47319432279061],[80.34135491253411,44.48071888759192],[80.35672586842217,44.49733452060233],[80.36264196241976,44.50805524738129],[80.3638854349241,44.52349011794392],[80.36780595381421,44.53143665855211],[80.38673147019738,44.569097288011015],[80.3895491101344,44.58815807352946],[80.40269949640215,44.60853781442774],[80.36676771945415,44.644592488612595],[80.35872264293195,44.65324323241239],[80.35965513322594,44.65573191601039],[80.37703235369173,44.66686521981656],[80.38667178843852,44.677427374370595],[80.40049674418938,44.685036519347555],[80.42838810750673,44.69157319676457],[80.43765595243788,44.69371444229103],[80.4482918894044,44.69786490929854],[80.46389700541971,44.70087188091702],[80.47844367458522,44.701366802196134],[80.48595700035568,44.70587735079012],[80.48823079128908,44.7108329006566],[80.48086640508816,44.73222945946786],[80.46295826086688,44.74662106351421],[80.44549445291773,44.756824761513606],[80.42685044299434,44.76338095675247],[80.42147882784094,44.7645432123362],[80.40152523869929,44.76891134325934],[80.39767624273456,44.77164765952706],[80.3738328780486,44.77957685919781],[80.36296481649306,44.786237171166675],[80.35300895218003,44.79835281034066],[80.34817845496264,44.809635122051624],[80.33912137618866,44.81959414523043],[80.32853077676629,44.820363867325135],[80.30763346236742,44.81239140594909],[80.29620245357467,44.810777915376114],[80.28780152982428,44.814170364568795],[80.28751943482357,44.81495454471879],[80.28679849770386,44.816958565664955],[80.2934147793851,44.826516487367],[80.28927661208338,44.834026455449106],[80.27803583759852,44.83913094035806],[80.26641484808474,44.841658921489724],[80.25278988484735,44.84140724270825],[80.24516756650951,44.83899789637192],[80.2326518803467,44.82734000028485],[80.21704778275921,44.82208102474102],[80.18718117583354,44.823408831232854],[80.16473175085558,44.828779395190004],[80.15606686763645,44.829981410375815],[80.15523712198109,44.83010830350529],[80.14204544619876,44.82973877381371],[80.12318210794058,44.816534797708215],[80.10972503086842,44.809333334781336],[80.10439900414272,44.80817156838764],[80.08128791395967,44.80922780017967],[80.0539831910927,44.80096473978313],[80.03872009797905,44.79983226842824],[80.02874142139957,44.80069160951194],[80.01204039297838,44.804586692599536],[79.99847198381629,44.81063616922378],[79.99674461008009,44.8114329816741],[79.98788073105088,44.81639700102593],[79.97826253809849,44.843148755209455],[79.96935763255357,44.85609643802624],[79.96337220082034,44.87357830131141],[79.95889201920497,44.87832849725666],[79.93466572470902,44.880553726122265],[79.93235966833123,44.88077894797456],[79.92054113766754,44.88519712315389],[79.90805028567698,44.893951812485994],[79.89950786580835,44.89655715189115],[79.87727442058123,44.89616751635715],[79.85757006797202,44.883879037035854],[79.85036759341514,44.88282514236247],[79.84010454003342,44.887618341190766],[79.83918960496698,44.891539193553704],[79.8439980878354,44.899122499920594],[79.85046893765934,44.90431730435844],[79.86972780343176,44.90676368269787],[79.87638578200473,44.909667586790746],[79.88345309943462,44.91645791932254],[79.88694191274891,44.91979814372958],[79.8923438462332,44.92256198784124],[79.9050860846139,44.92565800444284],[79.92421770160627,44.9338349996996],[79.95645521617166,44.95381027234785],[79.96996941911941,44.95732000949277],[79.99378597599522,44.96848470261493],[79.99856912579843,44.972244943023234],[79.99854962987465,44.99742997267464],[79.99849601705917,44.99937208744042],[80.03294843760806,44.99937572447439],[80.03630229154562,45.00203558981405],[80.0420061922799,45.0036391712292],[80.05146736727882,45.01327345321884],[80.05826580893458,45.0161920478594],[80.0666106185499,45.01558291363131],[80.06849716719061,45.01771095284896],[80.07125684180004,45.02333069498315],[80.07470957997799,45.0322149409494],[80.07211337170156,45.03898924802453],[80.07603354910913,45.046584603805414],[80.08041008392287,45.04896547515775],[80.11374963658481,45.042700247289126],[80.11885159600367,45.04344648940813],[80.13677548173114,45.042979047605655],[80.15448078484452,45.03555686952235],[80.1733464031051,45.02867280268071],[80.18163194141574,45.02786003095143],[80.21712204854384,45.03042017180635],[80.23052528811641,45.03211495315288],[80.24046589353124,45.03578024212284],[80.25058435228911,45.040405992582414],[80.25491386461194,45.045465912469616],[80.26022596324121,45.047080942029595],[80.27416438038544,45.05564960695358],[80.2783623035467,45.0581763809988],[80.28628253093707,45.06293788182069],[80.30628380558483,45.06741545061721],[80.31206477417963,45.06803733125009],[80.3221048665824,45.06516929955764],[80.33198738136495,45.05005958042851],[80.34006346676557,45.04399794714924],[80.34962245461853,45.04145519893384],[80.36156510516716,45.04138622857337],[80.37961571995982,45.043998794934396],[80.40129703429801,45.052186189340354],[80.40815219210958,45.058995386308546],[80.42172342584585,45.06534369925552],[80.42565410189516,45.06716678808482],[80.43247974351344,45.07443341107317],[80.43832365165474,45.092481250267724],[80.44366182597932,45.10207966182466],[80.46866099698015,45.11716579597032],[80.48029131326989,45.120557117352575],[80.4916298129152,45.12073743549622],[80.50018078566296,45.1173517327786],[80.5035885153704,45.11332069166739],[80.51170949987548,45.10930025510193],[80.52203155459425,45.10901735428716],[80.542441931847,45.1138150131788],[80.5517513889099,45.11633522274289],[80.56248825671094,45.11485242683224],[80.58127356788472,45.10970070687139],[80.59637364570563,45.10850361252496],[80.60459566842742,45.10969569411147],[80.62518069057636,45.118852270510544],[80.64603818074922,45.119884725434595],[80.66260581543443,45.12414035023449],[80.67731709114739,45.13288969004611],[80.69459953795894,45.136618422281785],[80.70906970403763,45.14606318949591],[80.71461255290906,45.14964841804556],[80.71728738260676,45.15430118529859],[80.71745576106095,45.16528420261928],[80.72022208493365,45.17115998785194],[80.72752744760794,45.173108592420654],[80.74996221925839,45.157138982258516],[80.7727187287866,45.15097005630415],[80.81550683691324,45.14407965641671],[80.83304461875746,45.13818454883278],[80.84232032573892,45.133052833700624],[80.85442712215689,45.13298280356867],[80.86332495785781,45.1332805532767],[80.87434225687959,45.13437629224308],[80.88917396297394,45.13657156854259],[80.89765109728472,45.13976985226108],[80.9055652911704,45.14457057777858],[80.91926611252663,45.149243720016365],[80.95015408457756,45.166468523699386],[80.99621683400143,45.16548027410388],[81.01665821695926,45.16837790089313],[81.0385912135262,45.16865306904984],[81.04616142664831,45.17359787426973],[81.0531339178625,45.174634699036524],[81.07373008307732,45.17379138684038],[81.08018559528317,45.17668383476874],[81.08433931502319,45.18241903757377],[81.08421169500937,45.18953798957842],[81.086977861567,45.19512306125493],[81.09773720679641,45.20145702027459],[81.10207537270162,45.20629641170544],[81.1006564220634,45.21411729350857],[81.10397547064287,45.21850021858355],[81.11122929576604,45.21911878763115],[81.12494968361396,45.21660023983838],[81.13290427117356,45.215207015377565],[81.15221779917852,45.20828382811196],[81.16321044763708,45.210201111468685],[81.16664763307935,45.21274778587929],[81.17335075503867,45.22662064779296],[81.17709894156323,45.22940664861588],[81.21507454275417,45.237779165685886],[81.22227630060026,45.244966089112864],[81.24191261922513,45.2404968775183],[81.25573679328389,45.244844699303265],[81.27345229377464,45.24439561506537],[81.28061211030253,45.2441539565096],[81.2915230626857,45.24632371839607],[81.29880163923151,45.24990287175884],[81.31186352276639,45.26366158150706],[81.3170374024396,45.266133379715875],[81.3219208003962,45.266793142750906],[81.33298862573358,45.2601788002261],[81.34107866848957,45.26028010266406],[81.36422586677737,45.25510332189496],[81.37200082467605,45.25839290612335],[81.38759177442178,45.27359844076083],[81.40589751238244,45.28018538491116],[81.41213343192356,45.28719279829152],[81.4135246004259,45.287339834116864],[81.41841038747864,45.28799626370872],[81.42621201666293,45.27219209323634],[81.43393334428968,45.26879481702131],[81.4513427894473,45.26808420696699],[81.48357974736575,45.27455386449053],[81.49940782082645,45.282647483110836],[81.51046626411774,45.285935586926115],[81.52534329907806,45.30025690133322],[81.5338998528766,45.30320637599393],[81.55394659929074,45.30284085591761],[81.55670798517635,45.3039623228397],[81.56254251091445,45.30644375230358],[81.57170435473786,45.31375686299869],[81.57073947309426,45.318873933416626],[81.57672174018606,45.32629136066054],[81.62493393757292,45.35324503064197],[81.63276173080945,45.353746135821204],[81.657887419601,45.34774307287003],[81.6715361067013,45.35154989395124],[81.67819559753659,45.35509247074269],[81.67997622677589,45.359101730491226],[81.68825517291066,45.3659769130343],[81.68871653889884,45.36577741421775],[81.73028255471652,45.34958615089211],[81.74047719193959,45.34196020626711],[81.74969373925754,45.326016454522616],[81.7556607638657,45.32156375675504],[81.7796679486815,45.312204268770884],[81.78678566089587,45.30627887719019],[81.79640950890162,45.27632888987378],[81.79689445897995,45.27567020600509],[81.79862655422741,45.2736485273589],[81.79902404575748,45.26010316298201],[81.81016716265763,45.24458260552825],[81.8126488181826,45.23453997922618],[81.8123057556388,45.214667916735124],[81.81700216987608,45.20426098010093],[81.82649620800683,45.199388554159015],[81.84295914725327,45.1986577470047],[81.86373660262136,45.20180199834012],[81.88457793725033,45.20902662361578],[81.88541454592074,45.209260490589074],[81.89635770279648,45.20860895249461],[81.90605251619897,45.2050616432272],[81.9237991132107,45.168257060602315],[81.9318557075536,45.162952505057426],[81.95320663359301,45.156186654851325],[81.9610795221502,45.156865070111564],[81.97936762053625,45.155317166874276],[81.98548139425854,45.15773382241988],[82.00687991713974,45.157815891493435],[82.0171938417018,45.160566693862435],[82.0188667898013,45.16103276291064],[82.01960740528774,45.16467311326925],[82.02900571673814,45.164308305412405],[82.06534006273907,45.18576139405963],[82.08846980213931,45.19749925702428],[82.11305181392098,45.20725477402023],[82.166441997104,45.22236689082346],[82.17050674537693,45.2235071189485],[82.23946217607984,45.234706171666275],[82.25154366987007,45.235325684783106],[82.2847941712449,45.23122463389993],[82.30499012900513,45.22587886763158],[82.32537698661466,45.21519895366218],[82.33245447308737,45.209990005889345],[82.35270608633995,45.19494001884593],[82.43169955207888,45.146138334677346],[82.45887954770345,45.13250192855905],[82.46656623518177,45.12776049717122],[82.47658811242894,45.12146254342009],[82.48487543559908,45.120053874682625],[82.56949947982791,45.203991919229054],[82.57450080740925,45.21026319306667],[82.59115943898729,45.2308250387275],[82.5909842817483,45.23976112829845],[82.59594743442345,45.26016618555789],[82.61731946634404,45.32761948156753],[82.61848466310518,45.33086010165325],[82.62956856138095,45.35901387088093],[82.62740176698097,45.37567138886508],[82.6023682192195,45.43104391736311],[82.59655010903596,45.43962006871037],[82.58876106689972,45.44500803394801],[82.58243695257049,45.44591829214644],[82.42829207296107,45.46794645018194],[82.41566080412788,45.47086678417578],[82.40904718293908,45.47422067581063],[82.4033530141158,45.477170444459226],[82.37808398889452,45.49411031442176],[82.3324860904075,45.510195838977346],[82.2903281632813,45.53165288511071],[82.27442016767337,45.54476133093158],[82.27216573370856,45.55114689511599],[82.27026111332043,45.55647946667994],[82.27063454597464,45.569965921311955],[82.27695165259732,45.587305416859635],[82.28775480339667,45.63186854877517],[82.29769401308225,45.64823234953014],[82.3067461914772,45.67083921395171],[82.3081281985205,45.67301180127853],[82.3330128368591,45.708968731502125],[82.3534775955512,45.74919637139276],[82.37105758920441,45.769219400472],[82.38135677823037,45.787397129292806],[82.38462582481569,45.793027955290164],[82.39519112542676,45.8143980597694],[82.40851069171721,45.849744124046204],[82.41744229199901,45.86575105679548],[82.44807234477109,45.90346333668755],[82.47167187377391,45.932609378947326],[82.50313073140437,45.98276727500438],[82.50777234969827,46.004279497997864],[82.50653179182568,46.02001676944097],[82.50548917478011,46.03235813050427],[82.51134122811503,46.07260701732367],[82.51180025350214,46.106792654217685],[82.51827378138886,46.145203977541115],[82.51916432774904,46.150911200186385],[82.52775227204263,46.183364804117566],[82.5472055809534,46.22184692659962],[82.54965393257193,46.23086742167936],[82.56856444737006,46.265458698970924],[82.57707406595934,46.28102430080704],[82.592703231587,46.3039539658984],[82.60716200744203,46.3188096215091],[82.63000275708154,46.3541217346284],[82.64882744834415,46.37793156827048],[82.65912302833163,46.39099799380038],[82.67921448554236,46.42029496762055],[82.71295800731188,46.47599340212075],[82.72163506356806,46.48638384191622],[82.72458628811997,46.491959603879174],[82.73773187299872,46.51707500877443],[82.75017034265082,46.5536758255843],[82.75019814234847,46.55804161773785],[82.75442146957454,46.5650271512308],[82.76311746998016,46.589988398873416],[82.76391782078036,46.600510454048845],[82.77034616459532,46.612952690750284],[82.77067831881348,46.61356259284475],[82.78879888605148,46.70556444935761],[82.80101083941554,46.73656961698702],[82.80600593997976,46.74897089910021],[82.8171368117642,46.76504129877125],[82.8337622620328,46.796098640845244],[82.87243502772446,46.85201254695841],[82.88882390533216,46.875784461394986],[82.89162207934815,46.88681557448157],[82.89892586095878,46.900417704047065],[82.90179455201206,46.913689663502666],[82.90784652100572,46.92133483011025],[82.91437593985938,46.93271416370921],[82.92472958063134,46.96875602434753],[82.93177319661875,47.00510217900951],[82.9350820261453,47.0117566546473],[82.96488835073256,47.02091623505033],[82.9739367652343,47.02559344877865],[82.97851162016225,47.03003028038782],[82.99253166751734,47.055558255932695],[82.99873124072826,47.07511737216445],[82.99861469748423,47.089409727013006],[83.00194101973418,47.0903042780169],[83.00410145345266,47.096405435189546],[83.01673504206616,47.16605104780642],[83.02150818770707,47.192084381064966],[83.02953328957616,47.21147087389183],[83.04108666199015,47.21802277703156],[83.05172051381473,47.22164058876132],[83.07444701017897,47.22482530301315],[83.0911624017375,47.22585834366083],[83.11327587043061,47.22392104397329],[83.14039629825953,47.22350491879273],[83.17329814925074,47.22305445943295],[83.18282590423053,47.22016929440691],[83.20331406663887,47.20086677824826],[83.23243823931524,47.18095498924192],[83.24295289436252,47.17747759197566],[83.29600538795489,47.176413014654436],[83.34217119854002,47.17547254696433],[83.34981058643379,47.17340172501149],[83.35563356422297,47.170307028816374],[83.39344890710746,47.132306938959076],[83.40768015805585,47.12177939204513],[83.41553843326749,47.120668974402214],[83.43979516528435,47.12691081345838],[83.45674913955273,47.13128265575481],[83.4830951023996,47.11759806549279],[83.51835208837387,47.095252686939816],[83.55404366366356,47.06768071903298],[83.57913582718129,47.057786665296945],[83.58083567994497,47.05748990037257],[83.64237256105062,47.0461045453175],[83.70034000511967,47.029422500273455],[83.71862065272275,47.02784247970036],[83.75726901107431,47.02907333376972],[83.75964919669664,47.029156140420035],[83.85008518867063,47.014003745943334],[83.87381684528646,47.006923420745885],[83.88678405431703,47.00007150438325],[83.90806273418427,46.995676487236246],[83.92819226477273,46.99323793096669],[83.93074978145458,46.994457109462786],[83.9348551969027,46.99627991768309],[83.9638352691165,46.99414799064082],[83.9755210281199,46.99479077822109],[83.98885166130864,46.99058155085439],[84.01539062582704,46.97352298416116],[84.03695289079032,46.96470601342721],[84.05711170209949,46.963831219150784],[84.09721804651846,46.97093678216244],[84.12781811557261,46.9764280537964],[84.14931727178917,46.981576556270284],[84.1588418825213,46.98531059146668],[84.1651313313452,46.98958181851634],[84.18030118033994,46.994061206867364],[84.19592846069108,46.99749492293806],[84.21348896620827,46.99899012802285],[84.2720865009015,46.999427911323764],[84.31125516467499,46.99965984859223],[84.33482339348856,47.00332331733973],[84.37157594955123,46.996606379391025],[84.38779010968165,47.000752221018956],[84.40052765015632,47.00623714599732],[84.41918018574611,47.01027433250836],[84.42786859797552,47.0097905141906],[84.43468756762094,47.00930967191707],[84.44348061098842,47.00541402237421],[84.4458502528466,47.002890991232945],[84.46041504912584,46.986600208332725],[84.50568298834865,46.97721187228512],[84.55855788636899,46.9919711816394],[84.56243919770459,46.99633280009058],[84.56815983187929,46.99550059936396],[84.59865798863318,46.99874001043928],[84.60388589522094,46.996446178134875],[84.60483376711315,46.996398981930206],[84.61175726044785,46.99555500554943],[84.63218773715366,46.9954709289453],[84.6626194514964,47.004239927427896],[84.68469271344105,47.004016045139174],[84.70348348299211,46.995632070064005],[84.71977475579395,46.97513258558944],[84.73382175643083,46.96652337409155],[84.74180350418034,46.955463903081984],[84.74206873125769,46.95013587675182],[84.74265784862756,46.941061474369036],[84.74959423772194,46.93614314222479],[84.75975510127849,46.93557619031954],[84.76837728307476,46.9330286142699],[84.77185743308777,46.92585286424529],[84.77008650335034,46.91708648155989],[84.77288212657322,46.91397505343243],[84.78460925799234,46.90771302866768],[84.77887242621297,46.90151991171373],[84.75512156323066,46.890133388948804],[84.74869205481917,46.88226625611634],[84.73995589950076,46.86389068451694],[84.73592198454321,46.85914462271493],[84.73023607326147,46.85591655484643],[84.72830723748746,46.854804785596464],[84.69741339649853,46.84468451623933],[84.69397890691069,46.839284041022275],[84.69716834321265,46.83530722301589],[84.70209344436621,46.83352450492729],[84.73947957295809,46.83616790700896],[84.76418114490316,46.835857792196656],[84.7841996525756,46.838750933856964],[84.78874020891604,46.836909930485476],[84.7965608030409,46.82675773284439],[84.80461225773713,46.826070579992646],[84.81655630788433,46.82927321619953],[84.8253930082314,46.83174942670688],[84.8581635322552,46.84987644934066],[84.8700526917813,46.85417558346158],[84.88184156539337,46.85568529067715],[84.90629694318807,46.852170607392],[84.91611998992661,46.853580142535336],[84.96137546288433,46.87097366658178],[84.96481753500537,46.875071806954224],[84.96566994009706,46.883422176881204],[84.96728162050823,46.90223691065024],[84.97437337867768,46.9137916423705],[84.98088345618451,46.918328114287114],[84.99870081326743,46.92244453602267],[85.00107510559953,46.92296835509137],[85.01234495044473,46.92402160147531],[85.04114473661203,46.92341123834817],[85.05197336332982,46.925507848593654],[85.06867803732524,46.93250729403901],[85.07638940896767,46.938411297902434],[85.08276519798497,46.953370686533276],[85.08380789879739,46.95435095046206],[85.08917580987891,46.959181619798215],[85.14008278333044,46.983968259874274],[85.16356074355218,46.99246848173109],[85.18179524604422,47.001148134546476],[85.18893873617705,47.006317698920654],[85.21068007559889,47.03943541998793],[85.21816121246991,47.05075377361815],[85.22189182945039,47.053036385387294],[85.25516608717038,47.05503948519037],[85.2714452612152,47.05954740115561],[85.29037500985834,47.0613742739925],[85.29730097535374,47.05911052677339],[85.32147608085945,47.04613785919461],[85.33240517181063,47.04979580172205],[85.34752274798407,47.059216098163915],[85.35282431442688,47.06023544744862],[85.36046054727943,47.06010208297821],[85.3660764518908,47.058206726390786],[85.38161487387082,47.0528913325682],[85.39037620215225,47.05346831649229],[85.40989031201052,47.05924284426537],[85.42759165795147,47.06254333471733],[85.44455331780705,47.064259550421276],[85.47340860631493,47.06263706627999],[85.50738784762001,47.058485730043095],[85.52850139379285,47.05873496158139],[85.52952776048767,47.069966852518945],[85.53160705257739,47.0918810964443],[85.534710640118,47.10007476811364],[85.55425856922244,47.12293063299868],[85.5611392707289,47.13515914398761],[85.56623798469991,47.16470473609019],[85.57521456829937,47.19007363498814],[85.58757412201,47.20139506026154],[85.59648871229598,47.20567602967913],[85.62484095236351,47.20782757109751],[85.64171025999511,47.20672955299548],[85.66615932150589,47.20805816165246],[85.67630898243931,47.210839267915965],[85.68931996678141,47.21761743936124],[85.69364718956419,47.22255594151348],[85.69559314801967,47.23021824932323],[85.69418992490024,47.2542469640224],[85.69396654548474,47.257359710324124],[85.70224813721278,47.279297914679],[85.70154131077864,47.29390257337155],[85.69202247167254,47.31220135278864],[85.68955711383174,47.32407023881617],[85.69665036865997,47.35158504482244],[85.70590032199557,47.37486475829711],[85.7055445575832,47.376573461157754],[85.70422086372332,47.382127035193534],[85.696973824718,47.39713750527072],[85.68534135721228,47.41062311944274],[85.66494799376704,47.42522109031428],[85.63869499194608,47.45363424668501],[85.62047035514665,47.486206190180674],[85.6021512140045,47.519047296205045],[85.60200700321614,47.527914247028185],[85.6199757626013,47.60704263227641],[85.61969372834919,47.60848553576772],[85.61554086926404,47.6312522243147],[85.60506233604876,47.66195248860238],[85.6000749703293,47.68572208580622],[85.60082172487155,47.70500050399913],[85.59371172390985,47.73237510507974],[85.59110835006045,47.74230267301289],[85.59147758142784,47.7489321176578],[85.56414747574064,47.83535914834299],[85.56016799138428,47.8555786040537],[85.55152851046155,47.898340940390106],[85.5403076974192,47.93881015354924]]]}},{"type":"Feature","id":"hartwell-1200-country-v5_1200_chin_chn_1200_l-41","properties":{"id":"hartwell-1200-country-v5_1200_chin_chn_1200_l-41","name":"吐蕃諸部","level":"country","sourceId":"hartwell-chgis-v5","year":1200,"approximate":true,"color":"#bb8068","recordId":"41","sourceLayer":"v5_1200_chin_chn_1200_l","sourceRecordIndex":40,"sourceCode":"J310000000001","sourceName":"吐蕃諸部","sourceAdminType":"Independent State","sourceContainerLevel":"province","sourceHierarchy":{"polity":"金代","province":"","prefecture":"","dependentPrefecture":""},"labelCoordinates":[102.13690345277047,36.208898148697905]},"geometry":{"type":"Polygon","coordinates":[[[101.32929365213258,36.410346134238736],[101.29227400891678,36.42748829988325],[101.28246971443862,36.4348918520987],[101.26158090222317,36.45723819776523],[101.25375971792916,36.469719321474074],[101.24356898292909,36.49056550999441],[101.2430502316759,36.50905855912574],[101.25399294567755,36.53784476618545],[101.26561021862734,36.58093754404451],[101.27587267786203,36.59625210467037],[101.31456145215762,36.62802524016175],[101.3418522910756,36.646984331456856],[101.3853357530683,36.6611573662423],[101.39576610743178,36.67141816230761],[101.39862370890683,36.68491864578313],[101.39296699441987,36.696601682836814],[101.38637120758618,36.70322143104487],[101.36884948544682,36.71807437971381],[101.33836277275958,36.73691313906677],[101.33497216374363,36.7435845943031],[101.33800035876125,36.75036041386532],[101.34324065511167,36.75465399505518],[101.35378852521575,36.76071634553949],[101.35894056329252,36.76836730167493],[101.35778014663657,36.771712125020144],[101.3490739546175,36.77506595728313],[101.33090239887838,36.77145035914048],[101.31484993518184,36.774363568184846],[101.30452203011303,36.78663195473694],[101.32831309761168,36.78369690767145],[101.34690618340525,36.78959814025449],[101.36872066177462,36.81150024627326],[101.39485304754717,36.854737376949764],[101.39180632983799,36.87424252809566],[101.36763083683137,36.91003253615888],[101.37246202513131,36.93403441231849],[101.39378815008006,36.953265846432885],[101.392538901629,36.96435473166852],[101.29669976168353,37.060892072080605],[101.2291145743902,37.10742674917941],[101.21183506015483,37.125931104987956],[101.19666921670107,37.15510765706731],[101.16730365309503,37.18327373892751],[101.12918353254774,37.18516675406227],[101.09606774804726,37.194640259709516],[101.05349672306929,37.227098638199884],[101.01983860452705,37.26939923330665],[100.94875694097908,37.299771845122464],[100.91738441591168,37.336294243225225],[100.97277314982884,37.3577180177142],[100.9983244381937,37.36914337052709],[101.02511890583779,37.37554249339596],[101.04130742375014,37.37584827108136],[101.0619181905163,37.372868866495395],[101.07065533815201,37.36967059251583],[101.07944347217115,37.364786137915786],[101.09709168470488,37.35249766758803],[101.1036142139635,37.35093392238797],[101.11106690819771,37.3544358462642],[101.1250428806688,37.35637159359046],[101.16923316239051,37.3588512160935],[101.19302187964978,37.35759035038168],[101.21795984346011,37.353821622567075],[101.2373775369315,37.354159691156546],[101.26646683964171,37.356340034865106],[101.28605323423409,37.35078519947771],[101.30575401389237,37.3410292234664],[101.35253034556149,37.32750464632974],[101.37203670045866,37.32445885210412],[101.4183935647508,37.32604550971622],[101.44216910587208,37.32473789388191],[101.49100228545495,37.313721928323886],[101.50301312978813,37.308016654609446],[101.51618365374378,37.29896666491067],[101.52723746241486,37.288202487685055],[101.53633950075806,37.26899594279564],[101.54524685569363,37.25735488395942],[101.55293639028238,37.251584105755704],[101.57464852507795,37.245176459819575],[101.60917416036006,37.243997205264264],[101.63297322363069,37.24013117808604],[101.66768729426651,37.23053023509545],[101.67848037848637,37.2298372940203],[101.6969066748903,37.22504601720313],[101.70985215501128,37.22438082304126],[101.74649916402743,37.224032675615646],[101.76382948081722,37.22005852698138],[101.78454650547963,37.208556606861386],[101.80859628324457,37.19204792271923],[101.83360715435822,37.180591512189],[101.86418431181548,37.15995449782658],[101.9163675317013,37.13252788460342],[101.94245978178685,37.120536682747236],[101.95768557255585,37.11230395997572],[101.96861555538601,37.10318273321544],[101.99032982652082,37.09249986219052],[102.02276669723877,37.083615418422205],[102.03901626553989,37.07706975932353],[102.06276266658391,37.07228277748201],[102.09959705589776,37.05670123260388],[102.114846290667,37.0450883743035],[102.12893157804135,37.038506905905386],[102.13865199660242,37.03608492760279],[102.15260354222812,37.03706765694866],[102.17394918159927,37.04653068836748],[102.19091870620753,37.06099310723845],[102.19840247024872,37.06358599590681],[102.22528278001474,37.06384436813828],[102.23390663515495,37.062245745744015],[102.27152290732258,37.06343888284473],[102.29513002834474,37.06701651699477],[102.36049173244226,37.08356092539976],[102.3937675928949,37.08888350426779],[102.45825085792508,37.092757621717084],[102.48944329177289,37.09299284926113],[102.4969910739104,37.09136735347057],[102.50988819183935,37.082871007767395],[102.4923096238633,37.07469384744817],[102.48539582255533,37.070193407349265],[102.48087246038813,37.06574032427939],[102.47785176521649,37.057132336273895],[102.49855278470126,37.0226418273797],[102.49782096363202,37.006600557626186],[102.49368109627508,36.99743648721005],[102.45708976342173,36.96509496750137],[102.45542495523571,36.96322983491288],[102.45599423062052,36.95934143938899],[102.47273297919061,36.95779248016827],[102.4789732607015,36.95706006310545],[102.48924237204514,36.95876452453678],[102.49288136962471,36.95644187314429],[102.49666534643531,36.946725640788344],[102.50313492332589,36.94223922098064],[102.51379282978385,36.94096488481727],[102.51684487776845,36.939240780576775],[102.52039971327557,36.932046262986994],[102.52429857424177,36.9297385460848],[102.54369186168499,36.92495057134721],[102.55164897633996,36.92139892409389],[102.55479974848988,36.918621657104005],[102.55656964498336,36.91364771002275],[102.55474708436928,36.90465970522668],[102.5557463588489,36.89943307430826],[102.57407869358515,36.877239232460546],[102.57851909283268,36.87178757989194],[102.60088804524977,36.86589800665701],[102.61623096834614,36.85621226079299],[102.64320528340538,36.83587374292435],[102.64840318621289,36.83185048306289],[102.65010381362869,36.82750975990029],[102.65791648086315,36.82541892302182],[102.65980825395246,36.81897596563616],[102.67184760540376,36.80782524281608],[102.6786448197631,36.80821444587241],[102.69415476288233,36.793458367293894],[102.69783294406194,36.784574273720786],[102.68873085082309,36.75596428128049],[102.67868734271744,36.74295812454134],[102.65925103164096,36.7295093123077],[102.65108510298904,36.725884494511284],[102.64102328494668,36.72498365475229],[102.62334786831825,36.7357800105157],[102.61871030214984,36.735425084163026],[102.6113662174115,36.73092287352135],[102.6061976290442,36.72574939789321],[102.60328404724916,36.71732437867568],[102.60272685217858,36.70803787787489],[102.6019480781048,36.7020717747445],[102.60654141619649,36.683093014165955],[102.61732159394667,36.659399637147665],[102.62282997624958,36.6535893563209],[102.63852889616435,36.63572221909136],[102.65136242409936,36.62323084439345],[102.6814154581378,36.60633877423542],[102.69888778289406,36.593483206988914],[102.72392067188713,36.56954423342901],[102.76502353032346,36.52505372100569],[102.78220865943527,36.50131946791457],[102.79027817717206,36.47590879171927],[102.81902473594869,36.42592943764695],[102.82622591802075,36.408220757776206],[102.83235994733262,36.39312865276055],[102.84222161680735,36.37940945844078],[102.85108134960231,36.37733610276767],[102.85636057957485,36.37003667510595],[102.85697576139387,36.35998606754399],[102.86221342905108,36.34591887324247],[102.86516585336528,36.336976589910805],[102.87059510822473,36.334188859729174],[102.87720979317062,36.3327076231968],[102.88901229675385,36.32914127896662],[102.89938034237579,36.317880102792515],[102.90637631465394,36.31552229522752],[102.91764456126758,36.296695903517865],[102.92487779155012,36.29456363679361],[102.94884822481609,36.282997477456576],[102.964587601906,36.279007040327045],[102.97550457440671,36.273479035237024],[102.98593435707774,36.26432825099989],[102.99305980515454,36.26028053196446],[103.00921107316842,36.25757953248467],[103.01426122697862,36.253413823476755],[103.01577885946273,36.24779038998544],[103.0145818184341,36.237151103117014],[103.01952499587003,36.23425136218553],[103.02697183345015,36.232546723475664],[103.04918000949677,36.21980927669075],[103.05643560117157,36.217245168711834],[103.05954113337648,36.21128266405097],[103.06015517463635,36.20651363334484],[103.05878719606696,36.20266379137609],[103.04536732818507,36.194530000110085],[103.02079559171149,36.17348586994153],[103.01391611445764,36.165185004841796],[102.9941239533331,36.138334635240746],[102.99094267881895,36.1308040991977],[102.98611460129801,36.10864430828779],[102.98059593423024,36.095911262428935],[102.97484379512468,36.092256269735465],[102.96323209892988,36.089128626418606],[102.94521116358908,36.09034640350299],[102.930669653708,36.08752350793091],[102.92420714085324,36.08109401573821],[102.92245301586973,36.075187992732204],[102.92421046891944,36.06827199681019],[102.9337339138006,36.05667676912782],[102.940628790764,36.05091418206508],[102.95578478718987,36.04288298017795],[102.98172177656707,36.02621002197366],[102.98576664470609,36.021823417456865],[102.99156583056661,36.010341593579696],[102.99716783144527,35.99333564272115],[102.99825055994347,35.97296213022328],[102.99616576275538,35.966695496220055],[102.99466782381923,35.94191703463513],[102.99194540395018,35.93430428569264],[102.991413173465,35.91568522626991],[102.99371955441592,35.88696062542743],[102.99074025458039,35.87195263468283],[102.98767303649991,35.864779216302075],[102.98893741369619,35.85482638480189],[102.98724971160681,35.841976162906185],[102.98418856309317,35.834624556821886],[102.93132446615304,35.841947587501274],[102.91211568406037,35.843585188585095],[102.88858483320868,35.84336542450394],[102.8438804042304,35.846871695394306],[102.81780177799513,35.84552565886332],[102.79447097120806,35.83816744528304],[102.77968124981537,35.826148952808424],[102.77028772628906,35.821527959787446],[102.75604419275135,35.81806539603887],[102.74495857761121,35.81002778592878],[102.74072650144402,35.79748324959001],[102.73841674410191,35.78435015234581],[102.73904196960044,35.754884232991756],[102.74141046232518,35.73871917752397],[102.75000793703252,35.704321424645826],[102.75418441344439,35.68738715228957],[102.75758170930659,35.67809757522384],[102.77295697925692,35.660474160985416],[102.78005127721691,35.65080504452277],[102.78481991713824,35.64029240481911],[102.78687338199506,35.63088883406574],[102.78842734585761,35.61141249880414],[102.78796351853912,35.6000935393111],[102.78315496402685,35.58041406514615],[102.78448443018121,35.56494112126656],[102.78482028056898,35.55301278007275],[102.78307083536046,35.54772673901106],[102.77006734265406,35.53769603589568],[102.74849574335185,35.53071447288506],[102.7328976650979,35.529627925997865],[102.72526148777894,35.53117992941829],[102.69123173251943,35.53429004660636],[102.64076087700441,35.54197694976385],[102.62255512127523,35.54955523797963],[102.60125289308169,35.5523503659493],[102.58790323942308,35.55796917299282],[102.55871522646264,35.562829706621386],[102.52278215765804,35.56184821199637],[102.51181081767562,35.55913412821727],[102.49466731043887,35.546852899044765],[102.4841953981098,35.53559571663369],[102.46546879233772,35.5103625992858],[102.45604668419331,35.48416003355075],[102.44712082127018,35.46348912648968],[102.44023640688991,35.45221242231391],[102.43900668766388,35.45109844503072],[102.42192979048056,35.43562005157806],[102.41099673675387,35.42897788413402],[102.37931524549282,35.43276346691191],[102.35789874486422,35.43961146318733],[102.3240718321993,35.44396063537901],[102.30991529737254,35.4437422084493],[102.28526365349632,35.4309099863755],[102.28482715029317,35.43063315330167],[102.27643131488705,35.42189664923219],[102.27017158073053,35.40625847731767],[102.27234137071866,35.39187535579096],[102.27739624688824,35.37782303841092],[102.28913104019531,35.360621363674404],[102.30416634209159,35.3444706148221],[102.3028758663977,35.336603133067804],[102.29050513960748,35.32386032059732],[102.27316065265059,35.31661852866571],[102.26957168798197,35.31092677397236],[102.27204549453262,35.30055858206264],[102.28157370488769,35.295423940984485],[102.29569320157131,35.27969913842725],[102.33296202133565,35.260377983514104],[102.34695142700356,35.24802982424652],[102.3592475028015,35.2429488561662],[102.37328759543769,35.23220238188707],[102.3837079272917,35.20302559849031],[102.39648103208431,35.18654792303586],[102.39782067799553,35.1762420397004],[102.38618195397244,35.161830289971306],[102.3741662503744,35.158901797031426],[102.34549041266244,35.162384700606765],[102.34298751492824,35.16411249041182],[102.33306497533096,35.15846332871738],[102.3233065340094,35.148005953816785],[102.31187307144532,35.12806728500854],[102.30390975727099,35.10749057491068],[102.2929324958226,35.084262911868336],[102.28016661774782,35.064825407663065],[102.26402859901123,35.053240903186236],[102.19942768751449,35.04412295443512],[102.1874904971666,35.03966255451777],[102.16450188858921,35.05142381687748],[102.12242200947163,35.0789311298461],[102.10911785368366,35.09713127641416],[102.11241769653597,35.11312369905602],[102.13616474769275,35.16199173427467],[102.12390602467177,35.218385930785395],[102.10553800497485,35.26188884739581],[102.08330752721238,35.286733402665114],[102.03386526698483,35.31242349537928],[102.00388785150064,35.316367974209356],[101.96838236031992,35.310079707380524],[101.92077662963865,35.277998225492276],[101.876603474816,35.22903197049675],[101.84565423060114,35.211176827993356],[101.82514000417078,35.21110844253888],[101.81011478885607,35.22127509936308],[101.79950060398144,35.23633852274887],[101.80319365313126,35.27143299563684],[101.81418370689765,35.291898443554],[101.87990234109267,35.3627043601528],[101.88976264561249,35.394263781189586],[101.87798284607611,35.42042994896821],[101.85283849044926,35.44832993579757],[101.81657431062463,35.47219265404866],[101.78652070431953,35.47608743264541],[101.75872027224321,35.474208415053276],[101.72262813339162,35.46518626697425],[101.6964512352941,35.47129310722598],[101.68632132244444,35.48900889224277],[101.69342313758132,35.507243905986655],[101.71724794549066,35.523329999774035],[101.72382419411205,35.538901000463824],[101.71218472472282,35.55616593263045],[101.62662877101694,35.54070038696156],[101.53910631257499,35.592622210705336],[101.49249493359552,35.6340926865343],[101.39380447028836,35.690301697710446],[101.36046215886523,35.73003317457954],[101.34845456613941,35.75614537404935],[101.33304495823562,35.83462131341208],[101.33460271619275,35.8945697927363],[101.30517010140242,35.97205165769284],[101.27397209744885,36.00599974856912],[101.23282473745904,36.030476059750285],[101.20559170062309,36.09646605140597],[101.20105346533501,36.14348696676707],[101.21684434161925,36.22352392724257],[101.23910919017531,36.28363668043602],[101.22623148743936,36.32348473227562],[101.25216147922366,36.33433504515611],[101.26665682103727,36.351355705870944],[101.28754281849417,36.366851419501266],[101.32929365213258,36.410346134238736]]]}},{"type":"Feature","id":"hartwell-1200-country-v5_1200_chin_chn_1200_l-42","properties":{"id":"hartwell-1200-country-v5_1200_chin_chn_1200_l-42","name":"吐蕃諸部","level":"country","sourceId":"hartwell-chgis-v5","year":1200,"approximate":true,"color":"#78a19c","recordId":"42","sourceLayer":"v5_1200_chin_chn_1200_l","sourceRecordIndex":41,"sourceCode":"S310000000001","sourceName":"吐蕃諸部","sourceAdminType":"Independent State","sourceContainerLevel":"province","sourceHierarchy":{"polity":"吐蕃諸部","province":"","prefecture":"","dependentPrefecture":""},"labelCoordinates":[91.74659653334919,33.083071763214704]},"geometry":{"type":"Polygon","coordinates":[[[96.25777335283763,38.63880925868273],[96.28617254608822,38.647443503668114],[96.3009974075651,38.64433636770255],[96.32742006582465,38.61948555857148],[96.341369359828,38.61479560557146],[96.36193450917109,38.6134098199175],[96.40145955529852,38.61650958202454],[96.42545185520842,38.60855033411961],[96.44089722413612,38.58544903234345],[96.44889390089357,38.58276446423973],[96.47126001246704,38.55913852466686],[96.4825072571324,38.54102810793537],[96.49877148243371,38.532097431409554],[96.52954070457913,38.523587489082196],[96.53617260868924,38.514284339207194],[96.53690590576672,38.49422544879388],[96.525218746873,38.46038826070235],[96.52933996892372,38.44645179085175],[96.54718875930425,38.41894518302305],[96.5725733023025,38.40506917708497],[96.59143068843201,38.400679066205875],[96.65592283465877,38.39354916875253],[96.70052721968739,38.38322394577139],[96.74291596177181,38.37497480725191],[96.80043911084361,38.36419818444654],[96.88528977841706,38.35620404769862],[96.90434603788933,38.350710631082215],[96.92367714334806,38.350234409174206],[96.96385981535023,38.359016107855],[96.9730003962589,38.37030878769531],[96.97416082611133,38.38127949238302],[96.96880197391738,38.46464551557974],[96.95129268116831,38.53188792864472],[96.9521660080181,38.54882714382567],[96.98461720639214,38.567831407255944],[96.99063219014573,38.58250031535268],[96.97816899239083,38.60441358106723],[96.94761693495677,38.620994801547035],[96.9325504757138,38.68124862539949],[96.95216246852567,38.6964152481516],[96.97709946860348,38.705478246617574],[96.98121799648524,38.71502658771471],[96.98776908495853,38.750010043715925],[96.9951092677045,38.777627017673844],[96.99080340418969,38.787365654583816],[96.96946991178602,38.80229751944019],[96.96756613825052,38.81138146528698],[96.98544237980657,38.820179039753725],[97.00420639820292,38.83715945055294],[96.99870942227044,38.843787107688534],[96.97909598971738,38.85561219456641],[96.95626600345447,38.87339921354779],[96.99905074873479,38.88785649796034],[97.00288706914466,38.8957785250721],[96.996228307424,38.90778481628056],[96.9931588315279,38.91903104718245],[97.00167775537729,38.92804799220983],[97.01292871117151,38.95653320974293],[97.02074085546697,38.970061838897244],[97.03706384817025,38.97955846722613],[97.04749482781385,39.02040955490675],[97.04321478434623,39.02541765834372],[97.01958929496621,39.026104149877604],[97.01670414628666,39.0378099960988],[97.03530248599805,39.06576473366279],[97.05099554384404,39.080313175741836],[97.06140606622186,39.098288025017524],[97.07895496448158,39.140914961105956],[97.07795938223624,39.168107997088164],[97.08385425875205,39.182319398167444],[97.09557120169629,39.19813730431995],[97.10602547402323,39.20369012938885],[97.1273723584637,39.20731368101582],[97.14054929288002,39.201502168031524],[97.17604082809389,39.191143189920524],[97.26291873107135,39.177603787314766],[97.30541068390758,39.17763604803437],[97.33615079298471,39.172045157321435],[97.35480523242163,39.138753733727064],[97.36748958070417,39.12824664257997],[97.39186600643852,39.116908435077775],[97.45657204347343,39.110248103594785],[97.48009711972288,39.10134599829637],[97.49682814526106,39.07239464084243],[97.50093510262728,39.065308580559964],[97.50240430075367,39.06467925665765],[97.60578549687634,39.03473151099436],[97.64766352856626,39.00898917159571],[97.6575066332679,39.000529068711714],[97.67469341398349,38.97435615452147],[97.69035304593793,38.96256268581242],[97.70628389092266,38.959981140403684],[97.74836647348958,38.96404913421525],[97.83344825912246,38.93076197914158],[97.87289369368388,38.908213745925885],[97.90338533320431,38.887394773447824],[97.91931084086347,38.868449110506965],[97.95309467293438,38.8445871902541],[98.00293023861826,38.83373212293752],[98.02179111899814,38.826809276205935],[98.04985367550913,38.79984791509634],[98.08771557033201,38.78795903596997],[98.10773431636872,38.793673687382544],[98.11479980475303,38.81726118842691],[98.12794572418449,38.82929998314549],[98.15930509179536,38.833735586402305],[98.17676827838457,38.83948161686949],[98.22100372100437,38.87609298274915],[98.24961888081185,38.890537217714645],[98.24956575302224,38.909369193931006],[98.26382858125113,38.95242629724329],[98.29199794500836,38.99718703563283],[98.30902364784357,39.01494147816811],[98.32353062746209,39.022922557259456],[98.3415715032087,39.0280490074265],[98.37224492891201,39.0280192156898],[98.40167025262714,39.02086675900102],[98.41935288068271,39.01275329308305],[98.44841516651356,38.99218370307214],[98.45972439500152,38.957679473388666],[98.46748172673554,38.94780803201861],[98.47803573134611,38.946110360368735],[98.52926492023445,38.963593211294736],[98.5383154811912,38.963064707173686],[98.54305503989708,38.95553709444038],[98.55023266882786,38.9345654936564],[98.56074331139561,38.92786127056446],[98.5793186605042,38.92798348927044],[98.59372753119908,38.93173383054635],[98.64164209919244,38.95953736649062],[98.67803163582194,38.99264835603727],[98.69055376568225,39.01628540125603],[98.72244349805081,39.05478534746162],[98.73267886979735,39.06822236102168],[98.75788741478073,39.08050795922923],[98.78383059300202,39.08684438450641],[98.8276374240687,39.08680062980378],[98.84439286588876,39.082423290179015],[98.85976690177665,39.07199937941832],[98.87185738078867,39.0458020628252],[98.92060342040365,39.01187552804993],[98.96262976511234,38.96494937815882],[98.98026699469162,38.956404098138194],[98.99593982511263,38.96070270949449],[99.00530211224542,38.96791863183253],[99.0214274092876,38.968041530152306],[99.07539803148092,38.95081103061627],[99.08516293843144,38.94554872370747],[99.08797419430938,38.939521446643795],[99.07035959720086,38.928721207165744],[99.05918196933573,38.92820728928641],[99.05228336095469,38.925302276581355],[99.04413006761304,38.91020523549393],[99.05243795355314,38.89229876469356],[99.11216222046417,38.86042313326451],[99.16261627669202,38.839075988223904],[99.17998342563499,38.827282789006446],[99.20162671033289,38.793200425344146],[99.22771821826277,38.773855165253245],[99.27441274945589,38.75319287429708],[99.34987377463517,38.705952175999386],[99.39513106673046,38.670649407917615],[99.4547769741402,38.6210607084366],[99.47450228762456,38.61067280282472],[99.49807091665303,38.59215297254601],[99.50367848022564,38.57901599520895],[99.50340692309459,38.55876093124954],[99.51524310300734,38.54143128201384],[99.53782810700858,38.52482595988844],[99.54352424853646,38.50223952921248],[99.55030833147401,38.49191603230442],[99.5673449564172,38.48434501571749],[99.59393038937968,38.4779769022179],[99.60031392783716,38.47476794039253],[99.6071268292431,38.45900392536203],[99.67114147863076,38.43029155891874],[99.71199530607328,38.416913403507465],[99.74698984357543,38.41086166867293],[99.76592535643314,38.402095691067814],[99.7960972709042,38.376576333930025],[99.829462617903,38.35661821420605],[99.87663789169923,38.337829153725295],[99.92315274610068,38.340660764902175],[99.94614594958172,38.33301127417743],[99.97041037414499,38.313105614088585],[100.02727833475963,38.28679958674549],[100.06046707312123,38.2768520420066],[100.08183879963481,38.2668886688108],[100.11493044358114,38.236600735462886],[100.13978473611884,38.22435477232973],[100.1603077856366,38.2254889961003],[100.1700041002821,38.23494694275852],[100.171616119154,38.240534078393296],[100.17560641858124,38.25423293789015],[100.17277918598617,38.27685582162331],[100.15264592266671,38.296378450651495],[100.15375212060506,38.30000271946879],[100.15044877634648,38.307472220777576],[100.14989149231356,38.312312690198446],[100.153363765552,38.31652836085983],[100.16112992286112,38.31965286683142],[100.16231244430976,38.324417343367585],[100.15652239590216,38.324882329153695],[100.15473657926596,38.32842669354799],[100.15368403628388,38.33050214326381],[100.14655744422943,38.33285135098712],[100.13035342083377,38.33419865978007],[100.12103792232419,38.343285190568814],[100.10952559838861,38.34535311549777],[100.11178396884767,38.34870269418158],[100.10670298800997,38.35120089979129],[100.11096088251686,38.35859357549581],[100.1059252677652,38.36177901372279],[100.1006691692284,38.370701933462904],[100.10062984248752,38.379185869228984],[100.08550210882278,38.39309101005132],[100.08418167727683,38.39978947529824],[100.08975152070296,38.40484419684033],[100.08811130465502,38.4065116851803],[100.07569027160166,38.40815534713859],[100.0792909966735,38.409845513622386],[100.07924541277943,38.41374472555602],[100.08685987686279,38.41894394125933],[100.09580150876924,38.4220263147394],[100.10134000795847,38.4266157419922],[100.10247702232999,38.435282946006446],[100.11679636244197,38.43585446130296],[100.12280082482786,38.43859396607701],[100.13465710058699,38.4372014001631],[100.14908410647278,38.430426278533936],[100.16900308410943,38.42755410615991],[100.17471789582018,38.4303042902867],[100.18976770862784,38.42514917561918],[100.19394794101072,38.421557481832],[100.19369500134594,38.414645929954226],[100.20751426181279,38.394215322611856],[100.22130665105516,38.38144844885399],[100.24595969452155,38.37657083607398],[100.28798448155354,38.37749787774852],[100.30129186474429,38.372281594738276],[100.30591807922684,38.3649638579863],[100.29962523197837,38.33933056347178],[100.30074359833283,38.32314959094362],[100.309334716196,38.31348165642313],[100.33013487314889,38.30675445933966],[100.34566571578134,38.310349936939666],[100.357198070997,38.30738141914014],[100.35589790720542,38.28888475915308],[100.36095818200535,38.27997709730754],[100.4083367684921,38.275712833099],[100.46895796856462,38.262809931528146],[100.52894593389934,38.26028402368267],[100.5530508624279,38.253815589796986],[100.58826184530992,38.23934894081941],[100.60116122079084,38.22838593995616],[100.60963262921067,38.20791294051292],[100.6060305105119,38.196204407433385],[100.60774951626817,38.12844811420752],[100.60955849792947,38.1031133410633],[100.6179241210857,38.08620201335338],[100.66036926643322,38.0647495710859],[100.68901993526634,38.05618514261802],[100.72218620517252,38.04518179297933],[100.81243084713311,38.03044120679485],[100.86388920884865,38.01340739070871],[100.89201797354053,38.007276807761244],[100.94786307665501,38.00683416812259],[100.97519320631285,38.002531210485174],[100.99442574805289,37.99645407502618],[101.0103960359713,37.988757639952354],[101.04710935492564,37.9811689275094],[101.08525941304408,37.98136482478701],[101.10752186204557,37.976611289758175],[101.11816053969059,37.953326841501614],[101.11860698101546,37.942293488130574],[101.13073523941699,37.90310723355522],[101.13975262055274,37.88877042342123],[101.16291810990198,37.86773306314544],[101.15967210531481,37.866540437644375],[101.15546728827655,37.86566890885993],[101.14970712718694,37.86576226545552],[101.1467682351532,37.86469350130897],[101.13942565199606,37.859660662044924],[101.13717878036537,37.856296409405026],[101.13246255228275,37.842612362470284],[101.13140380350828,37.831711819298775],[101.12748936372057,37.822684363761766],[101.11768297476384,37.809646637801116],[101.11222363874262,37.79487011586376],[101.10771064459335,37.79090156987318],[101.10264358929426,37.78878668376539],[101.08886472571463,37.78613698638016],[101.08383041784958,37.783398733136785],[101.08072912403178,37.778848996349936],[101.08125521486579,37.77307461784151],[101.08915347191923,37.74735811036201],[101.09280787127533,37.74403972062425],[101.10029937966924,37.73242755836874],[101.11523002956777,37.716092093916316],[101.11601546350661,37.711236092823185],[101.12671926443747,37.700154560889175],[101.13035126175974,37.69102548974677],[101.14167350130937,37.67302402116289],[101.15502368433343,37.64023156609549],[101.15667194863265,37.63165575007869],[101.15864078662582,37.61595073114228],[101.16250837024765,37.610022650041266],[101.16515627556471,37.606905539930416],[101.16304943938283,37.60586381534243],[101.16323267717632,37.59322980620062],[101.15946587863708,37.58945654504663],[101.14396972923966,37.57375421076716],[101.13267050861137,37.55906857220251],[101.11133841541407,37.54113514181833],[101.09950205117353,37.52821144345858],[101.09359610944111,37.524911907871065],[101.08648387417735,37.525049061999084],[101.07647531060911,37.52803599295614],[101.07154138333662,37.52815057636237],[101.0649775237407,37.524294805504105],[101.06042789231077,37.51916500052402],[101.0477802570742,37.50220222718342],[101.04190608505347,37.498366659494884],[101.03614632597136,37.49676145533495],[101.02837720634574,37.49856732818012],[101.0121028305102,37.50749958262394],[101.0056506146912,37.50818741511828],[100.99989087784742,37.50658056427747],[100.99625999681446,37.50370438909031],[100.99248428642348,37.499220001385765],[100.9909192615737,37.494092712964495],[100.98678590839317,37.4727268588989],[100.96776061809636,37.45230890464252],[100.93106880663483,37.427209577248156],[100.91441539528974,37.41039757377587],[100.90888705497804,37.40012919107068],[100.91738441591168,37.336294243225225],[100.94875694097908,37.299771845122464],[101.01983860452705,37.26939923330665],[101.05349672306929,37.227098638199884],[101.09606774804726,37.194640259709516],[101.12918353254774,37.18516675406227],[101.16730365309503,37.18327373892751],[101.19666921670107,37.15510765706731],[101.21183506015483,37.125931104987956],[101.2291145743902,37.10742674917941],[101.29669976168353,37.060892072080605],[101.392538901629,36.96435473166852],[101.39378815008006,36.953265846432885],[101.37246202513131,36.93403441231849],[101.36763083683137,36.91003253615888],[101.39180632983799,36.87424252809566],[101.39485304754717,36.854737376949764],[101.36872066177462,36.81150024627326],[101.34690618340525,36.78959814025449],[101.32831309761168,36.78369690767145],[101.30452203011303,36.78663195473694],[101.31484993518184,36.774363568184846],[101.33090239887838,36.77145035914048],[101.3490739546175,36.77506595728313],[101.35778014663657,36.771712125020144],[101.35894056329252,36.76836730167493],[101.35378852521575,36.76071634553949],[101.34324065511167,36.75465399505518],[101.33800035876125,36.75036041386532],[101.33497216374363,36.7435845943031],[101.33836277275958,36.73691313906677],[101.36884948544682,36.71807437971381],[101.38637120758618,36.70322143104487],[101.39296699441987,36.696601682836814],[101.39862370890683,36.68491864578313],[101.39576610743178,36.67141816230761],[101.3853357530683,36.6611573662423],[101.3418522910756,36.646984331456856],[101.31456145215762,36.62802524016175],[101.27587267786203,36.59625210467037],[101.26561021862734,36.58093754404451],[101.25399294567755,36.53784476618545],[101.2430502316759,36.50905855912574],[101.24356898292909,36.49056550999441],[101.25375971792916,36.469719321474074],[101.26158090222317,36.45723819776523],[101.28246971443862,36.4348918520987],[101.29227400891678,36.42748829988325],[101.32929365213258,36.410346134238736],[101.28754281849417,36.366851419501266],[101.26665682103727,36.351355705870944],[101.25216147922366,36.33433504515611],[101.22623148743936,36.32348473227562],[101.23910919017531,36.28363668043602],[101.21684434161925,36.22352392724257],[101.20105346533501,36.14348696676707],[101.20559170062309,36.09646605140597],[101.23282473745904,36.030476059750285],[101.27397209744885,36.00599974856912],[101.30517010140242,35.97205165769284],[101.33460271619275,35.8945697927363],[101.33304495823562,35.83462131341208],[101.34845456613941,35.75614537404935],[101.36046215886523,35.73003317457954],[101.39380447028836,35.690301697710446],[101.49249493359552,35.6340926865343],[101.53910631257499,35.592622210705336],[101.62662877101694,35.54070038696156],[101.71218472472282,35.55616593263045],[101.72382419411205,35.538901000463824],[101.71724794549066,35.523329999774035],[101.69342313758132,35.507243905986655],[101.68632132244444,35.48900889224277],[101.6964512352941,35.47129310722598],[101.72262813339162,35.46518626697425],[101.75872027224321,35.474208415053276],[101.78652070431953,35.47608743264541],[101.81657431062463,35.47219265404866],[101.85283849044926,35.44832993579757],[101.87798284607611,35.42042994896821],[101.88976264561249,35.394263781189586],[101.87990234109267,35.3627043601528],[101.81418370689765,35.291898443554],[101.80319365313126,35.27143299563684],[101.79950060398144,35.23633852274887],[101.81011478885607,35.22127509936308],[101.82514000417078,35.21110844253888],[101.84565423060114,35.211176827993356],[101.876603474816,35.22903197049675],[101.92077662963865,35.277998225492276],[101.96838236031992,35.310079707380524],[102.00388785150064,35.316367974209356],[102.03386526698483,35.31242349537928],[102.08330752721238,35.286733402665114],[102.10553800497485,35.26188884739581],[102.12390602467177,35.218385930785395],[102.13616474769275,35.16199173427467],[102.11241769653597,35.11312369905602],[102.10911785368366,35.09713127641416],[102.12242200947163,35.0789311298461],[102.16450188858921,35.05142381687748],[102.1874904971666,35.03966255451777],[102.15532582626444,35.01762661712745],[102.13024542633588,35.005637894207325],[102.05935776583993,34.96110029844099],[102.04098298255687,34.94551007425991],[102.02502653732371,34.94245092694774],[102.00911479304672,34.94705427392854],[102.0004421869577,34.93311946706302],[101.9804340275212,34.90268669739511],[101.97684069834526,34.89814246584463],[101.9527072214678,34.894871644616366],[101.94278011440029,34.88802998863744],[101.93759517872222,34.88175158749854],[101.92443300352437,34.85272630117883],[101.91872283276471,34.83440260479287],[101.91498834772585,34.802314371000726],[101.91740966501915,34.77982746589262],[101.91672599901854,34.77178918136149],[101.90845473152541,34.75696424941845],[101.89191581873581,34.75574323962772],[101.85699092349348,34.769289655504274],[101.84669927326632,34.772233482532656],[101.83437020651807,34.767993741518346],[101.82432931465968,34.750799593754664],[101.81636587996732,34.742571198732634],[101.79752925225178,34.72986901210312],[101.78193997489012,34.724468680114185],[101.76846355879955,34.72696560540592],[101.73657746450726,34.72549526056482],[101.71808576964456,34.72090050199438],[101.71455233095524,34.712783727677014],[101.71100860240486,34.702259906628456],[101.72139894107477,34.69683436314999],[101.75642161767499,34.669869588344376],[101.80210961387702,34.64344186377829],[101.81455328527886,34.63877534146604],[101.83147959319923,34.64073068162644],[101.88704865068053,34.682356889182856],[101.90473824624142,34.68200382009912],[101.9172991777299,34.674299546887184],[101.9264910344393,34.656526806190364],[101.92736699681303,34.63096826279401],[101.93040782407796,34.615090041086255],[101.93459229837453,34.603875236685305],[101.93951809846392,34.59918556355242],[101.9484405365189,34.59673481824172],[101.96876358666849,34.596260451152645],[101.98060853691088,34.59236462889154],[102.00612276286459,34.57409665489755],[102.02281665885583,34.57978952459356],[102.08084803497907,34.58254274076155],[102.12992979196191,34.58888904222154],[102.18912686975037,34.59214914374439],[102.21015242634284,34.599289874101245],[102.2391225073005,34.616666176669355],[102.26884306030928,34.642393717531],[102.30988391865286,34.66452793943555],[102.33058077383689,34.68543783304217],[102.33555799887644,34.69570841791713],[102.33568087574001,34.70309262780888],[102.33000442363384,34.72039905206644],[102.3189192132967,34.73629272834591],[102.30003062977565,34.75180044702225],[102.28224502004372,34.761867055736694],[102.25903474073972,34.7705292070296],[102.2489922909526,34.778525624284626],[102.24612629212976,34.7859449701023],[102.24862667776404,34.792315749068955],[102.25346227565231,34.795210861890105],[102.26490683910494,34.79900565704078],[102.27688354207925,34.798859959894315],[102.31789084808571,34.78012827823576],[102.33576885821857,34.77497495552544],[102.35848266155114,34.772708233664375],[102.38282402008593,34.76106552402863],[102.40815358235663,34.739060966922274],[102.43713117621223,34.720449741402994],[102.4720795044503,34.70174493472311],[102.54184773868154,34.69040164985946],[102.56499575462819,34.68169508955626],[102.59639081924968,34.66694615019543],[102.60633672866253,34.6564611148222],[102.61267489520077,34.645035081573305],[102.62286389655456,34.61828817436562],[102.6281178113652,34.612298361113446],[102.6494323573077,34.60310813402473],[102.6572038389382,34.60347754143028],[102.67585872610097,34.60909254801381],[102.72714529035126,34.630439340904736],[102.74810773555164,34.632557076244886],[102.7672257858571,34.63175476359422],[102.78165724447231,34.63545458584017],[102.79615010513288,34.64160965190716],[102.81070986810207,34.650229784093],[102.82898779118547,34.6646946024098],[102.84760843422124,34.66782982561936],[102.86193168518332,34.666597500585155],[102.88391661248936,34.660794174844256],[102.89868193230095,34.65315485710753],[102.91916241926678,34.63555627704966],[102.93771611356391,34.61257426186389],[102.95216907469124,34.58626622927903],[102.93852453655416,34.57365200823559],[102.93105979504439,34.56196969598535],[102.92533963400706,34.548284661721354],[102.92192055049915,34.53110588129313],[102.90794681225933,34.49737193704918],[102.89559287347035,34.48035177011683],[102.87733949113952,34.4658984157319],[102.82042019062402,34.43092529867414],[102.81118470339172,34.41876724350009],[102.8028537654316,34.3937904854282],[102.78281803529896,34.3527537466677],[102.77045193414239,34.33325785963762],[102.76399124186374,34.31120209060559],[102.76395229103106,34.286677923678745],[102.80157325277546,34.28941370885829],[102.8307984508444,34.28164890415322],[102.84557653681439,34.283783346433964],[102.85531680718964,34.289392584858284],[102.86910639897275,34.308085219095666],[102.88122627625337,34.315338186557334],[102.89377657867459,34.318853859494126],[102.91031639551727,34.31699986497895],[102.94202506597773,34.302388138691384],[102.95194006449523,34.29292934426459],[102.96618983379405,34.26847899080167],[102.97837991591632,34.2295526173216],[102.98417839845735,34.20424521473576],[102.99971156488606,34.18890292003857],[103.00902964486691,34.18495564823579],[103.01728449268931,34.1840209999928],[103.04400617274224,34.18641518689772],[103.0694083066364,34.18441481650681],[103.0834291831073,34.180982218687525],[103.09702664937363,34.18146338848444],[103.1058644503691,34.17901655297367],[103.11681454920766,34.17071882271212],[103.12707371641385,34.15902220624138],[103.13431324161746,34.144960694741286],[103.14170982260441,34.13821044091096],[103.14620045879275,34.1290086128578],[103.15152444312707,34.11215317621428],[103.15161734333829,34.09860511731838],[103.14411395065518,34.08173178900125],[103.13668178539015,34.07136633707383],[103.12926969859777,34.064922994195996],[103.12266495466547,34.047437557810824],[103.13171444469577,34.021100610146725],[103.13565945070545,33.983272750378205],[103.12966205148349,33.954027474857206],[103.1332604068145,33.9451675988922],[103.13975335953114,33.938848394821335],[103.17405365982371,33.9220744461165],[103.18054309708175,33.91084936289032],[103.18095884608601,33.89730377570254],[103.17778385014205,33.88780528525796],[103.16663573059897,33.868378510726366],[103.16211278401924,33.83665758821111],[103.16542134926011,33.825740764393245],[103.1716271166133,33.81709671202549],[103.18621726615311,33.80474429738466],[103.20165821322827,33.79810930272502],[103.26674554059231,33.78336718846617],[103.29265944398355,33.77152041131153],[103.29888690784085,33.771340752526505],[103.32543778902273,33.75994173178388],[103.34094298395377,33.759798998980756],[103.35094584447899,33.75645847030596],[103.38727563028304,33.7575731094037],[103.4071632836712,33.76211691213908],[103.4175185895763,33.76849453244589],[103.43855332144712,33.787314189517105],[103.48067601320726,33.8121028571389],[103.4987456013923,33.81553833979469],[103.50828225216513,33.81378404136206],[103.51174701175503,33.80954708830295],[103.51541755295722,33.8000520990859],[103.51753312539294,33.78599062823802],[103.51295635225428,33.77363001771071],[103.49623524789723,33.73936227296732],[103.49615301319946,33.720368745006255],[103.49803677198955,33.70710615256534],[103.51090546072946,33.68372483427962],[103.52151870194594,33.675919131162146],[103.52688067718738,33.67491465545367],[103.55129344881117,33.67574523532527],[103.56777736217875,33.68093553515991],[103.59953327522696,33.704937883383145],[103.60843855638282,33.707270045833845],[103.6164590187627,33.70397387661081],[103.65899796079897,33.68465870128846],[103.71101391099683,33.66462748350763],[103.72939619646819,33.660542324339616],[103.75199478665319,33.65863813155335],[103.78936182647703,33.66784659362493],[103.79755852745157,33.67390281689705],[103.81774162743848,33.680700624020645],[103.85511475326247,33.68302262133468],[103.86517438790206,33.68115597155174],[103.90943941117095,33.68200991877287],[103.969787348185,33.678884369522024],[103.98753175195269,33.68135284101772],[104.01330745052567,33.68709454269872],[104.0368434106877,33.68888961217359],[104.05859304505012,33.684959663117155],[104.07698774372821,33.678592740300395],[104.09050425533492,33.669422205256986],[104.12934983706866,33.62637360450797],[104.13571212054731,33.62249593357506],[104.14180663302452,33.6027437224222],[104.15285389090418,33.588197740411296],[104.15578467297387,33.568332733042716],[104.15210688938446,33.54521060586439],[104.15158699533323,33.511765383605585],[104.15315240690785,33.48698432054272],[104.15975400829319,33.46937253639143],[104.17666915873923,33.44246670304117],[104.19204266118794,33.42732015820739],[104.20637981963235,33.41751586792355],[104.23457282157793,33.40173398073081],[104.24881480471821,33.38942651485056],[104.26401392184135,33.3669552915382],[104.27585996824315,33.35418356916133],[104.29135218320057,33.34624855155108],[104.30637344332176,33.34223330401649],[104.3190844638392,33.341592468203466],[104.34382188413569,33.34431673625068],[104.3760335444896,33.349750727637364],[104.39103315606481,33.348133024727694],[104.40617605533782,33.341697734039364],[104.41143176563389,33.335747631078505],[104.41498749948667,33.324526513801764],[104.40810564289194,33.31539487272445],[104.37410148932794,33.30460808722224],[104.35859369235358,33.30283150704304],[104.34011621066765,33.305942486665245],[104.32106246953944,33.31288282277989],[104.31064388645703,33.31255588049376],[104.30439695395735,33.306811255144346],[104.3004601417309,33.29760102289893],[104.30172078876737,33.28984809135581],[104.31459328405361,33.243448521376855],[104.32898781595206,33.20784789632978],[104.34357229293965,33.14717683477036],[104.34516555512654,33.110786029978414],[104.34168634804664,33.072403078248854],[104.33728461609239,33.05471299192183],[104.33984792326625,33.0455372339095],[104.35495128320531,33.037500276694914],[104.37885647997626,33.03807288205762],[104.40359283875961,33.04337368184009],[104.41236603492904,33.042078743497285],[104.41759044756354,33.03773235094015],[104.42295664110658,33.028568295694164],[104.42179865314736,33.00884390474521],[104.41301689629525,32.9968447065992],[104.38189092041387,32.966171409243785],[104.37016993924733,32.958257854766266],[104.35366015197195,32.954868124015746],[104.34013648458988,32.95657887124227],[104.31726927856728,32.95109647268975],[104.30155171786521,32.94395620587103],[104.29468692554308,32.93802642883944],[104.28550094725934,32.925835865277016],[104.28256080531497,32.91618071598469],[104.2810542000492,32.87878056547528],[104.2648313325504,32.872336717287425],[104.24581871748507,32.867922011870945],[104.23364970408106,32.8698007026627],[104.22604285354454,32.8729357843198],[104.21690418898179,32.88047064523212],[104.20699894905133,32.893033697436735],[104.1963214359948,32.909994479626164],[104.17802126361215,32.93071486143822],[104.14293362582977,32.96586318834833],[104.13148874159185,32.97527310902409],[104.12310077262664,32.980285584076356],[104.11090271835279,32.98529327059417],[104.09108414692277,32.99091124011977],[104.05984327794745,32.99524721293593],[104.04763697475289,33.00024477123805],[104.03160696974616,33.010262326037775],[104.02016563573662,33.01463415382266],[104.00949350654768,33.016492330014025],[103.99958823200535,33.01646521825322],[103.99273346952528,33.0151897184514],[103.98362908400102,33.006991941030925],[103.97833243938746,32.99755086194213],[103.97383561840938,32.9811954541301],[103.97162600945116,32.96421854652575],[103.9648798411386,32.940314767967095],[103.95809491258518,32.92583676796035],[103.95360875993016,32.90885188370123],[103.95289921039314,32.89815996078461],[103.95445068670053,32.89062547794792],[103.95828269400425,32.884348628531384],[103.96515316754353,32.878713768729305],[103.97887180436484,32.871843217835014],[103.98727148150144,32.864320967495246],[103.9880445468378,32.8611834258702],[103.98731672164742,32.853633332091505],[103.97747025405215,32.844806796020315],[103.96991503438777,32.83409547661091],[103.96918075282869,32.827806040445466],[103.97378293196665,32.81839331998379],[103.97989328612795,32.811494033109526],[103.985995080122,32.807111192846435],[103.99208044291531,32.80461733206461],[104.0019647675379,32.80275566710415],[104.0095624286455,32.803406273725585],[104.01942785157516,32.80657408247171],[104.0277687018246,32.81162520595963],[104.05429497859731,32.8336900898785],[104.06719698507477,32.84000591697698],[104.07859086014435,32.843174330997385],[104.08391399837586,32.84318407662939],[104.0937986863343,32.84131933528506],[104.09761203455513,32.83818087667817],[104.10371379338508,32.83064979821599],[104.10524434085538,32.82688254486467],[104.10528610974728,32.81116261116689],[104.10378530776164,32.80487797638919],[104.10456347586411,32.79796244453436],[104.10761618875526,32.792937281042995],[104.11370540118787,32.78854956477896],[104.13120067885575,32.78040731743672],[104.13576478122316,32.7766445669683],[104.14034126244158,32.769104506536515],[104.1426386889042,32.76093644419121],[104.14265293204578,32.75464853504552],[104.1403965615599,32.74458832100418],[104.13511397723347,32.73137663205549],[104.13437025892426,32.72445817577316],[104.13742211522278,32.7175475595588],[104.16025284993935,32.68928914191602],[104.17091315036689,32.67107021234577],[104.17776415811406,32.65661750288852],[104.18235090590225,32.63901621738837],[104.18313028764436,32.62392891507656],[104.1786554143687,32.58619331799767],[104.17189183721736,32.55537042476083],[104.17117568540417,32.5339912390795],[104.16592229039487,32.50882714569144],[104.15839609817253,32.48743517259224],[104.15010069896742,32.47232690101516],[104.14557283702565,32.46729073686866],[104.13424430328247,32.45846823696257],[104.12214743515966,32.45341492183526],[104.10853851107301,32.450247291871236],[104.10248211308442,32.45086508013328],[104.09717301169289,32.45462678188314],[104.09716833847784,32.45651521901976],[104.10472125943289,32.46281728887701],[104.12813637340564,32.480468656616935],[104.13492818327698,32.48865494329155],[104.13718552231487,32.49431953324069],[104.13716608439248,32.50249693221019],[104.13259872286417,32.51380709006733],[104.1250006625579,32.52448573985045],[104.10905948079755,32.537662961182804],[104.08630508869608,32.54893850867667],[104.0794706039363,32.55458442563977],[104.07414436816546,32.562121856832796],[104.06955889431606,32.57405896433156],[104.0649367736297,32.5979429860444],[104.06414129929989,32.60925919616285],[104.06107414128756,32.61994225841332],[104.05650274689238,32.62684956268642],[104.04813708941177,32.63437533714678],[104.03598914963007,32.6387472626716],[104.02840130171538,32.63935775189067],[104.00413662712255,32.63929376111945],[103.96547551046832,32.6360368055053],[103.93971110102709,32.63155540532993],[103.91772533540492,32.630852199128796],[103.902551381344,32.63205853759402],[103.89270636641778,32.6301372730511],[103.88439135485777,32.625702253921176],[103.8670351506457,32.61054574591194],[103.85874952089601,32.60107933410449],[103.8482301161176,32.58531803070728],[103.84824956134274,32.58217655833012],[103.84981943097182,32.57274794783032],[103.85289521189392,32.56521486097075],[103.86053480882137,32.55392391206202],[103.87502896750746,32.53574324042652],[103.90549915233407,32.50189809911851],[103.90933684078087,32.49184671025441],[103.91166924400704,32.47927943125503],[103.91249856321485,32.465443625495034],[103.91036543395239,32.438392808228045],[103.90219930758705,32.40880197215755],[103.90079803758724,32.38741193629893],[103.89857331096745,32.3792266139806],[103.89790510727309,32.36224422486524],[103.90102478736473,32.344013321132955],[103.9078921562737,32.33082658258615],[103.91547880758235,32.324566223073965],[103.92759419947558,32.31831515182225],[103.93289000284383,32.31707247138646],[103.97982980207908,32.29205712255614],[103.99497942677289,32.280149361528345],[104.00483857511387,32.26948215763807],[104.03891179804887,32.24063299969672],[104.04722756103565,32.23624694022315],[104.05477991405618,32.23500883674037],[104.06762887690678,32.22874516803089],[104.0721565903488,32.228126952254044],[104.09330981443837,32.21936096556614],[104.10388087940329,32.2174943607044],[104.11896509881282,32.2175218849908],[104.14309322774997,32.22511149224959],[104.15137946534469,32.230159514138315],[104.16116887070005,32.240867637646566],[104.16718375750217,32.25282903558514],[104.16942366565551,32.26478672349395],[104.17165155636712,32.28491681329531],[104.17616837326865,32.29310040837775],[104.18446472712371,32.29877795280323],[104.19503298104473,32.29878772075763],[104.20486150640572,32.29502191483055],[104.21166016856618,32.29062339393625],[104.21695767501905,32.28370943374604],[104.22528334786767,32.26736063539598],[104.23586945078354,32.25290198190862],[104.23965096728612,32.24409683887722],[104.24343035875947,32.24032700327434],[104.25626987273611,32.230270274953966],[104.26231801262992,32.2189471526185],[104.26232433877385,32.21202870258111],[104.25533718314001,32.2045447569212],[104.25100911476751,32.20635650021616],[104.23893780263306,32.205720335193405],[104.22762160471054,32.20885799199322],[104.21177571759479,32.20947428819461],[104.20121618834143,32.20820392881469],[104.18915498346719,32.202526963848],[104.18011593698688,32.195593316409784],[104.17183937691256,32.186775996335356],[104.16732673736463,32.17922075598918],[104.16132463868055,32.164111334914345],[104.16058490637863,32.157818542767934],[104.15608688646088,32.14460027690316],[104.15308118881725,32.14019105269419],[104.1478103976384,32.13703475807411],[104.13952758775083,32.13513639094778],[104.12445203757699,32.13511054580631],[104.07924040046849,32.13062037415032],[104.06343221830684,32.12555179395954],[104.03782844560759,32.12045976512464],[104.00769502741274,32.11723407920418],[103.99714246114742,32.11783552607844],[103.98506666198506,32.12283501155739],[103.96997875102328,32.12593198657872],[103.94733409972068,32.13341753257516],[103.92392094380332,32.14403518481311],[103.8906939061285,32.155240674727196],[103.87182241860387,32.159573143322234],[103.85598668316665,32.16014096322978],[103.84620292417401,32.15695516364565],[103.84095868076548,32.151899710086674],[103.83573663992742,32.14244204890175],[103.83055343180524,32.12731812501622],[103.82614835057832,32.10779364016755],[103.79450785502323,32.11767966237061],[103.77649729847721,32.123556697988654],[103.71915393973522,32.13134015049326],[103.7035819622627,32.13573703644116],[103.69132665423933,32.14311031075182],[103.68126339084398,32.154751704265045],[103.66566677396663,32.20141900705608],[103.65981110140869,32.21363035368253],[103.64952150781842,32.224162377575034],[103.6363836496868,32.22706652440035],[103.6288537620081,32.223514726342096],[103.61247765778899,32.20972082702099],[103.60046800821218,32.2113381675589],[103.57232671763497,32.22882283324874],[103.56073195866841,32.23266526376471],[103.55009783418512,32.227230612535955],[103.54170476498128,32.21921433826126],[103.53727854135893,32.217525973342234],[103.52835230485975,32.22099986244871],[103.50751964142499,32.24091696216483],[103.49436759939584,32.24380965988905],[103.48282835058545,32.240779907948344],[103.4642362460343,32.22955610319056],[103.44710287851004,32.204422368647045],[103.43562747372728,32.19452375132107],[103.42169699482648,32.18609631828661],[103.39321999119701,32.17847533766616],[103.3858957077918,32.16343663155192],[103.38335125372205,32.15007060827596],[103.39015076826071,32.135468636707074],[103.39821655242349,32.12753971705442],[103.41871505640592,32.12025158466561],[103.43121074634435,32.114024222145545],[103.44284634435847,32.103335980643465],[103.44872106982231,32.09112810757582],[103.44926137091723,32.07963604770202],[103.45401527598008,32.06872527405315],[103.4654313794256,32.05691724809573],[103.47903036926151,32.04938986874111],[103.4897472818316,32.04109854419946],[103.4962475252327,32.032233422214816],[103.50812976338577,31.987233719261916],[103.50711339270208,31.974800659385224],[103.49587515264054,31.966022555073117],[103.48645423716896,31.95242786694502],[103.48549908356692,31.933131000465366],[103.48619483808147,31.901517253935168],[103.45771486756881,31.904607201284062],[103.44283787879444,31.8993918965405],[103.4334466974779,31.892626618747357],[103.42730509147441,31.891840582539153],[103.41811950253052,31.893507610585257],[103.40456221619993,31.89316839771385],[103.38818960081949,31.88854061669174],[103.35697038323842,31.88522183006729],[103.35186714679567,31.882984241352194],[103.31073035207294,31.882134253572392],[103.30050732935453,31.885773782209764],[103.27508042637038,31.902836422057824],[103.26372492472056,31.90775731045474],[103.21825883477308,31.912613987347626],[103.20157748808742,31.918231095773894],[103.18306727063582,31.92865949710893],[103.1684711489695,31.945416464647707],[103.1564002044044,31.95384651391928],[103.14616246317414,31.95747764573779],[103.13683902295314,31.958695252709212],[103.12401515526574,31.955801197496783],[103.07789521806582,31.957247766234197],[103.06353435639708,31.95341229443288],[103.0540917594107,31.946642912804908],[103.04566102718053,31.930611369071524],[103.03755008147034,31.923675668294308],[103.03160550523152,31.921025043505853],[102.99840977718809,31.918485458146147],[102.98580046300535,31.916687858375727],[102.97237564838409,31.91043310742061],[102.96129875096389,31.894743817043985],[102.95862843155882,31.880245652832077],[102.94792593186453,31.866542300546698],[102.93353214911711,31.8697870569609],[102.92779515947494,31.86824458181857],[102.9091637475204,31.870650228303997],[102.87956193668167,31.895007984424016],[102.87177631823818,31.89715381190974],[102.85303887742477,31.891571020432377],[102.84238447148843,31.892937759230307],[102.82496158209976,31.902018834940648],[102.81204710742622,31.90595980101133],[102.80538904533218,31.90681373701282],[102.78972201580014,31.90310313297878],[102.75830296178758,31.88771388679133],[102.73138016468658,31.882017082837326],[102.70796557871749,31.865593923744296],[102.68806409684757,31.868159865648146],[102.68278032617442,31.861946658211778],[102.68169483172201,31.848387984708598],[102.67447136100552,31.831039442118374],[102.6615321160476,31.812144464750695],[102.65565302563336,31.794630899634942],[102.65102987697668,31.768960991550674],[102.6523996426062,31.75395255887922],[102.63604773497913,31.6555747335762],[102.62640343414002,31.639675590394155],[102.620085153555,31.634772012027973],[102.6156238522736,31.62506119970537],[102.61667730874443,31.61579481741561],[102.6129191521777,31.604648383194974],[102.58684911730089,31.59331842664212],[102.56727331939994,31.590085696498818],[102.55532623340633,31.591598070324547],[102.5483582587091,31.598185266941904],[102.54636600904703,31.609851528775565],[102.53999533018006,31.619785026846543],[102.53621366570592,31.621405553276634],[102.51297838986181,31.61291683382109],[102.50102272165209,31.614425322944676],[102.49007104602809,31.621509767700207],[102.48235457410472,31.631609847905782],[102.47923023566095,31.644552221804283],[102.47058466986174,31.657051785545185],[102.4645398873933,31.661234815997233],[102.44513651186996,31.659101033458033],[102.43982781903065,31.659768687798486],[102.41847718195143,31.677269243588484],[102.39101810005641,31.690974065703074],[102.32689925847801,31.712638611697052],[102.32005156163005,31.712347618491897],[102.29829224492474,31.69679119753151],[102.28382521154052,31.691737364174102],[102.22868225527272,31.687144479184283],[102.21535424715927,31.6808033626974],[102.21453560099049,31.66835731359564],[102.21786678199223,31.657841681863637],[102.23916802830327,31.653908294787897],[102.24675399034248,31.650694669567674],[102.25374522071672,31.644118664071787],[102.26011678017493,31.62622005313039],[102.26691803931195,31.61853424918687],[102.27808351181966,31.612589390450587],[102.28581665897553,31.602503213039046],[102.28096125385834,31.582559903598884],[102.29195950743919,31.54467756775725],[102.30174884677147,31.530911028666434],[102.31895737654652,31.520787202190913],[102.33045995616051,31.509079337022886],[102.3332583425201,31.501892180966315],[102.33071159886224,31.48736527563921],[102.32231495201829,31.478141675809407],[102.29874494247004,31.467374201221876],[102.26964976030565,31.44816585873573],[102.25685923276801,31.429210098565637],[102.24029576572242,31.411858498587783],[102.23853712670538,31.401803325104776],[102.25275870150833,31.366941507922217],[102.25871856727314,31.346796658815673],[102.25384887202287,31.318862947442696],[102.2675511888558,31.29661551298225],[102.26996144865224,31.287186995959587],[102.26019206577591,31.262142641413497],[102.25695530384218,31.220303229177674],[102.24898762665855,31.174483428455485],[102.24440153749343,31.16363281943789],[102.23247731796938,31.157126340530933],[102.22396733625251,31.15475477849743],[102.19828003709537,31.154521679517515],[102.17481468112115,31.144961336543112],[102.17933193774795,31.091789320920583],[102.18416223835807,31.07292591978212],[102.17640574219172,31.020213895051928],[102.17746567472996,31.002956976011564],[102.18490037690628,30.975763371861753],[102.19817102917746,30.951279148571086],[102.20167860133006,30.93256879609593],[102.19993473136067,30.922503375754346],[102.19388932638687,30.918685152208234],[102.13608578663,30.91900412413097],[102.11554920137294,30.916979660095894],[102.0916177188241,30.910800093790087],[102.07822664798167,30.903312301393374],[102.07293645390388,30.89597254128418],[102.0661647929404,30.824855997379682],[102.0629087888393,30.805846864268673],[102.0508190070108,30.78220946318993],[102.05118464102681,30.776452403614943],[102.0680708891918,30.76523027589725],[102.07369506154643,30.75882399649026],[102.07311609534102,30.755469829165094],[102.051101640879,30.74448041983367],[102.04972516546482,30.72065893557293],[102.06520204023208,30.66574712962234],[102.03494153131938,30.657398646493984],[101.96635336000755,30.653451981161098],[101.93394822047924,30.658078865962985],[101.92349540522682,30.656043293782293],[101.91732413536383,30.65171834804873],[101.91274379572545,30.641458770647716],[101.91832565445202,30.620681469346444],[101.90663861186229,30.602786225523257],[101.88774253055357,30.59128909863269],[101.88103360668909,30.582171098858673],[101.8803430357164,30.57110063387162],[101.87175195734864,30.55537000568193],[101.85004694124872,30.533937214826626],[101.84280189144118,30.5200237505662],[101.84516953088553,30.49080446553874],[101.83645209686621,30.468795206588666],[101.81515665907392,30.425547101145757],[101.79978295301675,30.414720024673443],[101.76985955432556,30.41039314614577],[101.75963853171886,30.414099235734167],[101.74755774930514,30.398192187227053],[101.74074069083242,30.362459549373334],[101.72832985456364,30.34750647683316],[101.70790683351382,30.34191389018007],[101.69203035646326,30.346588359430747],[101.6805417998725,30.355260044856507],[101.67172306511753,30.367582048486334],[101.64822280099375,30.380127387019257],[101.63018715217618,30.385935186164513],[101.61284326147222,30.382496451221993],[101.59495965793408,30.3742564027666],[101.57999301945189,30.38223273907404],[101.56902071655163,30.395685770509445],[101.55190949401427,30.404790197636856],[101.53253598898118,30.408755677917966],[101.48846238825233,30.4093608872235],[101.4745787443777,30.406587534441492],[101.4622022829035,30.39160869406315],[101.4558491935207,30.37469689346616],[101.44533324759352,30.366345447752643],[101.42839818270565,30.361394151018725],[101.36324070488489,30.36554408987132],[101.32432865536067,30.361575604660892],[101.31938646893083,30.32544233793942],[101.30338325196816,30.297184938384333],[101.28178536672283,30.269360788034884],[101.28036254924916,30.26124995118051],[101.26275431837475,30.238913339218897],[101.26215143924904,30.227839774915942],[101.26755136015049,30.214840123459993],[101.27813964102225,30.202894713218566],[101.29483151761978,30.195305615593803],[101.30388807747296,30.19556907472291],[101.32638288776919,30.200109330331184],[101.35090620874148,30.197215844555835],[101.36626727392623,30.1877881199457],[101.37925682391909,30.140326371062038],[101.4047566076395,30.120411723876295],[101.40626608971421,30.108197746870744],[101.37990978139628,30.07785602772807],[101.38304197081479,30.059701980954188],[101.37103382581601,30.036934845473382],[101.37386711998485,30.026555029223164],[101.38412643736439,30.022357879346945],[101.41418312486311,30.019016725803002],[101.43123140647805,30.00992258850396],[101.43181629266732,29.99439230309289],[101.41408003375939,29.93916544125739],[101.41518022833297,29.928430857696775],[101.41983854721647,29.924673012214157],[101.44497713379278,29.912512340217102],[101.45895569077096,29.901235427225142],[101.4592453628954,29.89346595438392],[101.45051296792936,29.885447754222078],[101.42057544037529,29.868461722996415],[101.37817939507838,29.850517325445374],[101.36773829245301,29.842145197434462],[101.36022955195997,29.829661254047828],[101.35859096572706,29.808979412754198],[101.36586709019498,29.782260704595025],[101.37496842837793,29.76217723991445],[101.36493520999097,29.752312744457047],[101.34903875390854,29.750663950581124],[101.28403813892088,29.762544156266568],[101.27543820663406,29.760797103459968],[101.27108268326191,29.756778118398547],[101.26228054787067,29.742456741880623],[101.26076909147729,29.72805064050362],[101.26391378587813,29.709888396818222],[101.26938763344228,29.70316579740853],[101.2909364638085,29.684053022537945],[101.2933656084395,29.6751441221424],[101.2942711292726,29.651828723509663],[101.29144624736254,29.635584346191262],[101.28033554089951,29.609821281882436],[101.25619496519651,29.571998697609676],[101.25450155655076,29.545012476495675],[101.24965865552372,29.53617449326144],[101.25330116459389,29.522823177394873],[101.27238725008128,29.5126137679184],[101.28036521648758,29.50327020387979],[101.28561745506266,29.483967746082964],[101.27643917941748,29.47112344514051],[101.26695285516261,29.46605272547047],[101.24122922650778,29.460801229148842],[101.19031796288102,29.428432756900435],[101.1597879628325,29.414339466989297],[101.1485109665823,29.402616650508357],[101.12020914575488,29.39366073540502],[101.10208848976853,29.38052322327069],[101.09073206125859,29.362507463914447],[101.08429406962668,29.35961101463743],[101.06766530252139,29.360886911786675],[101.04751868252093,29.355165485775622],[101.03929159331081,29.345622346885246],[101.04858352595947,29.33812848177446],[101.06854633130018,29.331267358314207],[101.07018313876772,29.325328504973907],[101.06910129132837,29.276475896856706],[101.07738879295155,29.226413039483703],[101.08092992846466,29.166751592189392],[101.10753152161209,29.15575879189986],[101.12192182995669,29.140896489190435],[101.13257699654534,29.149943992185207],[101.20092414274947,29.164012862814417],[101.21689569777759,29.178272244065713],[101.24914717187042,29.225665089499902],[101.26292372931782,29.234762360269972],[101.27017156761812,29.234677205509232],[101.27993303924444,29.231971476684866],[101.29684101596149,29.22288209153024],[101.32540998402936,29.197359619059338],[101.34622355197664,29.19376823735185],[101.35648604922709,29.195860956459732],[101.36725452516949,29.202761326169302],[101.37511052022712,29.213771360176256],[101.38267453889385,29.232552320627377],[101.38470229499019,29.251782916066823],[101.39125592811,29.260953251754223],[101.40637022838264,29.27186461605297],[101.4395128790329,29.289571228324267],[101.46696444830263,29.32177800089685],[101.48249876766455,29.33119390765094],[101.49832083640963,29.33282648054203],[101.51099690623114,29.325991181601093],[101.51858128568072,29.297748768528972],[101.54009504153507,29.28485846950456],[101.55116759573102,29.283963530453736],[101.60677486964764,29.292041722449678],[101.65409610627563,29.290596394764307],[101.69021567417064,29.283752502801427],[101.7084064345804,29.276432300386396],[101.72053466818022,29.264768380494996],[101.72435279361108,29.243606198585834],[101.72184995944502,29.225865604066332],[101.72540699462664,29.212482735530795],[101.7350221491016,29.2034430342744],[101.74436853146919,29.20218786691099],[101.76979108533979,29.21510878348231],[101.83143576608101,29.227420262028488],[101.85476927213182,29.24146803096964],[101.88525601864214,29.26946153221531],[101.96570943766294,29.32146750749987],[101.98076187096798,29.304060449531097],[102.00025248939822,29.29852782379413],[102.032682282483,29.298673945648506],[102.05559850147402,29.293805013706763],[102.10415642402485,29.273633979286075],[102.13569856065021,29.25636694410657],[102.14605292708434,29.24431675095203],[102.15164366269165,29.229769458074603],[102.14196936046729,29.218472432352897],[102.13378645879229,29.21529942498253],[102.09173109637122,29.20388699066112],[102.08206927717843,29.19259596978368],[102.09070913413827,29.180207784114284],[102.09911321639815,29.17560089667623],[102.1084573664078,29.174315856042057],[102.14519367310768,29.178415912286333],[102.15740883101824,29.17299600740163],[102.16486938787102,29.1650693166124],[102.17947163630598,29.136634992011334],[102.19437858712445,29.072264119409315],[102.19085904019464,29.051215299225785],[102.17854693656268,29.036275128029168],[102.11928763146175,28.980747624308528],[102.09085092457477,28.965738442010995],[102.08199652760226,28.95145639892852],[102.0771708560471,28.9285772807765],[102.06584536305111,28.916932358766868],[102.03666298745502,28.904880452316693],[102.01982801023027,28.89370844976076],[102.00664871578465,28.875418641569247],[101.992005068699,28.849008635418333],[101.991856424722,28.842711072998846],[101.99768676424488,28.820366391010904],[102.00940469508103,28.79606283583534],[102.04730975883108,28.7330867107592],[102.0479304527967,28.723810878135737],[102.03530689957032,28.710327127948172],[101.98902899589822,28.688574605733365],[101.97588641460302,28.67027559362476],[101.96361763276865,28.634903394523466],[101.95180320467738,28.618423770242455],[101.94159416139196,28.616378705620257],[101.92890943496317,28.61697969955561],[101.90718781908969,28.61106052260972],[101.8534134594982,28.590864045795456],[101.82515781273955,28.57576545768473],[101.80448501029954,28.55905292481314],[101.78839985937367,28.538556117841413],[101.77989120936623,28.516445798083115],[101.77465277487525,28.488720469601272],[101.77213628218628,28.430159512186826],[101.76364559403258,28.408039892555404],[101.75320439721528,28.393377452307313],[101.72359636594496,28.370106076014366],[101.68265872691346,28.34923591588105],[101.659828600424,28.368141645991862],[101.64769058613246,28.373522738819485],[101.63413764905386,28.370757235876187],[101.64715511176097,28.334013231551847],[101.64723623993311,28.32036818621042],[101.64445519728368,28.30627793196568],[101.64530816417277,28.28294291905556],[101.64418579395496,28.268421204115437],[101.64093023637618,28.246163814795],[101.62343159377379,28.198594252386123],[101.61549003750378,28.181115245312814],[101.60429029397872,28.16391153330668],[101.5874100876234,28.1458213417949],[101.57748651282057,28.13835004789395],[101.56984176150901,28.135619609565293],[101.55034276296712,28.133623222095054],[101.54226583252313,28.13159614394439],[101.53468726740437,28.12706502598826],[101.51826625320008,28.10825861149095],[101.51452764387405,28.099158424746793],[101.51479272508611,28.091978682617636],[101.52013121316676,28.07990324168932],[101.51756312546803,28.07228186044678],[101.51319013239429,28.06927770484141],[101.49407756853621,28.06836449650911],[101.476105245447,28.05885145479228],[101.47137030766854,28.05475770116058],[101.46917226765473,28.048221787943927],[101.47231342551747,28.0296137335576],[101.47758835969273,28.01933809769823],[101.48345201723889,28.014835036260948],[101.49009279978087,28.000645007763627],[101.49246074642997,27.99172163899578],[101.49003111428947,27.980505865080104],[101.48093488519447,27.973402298358845],[101.4645790685325,27.964655401284308],[101.4536900174516,27.962178251855242],[101.43939409233735,27.96354922554883],[101.43126704022329,27.963310330545518],[101.42204191639149,27.95980120238636],[101.4186107538095,27.95358345761942],[101.41742689276667,27.94203892421691],[101.41334104451553,27.93184421302017],[101.40535107007621,27.928004498390724],[101.38510493337623,27.925599403919122],[101.36979677857775,27.921901625052325],[101.3655081160372,27.917096214229428],[101.36492148821999,27.91132190250093],[101.37207401021178,27.894630372127036],[101.37620111826364,27.892957860162888],[101.38548954954146,27.894678666977892],[101.39491153635319,27.89280486260542],[101.40816792700302,27.886367155572817],[101.41293855893473,27.878598027995654],[101.41480801114264,27.872179835267563],[101.41227973556504,27.842599029652135],[101.41412554478038,27.82610365200147],[101.4189599785427,27.81653457024396],[101.4227202100159,27.813767738183625],[101.42705278456306,27.806702867750662],[101.426524112838,27.79913029665513],[101.42397255182331,27.791498927009773],[101.41772792857708,27.78483827676417],[101.40626816560268,27.776576605683577],[101.39546928894549,27.77229199726008],[101.38098021941526,27.768977001383867],[101.37569153781266,27.76917716344905],[101.36990525795987,27.771881133562317],[101.357981691999,27.786272342637382],[101.34828847396523,27.795328850754434],[101.34169874659024,27.797647078509122],[101.33358836944387,27.797401907335576],[101.32880188895172,27.795095356831933],[101.31524003410178,27.778485659346828],[101.31342351239786,27.77303243698731],[101.31551405426508,27.761222798764912],[101.30920038362214,27.746272171085295],[101.30180601048787,27.73812877362198],[101.28869618537156,27.7308822312998],[101.28066660237626,27.728834430941752],[101.25468006622091,27.729101004637325],[101.24903557861495,27.728206695835453],[101.24425620580047,27.725894355402648],[101.23108160263266,27.710364763832423],[101.22558357637357,27.70587233195041],[101.20322673887793,27.696881307131168],[101.1951231667783,27.69662318590746],[101.18325596092166,27.69912499984755],[101.17826054637172,27.702204597481575],[101.17348174920143,27.709967099323364],[101.17058091177064,27.72139123574119],[101.15927923953976,27.73974205279257],[101.16173321772413,27.749181830875706],[101.16114688188199,27.753480712070804],[101.15738211538385,27.75623644505196],[101.13739779028714,27.758468014538547],[101.12834927104399,27.76141423960563],[101.11668434733302,27.768592885942937],[101.10768448905199,27.77981642291251],[101.0936267444999,27.78583063876096],[101.07196499416895,27.789081573092503],[101.06000613332698,27.793359090412864],[101.04833129893224,27.80053091656324],[101.02146258196245,27.830583530637718],[101.01216484883584,27.838906918222133],[101.0025843042997,27.84433944475494],[100.9763335260096,27.849933701027403],[100.96182150752536,27.85663926235787],[100.93966456924731,27.870641181791264],[100.92992077707648,27.87965852837956],[100.92164137256658,27.882972799436217],[100.91149579012955,27.882623603306115],[100.90118862674714,27.88586737112805],[100.89653289846731,27.890022313627536],[100.89112199563284,27.902070582482914],[100.88761782802672,27.90770319184246],[100.87810340925715,27.911336316765293],[100.82873665395698,27.90565264945784],[100.78513840265829,27.907353943826873],[100.77216318678076,27.906529142972335],[100.75687977730047,27.902742477363127],[100.74823413355784,27.90495389813897],[100.7404162762615,27.915827257954835],[100.73531013960834,27.92068205058493],[100.7274625751823,27.923278385957627],[100.72343394132102,27.90478400362959],[100.72022684922864,27.89495342318816],[100.71296023666824,27.884975419026578],[100.69421415672284,27.876073423688815],[100.68128247906544,27.896575409749918],[100.67403693450653,27.905037658285238],[100.66333652793793,27.913274851700216],[100.65071346430143,27.91710955963361],[100.62996083689164,27.916388209168403],[100.61811781084367,27.9127686320862],[100.60095808935085,27.89740030018903],[100.59243959735674,27.880477613644526],[100.57557217231519,27.85754281028284],[100.55226654358364,27.835248434762455],[100.53537940632823,27.82501601440236],[100.5204080739024,27.82315247734171],[100.50541367017568,27.82570380357742],[100.49511815369739,27.8338528573125],[100.49091282498799,27.842337770938006],[100.47738731494704,27.855763470393242],[100.4601930673942,27.86326806464447],[100.44581862721851,27.86547612434618],[100.42982593000144,27.86355904797409],[100.42821591516193,27.86149245424128],[100.42794850287584,27.8564282637225],[100.42659022622867,27.8533116933214],[100.4185041411901,27.84878796407491],[100.41078233132727,27.842134578932615],[100.4056938079141,27.82690742689901],[100.40379419559957,27.809010522339097],[100.38676637543706,27.79259311914162],[100.37547420735561,27.785872767474],[100.37310916599236,27.781529952742634],[100.3728501909087,27.77667766989106],[100.37149970003979,27.76002518342316],[100.3668694180502,27.76233401223696],[100.35707647411333,27.76253713977542],[100.35094683815498,27.76236230512716],[100.3450110409203,27.757955847186246],[100.33863307707044,27.741306059160163],[100.33187356223013,27.729314483201676],[100.32725039339168,27.727179437286168],[100.31918602397666,27.727513948801143],[100.31055000355404,27.730408587935656],[100.29846516004265,27.740213094318115],[100.29242541583213,27.748276392514484],[100.29186882303317,27.786940641402904],[100.29853574333919,27.7992158462233],[100.29918793711047,27.80979362841046],[100.30583342185447,27.82062398887099],[100.30662746543454,27.853207220691953],[100.29899594058098,27.862532648330763],[100.28898175665277,27.87067477958892],[100.27388345743564,27.87860039542565],[100.23280065252466,27.888390513753826],[100.20323788383428,27.892351068020105],[100.1845501476918,27.89677429441759],[100.17306884862245,27.901687079598066],[100.16773343800772,27.907857019374468],[100.1658683352932,27.91760306626918],[100.17192727618233,27.92967563003854],[100.18873575009862,27.946059232367254],[100.18546164256732,27.95270776315225],[100.18096013826991,27.957753505051876],[100.17372705815009,27.960791450278975],[100.17159881857741,27.965742003383397],[100.16458049629843,27.971324355335174],[100.15786693267201,27.976655342896734],[100.14227990596493,27.993351487697602],[100.11451693884382,28.018989639294535],[100.10519456967984,28.02316641104957],[100.0816732196883,28.029173040161766],[100.07846884935273,28.031837698142365],[100.07419681759616,28.04173334610356],[100.07660723764046,28.046925735106313],[100.07195412354898,28.05408590244096],[100.07328082637979,28.056782500633986],[100.07203812262652,28.060428335093043],[100.03896502767157,28.128761949231784],[100.03398306246488,28.134031429780727],[100.02149433909727,28.141921469309594],[100.01879291148107,28.150059915383682],[100.01471132251838,28.15423669630874],[100.01073732037011,28.155873401432753],[100.0012160087159,28.156243917747332],[100.00705583746102,28.182806232822717],[100.02308969519761,28.19027835000142],[100.05581596574305,28.190197459566647],[100.06468504891001,28.185273042356364],[100.09252891908496,28.184695741471838],[100.13713165306942,28.193400404881757],[100.14665310961978,28.198678917550456],[100.16052932930371,28.221262245537478],[100.1613175813345,28.238322894044618],[100.15621706886054,28.250894417450994],[100.14347202247878,28.261062338417467],[100.13204126083154,28.278762420672205],[100.133154528753,28.286287253216653],[100.1632087006913,28.312718966013563],[100.16684495578298,28.31728922660935],[100.16605764622699,28.335088607822804],[100.16013905686745,28.34203848816375],[100.15298980883483,28.345332259204834],[100.11101204627364,28.352246284099223],[100.0838986663649,28.367902997326926],[100.06904775814003,28.380400167190206],[100.06340395666648,28.394921682104876],[100.06346938467999,28.408162840144346],[100.05868082019227,28.43100564108486],[100.04683147607263,28.449934089960546],[100.02976608559186,28.463137297784492],[99.99491579164253,28.47509653511799],[99.96779832071108,28.491533651452446],[99.96019060124611,28.50586937374348],[99.96091808740553,28.521568608172565],[99.96813163050346,28.538728166899343],[99.96259587602205,28.54739344329353],[99.93517842763856,28.570199868363407],[99.92764963223657,28.58822596116634],[99.91280253047931,28.604840109532848],[99.90753227760165,28.608832751891953],[99.9001234363033,28.610747784924868],[99.8859896934061,28.608215950680947],[99.86508793082287,28.588178771096437],[99.828935012381,28.574278684800756],[99.83056405243823,28.577954821390993],[99.8216356269224,28.57952484477843],[99.81234037880293,28.592331027073108],[99.82659110767949,28.642589989348963],[99.83715733437283,28.66530880082343],[99.83121778752353,28.67691798442569],[99.81111616786744,28.693095774187412],[99.74777661934422,28.70789284439379],[99.73319384537876,28.717563204646655],[99.72391079104169,28.72801985896126],[99.71516931386161,28.749751404912633],[99.71361423613496,28.763358632189085],[99.71774402073602,28.791721030940614],[99.71615451487398,28.841140449615725],[99.69709786576276,28.8276488221839],[99.66338159068248,28.80977130794767],[99.63994650279184,28.803980827377455],[99.6218415409629,28.796999516981874],[99.61329292155565,28.788761797667316],[99.60730394655826,28.777495554416795],[99.60608547861932,28.75583629811053],[99.60168264111483,28.742304426237265],[99.59386960371344,28.732298886756308],[99.57613906452828,28.71965528979519],[99.54016588988867,28.7059457744489],[99.53434676317195,28.70035244222547],[99.52834548886892,28.684667234842397],[99.53000726398024,28.660080601910224],[99.52788215630926,28.64818334024199],[99.5109000118361,28.608010569020045],[99.50302469923726,28.596100684228837],[99.49354014023397,28.586902489592795],[99.48837392580921,28.58412817415144],[99.47595027475545,28.58558981845943],[99.46586815558115,28.582572896248013],[99.45057135007806,28.56957237719063],[99.44892524905386,28.558414634142625],[99.44297489159158,28.55190692177081],[99.43177566715616,28.550362207376786],[99.4066126606598,28.543979790119266],[99.3876728161363,28.54303582280268],[99.37385187394713,28.539192805328618],[99.36064123301661,28.52601193972944],[99.35793727878679,28.515518593308506],[99.36030109285085,28.501316319575444],[99.36790234725187,28.48548477381171],[99.37672313650235,28.47610869563458],[99.39097722075877,28.45412232578332],[99.39343714661973,28.443075354098465],[99.38624138290085,28.430644738605732],[99.37660037138379,28.421153630099653],[99.37139196557965,28.411343286017328],[99.36942302934759,28.391154356458784],[99.37137000969797,28.378548864230584],[99.38080639995147,28.364246300104547],[99.40703570545723,28.343753837997244],[99.41188507622982,28.319397665819828],[99.40849776021439,28.30679399665579],[99.40248878318718,28.2999160173986],[99.39828464770817,28.288892568213583],[99.39662395208092,28.276554063226563],[99.38412222342255,28.257724163018462],[99.38919954346075,28.22539758396528],[99.38739144916799,28.20579958871369],[99.39026710638025,28.189633553910106],[99.39585148384116,28.17548649719847],[99.39421114653985,28.170682028107773],[99.39157936956667,28.17056179857474],[99.38787924769385,28.167728832199796],[99.38240154867657,28.173412829312245],[99.37708344591921,28.18268744805921],[99.37175162765863,28.18625185720721],[99.36293938025126,28.186553544478905],[99.35325031484247,28.19956974479548],[99.33247592624409,28.221207382949277],[99.32554036101912,28.220809067884424],[99.3201319912823,28.228178618305392],[99.30998435758895,28.23655618860268],[99.30810832056021,28.242751690692515],[99.3086040896183,28.24886490302416],[99.30275966473694,28.258429076076485],[99.29924325895632,28.264191019063496],[99.29499321837531,28.26539129932717],[99.28751674315396,28.26352942412364],[99.28508324775036,28.268050191716117],[99.29036237612164,28.279921649205914],[99.28965323067494,28.285654024414615],[99.28413696790957,28.29619761765244],[99.27862893716707,28.301456808612556],[99.255535051719,28.308571187745173],[99.24200118528042,28.32170824943847],[99.23312810160789,28.337856102897188],[99.23090010795467,28.34681912295159],[99.23047362379985,28.348514647967892],[99.225217072557,28.35397398684199],[99.21761759299767,28.355072681399704],[99.21033949942333,28.363768193352918],[99.20428927974196,28.367771732144348],[99.19927780212322,28.379142469457353],[99.19052651813993,28.387041197879594],[99.17628304497386,28.40653306517887],[99.17546613137759,28.411435293370857],[99.17437555497047,28.418009880451486],[99.16986659243719,28.430208079074387],[99.1853995849432,28.44153585020431],[99.18781082116621,28.44779772688489],[99.18730728002893,28.45859408046427],[99.19054177870096,28.495903182553715],[99.18860373272696,28.506746676299095],[99.17955616883647,28.530719622072425],[99.17712959544937,28.547073550453437],[99.17684710065238,28.557440336080763],[99.1812804343098,28.589002597823086],[99.17957187847226,28.59391981359389],[99.17118696662958,28.599478281707636],[99.17058436248936,28.613871784136887],[99.16274864655539,28.626810122937854],[99.16260405659415,28.634848083412688],[99.16084876348313,28.638708568626207],[99.15197652662248,28.644530023314356],[99.14175338527454,28.67505028198016],[99.13418550107097,28.70615730111048],[99.13420775614888,28.724121240214004],[99.12364932728984,28.764409561207138],[99.12063603457104,28.78437461239736],[99.10900835107657,28.8221589905044],[99.10974927081782,28.846018780573186],[99.11484547651901,28.85895840038027],[99.11805738545901,28.884428160680546],[99.12863925061798,28.90226314898842],[99.13092060736567,28.91085351966772],[99.12686952833677,28.93486603785273],[99.1311721405368,28.951634060368225],[99.1286693287561,28.960802931263093],[99.12931018168649,28.970504714459498],[99.1248851847193,29.002770612258455],[99.12627397532832,29.013871786341742],[99.12739570598427,29.022766021140878],[99.12127740909628,29.04325193639047],[99.11782062911966,29.07020183167797],[99.11388420353498,29.131824454295877],[99.1085053885532,29.14721191951665],[99.1120071250177,29.156186069709005],[99.11129050315877,29.162128053266763],[99.10606469722492,29.16969044811349],[99.10645374587443,29.173270948787962],[99.11168716224006,29.177540245854907],[99.11379296590886,29.18190958378022],[99.1164252954258,29.19894278009251],[99.11641734939214,29.204648485067334],[99.1118318923842,29.215995308581732],[99.09650785535943,29.21970959472339],[99.0756168651674,29.221899087232284],[99.06508112188827,29.220994977693596],[99.04751738036855,29.20406429906987],[99.02893897593373,29.197331009826154],[99.00792282693943,29.20476799861741],[99.00314526159053,29.21090197834581],[98.98987301736517,29.21118902021613],[98.98146915393168,29.208494680740234],[98.973341102803,29.20041716731838],[98.96882396454447,29.192530943941353],[98.96799875779126,29.18367137854293],[98.96959125744202,29.171341904873167],[98.97540383683123,29.1431331894598],[98.98793109207273,29.116448822826662],[99.00489427232984,29.09422557332511],[99.00752162380631,29.084737560349566],[99.01238244791665,29.059531592738193],[99.01105963912161,29.0414656499062],[99.00552152331446,29.03199419870505],[98.99189884718815,29.018493736441847],[98.96842304579533,29.005635934228717],[98.96243403193044,28.999736936290365],[98.94325588145894,28.97585263365818],[98.93370566696652,28.960490625590218],[98.92694495294214,28.94221686464058],[98.92301619304212,28.926254390860723],[98.92203746673576,28.903608944091125],[98.92453722138426,28.891591479971208],[98.92984026530172,28.883685173205045],[98.93941200087902,28.881048707382696],[98.95700382492662,28.8787509259439],[98.96701233435647,28.86839408041281],[98.97251925189404,28.854555256688823],[98.97043924439892,28.845982180972417],[98.95440573291822,28.832070965984467],[98.93784688121849,28.825690949165878],[98.92264974429204,28.82487343546676],[98.90957804307011,28.817326297629577],[98.90798268052554,28.812198388001402],[98.89955280602894,28.804630200664885],[98.88981874200992,28.802392675055934],[98.87253059740883,28.80784737144482],[98.85962734805085,28.805254967508464],[98.83944302339535,28.807935951449895],[98.83187799465631,28.812834718362648],[98.82679542435172,28.817598729881684],[98.82018912420575,28.832092773335635],[98.81709153614881,28.870905905199166],[98.82046711569896,28.905749237104672],[98.817150984926,28.95903591613543],[98.8042515205206,28.989021778885245],[98.78459408709973,29.002343568100752],[98.76950673753929,29.00385351855468],[98.74922997412526,28.998594514850268],[98.70826603506433,28.97967126466139],[98.67670945356154,28.974850319644023],[98.63500539137614,28.974536265451295],[98.62697124645244,28.976090107637305],[98.62645329225799,28.969765128599434],[98.62609387441616,28.96534028553634],[98.63283046645762,28.952677967460765],[98.63372400758155,28.944199694846073],[98.63663738762816,28.938622158080204],[98.64480066530476,28.932047172711133],[98.6460442929301,28.926730067732617],[98.6436256256499,28.919826792374895],[98.64954694144154,28.911201258528955],[98.6484092108908,28.906375700469653],[98.63984178346688,28.89542126476133],[98.63923126267149,28.891846834412714],[98.64751690624963,28.86265774362573],[98.65257490608349,28.85512070996252],[98.6586554660753,28.846065143485916],[98.6562453062589,28.839160428835797],[98.65653420385657,28.834080302586983],[98.65078192271318,28.827906649897614],[98.64807428525658,28.819320635961944],[98.64956893795986,28.814417128415084],[98.65466517380106,28.809619871976103],[98.65722940154349,28.79454137463627],[98.66958086357552,28.77199397698793],[98.67158737019592,28.761581023326453],[98.67774349686344,28.752947856100608],[98.6804751243942,28.742724562610864],[98.67411022236143,28.7268301169047],[98.6532776555798,28.70908640695103],[98.61603778364477,28.6864454682601],[98.61408266302689,28.679488909194195],[98.6137760502647,28.6669508248106],[98.61991262004918,28.624329628723057],[98.6210433415644,28.554751547364965],[98.61685187997278,28.52802316899948],[98.61011339438299,28.507996453645546],[98.61142722573786,28.497167673337003],[98.62699525117647,28.483814284930283],[98.64345897844808,28.479160412037952],[98.64795122622319,28.473917633437654],[98.65084920043155,28.46101465345252],[98.66836233332526,28.43352604097095],[98.68127214420252,28.39586024093279],[98.70781302534549,28.356702895147755],[98.71572029415228,28.33956968018822],[98.71640590121798,28.32870114636866],[98.7098683691848,28.318508765933604],[98.68447161415847,28.299951960653946],[98.67976350905691,28.290040271169815],[98.67872308221826,28.273393311334353],[98.68671542555239,28.23958412733365],[98.68207180109115,28.227420500843518],[98.66415920859262,28.210538142669364],[98.63345176388815,28.18958774554577],[98.61013841788652,28.16706591986113],[98.60302101122019,28.16368286527089],[98.59313457558869,28.164559627297493],[98.56977674983628,28.18432124498294],[98.55307254040612,28.188770277991605],[98.53214031401768,28.18674990253638],[98.52063602460933,28.183198030288928],[98.50375473351778,28.173560709044274],[98.4715766382527,28.149679640538217],[98.41072447738762,28.115710507401392],[98.40143972899405,28.114079972445005],[98.39188965659972,28.114597891902747],[98.37218009439243,28.133004729005073],[98.36680345710599,28.151177003712245],[98.36443745471762,28.172774168045702],[98.34886084209879,28.197102762683294],[98.34823953327364,28.214562531048074],[98.35250588673692,28.24574922422474],[98.35105536004546,28.263338107809087],[98.34447923712807,28.27160423523368],[98.34251661526424,28.28248884372388],[98.33042996400846,28.307738938016673],[98.32027712929097,28.321109960331146],[98.30053815973945,28.340398899298698],[98.29770808884102,28.353122947478266],[98.29056790972923,28.3618921339518],[98.27294187579191,28.374900575825894],[98.25462071069673,28.382274587128205],[98.22810304189369,28.378962897604133],[98.2052173128936,28.364684693471116],[98.19792446205692,28.350446794937895],[98.19820698325718,28.339012412497006],[98.20088907808508,28.33096960765574],[98.21912382029802,28.306285150681514],[98.23048340861595,28.29470834225501],[98.23721023797304,28.279423654313213],[98.2371176217709,28.25696247159529],[98.22532248873028,28.24533640442585],[98.2118752581658,28.237847362252936],[98.19318928634287,28.233194586071388],[98.1720994340051,28.22397222144475],[98.16217879261767,28.214707213264482],[98.1438585953527,28.17569981332879],[98.12958310948942,28.155608267967672],[98.12909763194885,28.15657077020643],[98.10992641296777,28.166035662056746],[98.10186614048945,28.16571891487849],[98.10247722822729,28.165756628792554],[98.09631313805167,28.168623734961766],[98.08936438568952,28.177486216117053],[98.08712352121734,28.187631676475014],[98.08661058643519,28.190216030170387],[98.0763321092048,28.203562288691238],[98.06692124643257,28.20857205143053],[98.05371349596817,28.20982721487921],[98.03276863895498,28.20157817444483],[98.02442856000826,28.20087778807243],[98.01408930663486,28.203389706669192],[98.00257476758651,28.21538943483638],[98.00663717761363,28.232331841522402],[98.01600696594076,28.245726063327083],[98.02106460822584,28.252896904424663],[98.02250969962604,28.257857793283044],[98.02063541568414,28.264595989192472],[98.0144775566928,28.269804048156708],[97.99803614666024,28.277976797341456],[97.98865119046557,28.29010693599505],[97.96872859538136,28.300672965452286],[97.96320621698779,28.306819955977797],[97.95373916786171,28.32994482029876],[97.94136218344258,28.338364767779286],[97.92474642131917,28.349672265351018],[97.91694048050803,28.361083550825434],[97.90424753972337,28.37200446345804],[97.89684467820402,28.374691938996058],[97.88984552976116,28.37370704516255],[97.87729902554575,28.364072238244134],[97.86682626442148,28.360429915801326],[97.8452830004322,28.360409292331813],[97.84079042729239,28.35642456715663],[97.84216690241124,28.352183358162062],[97.841305421498,28.342748341566942],[97.84114020698325,28.341024112243534],[97.83597543618608,28.33401954756926],[97.82640737488083,28.33313660937744],[97.80730908429743,28.330919682899854],[97.79970775878968,28.334760799014635],[97.78981370112132,28.343955864246723],[97.78195269482487,28.35950439121992],[97.77288262852431,28.36983311789324],[97.7611824697932,28.390723729898223],[97.74852071105155,28.405868609296824],[97.74077255266462,28.41501710366228],[97.73392019540881,28.448932560354688],[97.71718344744446,28.50375509713577],[97.7104113508953,28.512152039205002],[97.70445199407574,28.51456016994648],[97.69688712947826,28.51406840612377],[97.69609205315712,28.51374618881472],[97.68772513256953,28.51058673942141],[97.67063697487254,28.495135271232037],[97.670534771713,28.495128598065165],[97.64976194281893,28.480784979897944],[97.6422894952144,28.471998888707635],[97.63430188856097,28.470482896914522],[97.63009274043581,28.4716494242957],[97.62013178069091,28.480012834905057],[97.61732225775192,28.488845943236658],[97.6145708914919,28.495788959331595],[97.6045944934664,28.51388867001074],[97.60308906842226,28.515863498302316],[97.5885092701745,28.53483020595295],[97.57679102264446,28.543163527848424],[97.56713306840706,28.543065861815112],[97.55768194099461,28.539374215593586],[97.55152482484942,28.534457428540534],[97.5478721880895,28.520779069847595],[97.54777351338733,28.495702817210784],[97.54548610259765,28.490049822420243],[97.53632835256093,28.477085921028205],[97.5329368065272,28.473523394986415],[97.52672873979469,28.466887137147484],[97.5259812446181,28.466025647725683],[97.52350425900606,28.450708580372808],[97.5192713971888,28.437889428693282],[97.50577357206335,28.418227081732073],[97.49773853239239,28.398386332305066],[97.48166616743461,28.386033557646705],[97.47889128367156,28.38016418351632],[97.47633364268857,28.369437782111174],[97.47809512642671,28.36215857895361],[97.4831356636977,28.341927740779674],[97.4876188884572,28.335191519382057],[97.48686530483941,28.323773253638066],[97.47603651242125,28.30554274016931],[97.47093389408101,28.296989027115373],[97.46888280245521,28.28873044864094],[97.47213662337138,28.273700295089736],[97.46682635481417,28.268741017663373],[97.46002111881876,28.268011940971398],[97.45245723092411,28.27246489030869],[97.45007426786502,28.273928350624242],[97.44472109220152,28.2812369126019],[97.44052728005653,28.286999292835716],[97.43288252537907,28.2935207668609],[97.42177036407618,28.293941972089193],[97.41787303184294,28.291602684482857],[97.4149169287647,28.289056326292172],[97.4113893480927,28.281327732603213],[97.40764643327174,28.254994970232325],[97.40401899152927,28.247258617054694],[97.3968885512779,28.2409082927294],[97.38932662223478,28.238318332231888],[97.38277489511253,28.238233284410857],[97.36706928897344,28.238516205793125],[97.3644757784867,28.237707437093015],[97.35918702759088,28.23608275536206],[97.35474695856418,28.23180834304563],[97.35229615596491,28.229384510326106],[97.3484947401698,28.221362832295057],[97.34702648679524,28.2159374165079],[97.34638107285836,28.210477980759645],[97.35992005175838,28.198678088236253],[97.36083652217638,28.19874072555914],[97.3608794394927,28.193599019647657],[97.36218449182208,28.18691886084989],[97.35409930253209,28.179867288018052],[97.33602381330114,28.164186860235425],[97.33133161313386,28.151227490800203],[97.3328839070587,28.14176550083783],[97.33478501190022,28.13530621704679],[97.33421103161541,28.130211578109403],[97.32854065423909,28.119079535544977],[97.31702749624942,28.106912899661594],[97.31690486402786,28.104828039795375],[97.31665168369669,28.100748023321525],[97.32112089802457,28.09302057752688],[97.32260357834507,28.07623960981955],[97.3263500378801,28.069725903259183],[97.33171765817112,28.068018354167314],[97.34550608338019,28.06941657029652],[97.34889508536692,28.06694046678725],[97.35434986166945,28.063070989947203],[97.36406733752294,28.046762614118094],[97.37531747442685,28.03741987889853],[97.38885467169929,28.031121377107386],[97.39801983091294,28.0245233082717],[97.40111702089612,28.019497526008124],[97.40254818134392,28.01715717152265],[97.39675203178071,28.0039403399914],[97.39011076174371,27.998069394682762],[97.37606080800184,27.97995230807397],[97.37521218383127,27.97447609274417],[97.37356244358119,27.962984822561193],[97.36927008064687,27.956008213157393],[97.36390165680233,27.947331940295324],[97.36476626686924,27.916504118076045],[97.37308057252474,27.905513375589482],[97.37491656133687,27.903200547955585],[97.37550256427318,27.902337498215026],[97.3773795902529,27.89605336846093],[97.37663060737432,27.895279514213847],[97.37186401203071,27.890256256261797],[97.35332372734999,27.892145328865336],[97.34601885281334,27.89046902997934],[97.32981530963242,27.882037164653966],[97.32492952185612,27.88188096797932],[97.32416396269905,27.88246045461213],[97.3210187661818,27.88224347554321],[97.3164905348821,27.889608686879328],[97.31675314407951,27.89820767318684],[97.3169128754895,27.907973561621414],[97.31507729314968,27.91489191351104],[97.30971414298254,27.92012144934742],[97.30349720005576,27.921137004098124],[97.29028190764133,27.918145346377713],[97.28898016354404,27.91670037411306],[97.28784965626197,27.915628529295585],[97.25845221770713,27.907446143300188],[97.24853486018762,27.90070407556253],[97.22959599242297,27.876077814689708],[97.19279083805493,27.855072050141878],[97.18771501247991,27.847939928952403],[97.18022733540033,27.84154130041679],[97.16319428875708,27.826699641706618],[97.15669707828515,27.813863231655457],[97.15035007886755,27.80844573399733],[97.1482656781685,27.80667212000694],[97.13813400659933,27.804781362797172],[97.12869951196586,27.795168129845965],[97.1230973687187,27.789439922546617],[97.11429782058009,27.786376072985636],[97.10422181167294,27.785028053232402],[97.0915279479703,27.78331208252342],[97.08626912612289,27.77832900111518],[97.0910648580215,27.763669364175044],[97.0913406887692,27.76287567376001],[97.08543750443792,27.751520289793675],[97.0861502708411,27.74253370244292],[97.08615574951908,27.739099838551464],[97.07736139213478,27.73829202431788],[97.07373413869921,27.741196355931336],[97.05729853451098,27.741468104713636],[97.05342067570334,27.742636723802576],[97.05020573320554,27.745479451244243],[97.04954397531458,27.747149235365562],[97.04951693202355,27.755281096813622],[97.04746393195236,27.76326778026758],[97.04222803557707,27.777081217876702],[97.04210203644614,27.78628986842879],[97.0465115137112,27.796094085322654],[97.04711562954628,27.800655582314857],[97.0463788933206,27.808735622119553],[97.04512537276437,27.820578209466838],[97.03585574652497,27.820316659209173],[97.02499177957922,27.812475987577592],[97.01976519726162,27.812355720836855],[97.01391399102717,27.816260342961826],[97.00085290212847,27.816694816636186],[96.99569550067534,27.819741183237035],[96.9877912066117,27.82790458426661],[96.9799559997413,27.839449166996168],[96.96960357239938,27.855471116373316],[96.95349858045523,27.869688853350702],[96.92824555009287,27.878139375557446],[96.91270456200841,27.885156469324784],[96.89006115702412,27.88235805709448],[96.87327676152225,27.875235486924954],[96.86495354714692,27.87494794571298],[96.84350722025047,27.884166915975104],[96.82892760925326,27.89221646629007],[96.81992553312439,27.89362523325234],[96.81359337523247,27.898375221844518],[96.80162340870196,27.918000255416942],[96.792734771797,27.9257466585125],[96.76361391395369,27.93232536341725],[96.75796125941386,27.93536952554991],[96.74814186609196,27.944182057261102],[96.74318337085612,27.94594868947747],[96.72928230248701,27.947573511906153],[96.72656634449304,27.947890396729697],[96.70628001475362,27.956859118049483],[96.698193722465,27.95697855730091],[96.68909236892861,27.953522994945054],[96.68148526754275,27.953635399833676],[96.65611036045746,27.970911206458684],[96.64581108458866,27.98035677654478],[96.63335297590963,28.001877661137005],[96.61011404486418,28.033556565570308],[96.60640594721838,28.038603392373535],[96.60169961607754,28.041628823235865],[96.58432696403817,28.041874576213818],[96.56355287505262,28.065404652698863],[96.55593143565821,28.06551175373177],[96.54472450201858,28.06439792063222],[96.5404673481851,28.06593529358661],[96.53370740782579,28.074478549782697],[96.529000311957,28.077924656249994],[96.5135988550271,28.080854669907747],[96.5023914641898,28.088674539085435],[96.4963929879273,28.091379495068516],[96.48085418101883,28.1036551970773],[96.45110328577886,28.132276614932866],[96.44814622679614,28.136296010330568],[96.43350331542071,28.14971763030856],[96.42342558374541,28.155267479112055],[96.41681457065742,28.156837195642737],[96.40836863347278,28.157271652399],[96.39993642734557,28.15653214764053],[96.3931732515572,28.15239745471236],[96.39023930014064,28.148919004029324],[96.37925463554494,28.132622688224014],[96.37837821831921,28.12803774079507],[96.37446264284223,28.121049545621336],[96.36736991139414,28.114086345256126],[96.36365897851074,28.112263242785417],[96.36038853456485,28.112190765045014],[96.35377072897667,28.11384657708942],[96.35105097359552,28.11544281026973],[96.34249249510805,28.117037891123704],[96.32888490400988,28.123028712196323],[96.3213151296273,28.12804201858337],[96.3113016177283,28.131870757157547],[96.30784483978914,28.13467349787659],[96.29632846535063,28.140190892276475],[96.2882685875555,28.142905072910338],[96.28347345871937,28.146777164645236],[96.2798980771077,28.150744333333453],[96.27692602099621,28.15584269250846],[96.27106137805957,28.17236946602463],[96.26752684976282,28.18609638359742],[96.2672068017943,28.191311173027913],[96.26337175075517,28.199864642209533],[96.26145581983855,28.21073609174761],[96.25852816014138,28.216378982102743],[96.2574636247705,28.223883899031446],[96.25237324139327,28.23468698788396],[96.24693581423064,28.239771588787647],[96.24231248930835,28.240854752877425],[96.23714874887126,28.240179039189794],[96.2275662796094,28.236536656151795],[96.21658169756994,28.234589897624183],[96.2010378395956,28.233096181407586],[96.19793592727504,28.23131616961207],[96.18240121805357,28.216630685036005],[96.17609771383016,28.213061362975708],[96.16906560732309,28.210608511463832],[96.1607490821494,28.208685978146235],[96.15163957347512,28.208506924229415],[96.14265727790004,28.206078514974184],[96.12992809253458,28.20118347608554],[96.12349103422417,28.19994933175169],[96.10521887722642,28.200122138626387],[96.09920908897293,28.20172152679026],[96.0900359691295,28.202164796353998],[96.08668905237056,28.203795199904402],[96.0820837649582,28.203698692657948],[96.07940232732712,28.20483989387532],[96.07352992485485,28.20409971688392],[96.05940866539324,28.19980789764335],[96.0437915824539,28.18915941839513],[96.0298503515288,28.18316096756192],[96.0207259943602,28.181162559955396],[96.02001414364457,28.181105315347004],[96.01725874396459,28.1819680597493],[96.00066878556451,28.18867470301206],[95.99934606608545,28.189562103894996],[95.99184393960475,28.194650122004195],[95.98160405999072,28.199426260745007],[95.97909603284798,28.20184424708139],[95.96885460578842,28.206619140000956],[95.96069109729842,28.213097449448814],[95.94851207216288,28.219701708285335],[95.94351159356586,28.224356696373203],[95.94295355629475,28.22675119955616],[95.9183508970621,28.249061046919163],[95.91277704419284,28.25719194219352],[95.90776308850748,28.261934519095178],[95.90522898680969,28.266517222965362],[95.90021408175032,28.271259358964876],[95.8882390580626,28.280674785674677],[95.87292071204016,28.289635398166585],[95.86072145476315,28.29333740788328],[95.843970449765,28.2954006106674],[95.829000258538,28.2922764336172],[95.81196543476791,28.286360112392053],[95.80350976434801,28.284761359835443],[95.77950296836411,28.283597423915644],[95.7626510083578,28.279856910546698],[95.73580622967467,28.270677268481165],[95.71351558544315,28.260242305852792],[95.69195894830216,28.252574653408306],[95.68086806573068,28.24987349091423],[95.6778541029084,28.24913948116149],[95.67434482625458,28.245502647337606],[95.65396207012944,28.23557484646069],[95.64287897976767,28.231754839080388],[95.60576021744568,28.223848952893263],[95.59471438169085,28.220659647309002],[95.58228564254752,28.215092722168432],[95.57255819331091,28.213006517592945],[95.53124165472408,28.191973232344452],[95.51819158472959,28.18652623968785],[95.51098064400466,28.184919081543523],[95.50583940517512,28.18502439507582],[95.49540564658908,28.182870827199732],[95.48564123178578,28.180230826702633],[95.46802588689896,28.172489529169],[95.44704267621812,28.159031782210082],[95.43054874167953,28.146768061363577],[95.42391633932944,28.139959796907092],[95.4054324943407,28.125350091714804],[95.38046344718306,28.109182258823378],[95.36809629954622,28.104225928896806],[95.36349100731384,28.101386199819526],[95.34374192363464,28.0844833807152],[95.33836723088712,28.07660122045693],[95.33292144371254,28.062923741119192],[95.33260605172434,28.05195197125338],[95.33120841839178,28.047941282224468],[95.33101297578159,28.035894052922043],[95.33221353042921,28.032470523968975],[95.3318883668996,28.021587549414953],[95.32644191680909,27.99967550189453],[95.32554247506486,27.9957978960475],[95.31882037662925,27.98444815211055],[95.31742445964603,27.98043664572308],[95.30667806147885,27.967559221085384],[95.29499531111287,27.95667934538912],[95.27901176889898,27.940355147877327],[95.2724792789504,27.93471715676363],[95.2579491656815,27.924668522522357],[95.23699917126451,27.913511050159812],[95.20770854295127,27.901976529296007],[95.19339595640157,27.898271542702844],[95.18558653401628,27.894957928194337],[95.1713165864466,27.891796627291665],[95.15245074779298,27.8840631577287],[95.12760704050824,27.869550086814264],[95.11511834769875,27.86065584829847],[95.07524069151343,27.841803102762526],[95.05175536926112,27.82902027378644],[95.0453011425325,27.827355589890534],[95.00360899102897,27.81030199910479],[94.9683583833369,27.7924549149237],[94.95854041629438,27.78631562154209],[94.93246060156379,27.772362720537572],[94.91691320663965,27.766332821570725],[94.90512144734512,27.759646197372632],[94.890128027458,27.75239461359816],[94.88165348797793,27.749720153572444],[94.86936131944321,27.74298336431204],[94.85310564685008,27.73696910540576],[94.84391874926771,27.730784747679078],[94.820538697908,27.720217832190475],[94.80296975156215,27.715886087036708],[94.7971319146169,27.71254114783796],[94.79133537470058,27.711464028379748],[94.76918946030041,27.70090785139728],[94.75803223066455,27.69244964782429],[94.74708669252074,27.690893994756113],[94.71864500529169,27.68273290278979],[94.70360620702579,27.67608210772111],[94.69385650837543,27.66874342610489],[94.67296533142564,27.656379056651282],[94.66454400817983,27.654234516502406],[94.6509485576249,27.649250240754153],[94.63725399400606,27.64253331844918],[94.61652855390568,27.636605006199417],[94.58679546568666,27.62665412269024],[94.52901789331901,27.602173144223926],[94.51873186231758,27.599477472709054],[94.50191597312354,27.596795844870556],[94.49097303717991,27.59702590007726],[94.48066012756829,27.59541152547699],[94.46134987904423,27.595658536287317],[94.44459740151379,27.594152266524546],[94.41946573070705,27.589395170080454],[94.40594508308313,27.589007669287692],[94.40346267746325,27.590129531736544],[94.39436811031656,27.590255118674552],[94.38987092275298,27.58864556661344],[94.38275496130278,27.587600295018177],[94.36804922034453,27.587728901409108],[94.3524854808905,27.58568812823165],[94.34230646713503,27.58633956042194],[94.32419004634271,27.584320707865153],[94.30562260471439,27.585156048060064],[94.30106146105673,27.5840804250915],[94.29854289382907,27.58465266313465],[94.29715129414181,27.58352085167577],[94.28942094410819,27.58250064242071],[94.28385836430678,27.58085861578251],[94.28302152463989,27.580611639513887],[94.27976051356498,27.57975169982515],[94.25323982001953,27.568112111230572],[94.24819514613172,27.565173909694217],[94.23634635749744,27.55785610199658],[94.22909252066225,27.552163113673988],[94.22189093520713,27.543573181695365],[94.21087302856726,27.534519343578303],[94.2036292616953,27.525470042386505],[94.18139790170098,27.503255772278933],[94.16692470411496,27.486783763906534],[94.13170989392475,27.45439261481121],[94.1246058591678,27.44924876722213],[94.06979427310023,27.398660543172635],[94.05606271645995,27.38387246235742],[94.03593561458204,27.36572407604189],[94.01905253974569,27.35261172594989],[93.99050755358377,27.335155671292007],[93.9684519055449,27.31634385472727],[93.95993367844252,27.307232512848174],[93.92784444848691,27.263261420960163],[93.91219172450415,27.243895734396986],[93.9030840454505,27.234717647134953],[93.89144462921543,27.226281364108868],[93.87840044988643,27.213707168455965],[93.87515890159192,27.21201771690385],[93.85961284939938,27.198370248976477],[93.85372354519843,27.190329059520817],[93.84650738179681,27.17434466296903],[93.84239606456026,27.161125551664828],[93.84017704054858,27.141015487564008],[93.83550316744433,27.12664794138554],[93.834156679259,27.118066195735224],[93.83394719009587,27.101336127767397],[93.83253740589043,27.095653306952038],[93.8322919158265,27.076012444112106],[93.83472607269756,27.06563433712897],[93.83455758332835,27.05816998096419],[93.8325839108345,27.051339227585764],[93.8325111949199,27.045519147958856],[93.83041735898279,27.03804007823232],[93.8265551889271,27.03410466607638],[93.81756601153415,27.029010857226005],[93.81244275736587,27.030214374197794],[93.79964310645998,27.03036187386996],[93.7881162837835,27.029275475510303],[93.76178548915722,27.022584875875825],[93.75220288003304,27.019786090441347],[93.74252701605525,27.01534169516318],[93.7296455188243,27.01138455957361],[93.71354107687583,27.004096253084743],[93.68711726289122,26.98874554526697],[93.6671677729995,26.975146709418027],[93.6491821642653,26.966017073195125],[93.62984520950914,26.958742765009124],[93.61260623973527,26.95486302484423],[93.59529727186231,26.95388097690269],[93.55875966110207,26.949527172201766],[93.53889037530531,26.94563323870938],[93.52416316320128,26.941183612890548],[93.52033455302076,26.941782238022228],[93.51325138597932,26.94013104925003],[93.50752916006486,26.941257755348946],[93.47614144109235,26.936324845349723],[93.43778232616191,26.92737478030967],[93.42111629393808,26.92461443783138],[93.39103059592335,26.9237022664253],[93.37246091317661,26.92155062477011],[93.34885197442016,26.919950615215047],[93.3251893891774,26.91952153013719],[93.30981588991673,26.92079065865129],[93.29328552979625,26.92084309191051],[93.2682806641644,26.915257956281863],[93.25671797124939,26.91074553649037],[93.23491957213596,26.90395032736861],[93.20871217841118,26.898312176511208],[93.1919873174084,26.89378157859865],[93.1849427121801,26.890384463742024],[93.1714810774505,26.886475372176154],[93.14979341709852,26.88194689324245],[93.10822911433551,26.87752923722533],[93.10625260916957,26.876405011606945],[93.09097146676257,26.874743041321896],[93.07752429666434,26.876007105772764],[93.06225080192193,26.879525911838293],[93.05708423681484,26.87950785531438],[93.0348183177714,26.88598853454931],[93.0252469416774,26.890034788513663],[93.01052704784912,26.892424998822843],[93.00292591490376,26.892410602548352],[92.98823159413995,26.895346434907545],[92.9691022150317,26.90179488174357],[92.9639607929264,26.90232107056472],[92.95316117908908,26.906408271873662],[92.94608463079172,26.906993531036598],[92.93523112796028,26.909981697439317],[92.90465413839115,26.914065761015635],[92.88668943970575,26.91417136231816],[92.88226694425165,26.91240846705321],[92.87782363188386,26.913008017828215],[92.87197824591912,26.911269014647488],[92.86432390864942,26.91014778098904],[92.85735977330101,26.911376624259272],[92.84648554034618,26.910806524282986],[92.83113246882542,26.912557415561928],[92.82218082648549,26.912016704501422],[92.80751319897853,26.91320385513201],[92.79725301308403,26.915517302619147],[92.78389539334792,26.916756457162037],[92.77171147715094,26.91903485284581],[92.74872820865457,26.92601701779544],[92.74174864439128,26.926600280743045],[92.71743741826414,26.933609506203222],[92.70346260857026,26.939955530400553],[92.69069844733407,26.943433877184102],[92.68040543570594,26.94809861791617],[92.67146178407272,26.950367110192623],[92.64535673692181,26.95270153742181],[92.62352458992942,26.952783554119666],[92.58139365371875,26.94710352038995],[92.56280412891515,26.94362860057706],[92.51552002905834,26.929237978149626],[92.49433168905273,26.924089118378845],[92.47523404006367,26.917810046818783],[92.47006121450491,26.914942744189393],[92.45282579525154,26.909145474295677],[92.4483565487911,26.909178954429482],[92.4304686824942,26.905123220204725],[92.41895043102141,26.900522789713605],[92.40618924253005,26.89823536826832],[92.3818807783801,26.896526490299586],[92.32695323203276,26.895365244952],[92.31158411538068,26.893583539600726],[92.27703923681823,26.885474088897887],[92.25595045176756,26.882563479814646],[92.22020063148676,26.875113812348168],[92.19208149544453,26.86754429062258],[92.16910536258867,26.862300675337934],[92.14034255409487,26.857099731409985],[92.11477731391041,26.85363375096114],[92.11165453166355,26.854176212913792],[92.10971317108509,26.857043447435224],[92.10968363078162,26.88982133536924],[92.11344688607649,26.914029432328533],[92.114264342743,26.91676613804018],[92.11876446267385,26.921393222028428],[92.12130061146541,26.93389181107963],[92.11942174745288,26.947418022966602],[92.11440769802851,26.960847896567454],[92.09957063668887,26.988596191634155],[92.09910546689231,26.988996557185423],[92.0941434496122,26.994420056173645],[92.08642493906045,27.024824424709557],[92.07946375206633,27.03483577647801],[92.03584858730405,27.06791509784867],[92.0294936746678,27.074445127252602],[92.02476029628676,27.08926741498665],[92.0236426660069,27.10233261370496],[92.02752444099308,27.120812335520316],[92.02637042598751,27.136875433446544],[92.02805640351642,27.15782372597462],[92.03140434678733,27.168229367411808],[92.04260494253542,27.173737850171552],[92.04965257525328,27.18048406693524],[92.05395416375764,27.192729300010548],[92.05451999599018,27.20062109866732],[92.06797141051777,27.23577838746666],[92.07908097004075,27.255098345467598],[92.09183009765283,27.266784948279266],[92.10049692771327,27.269530634828367],[92.11754062103189,27.270073682246814],[92.12428975609457,27.27477574392888],[92.12368800130409,27.280253969567926],[92.10794183455003,27.303423136871935],[92.10215412773752,27.318480185155217],[92.10037556684647,27.337462824957232],[92.09468967999854,27.348346879634242],[92.06698258053166,27.387385432930245],[92.02086136184928,27.456712814230556],[92.01222660344834,27.474245886814334],[92.00880189938216,27.476661211608],[92.00086157574805,27.475088704293526],[91.98744687052174,27.46568567401741],[91.94727551502291,27.44392927342886],[91.93221299661451,27.441507286308973],[91.92181498040082,27.442729189244954],[91.90626387349737,27.446975905356616],[91.90483187693282,27.446987630944548],[91.89655440877522,27.4470040480934],[91.87182834595397,27.43614763121578],[91.80946390758385,27.420237830688727],[91.79842612073055,27.420279870404997],[91.77047671674336,27.416653119163378],[91.76905079053661,27.417300578693474],[91.76419006027807,27.419718639503433],[91.76739881939258,27.424834796171783],[91.77874639733427,27.432201516140452],[91.7810953038479,27.44030664189676],[91.78043262094577,27.44468447609613],[91.77511628864839,27.4507779148011],[91.75772309115868,27.454965541896527],[91.74540608543778,27.463399967268305],[91.73108212916668,27.470227026092157],[91.69495157877745,27.4806079030774],[91.69095648024879,27.482672682658762],[91.68551991888366,27.485472902581176],[91.67579701320281,27.49357681701682],[91.66789994407559,27.506449058736916],[91.65615317035608,27.520401226390522],[91.63324110210216,27.53709290651034],[91.62742500552959,27.543664979046827],[91.6179519431206,27.584721196950174],[91.6173533014759,27.587286283283465],[91.61156803000847,27.600955272130523],[91.60092617153566,27.65350480634422],[91.60274300547404,27.663001002792637],[91.61123587044955,27.672396617988007],[91.63212793020779,27.68847456579117],[91.64134345854812,27.691861907833474],[91.64169110497336,27.692267630274927],[91.65065723456513,27.700624804074042],[91.65791231085996,27.716138992877745],[91.65894397008222,27.73481067448206],[91.65627592206951,27.760217248535817],[91.65774663288292,27.802756519698544],[91.65611408991987,27.82273927477317],[91.65166341783828,27.843017811357686],[91.65350466261808,27.85641884805067],[91.65837305603759,27.862822044617133],[91.67645941051937,27.886810043245788],[91.68262245898232,27.898183394081816],[91.68638989927013,27.910449625469933],[91.68659716362251,27.918471294858268],[91.67823722303085,27.93209755854626],[91.66729117254287,27.943140555108194],[91.6561947501811,27.951801866834362],[91.63565531915364,27.9616876932833],[91.6252921244153,27.96489153173042],[91.60326670221338,27.965051321419562],[91.58661683716662,27.967674252500515],[91.55944974532875,27.97710924628004],[91.54855937648608,27.979697299069127],[91.52687763732216,27.984882422662245],[91.51080485279782,27.98374779612028],[91.49118142031026,27.97636210279717],[91.47865000910498,27.97956173788293],[91.465831451329,27.99117729677538],[91.44179494673584,28.008056254358312],[91.43301283278231,28.012890660298524],[91.4234267090536,28.015626677900134],[91.39226541896912,28.035168883183218],[91.3898785991516,28.036603142807618],[91.34981709200716,28.048499622640502],[91.33943490605395,28.059492660416925],[91.32157601531235,28.089104233108642],[91.31463556028471,28.08870403264899],[91.30596315162659,28.075820547005392],[91.29962106904671,28.072948186508587],[91.29540373077664,28.067065560304403],[91.29121823258754,28.066185519270157],[91.28355445756323,28.064512267487775],[91.23062136709608,28.068415733589706],[91.22082685037493,28.067837378539014],[91.21317061824666,28.062887686655763],[91.20761850575579,28.057016913935055],[91.19806626970176,28.04201249271729],[91.18852846415186,28.032099119759746],[91.17283733143046,28.02205445677929],[91.16256966647387,28.012228666342896],[91.13770292300053,27.983029846071773],[91.12691186653358,27.973951757580714],[91.11608710409467,27.97023302533531],[91.10041237343809,27.969815585979475],[91.06863489262636,27.973558181452713],[91.05962938441448,27.971971920145556],[91.05713711267974,27.972113328309614],[91.03583034197386,27.974070686518836],[91.01396101420906,27.977590164413886],[90.98369908540568,28.013240152581332],[90.96684470732912,28.02702472934169],[90.94541545158715,28.03913653019651],[90.94280487811399,28.04062476468112],[90.92058164584384,28.046174850455515],[90.89472833059375,28.046166677677522],[90.8720525341527,28.042464279313915],[90.84908617851853,28.04117569667876],[90.83913577644996,28.04218044633303],[90.81615139456302,28.049796464591473],[90.80677446349442,28.051690373823114],[90.80305253165167,28.052396844324495],[90.7721274889353,28.055623042785825],[90.75540297568863,28.059572549331723],[90.74356309378393,28.06451095663829],[90.73055304324158,28.079030741607028],[90.71794205261918,28.08923432221888],[90.71326308400775,28.09072455699886],[90.6959853540055,28.089228091370728],[90.68054127590202,28.08350801032761],[90.67781852685876,28.082520077007757],[90.65898752381604,28.072993711108687],[90.6481205270121,28.074500530905517],[90.63598408186648,28.07247604376778],[90.63090484706687,28.06272105910472],[90.62576603335074,28.057051857084634],[90.61814378418457,28.058884830290385],[90.6090342293104,28.073989480424647],[90.6024044072277,28.076041166268148],[90.58609040403127,28.070011963648074],[90.57703617206907,28.06929081940502],[90.56399307836472,28.070233876246384],[90.53186048407287,28.07251046101031],[90.50201557474826,28.06788836048652],[90.47924610330028,28.06718670370254],[90.4652988461421,28.064906071779408],[90.45392911911566,28.065691499844945],[90.4285139026359,28.0727319231919],[90.42370837426542,28.073101968398834],[90.41577132961245,28.07369741041174],[90.39067477292106,28.071488906866954],[90.37556816824252,28.074231871525416],[90.37051211609744,28.077296970439978],[90.36382199687257,28.0887923045573],[90.36141559846573,28.096301699330926],[90.36094306643373,28.115532504967057],[90.37666744453539,28.150636105828053],[90.39315852008237,28.187380396806365],[90.39635669627138,28.19899132518932],[90.39807849758031,28.213228181365636],[90.3967228675631,28.221238058096727],[90.39018993409091,28.236027770104226],[90.37981680979824,28.24785608480516],[90.3576685693907,28.256588058225088],[90.35291397575821,28.25841856611896],[90.24258588285187,28.282872277133247],[90.21913669895069,28.285765549128975],[90.17051217180183,28.293127805383662],[90.16622649718084,28.295195486179377],[90.15403347258999,28.29693657167039],[90.0518690572946,28.311109341560954],[90.0145333468854,28.321742773710486],[90.00169595684736,28.32356337983174],[89.99905907443254,28.32266204948223],[89.99807902244483,28.32234796797771],[89.98856457558735,28.31578672716421],[89.97016014766453,28.29792130179483],[89.95366137459186,28.28813690625967],[89.95200555075279,28.287548891506745],[89.942172131117,28.284033947266224],[89.93102562118783,28.285073600727227],[89.92324327925184,28.294669508887655],[89.91794844193505,28.298321264593145],[89.90651054654663,28.30396162862064],[89.89825380831486,28.303842797321007],[89.88295380231916,28.290204449478388],[89.86791408258404,28.268040681506577],[89.85681925128308,28.256424961888246],[89.84823165415777,28.24997459864075],[89.84147742432293,28.24486585298201],[89.81764084753898,28.233418731476526],[89.80495908648115,28.225585205162663],[89.80118580976264,28.219423670080843],[89.80755484129516,28.2038125070089],[89.80001352329079,28.194403296455047],[89.7919702180574,28.189022483381496],[89.76477439474728,28.17564246091036],[89.7553647687043,28.172165572184223],[89.75226202334922,28.17101104427162],[89.73838425047981,28.170015712282293],[89.72617596321886,28.17535061868777],[89.71575642205696,28.17582996428728],[89.70686890892078,28.172329502771202],[89.69615322589719,28.17331272026788],[89.67763904972671,28.160011456027046],[89.66574239379509,28.154270009696813],[89.65720745855977,28.153455290621718],[89.64325430394193,28.15753855402448],[89.62531375772679,28.14977194108248],[89.6229194286239,28.148711525382446],[89.61775060382968,28.148724265149173],[89.60779513076675,28.15645457137429],[89.5997862620139,28.156163876030547],[89.59056295820396,28.147049114548874],[89.57868040107688,28.13027488586429],[89.56260130288621,28.11446328475579],[89.55019297808816,28.099523760408985],[89.53412869082649,28.092911231405203],[89.52274641927539,28.097064544337567],[89.52049256649998,28.096385536712127],[89.51490847090065,28.094694846009634],[89.49827192787401,28.07460012432241],[89.49397147450667,28.066343411735772],[89.4856604322754,28.055702263639635],[89.46528870869496,28.038083698205728],[89.4599367152123,28.031682144805995],[89.46674784353719,28.024798238191575],[89.46729908900352,28.018859578326584],[89.45609109904845,28.009448503209438],[89.46094056538215,28.002562972299394],[89.45819941494356,27.999443717472015],[89.45496653613917,27.995617229325898],[89.44844974481353,27.991694149758327],[89.43595322822804,27.98775081898039],[89.39310886771821,27.97989750309532],[89.38819194738485,27.980845450576286],[89.37968842122059,27.97937268437996],[89.36860872254934,27.973888560887875],[89.35662445703102,27.96371630538032],[89.34989287373969,27.95474085569385],[89.34767595259575,27.947041504178394],[89.34893061234017,27.940106511061465],[89.34947339752519,27.936535833171437],[89.36386886351622,27.903098782632107],[89.3767849932946,27.8875063485051],[89.37332790269873,27.875253716570484],[89.35802500572031,27.864699403777383],[89.32448552981894,27.84812966548338],[89.31973886289946,27.847038570060437],[89.30826329710338,27.845409780717297],[89.29462837566956,27.84494691177441],[89.28890271621782,27.841825281757153],[89.28008805056365,27.83201992425682],[89.26041616257994,27.814617801023015],[89.2501489279404,27.805683551597443],[89.23437604275189,27.78482117631544],[89.22711678289808,27.769824676035668],[89.22510327928025,27.765613538810328],[89.21450758584561,27.75086806048137],[89.21080056769341,27.736741533083947],[89.19980164518381,27.714634491745667],[89.18454033106845,27.690544102707538],[89.17780448568793,27.676708909326845],[89.17202111194261,27.66894205402465],[89.16153959882152,27.659312957806954],[89.1582024548962,27.656186291767558],[89.1303452956687,27.617306867167443],[89.12211159993788,27.615115998794938],[89.10950508703564,27.619414502559472],[89.09708533207511,27.620999852645234],[89.08556842246865,27.61933637505192],[89.07180702020928,27.61533846983475],[89.0603320534618,27.607287089964174],[89.05430034841504,27.600387716850786],[89.03284654896203,27.57618558840641],[89.02121282634394,27.567922454491463],[88.99904444474993,27.499675076181887],[88.9968699687253,27.496983823822173],[88.99394118467205,27.492812592189924],[88.98464555181842,27.481959239328123],[88.98001925692934,27.47251598168012],[88.98382548537825,27.45461861273305],[88.98288872566599,27.44799620136801],[88.9753339615587,27.43830732736098],[88.96797890069244,27.422525604091025],[88.96080442310947,27.387947389662198],[88.96141410390791,27.374605157864668],[88.96142725967434,27.373419255350445],[88.96790873071855,27.360477747637237],[88.97812547509673,27.346162389947178],[88.98444897814977,27.32680014883399],[88.99720248038211,27.307553154971096],[88.99603940027795,27.292670736338184],[88.98695530507636,27.279098258267044],[88.9795659036767,27.275276726493935],[88.97093967414466,27.27428965651267],[88.96666427096488,27.278051155199535],[88.95575752201974,27.28723952700014],[88.94329259449916,27.29263443454657],[88.93558207385722,27.292784298639997],[88.92623445400015,27.289586141283365],[88.9251427995407,27.291619564913844],[88.91219693461977,27.298494488166103],[88.90325974541335,27.300290105530863],[88.89459454849947,27.305049729433822],[88.89041531223592,27.309371190856513],[88.88158763772829,27.324982163389485],[88.86841949383422,27.333008068330095],[88.86215694993872,27.345247564458987],[88.85657700873935,27.349361756796814],[88.84054606219101,27.34901211230142],[88.8357599783523,27.351048844462767],[88.8227713110854,27.36247804916021],[88.82238932714388,27.362878701050786],[88.81091167811483,27.374986414658242],[88.79694495677582,27.396047595382047],[88.79315006200055,27.410932263308347],[88.78409667076332,27.428147131064083],[88.78197739067535,27.440628011962424],[88.7835277874859,27.479692797089147],[88.78410684102558,27.493666842864346],[88.77349077371387,27.50708489396779],[88.76743852388871,27.523003172214672],[88.76829181533874,27.527788803523464],[88.78686846128059,27.542771621539227],[88.7904598071519,27.55106635579604],[88.79795296063224,27.559935405379015],[88.80545782586164,27.577574794762548],[88.80550626760758,27.59055318289981],[88.80554132465878,27.592019865550736],[88.81399958263574,27.608426784741706],[88.83204289510972,27.618110917371958],[88.84084745924751,27.627166668871705],[88.84383360143205,27.63765111427019],[88.84044020668985,27.65477950293994],[88.84459339297803,27.663973077069706],[88.83711504777817,27.673743709322487],[88.83742225108813,27.678172189880875],[88.84812215934384,27.688690104721974],[88.85113881685177,27.6957068553661],[88.85440788034632,27.7035821142461],[88.85452699400811,27.714556906886138],[88.84697254623025,27.730799202158035],[88.84535525142437,27.74279736889177],[88.8497191449593,27.755305805840706],[88.8502250255191,27.778022020937964],[88.85353020325628,27.785717978241777],[88.86137893806414,27.7917044391617],[88.87310685332346,27.797891741768975],[88.87619869114653,27.80619408942138],[88.8766395808191,27.809362198352385],[88.87794371210897,27.817859517908335],[88.87539064892965,27.828805764337325],[88.87206083403105,27.862183758196803],[88.86787968430828,27.871339679685644],[88.84800919779231,27.893263393742686],[88.83686211686675,27.902130167096757],[88.83527766088766,27.905640591265012],[88.83999050036263,27.92294036832649],[88.84182566822837,27.92968836849632],[88.8425358464702,27.955162794787157],[88.83780266377039,27.98047951323666],[88.84258212528562,27.99468265306419],[88.84218956702495,28.000647806395786],[88.83031644831098,28.015521379302573],[88.81196802698605,28.028534872288954],[88.80627796887804,28.035185188205258],[88.79616783085753,28.047210886081817],[88.78799383158706,28.053314447498426],[88.77383328004478,28.058814494668923],[88.7603943663564,28.068159853211142],[88.72102948752813,28.078442648372786],[88.69054468941431,28.080529672278484],[88.6843405666917,28.079433730394587],[88.68204408387818,28.076266571799906],[88.67949634678016,28.072788530448324],[88.67357734098992,28.07346779387463],[88.6674509327548,28.088899980571803],[88.64919802384782,28.100079272693755],[88.64386046504028,28.105862146387352],[88.6387666664436,28.121262539789658],[88.63440082157784,28.126275835701684],[88.62961731381768,28.128580956765564],[88.62117881855166,28.127790850600693],[88.61635030513105,28.124339677912157],[88.6258225219342,28.1131458077888],[88.61955894868238,28.10254676946367],[88.61369369124579,28.097481603421762],[88.61324120456922,28.097140903899298],[88.60416910687587,28.095890224600893],[88.59029136109547,28.08890745759488],[88.57095789099822,28.08722883964862],[88.56155896178088,28.08172736413636],[88.5563429401335,28.062423953965546],[88.55586145668622,28.049755710167027],[88.5529794443537,28.039377749574243],[88.54996717355591,28.03673937764373],[88.5446070410515,28.035029947529296],[88.53508736973215,28.035075174687293],[88.51903412449161,28.041724237006527],[88.50749195895753,28.046395850984947],[88.49381377261956,28.04654857228931],[88.47407995658543,28.035661963768938],[88.44561702224499,28.008856517793987],[88.43492826430443,28.003147940351063],[88.4196616364484,27.999217586691564],[88.41541254457093,27.992279928849285],[88.40327219014365,27.986075889053424],[88.39971096937795,27.984171698393542],[88.38910893832126,27.983949903157253],[88.3693139254483,27.991751729108724],[88.35713806653379,27.99110775283844],[88.34346700578752,27.987497420748856],[88.33204946296112,27.97810557989986],[88.3206325909241,27.976749647403135],[88.30956417521571,27.968777425013677],[88.3004437170374,27.967309064881547],[88.29145994906736,27.968874837531853],[88.2825207972523,27.961129646615344],[88.27528660582587,27.96113171128739],[88.27342785817272,27.961124559955234],[88.25848133552405,27.94653001520326],[88.25124551413967,27.947078206838423],[88.24568160148107,27.951259421790482],[88.2370931296528,27.963568904914187],[88.22735115008169,27.96583685556071],[88.21491749469618,27.961209259888808],[88.20488655156832,27.961238883591744],[88.2005360497262,27.943219570045933],[88.18980575769599,27.945790743384176],[88.17137951576504,27.95550362667462],[88.17082577757272,27.955693414130042],[88.16053965678242,27.959151964148344],[88.14418856536827,27.960314565295487],[88.13516605222019,27.954644081246386],[88.13255409837447,27.949494270957207],[88.13596582439234,27.934664408912425],[88.13136201003707,27.92701719970568],[88.12424722094258,27.919534282592686],[88.12321106869771,27.914258751212195],[88.12842486309765,27.900251470759756],[88.13763438957854,27.889047146498605],[88.13818862870231,27.88355736051779],[88.13493875743988,27.879040096183868],[88.13304115587356,27.875003386566398],[88.11300258271856,27.867096535704352],[88.08730330836288,27.870199773669658],[88.07852008714053,27.874977411840327],[88.0700997468088,27.882643364692196],[88.05801636270594,27.898977709160594],[88.04832283601249,27.906264113046486],[88.03844377655857,27.91132784798536],[88.01812337284926,27.915882840285754],[88.01746924990113,27.916056463635165],[88.00587782199445,27.917198458805448],[87.99859073691793,27.915894294653512],[87.99476257902103,27.91119195621884],[87.95541304736268,27.880170694293092],[87.93960370697864,27.83987998088541],[87.92987918858398,27.829507250539773],[87.91722401364729,27.816210461452638],[87.90354853259565,27.810708238638945],[87.88085395837848,27.81166826210262],[87.87333105290686,27.806385234355236],[87.86872073392618,27.80777232785714],[87.85540803481898,27.823900935623506],[87.84615942351495,27.83096722506672],[87.83137388871144,27.83470227203257],[87.81438226430184,27.83653726204484],[87.81153564859416,27.83527071216778],[87.80832368902571,27.83376423639646],[87.80318958626775,27.82894012999944],[87.79847185296178,27.817870314875183],[87.79431679947425,27.812283545118163],[87.78994003045422,27.81196637028735],[87.77447233040176,27.81860555820902],[87.75922594294208,27.829301615415368],[87.75037011458339,27.833312986151327],[87.74071339128842,27.83253399019148],[87.73347436631457,27.826370545019948],[87.73036228334878,27.814541666025484],[87.7248487287033,27.814226802165628],[87.72119464855822,27.81804466927144],[87.71867324386535,27.82963154620049],[87.71784195518583,27.8306903229875],[87.71498812845344,27.834633380060886],[87.70376445914228,27.84220327524745],[87.69478298887562,27.84372145623],[87.66363642847783,27.831604128488244],[87.65011994402313,27.832039795619405],[87.63454099971258,27.82062276053909],[87.61218485348053,27.81005508478782],[87.59880429246368,27.811877824890075],[87.59406534428092,27.816436038342484],[87.59227113533785,27.818165495182395],[87.59143229335808,27.82233295445598],[87.5891419410097,27.839353541052684],[87.59030348842946,27.85975421293928],[87.58622378421873,27.866154161198164],[87.57933055099453,27.867535848885364],[87.55921155854236,27.86325932329329],[87.53851838304143,27.846994369636196],[87.51557987609472,27.837778935835544],[87.51209349276701,27.837134595518602],[87.49350722876898,27.83400235565888],[87.46267437627414,27.821964922871018],[87.43996211517214,27.82237591871532],[87.4242558476361,27.82847522301578],[87.42009945525741,27.833669383013948],[87.43018209493063,27.839486035870213],[87.43047671944896,27.84566409279601],[87.42442557581538,27.85000733723241],[87.41836809328723,27.851329500234385],[87.41643590229633,27.84964879523117],[87.40963959442728,27.850029096627438],[87.4032617449322,27.85038425436919],[87.38411726228368,27.844399129240788],[87.35474896013328,27.830276224889182],[87.34311258859366,27.829053720785474],[87.3118047835329,27.834560526693558],[87.2834688444778,27.842184330654487],[87.2746526533607,27.842323331957843],[87.26956672957273,27.842420867825428],[87.24484787792325,27.828372873928288],[87.24099152606419,27.822991274620456],[87.23301541707423,27.81703683580814],[87.2122393128012,27.82055159066155],[87.18866385257174,27.818574824920397],[87.17726624274502,27.819204070578003],[87.15527606004174,27.824068784301733],[87.14505597117699,27.827998613720073],[87.136919821228,27.823841711773124],[87.13109372573805,27.827017517022274],[87.12702557762935,27.83469004232804],[87.13303866120253,27.841616377137747],[87.14710336668831,27.85012099958165],[87.14991775228242,27.85552064876113],[87.14815431138396,27.861552292142317],[87.13591704002516,27.873211735385837],[87.12669684629255,27.87977436676157],[87.11320740446413,27.885460964482604],[87.09399995452058,27.890767338456257],[87.08718571841442,27.898175545696976],[87.06417093814716,27.92327585958338],[87.05102978066677,27.931209996831633],[87.04353410222446,27.93887130673886],[87.02217557500335,27.952423390764793],[87.00983654412464,27.953983685776954],[86.97577323637022,27.95144799306754],[86.97105072902151,27.949761059004217],[86.97053146341698,27.949767799248274],[86.96027992919852,27.950748048453274],[86.93499899957142,27.958699950640877],[86.92306773436867,27.97707458381214],[86.91757211643325,27.98203485155034],[86.90676548378195,27.988597033348853],[86.88071441308331,27.99815213081375],[86.86631720119522,28.005495316017736],[86.86099942920836,28.018448901049133],[86.85830620135415,28.025331953868367],[86.85160343647514,28.027618976945977],[86.8472264329327,28.027723942351862],[86.83888759302694,28.024979832445336],[86.8187872394663,28.0150799679591],[86.81349543378754,28.014117163489008],[86.80505002354313,28.014832463146206],[86.79717117714071,28.018754190579724],[86.77276243595237,28.04247746652872],[86.76964442880549,28.043977732058817],[86.75555662000193,28.04046172958435],[86.75000930122997,28.04412456273455],[86.7464788792348,28.049036193163026],[86.74412504371004,28.052310519363402],[86.73851972278737,28.093417927442644],[86.73307574344463,28.100485362475375],[86.71981468760073,28.105253239445013],[86.7020770679983,28.107630707459222],[86.6786988346484,28.10577419019192],[86.67153619008577,28.1028470356878],[86.6611584378519,28.089678016527515],[86.66011903427282,28.088223360198395],[86.63476975126713,28.075679503094566],[86.6275022127281,28.075204312717428],[86.60322353002026,28.085363081588486],[86.59183239530999,28.084748830133975],[86.58238242486149,28.08088442612812],[86.56842969180461,28.068481591799046],[86.55551485926392,28.048828632587046],[86.55011828108367,28.043987950082435],[86.54824193669211,28.042575123630105],[86.54084270697896,28.0373991911113],[86.52435597072127,28.032993149805023],[86.51370364917476,28.024613436128398],[86.50559827722395,28.00969496976653],[86.50611946821152,27.995670884296917],[86.49943845618124,27.98089733556157],[86.5001809500952,27.974057248170116],[86.51849378110354,27.959256577588526],[86.52148041385747,27.94967643916885],[86.52544086819717,27.946674176932483],[86.52680694921429,27.945619995309464],[86.52940182292991,27.940281140851425],[86.52711453514752,27.92725120803615],[86.52382254494395,27.922300653902322],[86.51698349862632,27.917946763717726],[86.5105318087835,27.919522894244317],[86.49817057343868,27.928355804032694],[86.4837324805593,27.93381440647433],[86.4728391701563,27.934826037290172],[86.45711284911471,27.92842480302154],[86.4298006738486,27.909895167160553],[86.4265862741786,27.909903611797237],[86.41870027349219,27.909949603181815],[86.41151861523603,27.91249721546767],[86.40505933759796,27.919383052252325],[86.40379068682837,27.926227503610487],[86.40749857447395,27.937394350263894],[86.42196014372041,27.949180970253277],[86.43049815445944,27.96152586074344],[86.42584757550578,27.965783937037116],[86.41968617366223,27.96694610280577],[86.403337496814,27.964374624774692],[86.38756276200303,27.95914753912493],[86.37609743611597,27.953178945627545],[86.36228580386522,27.94607895400516],[86.35339780461008,27.94402641808546],[86.34762664548582,27.946258958550008],[86.3286040683904,27.971366930099812],[86.31915359132945,27.97572560889252],[86.27503076965455,27.979704548336887],[86.263628733021,27.97822697871456],[86.25349691983213,27.978064240577392],[86.23747002682012,27.97781489453893],[86.22360851597458,27.980957538672094],[86.21478957213023,27.987616344909025],[86.20742549896725,27.999015051306635],[86.2028580271984,28.010431259462624],[86.19881502507005,28.05604115834785],[86.19198429413002,28.070187668589927],[86.19160491599892,28.072873262341698],[86.19097430427823,28.07670780208726],[86.19716335525561,28.085461834144986],[86.20887160866596,28.093687333074392],[86.21066039379231,28.099766417620778],[86.17546025261191,28.147123998601074],[86.17720843347381,28.15860395240104],[86.175264367925,28.16368076855811],[86.16589916406028,28.169877007712262],[86.15892886814514,28.164198448286808],[86.15020675672939,28.157028992275464],[86.12840325365313,28.13415086586559],[86.10205439284832,28.112138245751094],[86.0786039698215,28.100148135915365],[86.07530952373315,28.08867279034403],[86.07395536763984,28.07074406411836],[86.07160317728471,28.040355498989815],[86.07826306370885,28.01242734194943],[86.10610809964315,27.988678796811335],[86.11304398360484,27.971249983681137],[86.1119398186514,27.961614679229754],[86.11404743056109,27.957206669318584],[86.11583860612981,27.953294687523982],[86.12380082939264,27.94346923328918],[86.12596230133519,27.93833649289424],[86.11840072409821,27.93071307724601],[86.10075214757254,27.919433233407226],[86.08416995120423,27.911818257169532],[86.06396357358463,27.908439149673818],[86.04429981014982,27.908727149761763],[86.03017875160823,27.91115877749666],[86.01945448327533,27.914173952481615],[86.00298770813274,27.918767013258808],[85.9893977911351,27.923946001075883],[85.97576685203849,27.933061416887696],[85.95976056464035,27.935067791756158],[85.95476679814755,27.93888390982321],[85.95177157098595,27.94304526899823],[85.95247889711122,27.948763897021994],[85.96518743220985,27.965454012052405],[85.9662027956028,27.972601277289215],[85.96291766465359,27.98276715251866],[85.95352090884103,27.9938039525469],[85.93996924019943,28.009993134618053],[85.91098031384215,28.05781852054055],[85.9097453583484,28.08585602264406],[85.90504228152275,28.09907612946734],[85.89921639370179,28.107515836063072],[85.89386649502839,28.11521213168234],[85.84093102716785,28.152547385836108],[85.81429264100139,28.179111450718132],[85.80468292752845,28.18624842802554],[85.79516028500873,28.18973108597785],[85.79374058641991,28.190493406457392],[85.78420282243067,28.195898760532383],[85.7746390217639,28.206526976906037],[85.76883956257521,28.210104662194784],[85.76176616348747,28.20960822661996],[85.74196110380208,28.197171940657334],[85.72976345624564,28.197706973260562],[85.70524289859618,28.21553831385149],[85.67696159315187,28.23151590673638],[85.67564040084959,28.232294162631778],[85.6546707181456,28.252754892316126],[85.62853451910837,28.253594371415257],[85.62146524133047,28.259053263284862],[85.59048810983282,28.300593660490463],[85.57508923464168,28.305965554588937],[85.56449951647717,28.306263784538327],[85.55291028814246,28.307587248583],[85.54872871867504,28.311490098515833],[85.52486344597683,28.319235936044112],[85.50607968290926,28.32981784645879],[85.49777929426665,28.33149128922627],[85.49146922072347,28.32783298717445],[85.46126365020136,28.33148877501627],[85.44239540198268,28.331076587621904],[85.427289293932,28.328673538450296],[85.41930808450745,28.325051003984356],[85.40980148019646,28.318082861530325],[85.39544266169912,28.29981187905618],[85.37096674122563,28.27817526180149],[85.36685490060992,28.284605414820454],[85.36262806729572,28.287024485086604],[85.34794866780747,28.290942160249006],[85.34112461999108,28.30053820011585],[85.3292360546503,28.298701045512605],[85.31631926749466,28.290897104583603],[85.30077324139403,28.28500958660635],[85.27430695453096,28.28442478977763],[85.2519984343489,28.281638307167277],[85.24559305214241,28.284533986564966],[85.22986835989579,28.309724663984316],[85.22159925788263,28.322935039367998],[85.21233000929772,28.33458913062532],[85.20392297299017,28.340246347454926],[85.19825937595833,28.341712052163913],[85.18855861091511,28.338966722492163],[85.17458299635653,28.33169092536286],[85.15108034333214,28.324540899027777],[85.13944217745119,28.3252074665055],[85.12139103366076,28.328761109822796],[85.11370718391899,28.333073422809875],[85.11241387536961,28.335044646814282],[85.1101709267778,28.338406094675097],[85.11928323273345,28.38099005412887],[85.12225656302664,28.384828654077644],[85.12853570975795,28.421205968166493],[85.13876144687195,28.45681738438304],[85.13922035109064,28.457542081382712],[85.15346481690301,28.481293685995876],[85.15464269209733,28.49738162269309],[85.17471878662924,28.553735101671837],[85.18531301165494,28.560397472753685],[85.18614736977537,28.573483601487528],[85.18156084419438,28.588721800539847],[85.18110997519696,28.601027445624744],[85.19042011884044,28.608284170218305],[85.19195328283362,28.617915255838852],[85.14996510379132,28.664644769137137],[85.13410848687428,28.675115690012262],[85.13027004083042,28.677640923205477],[85.11411099744524,28.678605997900867],[85.09553177531404,28.676016265704806],[85.0698813952627,28.670045795021146],[85.05303226879772,28.660968392090904],[85.03757925252104,28.647733664140063],[85.01510967790077,28.62332247801945],[84.99885137165083,28.605528717196197],[84.99751161559324,28.604094321736806],[84.98785261283315,28.600610698209593],[84.97742352315625,28.601301228757674],[84.95741858429675,28.610635503137892],[84.93714802584799,28.61395244554944],[84.92377143124888,28.609791646482122],[84.91591272973292,28.60534170265712],[84.89525798610423,28.589395026117284],[84.8947381435621,28.588933688698937],[84.87898745760329,28.585529866794637],[84.85702816690709,28.56805147899894],[84.82957965080485,28.586664823375383],[84.82012956878822,28.59073224398773],[84.77108500882578,28.59824430131761],[84.769435792178,28.598127489404032],[84.73855779512627,28.596629577829226],[84.70759700767617,28.610444805037243],[84.68946088987346,28.612639484961413],[84.6852156618003,28.620771384025183],[84.69007610500067,28.63029296507775],[84.70025887583122,28.643449716171816],[84.70181244111674,28.655855051696005],[84.69931882562219,28.659715429889918],[84.67642507507153,28.696302524058],[84.67688497978864,28.711078305518875],[84.67159035132352,28.71874176093075],[84.6563811023437,28.726152873612428],[84.61911210153664,28.73797032161956],[84.60730386464915,28.739479182735757],[84.60534551932871,28.739762933269507],[84.57491649201076,28.72784231728625],[84.55610404813405,28.72309956855064],[84.52839757710429,28.72259434540456],[84.51271656981564,28.717501647817617],[84.48057831283664,28.725353311545202],[84.47248209144095,28.731483096058557],[84.45982431821284,28.741271030507733],[84.44756650168749,28.744609777884357],[84.43790252069142,28.741996628024133],[84.4321532116369,28.742311373712685],[84.42290212558261,28.735822924656116],[84.41778732010513,28.73698923038041],[84.41574106386955,28.739366470838583],[84.41482353944885,28.744892357484154],[84.4191790255779,28.759018733194146],[84.41909863515261,28.76846558667788],[84.43234460300427,28.791031634125623],[84.4336339666981,28.80394546882421],[84.43422649899627,28.809749637535],[84.43149792210724,28.819716220843347],[84.42547400877355,28.82852265554797],[84.412149065312,28.84314324197564],[84.39850983289408,28.8521018212547],[84.38573971391438,28.856168276004077],[84.3738471051048,28.857916004000913],[84.34359912797251,28.85855608595164],[84.33498736932074,28.862378129049148],[84.32714620017514,28.867353101777706],[84.31160468377577,28.87714419210392],[84.29772178005005,28.877963812176617],[84.28641053748886,28.88247524822293],[84.27974667733292,28.889503744674556],[84.27143451566347,28.908443039648155],[84.2680774199981,28.9101150717669],[84.26619187453974,28.909213093315675],[84.25922615001471,28.913153035714753],[84.25396584302865,28.910979647446503],[84.24011101289359,28.90950179649331],[84.21884433393728,28.901311456585038],[84.21158005504867,28.900875032677924],[84.19717395791884,28.89993173067549],[84.16146697490267,28.884528962743946],[84.15025654948869,28.884728237754075],[84.14438753215572,28.889326674151835],[84.14375842808104,28.900878861333513],[84.15282567777054,28.94796555690102],[84.15373915479414,28.950249546890365],[84.15686109092898,28.958550787474255],[84.16759132308876,28.975347290041157],[84.1662375799857,28.98685350181683],[84.16189550473534,28.996790794395515],[84.14963815510376,29.00846423154332],[84.12271653525193,29.028693736383957],[84.11636310732192,29.041193195642457],[84.11658838823729,29.049686939615523],[84.11968270997436,29.055961285922994],[84.12115084128776,29.05899172379092],[84.13444632170376,29.072683898629368],[84.15110478652473,29.086450028476612],[84.1564013709862,29.09322503521021],[84.16159714933656,29.10769568964512],[84.16057883362383,29.124680296774482],[84.16459411064565,29.14480680146634],[84.16617991761363,29.168795385552205],[84.16725443526937,29.18543301314721],[84.1723780320344,29.193365981774306],[84.18982346838395,29.205335689367814],[84.19597472134971,29.21125416989843],[84.19446852745294,29.21951303673669],[84.18886084731119,29.22554012412722],[84.17351275795502,29.230764845821014],[84.14663988157454,29.23384102498292],[84.13543989081559,29.23808941765181],[84.12836143212795,29.243197338600154],[84.12399115642383,29.24633077605868],[84.10037106921979,29.272960352691076],[84.09496535954398,29.275991510089725],[84.08683037833732,29.277227205025614],[84.07576851886225,29.272773059508854],[84.066812256605,29.272200884255422],[84.0484121346269,29.284095312347993],[84.04057113075238,29.28584211832531],[84.03345963957874,29.28294959988777],[84.02185150905827,29.273887459985488],[84.01637402545435,29.275065150234514],[84.01295392449093,29.276903799980108],[83.99687854821946,29.285369683430403],[83.99620706591399,29.292315560192716],[84.00068250416503,29.305369487739338],[83.97164678498251,29.315259373789647],[83.96460300895451,29.31421233373321],[83.94799607654896,29.3056732244625],[83.93097906901555,29.310647890923462],[83.91693071567546,29.31305616657924],[83.90504757406056,29.31146159712613],[83.89304180031168,29.309934443789494],[83.8753834502528,29.304767642067883],[83.8314210216907,29.28250001066347],[83.82049129031489,29.26995821334962],[83.81272723721575,29.252408857550705],[83.8016075434504,29.243594735927843],[83.79413845227288,29.24089271353017],[83.78425508032838,29.23727276218256],[83.77561086952396,29.237562774627463],[83.73695179480387,29.2448332040943],[83.71790991983347,29.24479642523467],[83.71107142163682,29.242116533607113],[83.69707948119233,29.232559152348035],[83.67616395314364,29.21230326525369],[83.66713080163638,29.209109264366194],[83.65964676337873,29.20648589601288],[83.64825378752259,29.196312576861445],[83.63810172321266,29.174974559348303],[83.63126521847151,29.16980595828922],[83.61996809785387,29.168472258347023],[83.60464009053226,29.173445246123503],[83.59137253525955,29.178627350895503],[83.57059838030632,29.19211535964266],[83.55719747018081,29.194050418286057],[83.55494621525798,29.19499769979347],[83.54735211724027,29.19822972977206],[83.5319752561825,29.20750682177649],[83.51804462788407,29.219818809976683],[83.50198428837797,29.23714530549633],[83.49477780669343,29.254609791405144],[83.48469151280034,29.265083387908682],[83.47587953075,29.272215434484256],[83.45486026673431,29.27984724566447],[83.45136042570675,29.281104217690782],[83.44114154468457,29.288331029563803],[83.4332909856951,29.314036598796932],[83.42808547470845,29.343468996048692],[83.42261790931938,29.351978035723388],[83.40261625272892,29.370005994509444],[83.40041163099121,29.383556797729597],[83.39760181747913,29.389543136881485],[83.39265571426752,29.399714671020277],[83.38389856442329,29.411909252643984],[83.36662061455314,29.4242059544749],[83.35884914753437,29.432543854292813],[83.34795165062906,29.440645425567308],[83.33148803827893,29.448498092945243],[83.32625345991674,29.45520989579465],[83.3252974963117,29.46550702695092],[83.33126969599839,29.484773895223572],[83.33078279382734,29.487897759020548],[83.33023894492628,29.49165418602605],[83.32330086093431,29.500427168108217],[83.28614909590337,29.514665842634937],[83.26039432729252,29.516850757948415],[83.2533993022881,29.521288148859664],[83.24873374201424,29.530682306160774],[83.25266629397647,29.56187846077314],[83.25054195005966,29.565972160457115],[83.2459312258841,29.57473291421836],[83.2370882115353,29.582581491446913],[83.2111858529014,29.59466082546931],[83.18883758941578,29.601632814474172],[83.15736395740085,29.60112575016478],[83.14717394158411,29.618178526950487],[83.14093228220514,29.622113723989013],[83.13448855257872,29.62233109272983],[83.09922718326916,29.623647122000037],[83.0751203979312,29.62952115607121],[83.04787209501862,29.644525887523116],[83.03738081244161,29.654891968731235],[83.02065403019037,29.663026440969436],[83.01169261280563,29.663480925037014],[83.0055845903105,29.668080210310332],[83.00093524178985,29.67158512556858],[82.99284936355393,29.674785033412554],[82.97682967067568,29.673302978699894],[82.96819883264874,29.674922856940984],[82.93695997219065,29.689952013441342],[82.91786116290115,29.701748034109325],[82.9096407766705,29.70381275485276],[82.89209932468124,29.70524043116178],[82.87276676127084,29.70456510668508],[82.85267883385438,29.703921652517273],[82.84108417445906,29.70945714267354],[82.82415393080777,29.72948812764961],[82.81497226794117,29.73595752991062],[82.80148247406053,29.740564137906954],[82.78390449330938,29.744085953619816],[82.75687291919576,29.7546614300152],[82.7500981133611,29.75967046402903],[82.7484861406071,29.760915839448668],[82.74383644649674,29.769565384125407],[82.72859229491166,29.787527873761647],[82.72495843655062,29.806775098067373],[82.69921517446787,29.839218601961964],[82.6858321729484,29.8497249657384],[82.66834704749476,29.858772870137102],[82.65980206850737,29.863151202153883],[82.62693408617389,29.895274577846443],[82.6043319920611,29.91296080414717],[82.60141745944321,29.91863873640196],[82.60013336584734,29.932185818877176],[82.59461618645354,29.93799051330194],[82.58702044209689,29.94236968981325],[82.57912400584097,29.953037744337074],[82.56731075680725,29.962742355708983],[82.5540987841897,29.968487070885534],[82.52745532603225,29.97560407111658],[82.51588624345871,29.982776774649132],[82.50235530416118,29.999587961704886],[82.49637894421917,30.007046266526235],[82.48898794439485,30.00824060353139],[82.47990788774527,30.004588088926994],[82.46927747730832,30.007067123775023],[82.46130982814893,30.011181596630816],[82.4589538805743,30.012367498542364],[82.4505196920084,30.01463958162006],[82.42984210958662,30.0118856988611],[82.42950127468526,30.01393435657635],[82.41818438055022,30.024463173649938],[82.4048983906677,30.02999508749362],[82.39443163056791,30.03066010044584],[82.3840797621633,30.029322263094052],[82.36984891507988,30.035949947128124],[82.34268821776142,30.041638064607444],[82.32978141903803,30.046134134258395],[82.32743987164132,30.046860451777025],[82.32105779352163,30.055335846244823],[82.3108379679226,30.060186036641813],[82.29659701725693,30.062477768375675],[82.27807382758306,30.063169493744187],[82.2632843820765,30.069029483269098],[82.25064605022547,30.07642619382404],[82.19859295634296,30.09142859799411],[82.19624902572468,30.092152177714926],[82.18677668888255,30.100090679131522],[82.18512543915963,30.106110177391486],[82.18782152546792,30.117795541445613],[82.1959022589513,30.130199273208795],[82.2077626371628,30.15662095192628],[82.2073882455209,30.175601511131042],[82.19728534328107,30.19832727865321],[82.19092081821958,30.204684225767885],[82.18515420105034,30.21042511880708],[82.1636773706301,30.22210847703635],[82.15766122689689,30.229915385188246],[82.14048246249163,30.296592003191268],[82.14389463961612,30.303724352430027],[82.15348209110479,30.311089943666946],[82.15499827464237,30.312224231443004],[82.1576457339061,30.317452514861937],[82.15739244490483,30.32071497725714],[82.15203573197188,30.32570931620041],[82.14681772499506,30.328246295656278],[82.12901685209616,30.333489698203177],[82.11666433904676,30.333019889478496],[82.07938084678524,30.335146885589424],[82.06924162280359,30.33834196211851],[82.05160003638575,30.341029223518277],[82.02958644716227,30.340065427810288],[82.0179951809053,30.33955538972828],[82.00500350731659,30.33516896026303],[81.97935732163617,30.34146835213307],[81.96130709696001,30.351794290650787],[81.95315556383555,30.354003416174354],[81.90608443908548,30.358689595672207],[81.89069948292043,30.36172205398493],[81.85333422122916,30.369012770435837],[81.82798521675403,30.376448534684574],[81.76342224803909,30.38459389294338],[81.74882215627682,30.388230910194082],[81.72357268525535,30.394469337178524],[81.702651738956,30.409055609284707],[81.69202325259671,30.413871722557573],[81.67503296815886,30.41829909885208],[81.65465579139214,30.41981531405644],[81.63950472430946,30.43069820620321],[81.63281323297369,30.433004339368484],[81.62090228174127,30.432022135641677],[81.61766197381478,30.43089290898982],[81.60325024494486,30.426167564555275],[81.59291626900527,30.430668227414014],[81.58392489375643,30.42623035968081],[81.57826062456726,30.412710858543225],[81.57928609153403,30.376704259076504],[81.57488881436548,30.370909986086126],[81.56275369050331,30.37226967995905],[81.53406983572198,30.379140326594342],[81.53013839886377,30.380076792853234],[81.51739885200723,30.38545472037205],[81.50697154140433,30.39407651299591],[81.49352644294574,30.41672741380392],[81.486364804194,30.42104821121823],[81.48103513263706,30.422338466305057],[81.46626432465968,30.422681625651382],[81.43165482032838,30.418804913055187],[81.41260819206254,30.414840198041194],[81.4051733600904,30.41329161433417],[81.39628300125645,30.407013628953028],[81.38947533927349,30.396466590997548],[81.38515048132909,30.380627563462664],[81.38813887236829,30.352389973494102],[81.40257240943183,30.33050436460345],[81.40801171458885,30.31633188757831],[81.40973364525074,30.304611247890236],[81.40954989170189,30.303742999590728],[81.40824841649885,30.295448865870767],[81.38962382257905,30.251536565965417],[81.38743048017747,30.238443000168687],[81.38844288296261,30.215227844187673],[81.38354484431909,30.20332003564359],[81.3666264864406,30.187143459265435],[81.3595093081255,30.18039541715265],[81.34439138008311,30.158685899504952],[81.33684525423142,30.151568528057282],[81.32022908608364,30.149097597019583],[81.2901388101525,30.1527432282133],[81.26271955003493,30.14402519326024],[81.26372866603134,30.12845840802228],[81.2650187233884,30.10852094256625],[81.26353920734502,30.096766615830234],[81.25708706412286,30.083226359516804],[81.25753789189696,30.06735556970923],[81.25429631752266,30.05725895067462],[81.22867455402906,30.035980771717462],[81.21106232405225,30.031431733542462],[81.20361658152886,30.030412702974168],[81.19680393616906,30.029434645172657],[81.17723124731369,30.039604757504726],[81.15552269507025,30.04858173262597],[81.13160389417102,30.063734154391362],[81.11646278413647,30.07114240899944],[81.10271999861449,30.07330629180086],[81.0944821380108,30.07876017983642],[81.0890453061415,30.08942422391839],[81.08888602081888,30.095206808937544],[81.08801177624935,30.123640754294236],[81.09608212241416,30.135598944361575],[81.10094425674554,30.15010696029349],[81.09280909425061,30.16638364452426],[81.08103677736906,30.179950505018834],[81.07144268941683,30.185208972638286],[81.05404860728636,30.20404370154128],[81.04406128609958,30.21586369774398],[81.03906860522504,30.237605069533213],[81.03343024577268,30.24554721862593],[81.02107232662509,30.256216728368834],[81.00620818070252,30.259521867531678],[80.97036775726627,30.27082774270198],[80.96029730310947,30.274685882928143],[80.93510424989313,30.28418602720309],[80.88497629175316,30.29741092100611],[80.86771109252723,30.29741794315116],[80.84011364348125,30.30583296226032],[80.82434478562136,30.315111520869493],[80.8121031200372,30.3222807088317],[80.79548824033336,30.336269848865722],[80.77461397029704,30.36883071602475],[80.74933271662891,30.393518336444206],[80.73018421709754,30.40058590640776],[80.7253257426067,30.403145191175994],[80.70906976505424,30.41138485085841],[80.68638948533882,30.427847824698436],[80.6463746078609,30.446582360117347],[80.60218297965861,30.469856026704626],[80.59000364166732,30.476282970909345],[80.58020916971614,30.47574091421141],[80.57208117666072,30.471031046984297],[80.5608457217499,30.459644472165987],[80.55036969026813,30.45812073948795],[80.5434429781423,30.460319532485276],[80.5339689298566,30.470744315286794],[80.51951306452703,30.4789826507257],[80.49799227476504,30.48402759616634],[80.47809005202646,30.49089806172126],[80.44839608494243,30.50118685687948],[80.43273192588215,30.514514371894897],[80.42216842897864,30.51434729625865],[80.41336426009353,30.51881214460126],[80.39357183264399,30.516176122366623],[80.38737412661992,30.518433267097915],[80.36859141883853,30.531631153546495],[80.35490911335445,30.537896367176923],[80.35132991141883,30.54044458237118],[80.32916172834797,30.555858641755005],[80.28836224994022,30.567577043339572],[80.26739742732217,30.567715950057902],[80.25159927243176,30.564727718084825],[80.23873252902132,30.5725467135229],[80.21846203604166,30.57865296813818],[80.20346695884494,30.584154457006733],[80.1986148452905,30.589101609057394],[80.19386236236625,30.597675982029376],[80.18370922684025,30.61588430096089],[80.17473141705455,30.62658382271961],[80.16158625432223,30.635260564192],[80.1555503945042,30.64410760088424],[80.12904602395075,30.66427637381961],[80.12105136045982,30.66880970231056],[80.11964417643976,30.67238411174419],[80.11098589919008,30.67982243421574],[80.09829207678916,30.68766891112363],[80.09670549767388,30.688245181798465],[80.08629197225285,30.69178346546409],[80.06527605327354,30.691234146708076],[80.06053494527394,30.693613090934765],[80.05365291969481,30.72631181714078],[80.06086981136599,30.746574629864014],[80.06198204476769,30.7590231459709],[80.05489581479648,30.77447823914554],[80.04929915215779,30.78323381830688],[80.04533371376688,30.789481575729162],[80.03557401130668,30.797969249254546],[80.02285522941709,30.805805856773],[79.99819094848222,30.827841113634626],[79.9900194696585,30.835011556624686],[79.98615212261193,30.853761819762017],[79.98069744307577,30.859865593848763],[79.96669820949418,30.86898844680092],[79.9556253769582,30.874224127160993],[79.94519435602432,30.876641584785276],[79.93493154214578,30.88242409957295],[79.92392940061076,30.897382107775357],[79.91771663293788,30.913765628135373],[79.91281004230781,30.91804662196313],[79.8991998243193,30.92049982081656],[79.89568019412903,30.924161666126093],[79.88775096758671,30.956070155746175],[79.88026722107283,30.968381086784962],[79.87808344074237,30.969101199429026],[79.87271266461613,30.9709671419849],[79.8452970611377,30.971107330470804],[79.82946585150307,30.97861227079438],[79.81793025304638,30.982072027783225],[79.8103108006912,30.979183940410532],[79.80386363914266,30.978866811074486],[79.78962614729477,30.985425331545983],[79.7806301099019,30.984172523794072],[79.76638600135416,30.99710908322206],[79.75689098546718,30.996761476248572],[79.75211454617957,30.99385241118837],[79.7481037311634,30.989170509745694],[79.74126766980243,30.981271471524312],[79.7286041680967,30.976702839923643],[79.70533904798225,30.972551694933347],[79.67517428408723,30.9751863466259],[79.66865129782612,30.972994326384967],[79.65811332880172,30.95769492134635],[79.63938874357088,30.951579075927626],[79.62483277812255,30.940467550972855],[79.62245369849036,30.938641239732902],[79.60910535495113,30.941584155415978],[79.58402591241229,30.953842592668654],[79.56740876231164,30.956051030132592],[79.56392132709153,30.959898467237462],[79.55517296409269,30.976451039885117],[79.52844382608411,30.998142125287654],[79.5211251881865,31.01427310122409],[79.51828631678366,31.020578662488784],[79.5087486389752,31.027698100792747],[79.49566719387369,31.030413755634083],[79.47800817607047,31.030991338269683],[79.46183529976872,31.02995595327421],[79.44631515445634,31.02508451587901],[79.43669517356487,31.0244054675548],[79.42947595236006,31.027227142286605],[79.41190597070627,31.054382326611638],[79.41471346965068,31.061122617867547],[79.41612049602995,31.064308276213517],[79.42048542308305,31.06991698533214],[79.41877918339013,31.075365268360553],[79.4058893381452,31.08579892937292],[79.381786948835,31.099542719999754],[79.36371098506515,31.099176682988965],[79.35196738198505,31.09850986213235],[79.33836014002608,31.10328785433071],[79.33179009688321,31.101675355008965],[79.31995465512215,31.09573325170739],[79.31362039252438,31.09454484841266],[79.30490588386567,31.099421618589993],[79.2953219417899,31.10048611209982],[79.28729424261155,31.098417838196916],[79.26183662877366,31.097662826710856],[79.25445010099052,31.098980736975854],[79.23090803717855,31.107964398789143],[79.2242694149851,31.10887571962894],[79.21556994084706,31.104678645423363],[79.20328383691201,31.105887348033807],[79.17544517730403,31.10274617440312],[79.15139999940902,31.112127931654502],[79.14279982955709,31.112989853422764],[79.1348715708621,31.115767409811426],[79.12558430977842,31.11492707272185],[79.11088714774286,31.12282194374844],[79.10027203673646,31.125325912562456],[79.0680002239474,31.128753956036835],[79.06233804300338,31.123620001757597],[79.05337068873236,31.1204629779432],[79.03937511197397,31.121196488357995],[79.035391562558,31.12321250824995],[79.00110510272323,31.114827882139398],[78.99377008570303,31.13665310066142],[78.99029244656289,31.145495805669213],[78.97319092748073,31.168184148411925],[78.96971118071609,31.17118844334366],[78.9444375733575,31.192656200037348],[78.94209577404064,31.198607410753887],[78.93981817077041,31.218750734771906],[78.93569577786286,31.229576592646094],[78.9196746719284,31.2395353631132],[78.9088986342786,31.250229205215028],[78.88658896017007,31.26847648577376],[78.87946553030373,31.274259354210745],[78.86587944611736,31.299134769216582],[78.86086677556436,31.30243499939852],[78.84997481680314,31.302164115196536],[78.84185707797546,31.298728395338593],[78.83738206609195,31.288064187314706],[78.83209481039083,31.287778593640386],[78.81206822425001,31.293379244374957],[78.79533231946502,31.292503100068945],[78.7844650556313,31.29862706229169],[78.77807544647774,31.304481571391555],[78.77171277011372,31.310249382025987],[78.76794464978747,31.32022827887645],[78.76546517028756,31.343572395684475],[78.75871987527306,31.355276871864564],[78.7649621876893,31.379511495779997],[78.77586116206858,31.40499807807174],[78.78677870520968,31.421588977001647],[78.79134453059615,31.428566770329837],[78.79477650291899,31.43667425610966],[78.78921177801199,31.4505034297403],[78.78055180407922,31.461306255679805],[78.75306403299561,31.482339252343856],[78.7473925800108,31.48353996822104],[78.7392241526257,31.48055295165186],[78.73073986817884,31.47990228447478],[78.71816581187402,31.501388348741433],[78.71744814456488,31.506320729685925],[78.71762506217806,31.507473485059],[78.71918964483213,31.51691502346714],[78.72900135202875,31.528434886219365],[78.73900082142642,31.532582824515245],[78.75279671109473,31.54371588025233],[78.75919033597468,31.54369888004608],[78.77422797769619,31.550665262912798],[78.81234885056372,31.584032208791726],[78.82075780565637,31.590400660924434],[78.83509614815124,31.601271724279062],[78.84008930562887,31.610377914048225],[78.83515273809655,31.622589875712663],[78.82368631604984,31.629420473527116],[78.80826008446823,31.63451200877119],[78.80239749953071,31.641046528473986],[78.7992025141038,31.647171506017365],[78.79710320454613,31.66864620557998],[78.79414183642706,31.67676978227582],[78.78763605616841,31.677784380047456],[78.77676780171305,31.674559099582538],[78.77223029161328,31.67324367983473],[78.76267165031545,31.673466100811133],[78.75047428045669,31.683182031682147],[78.73822109574014,31.710394085793705],[78.73497126736613,31.711225185746354],[78.7231667118298,31.719362046351904],[78.72096237810031,31.722748385481847],[78.72077493105763,31.741326892011692],[78.71115928997307,31.756634863794403],[78.69986843057838,31.76757516059998],[78.69533440940343,31.772002656269002],[78.69479970709907,31.777716787009556],[78.70243599237993,31.81364970228644],[78.70605400146599,31.81679361187534],[78.72084700115543,31.82193764280305],[78.72551363323853,31.831711887396654],[78.72836729109864,31.85079697786675],[78.73502007407195,31.861949876078533],[78.73762269623496,31.871621221842684],[78.73771755855842,31.87914510298992],[78.73787927415901,31.89427882948905],[78.74414398215941,31.90663742651112],[78.73722821211648,31.91904386463409],[78.72367138305029,31.937899032818418],[78.72010314050016,31.945790226510134],[78.71348933366549,31.960302604494984],[78.69182546031588,31.978508912972018],[78.6803216288836,31.993385304155968],[78.66417116163203,31.999418762231624],[78.66442038349962,32.00475519206839],[78.64534244460577,32.02039881528728],[78.63631312224648,32.04019255839257],[78.61535252888824,32.07235362995412],[78.60301530645748,32.08055208086969],[78.60288388238773,32.08061461918619],[78.56424247947601,32.095938521016016],[78.53684856288938,32.11513107397586],[78.49250766801886,32.16109299957818],[78.49231920796025,32.1613276458395],[78.46431868072399,32.18491105019327],[78.45673167340429,32.19576716743139],[78.45378200544081,32.20435399151516],[78.463397708644,32.22972585385542],[78.4711943435121,32.237075385633815],[78.47754884942718,32.243073903444895],[78.49338083887883,32.248652803038134],[78.49526760158285,32.256403675567825],[78.49026344642962,32.3072215939741],[78.48063916722997,32.32354041119389],[78.47154148659202,32.32951265950255],[78.47975896988771,32.34436490324864],[78.48191201548629,32.34828558996672],[78.47999118775468,32.35812660806765],[78.46009035514635,32.37653507210051],[78.45745164108837,32.38315481828875],[78.46002679162136,32.39050701866702],[78.46875838489653,32.3957504745535],[78.47332112457133,32.4065212484617],[78.48327235652768,32.41750669700193],[78.48350656961932,32.42117233507389],[78.47386015692022,32.436838124801895],[78.46819170773763,32.45091414048011],[78.46706709236747,32.451953190414656],[78.45905124131271,32.45965658666949],[78.44942617649967,32.46615741152534],[78.44451542699743,32.474571808443265],[78.43394785224669,32.4775215758047],[78.42860617714413,32.48454022555708],[78.42771522088717,32.49897009401499],[78.42399419131243,32.50580454132064],[78.4030152454381,32.5246122364018],[78.40209470165117,32.538109291670395],[78.4091760375841,32.55371871471858],[78.40993361178025,32.555466890104825],[78.43561336300796,32.567184689313855],[78.45046546927722,32.57891864973845],[78.45934400828784,32.579745757792516],[78.47027107027301,32.57742909337578],[78.47738316775732,32.5724803059355],[78.48335649502272,32.5726416746231],[78.50658149930611,32.59414941018401],[78.52421464644809,32.6059493916558],[78.52887515486572,32.607382393600375],[78.54272532766244,32.611742715602226],[78.55701066500231,32.61175664488237],[78.58474756534604,32.607887037165455],[78.60104925440643,32.60381891526542],[78.62348674216238,32.606511211024795],[78.63011939428797,32.61042397712035],[78.64944453177615,32.64387026106046],[78.65221733472065,32.64866359535784],[78.66211129266823,32.6559038481501],[78.71486898991894,32.68015332698771],[78.73431823488937,32.69537350022851],[78.74377898507274,32.69547462121534],[78.75809253070823,32.68353334242325],[78.76173750535573,32.67788002395384],[78.76308639688492,32.673096208745456],[78.76594370211643,32.662361875843104],[78.7683564856722,32.63496690180662],[78.77821954140808,32.597781181716506],[78.77432385283703,32.587557058349425],[78.76303801227668,32.57436737434206],[78.76157189235983,32.567281670875275],[78.76344475359735,32.557156957015295],[78.76580125231555,32.552693136161864],[78.77051347817672,32.54376527726061],[78.77347935293129,32.519083053542936],[78.77332004577102,32.489992426529106],[78.7745037359082,32.48332017202571],[78.77899445984868,32.47471232594103],[78.7957711173876,32.462589854038065],[78.8141802282391,32.44000902608715],[78.81578926367499,32.438151876633604],[78.83388881449604,32.42465981462725],[78.8547535543175,32.41835906350384],[78.86527520715654,32.41851208274453],[78.87241631028158,32.414016332255315],[78.88588827281494,32.39179679344643],[78.89793285944953,32.38350223498175],[78.91257221630723,32.366540245281264],[78.92192928720793,32.36272700338963],[78.96890871679439,32.343696005724155],[78.97505878279185,32.342211031493065],[78.98040411756915,32.34526232014365],[78.99165390670608,32.363698510563324],[79.02288690388764,32.36645308059821],[79.04451916904091,32.38101228588557],[79.04716244142054,32.382806598876705],[79.05758438594029,32.38495560295833],[79.06543454496631,32.38440114893267],[79.08980583074285,32.36849368219506],[79.09360397544832,32.36740130151011],[79.10240387767007,32.37112559254133],[79.10700480946912,32.38269453771015],[79.1097165650278,32.39874110863094],[79.11918640023332,32.41555633547732],[79.11976726468775,32.42271243761129],[79.11768254671448,32.43777903626634],[79.11603302460267,32.44942949043669],[79.12441411440359,32.4637799484578],[79.1468225496376,32.48328877170128],[79.20088166957271,32.510291043711526],[79.2210454129795,32.51541685856117],[79.24614277795352,32.52181778308702],[79.25640078772493,32.52279862675631],[79.2593897243646,32.53565860085214],[79.25771855686467,32.54120207834225],[79.25924222819587,32.569352621124004],[79.25935950524286,32.57141139545807],[79.26207225095219,32.58929067870033],[79.28998870140298,32.65284021360554],[79.29160701011622,32.66687026101661],[79.2886168083409,32.671660042724625],[79.28256580565073,32.67383340902904],[79.27427356153859,32.66876704484755],[79.26938169526666,32.667685392893866],[79.26646745332546,32.667040907157464],[79.26255243358985,32.67365834711085],[79.26782894495425,32.701247075916456],[79.27144487382901,32.707681559903655],[79.28517218804919,32.75200582208004],[79.28910433124261,32.75850836268658],[79.28891911761987,32.78229875483223],[79.2881898664395,32.78629442027044],[79.2869186712601,32.79266443726099],[79.27469325153787,32.80807115273229],[79.25663952495057,32.81590939447185],[79.24953271428033,32.822006925169774],[79.24777691567792,32.83159544196747],[79.25320167782296,32.84766493617281],[79.26806698427708,32.86600073911924],[79.27676788238503,32.88232766614375],[79.27856955996442,32.89094472940279],[79.28156856544939,32.90555150492459],[79.2802809457003,32.93482132403407],[79.27817127784284,32.94377668683231],[79.26800931318698,32.96795141306313],[79.25796895352245,32.98411800320958],[79.24672931116946,32.992908749385876],[79.22937146966115,32.999149309800174],[79.22810314636676,32.999608499344845],[79.21207645127346,33.00207669859068],[79.19513187439384,33.001846384509555],[79.16011623476275,33.014154334619924],[79.15258299455091,33.02320421688352],[79.1491445559453,33.03343657221255],[79.14668837635625,33.052015043875976],[79.14686103223018,33.074222673587286],[79.14770819139228,33.07644207904449],[79.15337112867455,33.08970144738492],[79.18638708416375,33.12885343069357],[79.19163392113737,33.14238567640395],[79.19358714056077,33.15639192000631],[79.19055044457599,33.175393471941256],[79.1834591534497,33.19063868539119],[79.17841967430815,33.19405332790244],[79.13935601598178,33.1995681950956],[79.12571358742088,33.20422235945779],[79.11124147607676,33.21072404756908],[79.07291037393178,33.2280210397884],[79.06516136889124,33.24930787229997],[79.06408104374046,33.263940998175926],[79.07109164591921,33.28304179318105],[79.0686953885738,33.29036339366126],[79.06458461829415,33.295366171065474],[79.04561186178049,33.3055798802241],[79.03169976652653,33.31303195992852],[79.01751573166884,33.3302148216577],[79.00208513980508,33.3357580943126],[78.9865274859336,33.34681471568371],[78.97063070102864,33.36675642788039],[78.95273486200337,33.373596583517944],[78.93905386024025,33.38950085234361],[78.92024802572126,33.3977064890475],[78.91920993369774,33.39812271236546],[78.87352202339378,33.436201848547505],[78.86828156863034,33.439102139742225],[78.82108398418768,33.482933823161716],[78.81653836949354,33.48848272465394],[78.80173430594441,33.50625520429259],[78.78899610047498,33.52457985911339],[78.78178324868252,33.53202905855416],[78.76106707806466,33.56243701482533],[78.74012596315129,33.59686037611913],[78.72776107868083,33.617022511405466],[78.70878024885907,33.65428517901611],[78.70469349855438,33.66890046634411],[78.7071785464011,33.679067182319656],[78.72956603488512,33.703467848530764],[78.73518395642436,33.70832390846596],[78.76027667449321,33.73008277465655],[78.77306562730067,33.74567914256876],[78.78188219753106,33.76981455644635],[78.7784380089139,33.78863720876334],[78.77296620208459,33.800634018657696],[78.75919651772107,33.816792506856366],[78.73968158227811,33.83961934650643],[78.72357868024731,33.87050388232855],[78.71516739237678,33.889885532565636],[78.70944591074648,33.921877769044755],[78.71279337333198,33.932878615396476],[78.7145298139478,33.938531424997684],[78.71509520030467,33.948358937270555],[78.71405857324343,33.94840571645339],[78.71213761128902,33.95888170591764],[78.71362502561624,33.963924552506356],[78.72624997907968,33.97670797400333],[78.73733091033216,34.014786733463424],[78.7243773980974,34.027121977042064],[78.7065478321219,34.0354163435771],[78.69609139630222,34.04492387946452],[78.69393245286938,34.0575421399511],[78.70420259812286,34.07159543728797],[78.7111900633025,34.080907042464055],[78.72709285078213,34.09515129204722],[78.7518554833697,34.10313216975292],[78.75950439309106,34.108205038191464],[78.79160322128793,34.127133224645654],[78.86905863594288,34.15663715096453],[78.88677470066554,34.16589389288025],[78.89230653455746,34.169419720816975],[78.90824062531432,34.17994189120927],[78.94007229573921,34.20420011333519],[78.95414901417651,34.21725947525659],[78.97291025266829,34.24223528122402],[78.98291407494963,34.267226261376514],[78.99131038385785,34.288170779271155],[78.99219541434353,34.30193251922287],[78.98800448081204,34.31726031336442],[78.98694976933844,34.31906015416425],[79.03048309842714,34.328206123459225],[79.03660809736172,34.33341944856674],[79.04342819388052,34.340998762525864],[79.04937153924493,34.350877709529485],[79.05199494062698,34.36012427174433],[79.05318075462327,34.369241680688056],[79.05644228450713,34.37622769024663],[79.062601795857,34.38375274870392],[79.06994749360791,34.39079741316705],[79.0746304870181,34.40002961099514],[79.0764742564555,34.41094993707173],[79.08483832449897,34.41466674750868],[79.10072221914693,34.419387417035665],[79.11895204866818,34.42567176850563],[79.1289901285423,34.42996158557261],[79.13374856209406,34.43289362394365],[79.13925430439579,34.43514352517905],[79.14440502781127,34.43605036653693],[79.15123214215689,34.43780873378365],[79.15950890329214,34.43794391052844],[79.16371010783895,34.43627223348993],[79.17214420169334,34.430075843560914],[79.18735910374738,34.42121821440906],[79.19567580430244,34.41732632333407],[79.2057581593997,34.413605220542685],[79.22009640200632,34.41463710677091],[79.23738244708035,34.415425909456204],[79.24183871176557,34.415507981037756],[79.24630174705061,34.416709142812785],[79.25379592567899,34.41851366484865],[79.25930226011879,34.42097082120377],[79.26410428067341,34.42664344123527],[79.27148540403452,34.43709079039961],[79.2755634362961,34.43889347460038],[79.28388304347553,34.43958269397167],[79.30116069385508,34.43971384878928],[79.30596204776421,34.43862838277733],[79.31357235926698,34.43870154434367],[79.33768804332301,34.440209063596456],[79.3495592802162,34.43806260930834],[79.36689237184454,34.430728589444016],[79.3724453588726,34.43081663348085],[79.38205858259596,34.43380558382248],[79.3992827010642,34.43686157803735],[79.41915671126446,34.44573800032747],[79.43432773994127,34.44880845148696],[79.44611243716494,34.45004481931033],[79.46952304269251,34.45091302619203],[79.47921022168937,34.449853485194076],[79.48612919201723,34.448200819688985],[79.49516484650867,34.44773799386277],[79.51376016144177,34.44904206519274],[79.52061247572594,34.4514282500412],[79.5288520792988,34.457243565312965],[79.5323126334257,34.461300248434576],[79.53631489140368,34.46823695893582],[79.5404271315238,34.4716951323526],[79.54384577886867,34.47343851395486],[79.54870662725193,34.47355442437175],[79.5549331020134,34.468432701065424],[79.55849828657233,34.459241517677434],[79.56346655240952,34.45587841597608],[79.57038353858813,34.455971552905744],[79.58342603793322,34.4606871080242],[79.59376271796822,34.46252110807237],[79.60615720115128,34.462581066838325],[79.60970000442343,34.46149268623554],[79.63264545385573,34.44905510958834],[79.6367928536671,34.448555390805666],[79.6526826560719,34.44870957136569],[79.67329530476437,34.45290469837612],[79.68024341274177,34.456406571438556],[79.68699838064273,34.46226190394948],[79.69382972337796,34.47034352959794],[79.7000085520421,34.475522745222996],[79.70686862671549,34.47789840322462],[79.71166662932094,34.476796996866],[79.7145566300672,34.47455420846441],[79.72767295405674,34.46885973606677],[79.73389607859022,34.46898054449281],[79.7380746853485,34.47014174623156],[79.74568816217003,34.470187920416386],[79.75945302645407,34.473745473662724],[79.78149670263468,34.47564384676916],[79.80355015575223,34.48103930823174],[79.80909745879376,34.48396002997795],[79.81655941027425,34.489770632862935],[79.82476900784312,34.4978560254198],[79.83574926423385,34.511128285251324],[79.8501275086067,34.524469876704586],[79.8611119853828,34.531386186476794],[79.86172548679102,34.53372493692288],[79.8568717128246,34.537122435874835],[79.85131641712498,34.53880693501011],[79.84650848867219,34.54276624165612],[79.84013537132583,34.55652358316891],[79.84006683996498,34.55991576181804],[79.84553014797946,34.56806344924188],[79.85511490712493,34.57615728388686],[79.85717284705132,34.58073323769088],[79.8569993620456,34.595058795016676],[79.86508754798179,34.60780728668708],[79.87468500699963,34.617649703084325],[79.88235260070023,34.62110182129201],[79.8864598594139,34.624634120861344],[79.8884140359899,34.62918695395973],[79.88842653317353,34.63268762858352],[79.88557587727807,34.63834871201295],[79.87995330264012,34.64517671023801],[79.87297742198224,34.65089184492817],[79.86458818735996,34.656033629694925],[79.86320179546149,34.6599769929923],[79.86386314260292,34.662877691696984],[79.86589025148798,34.66578912962729],[79.86937110951932,34.6680852953948],[79.87903728599008,34.67278475230744],[79.88938890646224,34.6739449988854],[79.89353984624823,34.67628880907316],[79.89693432389869,34.67921012769311],[79.90447463559235,34.687326932492624],[79.91336434217261,34.69940746513312],[79.91326524432353,34.70573767976211],[79.91184584885156,34.70801743784053],[79.89655427718911,34.721104039889035],[79.88525138133173,34.7341978190735],[79.86427947942467,34.75069345196496],[79.86295155719064,34.754096857320675],[79.86355926224005,34.75928724149149],[79.8689785595674,34.76797240651991],[79.87438467312809,34.78236122989326],[79.87564305776718,34.791553644979444],[79.87485524304454,34.80814092520623],[79.87737322987348,34.82652535550759],[79.88274395458716,34.84210122120929],[79.88897647573339,34.8507696145121],[79.89373430063371,34.85480290939222],[79.89789481228732,34.857146279361864],[79.90340526783848,34.85885153188701],[79.9179679242928,34.86014871153017],[79.9422895601659,34.86026191575972],[79.94786536211564,34.85857364807605],[79.96663498083613,34.8581667559325],[79.98888320951423,34.853697497535656],[79.9937170722302,34.85608540865031],[79.99780984557049,34.86006687227867],[80.00260007239099,34.869346050296045],[80.0032064096808,34.87563709230755],[80.00185199915146,34.88197973381002],[79.99895262117194,34.8870804544129],[79.99825718037363,34.89457249523337],[80.00098854346983,34.90314624252842],[80.00983237508338,34.91299219866677],[80.01119778222507,34.91870476475009],[80.00841144236358,34.92842958678249],[80.00823021454738,34.93823651733853],[80.01366189521897,34.95371926301928],[80.02463686228677,34.97154952339393],[80.02947409010639,34.98249067067647],[80.03688573809248,35.00785725401459],[80.0360812840313,35.023881254941884],[80.03736358094939,35.030219045173205],[80.04560113774777,35.04342757569632],[80.05941040800154,35.059629849513676],[80.06494854661524,35.06307744157418],[80.0795410796546,35.06830833511047],[80.09200311108407,35.071256552204986],[80.10310432574065,35.07594523107893],[80.11352439609516,35.081687415933295],[80.12045078225458,35.086890217528655],[80.14473831155264,35.09908105280666],[80.16753137895587,35.117026466781866],[80.17235950751635,35.122711752265076],[80.18487598510957,35.133751037104105],[80.19806179047072,35.14235149718808],[80.20491798456702,35.15102664491748],[80.20697485064619,35.15678279350412],[80.21038972304214,35.17513875040491],[80.2124341566054,35.179145036560165],[80.2155688296223,35.18512232125043],[80.21656762391426,35.188453710357464],[80.21957049392311,35.19412780289497],[80.25681089157597,35.226597721033215],[80.27396755154135,35.2454675495266],[80.27221484718048,35.307340978341585],[80.30258182070973,35.34499038632415],[80.34776384295897,35.377376806262085],[80.42642796786734,35.41921080289294],[80.48808134949914,35.454317814230855],[80.50596154972088,35.453804046663876],[80.52571692591731,35.436489867824825],[80.53645391186345,35.42111686216951],[80.53895563665374,35.40958979872795],[80.5471065048351,35.39001970591304],[80.55721116923235,35.382785431966084],[80.57092001953238,35.38013653498916],[80.5962121401833,35.38955974486458],[80.60703113482576,35.38623188748322],[80.62133067732573,35.37405391749528],[80.64946055040545,35.34822347497185],[80.67165662895836,35.33754083839588],[80.70307031160544,35.33440149370186],[80.82608154471835,35.34740092598262],[80.87528847916866,35.339421856332585],[80.89261641138089,35.327275772546166],[80.96159034142184,35.31650711692134],[80.9939574071198,35.301651108591734],[81.0166105496143,35.30367020597548],[81.03734899805823,35.31594761647595],[81.05170876127264,35.33328720607602],[81.03288505490373,35.36331951742706],[81.0324677035555,35.37910807885715],[81.04152860211931,35.39209434070336],[81.05275827663057,35.39697691871075],[81.0812759558856,35.39830370292462],[81.11551294763122,35.3673655497136],[81.17637742000649,35.3664307214817],[81.2111328521313,35.33652592760674],[81.24182527558328,35.32326954760476],[81.29875502309532,35.356347694077776],[81.31555359468686,35.355785569587475],[81.33411426197182,35.34554770827735],[81.34663964584927,35.335420026905375],[81.36957422687395,35.33235561836596],[81.41258511111747,35.34512567991163],[81.42578020239935,35.33642302588149],[81.43341488406902,35.32489537508271],[81.48477052969324,35.29877854304478],[81.49946218068408,35.26809345023133],[81.52085520645446,35.249248225212135],[81.58941972775348,35.2287337312624],[81.61152955080075,35.23090608646214],[81.71813510501929,35.25871443762492],[81.7464829815176,35.26032055634868],[81.76786900384569,35.2549967770697],[81.86273246373923,35.265534007374335],[81.88844631384562,35.27044801076204],[81.92839984131767,35.288183252263146],[81.94601325416913,35.3139658583579],[81.98215978251466,35.32093321180173],[81.99855055111382,35.33548786420861],[82.05407112378452,35.431261886139765],[82.13727709679483,35.486296858349526],[82.23391509307608,35.52452933581442],[82.32855339906102,35.56982272991362],[82.34586809758424,35.60307030100733],[82.34817286315146,35.636690930370136],[82.35707415556747,35.645479367990006],[82.38952414849676,35.66559164775204],[82.43187400844987,35.68213367398173],[82.48774519422655,35.68543608228522],[82.6010882574971,35.68056055029205],[82.640462963319,35.66467742098326],[82.68436982110511,35.63700714009713],[82.7360845973798,35.63743014186276],[82.76260331767661,35.644102878395515],[82.81014422611045,35.68300621344939],[82.87790944325486,35.69633108785769],[82.89949347638735,35.68344453217001],[82.95164540026741,35.6747205915932],[82.9662835557132,35.662394526285624],[82.95528334763807,35.63182606973577],[82.97327598739996,35.59079926118975],[82.96759059204766,35.54923040913529],[82.97883249004396,35.52259585785042],[83.02714975204643,35.475734314636824],[83.0626820566472,35.43586708418774],[83.08749639022219,35.42126571884721],[83.15571268101998,35.398135655883024],[83.19956631465392,35.39652277435321],[83.25628487991501,35.42028521500071],[83.27843009720091,35.42196465249824],[83.33976643649527,35.40599765585215],[83.43141157557412,35.39338215034415],[83.46465047615683,35.40028117168334],[83.48658505722352,35.397325909700974],[83.50855699371412,35.38598307682487],[83.5643394072039,35.34677529759143],[83.60149203504669,35.33609267384354],[83.76924373839194,35.356685463647736],[83.81292636046102,35.34489682271038],[83.87039818848966,35.34141761394441],[83.90899975471041,35.39441414920558],[83.95065545103567,35.40646121585023],[83.9857934590389,35.404702622163455],[84.03962068878997,35.395771872700415],[84.06458844435024,35.3822188794088],[84.07141335064738,35.36872842967927],[84.11395731192944,35.34990397147255],[84.13973971278902,35.35187214414509],[84.21695829567763,35.37657056305716],[84.26814156190524,35.404608443462315],[84.30816387077546,35.41433446816678],[84.37284190379235,35.447524336360225],[84.45606310217937,35.49180784450905],[84.46468232202535,35.49844821131689],[84.44563626436296,35.51352971937814],[84.44671173528255,35.54219670518758],[84.46959070379778,35.55533370994308],[84.49183322653977,35.55407139863731],[84.55172992898655,35.54629539157404],[84.57822878182603,35.553101363527695],[84.66478287323055,35.59366844410696],[84.70299781297005,35.607670054783696],[84.75752633568099,35.622180522260614],[84.8482034648879,35.66936518222244],[84.96892321815778,35.70629984719151],[85.13836311529384,35.74956192948257],[85.22252010478545,35.77872588875587],[85.25241277475995,35.776646672221624],[85.32047464536628,35.753814804918065],[85.37059325331083,35.729074042650524],[85.4063061421244,35.72280897758578],[85.42695425387933,35.72284391789253],[85.48096233406665,35.70913154848468],[85.51014151409049,35.70606452755678],[85.52519115955104,35.70836986824109],[85.53664192267775,35.70229254383607],[85.53587295783625,35.69626853918754],[85.51893927057819,35.67831918460721],[85.52102257473035,35.66366913586698],[85.53441770743372,35.65345352930604],[85.60134315408163,35.647020154961965],[85.62818228401555,35.66825056896496],[85.64083851692132,35.71391758108656],[85.66047656012057,35.72709766197534],[85.79126012891557,35.771005802787855],[85.83506668234149,35.771967963515884],[85.90947086027886,35.78394526012789],[86.04224092805062,35.83021882062085],[86.1130174662748,35.87695765272081],[86.1541989624471,35.93152720354598],[86.1562597420591,35.94417514239284],[86.15177864926896,35.95881181250272],[86.15316231848593,35.97752163089896],[86.16930621540959,36.01028014521915],[86.15528271685258,36.07341540605152],[86.1957508191264,36.129560775724634],[86.22343800583646,36.142397389201534],[86.32978733358316,36.167260880562225],[86.3996379942855,36.204918930107155],[86.43912937918996,36.2098724421738],[86.49552586700605,36.195966667073726],[86.54767885086444,36.20831123237615],[86.6768487593727,36.25002710965219],[86.71723794961869,36.250310290700185],[86.74773677633395,36.25944248071097],[86.8413415994688,36.296514697939365],[86.90729228342015,36.28953259621794],[86.94045660377863,36.2741974100727],[87.01178252387884,36.286234538909895],[87.04650733241488,36.2975309660898],[87.08496518340205,36.298225405949346],[87.10172642646398,36.28970357139378],[87.12383964516677,36.291185339178405],[87.14407416656967,36.30325096755466],[87.16161087053966,36.32551054650787],[87.19515452984314,36.336589489859],[87.25290768159309,36.343625000294125],[87.29456286558238,36.3543903018464],[87.33439099918712,36.391655712761626],[87.36457259343096,36.400573380767604],[87.39044577840627,36.40127204349844],[87.42325567234931,36.39768195976042],[87.44279642210402,36.39011569728802],[87.45637548795298,36.378806928670116],[87.46119291449764,36.36555289069037],[87.47573525070833,36.348983038004405],[87.49890579162414,36.3423152300537],[87.55232498727891,36.34470651232334],[87.61257420939612,36.35743780080753],[87.67177181495154,36.358598862653295],[87.72256673424121,36.374740123159135],[87.75225765870948,36.37517436715027],[87.78030592948699,36.36398409577694],[87.8168976359642,36.36066338871285],[87.89073014343414,36.38507801487698],[87.94764169172707,36.417776967470296],[88.02154815821963,36.43181144245634],[88.08620356986061,36.42646895665488],[88.13341265336973,36.41492702116157],[88.18730410818125,36.4204438676688],[88.2120004410578,36.430114009639084],[88.31220257293279,36.44292093734306],[88.37269590069135,36.46197318887898],[88.44930370649824,36.480795667884756],[88.47418411057505,36.47698036487554],[88.49037440671452,36.46505312034341],[88.4923188808048,36.4533054210368],[88.50502414201351,36.44371173978626],[88.53413398972171,36.44306671348655],[88.56345268946723,36.460224570815996],[88.57975653315536,36.45949541770031],[88.60025025363424,36.43530956710792],[88.61041004457022,36.39883507555429],[88.62187160558877,36.38527732963604],[88.67487495821645,36.36943734948424],[88.74548027153558,36.30030156005579],[88.76771447334234,36.29834574280641],[88.85012570648789,36.36316441686579],[88.88069705737477,36.36732482655194],[88.90593963632766,36.360862117972005],[88.93030841664007,36.34868855280061],[88.94657449265416,36.33257496105908],[88.96683330272666,36.30985074711047],[88.99830789679334,36.30679504163109],[89.04805342738517,36.31258005868928],[89.08098174663334,36.29634316327136],[89.11743368220426,36.25899745416953],[89.13615437051328,36.25174839335568],[89.1682710308572,36.24648157200515],[89.19143736203463,36.25259829038204],[89.23046945735197,36.29562643885147],[89.25587320894962,36.29308736247147],[89.29355433197976,36.28010976622588],[89.35981745402336,36.24026522946323],[89.41851732918954,36.21043871073875],[89.45377669452093,36.17962963770378],[89.54900524854018,36.13694375515436],[89.60693684179361,36.12389226468867],[89.63773327298235,36.10177024019895],[89.67278199012559,36.09314549660108],[89.69548395144116,36.098030834992514],[89.7632796285785,36.10217081733811],[89.90685136058345,36.08699195334548],[89.93912998250562,36.10407852810367],[89.96053236480546,36.15558867630492],[89.98866864565753,36.18719381810378],[90.00410104461518,36.25156351116635],[90.00066766439984,36.27339181658361],[90.01332827871963,36.28158738521133],[90.0491573411803,36.27609863690758],[90.09263391268759,36.25927435001723],[90.16457448302245,36.21388618651103],[90.23871418962504,36.179171222109325],[90.29415128676264,36.16470344665691],[90.36944669541526,36.15517235729392],[90.40032564409032,36.14522725612239],[90.42905648681213,36.14303255365351],[90.44335673401405,36.14318510087801],[90.46417865611936,36.13645238766054],[90.47719212681146,36.13618008654036],[90.5056360487211,36.14581337117193],[90.54277936342265,36.14907668130306],[90.57022815841181,36.14517036907498],[90.62398102234768,36.13549812980754],[90.73027667930614,36.109472030539],[90.8352928448533,36.03770310724871],[90.88620228514415,36.01986897120667],[90.91332120650317,36.02799823588077],[90.92156623559534,36.04323726966898],[90.94962519186176,36.06630316205174],[90.9508826745016,36.08946864261233],[90.96643991346208,36.10391381386615],[90.9956159726522,36.10649862281175],[91.05647628845188,36.09835200238653],[91.08125068750421,36.08747305002554],[91.0948131512842,36.08971678268738],[91.12197818376534,36.10796020409718],[91.1218793383981,36.13582090497993],[91.10130201758574,36.18790931650156],[91.04713278286481,36.257082137865346],[91.04689659068504,36.38788044661502],[91.02517778836224,36.4777819592234],[91.03358982831897,36.53096578832878],[90.97881305285985,36.550254716873575],[90.91578547919408,36.55635978087534],[90.84956129397251,36.556135272832165],[90.82038682265652,36.565047635379166],[90.79507360730729,36.562881823030416],[90.73620164756036,36.58151673327428],[90.70247999757528,36.61480070750985],[90.68655704757734,36.64634600671526],[90.68794178172696,36.66845423893754],[90.722767288871,36.711485958987474],[90.72802811045285,36.73313622046425],[90.71853166321716,36.74851061975801],[90.71463660803002,36.80095602866322],[90.73112138201428,36.826407114113856],[90.80395677514029,36.88713848852481],[90.87480625486772,36.92429880800983],[90.93344640850214,36.93630085830932],[90.97177618385878,36.93511879009673],[91.02241997141005,36.95013633365705],[91.07663591753257,36.98036254564175],[91.14283411964823,37.01251592545163],[91.1800754847022,37.01941607256088],[91.20699469857841,37.01474200506978],[91.26208818761019,36.99895420700731],[91.30268654344339,37.0076237201437],[91.3241548090598,37.028931541186026],[91.30367289102954,37.11854514648764],[91.27890232826287,37.15089042740738],[91.21245136430804,37.212549945289865],[91.16526477248368,37.289432143416285],[91.09632458069396,37.464325784287645],[91.0692187419546,37.479852410393775],[91.01891995998706,37.49316373413742],[90.93746891272161,37.50721201218307],[90.8985332678007,37.53011050285774],[90.88685181128511,37.544451338038485],[90.85552207008139,37.59786973568299],[90.81014144917344,37.628211612824664],[90.74803155998526,37.648648988507496],[90.67917594634504,37.664066984904935],[90.63520712500508,37.68507275316508],[90.47382664901451,37.735633048630476],[90.44308935819969,37.753064194716394],[90.42689473258241,37.77270678105782],[90.45257642606693,37.880505983523754],[90.465767032172,37.88814040354631],[90.48572630635262,37.923006238063294],[90.48798314956284,37.95314163254582],[90.48277988492856,37.98089311376611],[90.45435384139509,38.02398285093943],[90.41596936731693,38.06835653838886],[90.35347554004304,38.127318215926564],[90.24016403612563,38.28615762418999],[90.1391771124534,38.38723387117364],[90.13506511239991,38.427638306648866],[90.1548244105793,38.44867202694391],[90.21074575938468,38.46534596010392],[90.23038047029004,38.464469980111566],[90.26186779717561,38.47549585436808],[90.30602533099517,38.479329874621854],[90.44137735649656,38.50204825738763],[90.49872787504654,38.523878979598884],[90.58307427504735,38.5733006566497],[90.5998093123422,38.59435753751083],[90.61764707057137,38.63974458512199],[90.63921588592879,38.655308088385645],[90.6993693307228,38.656468956008716],[90.79131210739561,38.65222916953577],[90.89489647531543,38.6602744296939],[91.05656454654034,38.68689817796148],[91.1104913676428,38.703913163155],[91.24353370291728,38.729695209357246],[91.33359528446042,38.76280150855855],[91.47635052931398,38.80131566221789],[91.5148569710576,38.818584455926604],[91.66087872039415,38.853533228809994],[91.84099818530953,38.86304948068191],[91.8658213870926,38.87170123863615],[91.92789003709044,38.90417943848121],[92.051824685693,38.94664370006189],[92.25261466020882,38.98646736382435],[92.38562204267689,38.99904005135466],[92.45599356753877,39.03357419686711],[92.4628842134199,39.05570460235407],[92.49417404440516,39.08343821947497],[92.52667273087259,39.09628579695157],[92.78200484738183,39.131607766601924],[92.82652745243851,39.13178071809309],[92.88697445308333,39.143486780717595],[92.94726784440734,39.165737769296854],[92.98048373174618,39.176913261224584],[92.99950639616635,39.15463561509247],[93.01350360821263,39.14525924308606],[93.0502113121239,39.13457870002605],[93.09315892699188,39.15048427290576],[93.11980688364865,39.17115452446748],[93.14159789219516,39.17719651268839],[93.18493105006014,39.17525050268668],[93.24957922925046,39.15989333947857],[93.29011977719833,39.15685168302159],[93.34474419368289,39.15865857318519],[93.3583984840156,39.16706680788751],[93.39462471141223,39.20620644543356],[93.41053767411424,39.228264911068386],[93.43343500272172,39.241080510805396],[93.4480171752084,39.242116428624776],[93.47272631388049,39.2401982930176],[93.4943782241379,39.232084166341785],[93.51438062498184,39.22086074116931],[93.53139717435212,39.21753039961462],[93.55115964636673,39.231659375617745],[93.55714818569086,39.24644871475999],[93.5739244033192,39.26012955477001],[93.60665555091136,39.27288385888219],[93.62721960493693,39.27263268027129],[93.70971983411044,39.248125302586914],[93.74889858760712,39.24634268357686],[93.76261130590512,39.2492395068031],[93.78430837298836,39.26493141481017],[93.81349540852331,39.27319872918887],[93.83699591098116,39.269044583890086],[93.8898536681415,39.259345324482545],[93.94219549801797,39.25540809532066],[94.08846664708986,39.264433090758786],[94.10870447549533,39.267932198096645],[94.1787317828562,39.29639581394122],[94.2180583820163,39.304160942271174],[94.28487664151801,39.301200555480364],[94.30981104918393,39.29752903369759],[94.31698795176446,39.29928684278551],[94.3812376318147,39.30018685835325],[94.44061860413198,39.30047845031735],[94.48188258865754,39.294612577428886],[94.4828399196484,39.294511243152314],[94.50804791244741,39.29548326984301],[94.51801082689559,39.292528455134466],[94.61487837096075,39.291831489128185],[94.66387025872531,39.27676653361707],[94.6795614241256,39.262972379920505],[94.68429200284751,39.254303752222164],[94.71781363272171,39.23153828919667],[94.74553823576568,39.22514293297027],[94.7817616809735,39.223712758133274],[94.80835370906445,39.21605097910248],[94.84673259016411,39.21602670023102],[94.89519537072731,39.224122241205436],[94.92282467323909,39.22001103248846],[94.96361378145382,39.22130384822793],[95.08809952653434,39.21273364973251],[95.12056363305649,39.203043727105545],[95.14519303325068,39.190242749324874],[95.16222106526618,39.1886754708643],[95.20611924078372,39.191203749791896],[95.25788332508841,39.203797900423645],[95.27605537561969,39.20337589568721],[95.30674034246469,39.19171766992542],[95.34207035785235,39.14397432103099],[95.37039188028083,39.12756315274554],[95.41680521594641,39.08349661896166],[95.43846250313922,39.05825712707568],[95.45254565129757,39.049993597619],[95.53740143830886,39.01284876463519],[95.58631062937023,38.982071806320455],[95.65661885366286,38.9202700305441],[95.67460452976214,38.892410674253696],[95.68606033831071,38.883131374965316],[95.71219654511911,38.870617360952835],[95.82345024239282,38.83288936260454],[95.8742382722378,38.80484049838596],[95.92089180220796,38.769060536356214],[95.95757826358437,38.7584995468314],[96.01321543590986,38.752563157691505],[96.04315990925123,38.74249159389083],[96.0820865073982,38.71864171020567],[96.10722778363947,38.708491912128316],[96.12890499060157,38.7048935895814],[96.15597173717289,38.69415276523557],[96.17101251652385,38.6783792160338],[96.19151463033096,38.64277476218204],[96.2075268640647,38.63752468291521],[96.22311372933201,38.63590894683628],[96.25777335283763,38.63880925868273]]]}},{"type":"Feature","id":"hartwell-1200-country-v5_1200_chin_chn_1200_l-43","properties":{"id":"hartwell-1200-country-v5_1200_chin_chn_1200_l-43","name":"西夏","level":"country","sourceId":"hartwell-chgis-v5","year":1200,"approximate":true,"color":"#bda26a","recordId":"43","sourceLayer":"v5_1200_chin_chn_1200_l","sourceRecordIndex":42,"sourceCode":"S410000000001","sourceName":"西夏","sourceAdminType":"Independent State","sourceContainerLevel":"province","sourceHierarchy":{"polity":"西夏","province":"","prefecture":"","dependentPrefecture":""},"labelCoordinates":[101.54418021298675,39.41824587302222]},"geometry":{"type":"Polygon","coordinates":[[[103.52490014276516,36.23707008076336],[103.51120683417228,36.24140791088997],[103.4557748005738,36.237083436892476],[103.42097481471323,36.24523678854645],[103.41127543709808,36.24592746543006],[103.3921778358013,36.24016043541491],[103.38129531071894,36.24034475910259],[103.35305805893896,36.25008484926015],[103.3305316044103,36.253771573068676],[103.29386735505882,36.248934770404404],[103.27273650172542,36.248340614826496],[103.25505204739314,36.251668442074426],[103.22798982157234,36.261901718116285],[103.18742650134037,36.28940749657938],[103.17663443344958,36.3005700050344],[103.17023914171997,36.32092896660525],[103.17172757293602,36.35441861076532],[103.16880315101345,36.365325754653824],[103.16177335534928,36.373245197667586],[103.15076093524357,36.375792938505285],[103.13888287892406,36.37066835751264],[103.12541803670081,36.34781928155676],[103.11442390160472,36.336989623699715],[103.10007586982597,36.33322527630172],[103.08172263130396,36.337461582714674],[103.06076441100629,36.345444092501594],[103.01416300939626,36.370338184684904],[102.99264987763941,36.37685474433127],[102.96355163490502,36.38983379749817],[102.93095617181483,36.41225106410698],[102.91880361247077,36.42525866128891],[102.89952318914287,36.45954332064581],[102.87993200972475,36.48760612471133],[102.87502028884097,36.493944021508725],[102.87219341414965,36.498000500095664],[102.8677115289962,36.501025338301794],[102.8369498510638,36.49821323915163],[102.83047617381351,36.494189962571156],[102.8128676077152,36.47069705736155],[102.8096667484625,36.46199304729037],[102.80757567731878,36.44584357766698],[102.79027817717206,36.47590879171927],[102.78220865943527,36.50131946791457],[102.76502353032346,36.52505372100569],[102.74795406233808,36.543537341975856],[102.72392067188713,36.56954423342901],[102.69888778289406,36.593483206988914],[102.6814154581378,36.60633877423542],[102.65136242409936,36.62323084439345],[102.63852889616435,36.63572221909136],[102.62282997624958,36.6535893563209],[102.61732159394667,36.659399637147665],[102.60654141619649,36.683093014165955],[102.6019480781048,36.7020717747445],[102.60272685217858,36.70803787787489],[102.60328404724916,36.71732437867568],[102.6061976290442,36.72574939789321],[102.6113662174115,36.73092287352135],[102.61871030214984,36.735425084163026],[102.62334786831825,36.7357800105157],[102.64102328494668,36.72498365475229],[102.65108510298904,36.725884494511284],[102.65925103164096,36.7295093123077],[102.67868734271744,36.74295812454134],[102.68873085082309,36.75596428128049],[102.69783294406194,36.784574273720786],[102.69415476288233,36.793458367293894],[102.6786448197631,36.80821444587241],[102.67184760540376,36.80782524281608],[102.65980825395246,36.81897596563616],[102.65791648086315,36.82541892302182],[102.65010381362869,36.82750975990029],[102.64840318621289,36.83185048306289],[102.64320528340538,36.83587374292435],[102.61623096834614,36.85621226079299],[102.60088804524977,36.86589800665701],[102.57851909283268,36.87178757989194],[102.57407869358515,36.877239232460546],[102.5557463588489,36.89943307430826],[102.55474708436928,36.90465970522668],[102.55656964498336,36.91364771002275],[102.55479974848988,36.918621657104005],[102.55164897633996,36.92139892409389],[102.54369186168499,36.92495057134721],[102.52429857424177,36.9297385460848],[102.52039971327557,36.932046262986994],[102.51684487776845,36.939240780576775],[102.51379282978385,36.94096488481727],[102.50313492332589,36.94223922098064],[102.49666534643531,36.946725640788344],[102.49288136962471,36.95644187314429],[102.48924237204514,36.95876452453678],[102.4789732607015,36.95706006310545],[102.47273297919061,36.95779248016827],[102.45599423062052,36.95934143938899],[102.45542495523571,36.96322983491288],[102.45708976342173,36.96509496750137],[102.49368109627508,36.99743648721005],[102.49782096363202,37.006600557626186],[102.49855278470126,37.0226418273797],[102.47785176521649,37.057132336273895],[102.48087246038813,37.06574032427939],[102.48539582255533,37.070193407349265],[102.4923096238633,37.07469384744817],[102.50988819183935,37.082871007767395],[102.4969910739104,37.09136735347057],[102.48944329177289,37.09299284926113],[102.45825085792508,37.092757621717084],[102.3937675928949,37.08888350426779],[102.36049173244226,37.08356092539976],[102.29513002834474,37.06701651699477],[102.27152290732258,37.06343888284473],[102.23390663515495,37.062245745744015],[102.22528278001474,37.06384436813828],[102.19840247024872,37.06358599590681],[102.19091870620753,37.06099310723845],[102.17394918159927,37.04653068836748],[102.15260354222812,37.03706765694866],[102.13865199660242,37.03608492760279],[102.12893157804135,37.038506905905386],[102.114846290667,37.0450883743035],[102.09959705589776,37.05670123260388],[102.06276266658391,37.07228277748201],[102.03901626553989,37.07706975932353],[102.02276669723877,37.083615418422205],[101.99032982652082,37.09249986219052],[101.96861555538601,37.10318273321544],[101.95768557255585,37.11230395997572],[101.94245978178685,37.120536682747236],[101.9163675317013,37.13252788460342],[101.86418431181548,37.15995449782658],[101.83360715435822,37.180591512189],[101.80859628324457,37.19204792271923],[101.78454650547963,37.208556606861386],[101.76382948081722,37.22005852698138],[101.74649916402743,37.224032675615646],[101.70985215501128,37.22438082304126],[101.6969066748903,37.22504601720313],[101.67848037848637,37.2298372940203],[101.66768729426651,37.23053023509545],[101.63297322363069,37.24013117808604],[101.60917416036006,37.243997205264264],[101.57464852507795,37.245176459819575],[101.55293639028238,37.251584105755704],[101.54524685569363,37.25735488395942],[101.53633950075806,37.26899594279564],[101.52723746241486,37.288202487685055],[101.51618365374378,37.29896666491067],[101.50301312978813,37.308016654609446],[101.49100228545495,37.313721928323886],[101.44216910587208,37.32473789388191],[101.4183935647508,37.32604550971622],[101.37203670045866,37.32445885210412],[101.35253034556149,37.32750464632974],[101.30575401389237,37.3410292234664],[101.28605323423409,37.35078519947771],[101.26646683964171,37.356340034865106],[101.2373775369315,37.354159691156546],[101.21795984346011,37.353821622567075],[101.19302187964978,37.35759035038168],[101.16923316239051,37.3588512160935],[101.1250428806688,37.35637159359046],[101.11106690819771,37.3544358462642],[101.1036142139635,37.35093392238797],[101.09709168470488,37.35249766758803],[101.07944347217115,37.364786137915786],[101.07065533815201,37.36967059251583],[101.0619181905163,37.372868866495395],[101.04130742375014,37.37584827108136],[101.02511890583779,37.37554249339596],[100.9983244381937,37.36914337052709],[100.97277314982884,37.3577180177142],[100.91738441591168,37.336294243225225],[100.90888705497804,37.40012919107068],[100.91441539528974,37.41039757377587],[100.93106880663483,37.427209577248156],[100.96776061809636,37.45230890464252],[100.98678590839317,37.4727268588989],[100.9909192615737,37.494092712964495],[100.99248428642348,37.499220001385765],[100.99625999681446,37.50370438909031],[100.99989087784742,37.50658056427747],[101.0056506146912,37.50818741511828],[101.0121028305102,37.50749958262394],[101.02837720634574,37.49856732818012],[101.03614632597136,37.49676145533495],[101.04190608505347,37.498366659494884],[101.0477802570742,37.50220222718342],[101.06042789231077,37.51916500052402],[101.0649775237407,37.524294805504105],[101.07154138333662,37.52815057636237],[101.07647531060911,37.52803599295614],[101.08648387417735,37.525049061999084],[101.09359610944111,37.524911907871065],[101.09950205117353,37.52821144345858],[101.11133841541407,37.54113514181833],[101.13267050861137,37.55906857220251],[101.14396972923966,37.57375421076716],[101.15946587863708,37.58945654504663],[101.16323267717632,37.59322980620062],[101.16304943938283,37.60586381534243],[101.16515627556471,37.606905539930416],[101.16250837024765,37.610022650041266],[101.15864078662582,37.61595073114228],[101.15667194863265,37.63165575007869],[101.15502368433343,37.64023156609549],[101.14167350130937,37.67302402116289],[101.13035126175974,37.69102548974677],[101.12671926443747,37.700154560889175],[101.11601546350661,37.711236092823185],[101.11523002956777,37.716092093916316],[101.10029937966924,37.73242755836874],[101.09280787127533,37.74403972062425],[101.08915347191923,37.74735811036201],[101.08125521486579,37.77307461784151],[101.08072912403178,37.778848996349936],[101.08383041784958,37.783398733136785],[101.08886472571463,37.78613698638016],[101.10264358929426,37.78878668376539],[101.10771064459335,37.79090156987318],[101.11222363874262,37.79487011586376],[101.11768297476384,37.809646637801116],[101.12748936372057,37.822684363761766],[101.13140380350828,37.831711819298775],[101.13246255228275,37.842612362470284],[101.13717878036537,37.856296409405026],[101.13942565199606,37.859660662044924],[101.1467682351532,37.86469350130897],[101.14970712718694,37.86576226545552],[101.15546728827655,37.86566890885993],[101.15967210531481,37.866540437644375],[101.16291810990198,37.86773306314544],[101.13975262055274,37.88877042342123],[101.13073523941699,37.90310723355522],[101.11860698101546,37.942293488130574],[101.11816053969059,37.953326841501614],[101.10752186204557,37.976611289758175],[101.08525941304408,37.98136482478701],[101.04710935492564,37.9811689275094],[101.0103960359713,37.988757639952354],[100.99442574805289,37.99645407502618],[100.97519320631285,38.002531210485174],[100.94786307665501,38.00683416812259],[100.89201797354053,38.007276807761244],[100.86388920884865,38.01340739070871],[100.81243084713311,38.03044120679485],[100.72218620517252,38.04518179297933],[100.68901993526634,38.05618514261802],[100.66036926643322,38.0647495710859],[100.6179241210857,38.08620201335338],[100.60955849792947,38.1031133410633],[100.60774951626817,38.12844811420752],[100.6060305105119,38.196204407433385],[100.60963262921067,38.20791294051292],[100.60116122079084,38.22838593995616],[100.58826184530992,38.23934894081941],[100.5530508624279,38.253815589796986],[100.52894593389934,38.26028402368267],[100.46895796856462,38.262809931528146],[100.4083367684921,38.275712833099],[100.36095818200535,38.27997709730754],[100.35589790720542,38.28888475915308],[100.357198070997,38.30738141914014],[100.34566571578134,38.310349936939666],[100.33013487314889,38.30675445933966],[100.309334716196,38.31348165642313],[100.30074359833283,38.32314959094362],[100.29962523197837,38.33933056347178],[100.30591807922684,38.3649638579863],[100.30129186474429,38.372281594738276],[100.28798448155354,38.37749787774852],[100.24595969452155,38.37657083607398],[100.22130665105516,38.38144844885399],[100.20751426181279,38.394215322611856],[100.19369500134594,38.414645929954226],[100.19394794101072,38.421557481832],[100.18976770862784,38.42514917561918],[100.17471789582018,38.4303042902867],[100.16900308410943,38.42755410615991],[100.14908410647278,38.430426278533936],[100.13465710058699,38.4372014001631],[100.12280082482786,38.43859396607701],[100.11679636244197,38.43585446130296],[100.10247702232999,38.435282946006446],[100.10134000795847,38.4266157419922],[100.09580150876924,38.4220263147394],[100.08685987686279,38.41894394125933],[100.07924541277943,38.41374472555602],[100.0792909966735,38.409845513622386],[100.07569027160166,38.40815534713859],[100.08811130465502,38.4065116851803],[100.08975152070296,38.40484419684033],[100.08418167727683,38.39978947529824],[100.08550210882278,38.39309101005132],[100.10062984248752,38.379185869228984],[100.1006691692284,38.370701933462904],[100.1059252677652,38.36177901372279],[100.11096088251686,38.35859357549581],[100.10670298800997,38.35120089979129],[100.11178396884767,38.34870269418158],[100.10952559838861,38.34535311549777],[100.12103792232419,38.343285190568814],[100.13035342083377,38.33419865978007],[100.14655744422943,38.33285135098712],[100.15368403628388,38.33050214326381],[100.15473657926596,38.32842669354799],[100.15652239590216,38.324882329153695],[100.16231244430976,38.324417343367585],[100.16112992286112,38.31965286683142],[100.153363765552,38.31652836085983],[100.14989149231356,38.312312690198446],[100.15044877634648,38.307472220777576],[100.15375212060506,38.30000271946879],[100.15264592266671,38.296378450651495],[100.17277918598617,38.27685582162331],[100.17560641858124,38.25423293789015],[100.171616119154,38.240534078393296],[100.1700041002821,38.23494694275852],[100.1603077856366,38.2254889961003],[100.13978473611884,38.22435477232973],[100.11493044358114,38.236600735462886],[100.08183879963481,38.2668886688108],[100.06046707312123,38.2768520420066],[100.02727833475963,38.28679958674549],[99.97041037414499,38.313105614088585],[99.94614594958172,38.33301127417743],[99.92315274610068,38.340660764902175],[99.87663789169923,38.337829153725295],[99.829462617903,38.35661821420605],[99.7960972709042,38.376576333930025],[99.76592535643314,38.402095691067814],[99.74698984357543,38.41086166867293],[99.71199530607328,38.416913403507465],[99.67114147863076,38.43029155891874],[99.6071268292431,38.45900392536203],[99.60031392783716,38.47476794039253],[99.59393038937968,38.4779769022179],[99.5673449564172,38.48434501571749],[99.55030833147401,38.49191603230442],[99.54352424853646,38.50223952921248],[99.53782810700858,38.52482595988844],[99.51524310300734,38.54143128201384],[99.50340692309459,38.55876093124954],[99.50367848022564,38.57901599520895],[99.49807091665303,38.59215297254601],[99.47450228762456,38.61067280282472],[99.4547769741402,38.6210607084366],[99.39513106673046,38.670649407917615],[99.34987377463517,38.705952175999386],[99.27441274945589,38.75319287429708],[99.22771821826277,38.773855165253245],[99.20162671033289,38.793200425344146],[99.17998342563499,38.827282789006446],[99.16261627669202,38.839075988223904],[99.11216222046417,38.86042313326451],[99.05243795355314,38.89229876469356],[99.04413006761304,38.91020523549393],[99.05228336095469,38.925302276581355],[99.05918196933573,38.92820728928641],[99.07035959720086,38.928721207165744],[99.08797419430938,38.939521446643795],[99.08516293843144,38.94554872370747],[99.07539803148092,38.95081103061627],[99.0214274092876,38.968041530152306],[99.00530211224542,38.96791863183253],[98.99593982511263,38.96070270949449],[98.98026699469162,38.956404098138194],[98.96262976511234,38.96494937815882],[98.92060342040365,39.01187552804993],[98.87185738078867,39.0458020628252],[98.85976690177665,39.07199937941832],[98.84439286588876,39.082423290179015],[98.8276374240687,39.08680062980378],[98.78383059300202,39.08684438450641],[98.75788741478073,39.08050795922923],[98.73267886979735,39.06822236102168],[98.72244349805081,39.05478534746162],[98.69055376568225,39.01628540125603],[98.67803163582194,38.99264835603727],[98.64164209919244,38.95953736649062],[98.59372753119908,38.93173383054635],[98.5793186605042,38.92798348927044],[98.56074331139561,38.92786127056446],[98.55023266882786,38.9345654936564],[98.54305503989708,38.95553709444038],[98.5383154811912,38.963064707173686],[98.52926492023445,38.963593211294736],[98.47803573134611,38.946110360368735],[98.46748172673554,38.94780803201861],[98.45972439500152,38.957679473388666],[98.44841516651356,38.99218370307214],[98.41935288068271,39.01275329308305],[98.40167025262714,39.02086675900102],[98.37224492891201,39.0280192156898],[98.3415715032087,39.0280490074265],[98.32353062746209,39.022922557259456],[98.30902364784357,39.01494147816811],[98.29199794500836,38.99718703563283],[98.26382858125113,38.95242629724329],[98.24956575302224,38.909369193931006],[98.24961888081185,38.890537217714645],[98.22100372100437,38.87609298274915],[98.17676827838457,38.83948161686949],[98.15930509179536,38.833735586402305],[98.12794572418449,38.82929998314549],[98.11479980475303,38.81726118842691],[98.10773431636872,38.793673687382544],[98.08771557033201,38.78795903596997],[98.04985367550913,38.79984791509634],[98.02179111899814,38.826809276205935],[98.00293023861826,38.83373212293752],[97.95309467293438,38.8445871902541],[97.91931084086347,38.868449110506965],[97.90338533320431,38.887394773447824],[97.87289369368388,38.908213745925885],[97.83344825912246,38.93076197914158],[97.74836647348958,38.96404913421525],[97.70628389092266,38.959981140403684],[97.69035304593793,38.96256268581242],[97.67469341398349,38.97435615452147],[97.6575066332679,39.000529068711714],[97.64766352856626,39.00898917159571],[97.60578549687634,39.03473151099436],[97.50240430075367,39.06467925665765],[97.50093510262728,39.065308580559964],[97.49682814526106,39.07239464084243],[97.48009711972288,39.10134599829637],[97.45657204347343,39.110248103594785],[97.39186600643852,39.116908435077775],[97.36748958070417,39.12824664257997],[97.35480523242163,39.138753733727064],[97.33615079298471,39.172045157321435],[97.30541068390758,39.17763604803437],[97.26291873107135,39.177603787314766],[97.17604082809389,39.191143189920524],[97.14054929288002,39.201502168031524],[97.1273723584637,39.20731368101582],[97.10602547402323,39.20369012938885],[97.09557120169629,39.19813730431995],[97.08385425875205,39.182319398167444],[97.07795938223624,39.168107997088164],[97.07895496448158,39.140914961105956],[97.06140606622186,39.098288025017524],[97.05099554384404,39.080313175741836],[97.03530248599805,39.06576473366279],[97.01670414628666,39.0378099960988],[97.01958929496621,39.026104149877604],[97.04321478434623,39.02541765834372],[97.04749482781385,39.02040955490675],[97.03706384817025,38.97955846722613],[97.02074085546697,38.970061838897244],[97.01292871117151,38.95653320974293],[97.00167775537729,38.92804799220983],[96.9931588315279,38.91903104718245],[96.996228307424,38.90778481628056],[97.00288706914466,38.8957785250721],[96.99905074873479,38.88785649796034],[96.95626600345447,38.87339921354779],[96.97909598971738,38.85561219456641],[96.99870942227044,38.843787107688534],[97.00420639820292,38.83715945055294],[96.98544237980657,38.820179039753725],[96.96756613825052,38.81138146528698],[96.96946991178602,38.80229751944019],[96.99080340418969,38.787365654583816],[96.9951092677045,38.777627017673844],[96.98776908495853,38.750010043715925],[96.98121799648524,38.71502658771471],[96.97709946860348,38.705478246617574],[96.95216246852567,38.6964152481516],[96.9325504757138,38.68124862539949],[96.94761693495677,38.620994801547035],[96.97816899239083,38.60441358106723],[96.99063219014573,38.58250031535268],[96.98461720639214,38.567831407255944],[96.9521660080181,38.54882714382567],[96.95129268116831,38.53188792864472],[96.96880197391738,38.46464551557974],[96.97416082611133,38.38127949238302],[96.9730003962589,38.37030878769531],[96.96385981535023,38.359016107855],[96.92367714334806,38.350234409174206],[96.90434603788933,38.350710631082215],[96.88528977841706,38.35620404769862],[96.80043911084361,38.36419818444654],[96.74291596177181,38.37497480725191],[96.70052721968739,38.38322394577139],[96.65592283465877,38.39354916875253],[96.59143068843201,38.400679066205875],[96.5725733023025,38.40506917708497],[96.54718875930425,38.41894518302305],[96.52933996892372,38.44645179085175],[96.525218746873,38.46038826070235],[96.53690590576672,38.49422544879388],[96.53617260868924,38.514284339207194],[96.52954070457913,38.523587489082196],[96.49877148243371,38.532097431409554],[96.4825072571324,38.54102810793537],[96.47126001246704,38.55913852466686],[96.44889390089357,38.58276446423973],[96.44089722413612,38.58544903234345],[96.42545185520842,38.60855033411961],[96.40145955529852,38.61650958202454],[96.36193450917109,38.6134098199175],[96.341369359828,38.61479560557146],[96.32742006582465,38.61948555857148],[96.3009974075651,38.64433636770255],[96.28617254608822,38.647443503668114],[96.25777335283763,38.63880925868273],[96.22311372933201,38.63590894683628],[96.2075268640647,38.63752468291521],[96.19151463033096,38.64277476218204],[96.17101251652385,38.6783792160338],[96.15597173717289,38.69415276523557],[96.12890499060157,38.7048935895814],[96.10722778363947,38.708491912128316],[96.0820865073982,38.71864171020567],[96.04315990925123,38.74249159389083],[96.01321543590986,38.752563157691505],[95.95757826358437,38.7584995468314],[95.92089180220796,38.769060536356214],[95.8742382722378,38.80484049838596],[95.82345024239282,38.83288936260454],[95.71219654511911,38.870617360952835],[95.68606033831071,38.883131374965316],[95.67460452976214,38.892410674253696],[95.65661885366286,38.9202700305441],[95.58631062937023,38.982071806320455],[95.53740143830886,39.01284876463519],[95.45254565129757,39.049993597619],[95.43846250313922,39.05825712707568],[95.41680521594641,39.08349661896166],[95.37039188028083,39.12756315274554],[95.34207035785235,39.14397432103099],[95.30674034246469,39.19171766992542],[95.27605537561969,39.20337589568721],[95.25788332508841,39.203797900423645],[95.20611924078372,39.191203749791896],[95.16222106526618,39.1886754708643],[95.14519303325068,39.190242749324874],[95.12056363305649,39.203043727105545],[95.08809952653434,39.21273364973251],[94.96361378145382,39.22130384822793],[94.92282467323909,39.22001103248846],[94.89519537072731,39.224122241205436],[94.84673259016411,39.21602670023102],[94.80835370906445,39.21605097910248],[94.7817616809735,39.223712758133274],[94.74553823576568,39.22514293297027],[94.71781363272171,39.23153828919667],[94.68429200284751,39.254303752222164],[94.6795614241256,39.262972379920505],[94.66387025872531,39.27676653361707],[94.61487837096075,39.291831489128185],[94.51801082689559,39.292528455134466],[94.50804791244741,39.29548326984301],[94.4828399196484,39.294511243152314],[94.48188258865754,39.294612577428886],[94.44061860413198,39.30047845031735],[94.3812376318147,39.30018685835325],[94.31698795176446,39.29928684278551],[94.30981104918393,39.29752903369759],[94.28487664151801,39.301200555480364],[94.2180583820163,39.304160942271174],[94.1787317828562,39.29639581394122],[94.10870447549533,39.267932198096645],[94.08846664708986,39.264433090758786],[93.94219549801797,39.25540809532066],[93.8898536681415,39.259345324482545],[93.83699591098116,39.269044583890086],[93.81349540852331,39.27319872918887],[93.78430837298836,39.26493141481017],[93.76261130590512,39.2492395068031],[93.74889858760712,39.24634268357686],[93.70971983411044,39.248125302586914],[93.62721960493693,39.27263268027129],[93.60665555091136,39.27288385888219],[93.5739244033192,39.26012955477001],[93.55714818569086,39.24644871475999],[93.55115964636673,39.231659375617745],[93.53139717435212,39.21753039961462],[93.51438062498184,39.22086074116931],[93.4943782241379,39.232084166341785],[93.47272631388049,39.2401982930176],[93.4480171752084,39.242116428624776],[93.43343500272172,39.241080510805396],[93.41053767411424,39.228264911068386],[93.39462471141223,39.20620644543356],[93.3583984840156,39.16706680788751],[93.34474419368289,39.15865857318519],[93.29011977719833,39.15685168302159],[93.24957922925046,39.15989333947857],[93.18493105006014,39.17525050268668],[93.14159789219516,39.17719651268839],[93.11980688364865,39.17115452446748],[93.09315892699188,39.15048427290576],[93.0502113121239,39.13457870002605],[93.01350360821263,39.14525924308606],[92.99950639616635,39.15463561509247],[92.98048373174618,39.176913261224584],[92.96713483743703,39.192449854760305],[92.956584666676,39.21327242336982],[92.95269470056064,39.22861417609207],[92.95323465205031,39.2391644242571],[92.97101358550071,39.26065491487084],[92.97960090868655,39.27769770613265],[92.97752454453767,39.35289016086749],[92.98155605535767,39.37480438266295],[92.98068246963182,39.39635274503263],[92.96129983743093,39.432157062138906],[92.92468260312127,39.47120213639124],[92.90318784508062,39.49639442512775],[92.86046294095455,39.58917265535449],[92.82915555812609,39.65602060557905],[92.77922172570136,39.76238255003388],[92.74892950843915,39.839995885528566],[92.74891876495906,39.854454190692735],[92.75970247751295,39.8965126890356],[92.84622490338649,40.012119542515585],[92.90665806255544,40.079348301921954],[92.91309127057032,40.09036250716462],[92.89724113653041,40.1769142475922],[92.90144716551606,40.22050858971209],[92.90304737207144,40.262515860809685],[92.9394096594846,40.34959470788384],[92.93779539189941,40.41502635965729],[92.93751522675755,40.45695653787829],[92.94376625729542,40.47679860056197],[92.97538730044636,40.49396813957983],[93.0083243572733,40.4851832415789],[93.0570510263774,40.48255056284574],[93.11551755539537,40.48138589530471],[93.151884386744,40.47829878439991],[93.19848964308638,40.46669292538532],[93.24657934474834,40.4658529732454],[93.27520180737567,40.47125567732121],[93.28367869077296,40.465365732103635],[93.29200952748873,40.46405319439284],[93.30420116695046,40.47020601042665],[93.310784781629,40.47876307529075],[93.32086356780465,40.48427139708525],[93.33573227240112,40.48968036742178],[93.3795167971074,40.49973956770803],[93.38132536579135,40.5001520659588],[93.38867219205056,40.504569473416936],[93.39123462439929,40.50909037603654],[93.41614515675744,40.5344011147238],[93.42353008082088,40.539501201799396],[93.43475974650599,40.543377069813715],[93.460218578108,40.558830763154305],[93.4641558141768,40.5598869937511],[93.49353613801762,40.58325211201933],[93.49696150306893,40.585072356334564],[93.52293112815505,40.598835651569686],[93.54661177507838,40.62117106458199],[93.56187100500838,40.627686412705906],[93.57268927657871,40.6354462517671],[93.58244707256155,40.646886077229944],[93.59073920918762,40.65149844802677],[93.60322119703228,40.655782061531674],[93.60861521013301,40.655431483843124],[93.62193527975718,40.65831862886144],[93.623454417187,40.65955897853298],[93.63312067057214,40.66743620816671],[93.64973649007824,40.66978985080121],[93.65651965801639,40.67420365058051],[93.66780987565026,40.67851071408443],[93.70993655478144,40.71917430945157],[93.75245616753112,40.79482455590827],[93.80078176338532,40.858293053131085],[93.81479872955035,40.886421117249654],[93.82705087604064,40.89616973286786],[93.8403417706965,40.93312345519697],[93.87573766042767,40.981799036508704],[93.88895967172147,40.987177720284386],[93.91386944239412,41.00392443525526],[93.93014167065296,41.022952490710686],[93.94425660958211,41.03425558676886],[93.95636375390384,41.04125936453096],[93.9677464982791,41.045764315677886],[93.97649783762782,41.051940793223984],[93.98545432720938,41.06246198458447],[94.03335523626066,41.104817154007364],[94.05913264241029,41.132005560037314],[94.1054131845797,41.16617575958779],[94.13958278545513,41.198257624285255],[94.20520056202085,41.242953205435164],[94.27872254973165,41.284660249156914],[94.33866828869553,41.33106866269054],[94.38129171329928,41.35540921199043],[94.43485809378171,41.39560175862277],[94.51393892863841,41.477207240112534],[94.61981646843755,41.559597865534975],[94.622178900254,41.56858252646644],[94.6510423130456,41.59462721170983],[94.68215271099072,41.615271533152786],[94.72741168626607,41.638346895687114],[94.79876176951123,41.68028775377346],[94.86836638354418,41.700413340040384],[94.948812184162,41.72338322400766],[95.04810312680335,41.747798770526416],[95.10816966564686,41.76636179442055],[95.22832922988503,41.79756832185054],[95.3001484517989,41.81357822750597],[95.42093768724322,41.83737740297825],[95.49838235909688,41.85098656751257],[95.57036335611011,41.86927989419877],[95.5952666917103,41.86717523947186],[95.63512116514745,41.85597289820332],[95.65952947302621,41.85480931887337],[95.73853328563656,41.83751427041509],[95.79647962612705,41.836044622605435],[95.8779573473297,41.849886762914345],[95.93556997036146,41.875430327910124],[95.98994950462259,41.91059952067356],[96.02062089933571,41.94550220913769],[96.03427077017356,41.951532048366445],[96.05435930192996,41.96965575343611],[96.07564045124093,42.00391792623629],[96.07763691045521,42.01544722346204],[96.07477116869097,42.04361332414035],[96.05546249346703,42.09401869492782],[96.05259600933314,42.12407368627854],[96.0527662719247,42.16901942809967],[96.0517360315551,42.17525647177588],[96.05711517956217,42.21858024462494],[96.06842968497449,42.23251599457703],[96.07106961605136,42.238360547040415],[96.07270166251638,42.24699640939322],[96.07209882068094,42.26605560895372],[96.07025286213299,42.27737754087454],[96.09210733899893,42.37393279214797],[96.09195913698686,42.44953209673984],[96.09207352683235,42.51905198389815],[96.11154722898598,42.592283699023305],[96.13213879261238,42.61492813597694],[96.15688612320254,42.629936993471645],[96.2401203030436,42.656295489376056],[96.2706008028381,42.6700373673672],[96.36560171470752,42.71602827182446],[96.3696301539563,42.71430952703573],[96.39952915628601,42.71477930385413],[96.40585288529759,42.716529139515764],[96.43223177335032,42.7155101284755],[96.46935182753357,42.72055390924261],[96.47702953095363,42.723373804044975],[96.504399371303,42.722313321829674],[96.5279330249839,42.72136611168302],[96.55162995391113,42.723209279466595],[96.57264678524946,42.72793471643557],[96.62022284380265,42.73538414942609],[96.6723710211315,42.74175106315547],[96.67370721351033,42.74192320027468],[96.69086760082091,42.74172205993474],[96.7454447418127,42.73348205934026],[96.76585763957345,42.731764013088956],[96.84173917487311,42.72891328906424],[96.85881403592282,42.72832677073586],[96.88082160642996,42.72444300806187],[96.92171194368001,42.71261778934269],[96.93192847400066,42.71161212954636],[96.96305601906671,42.72190664147675],[96.99970718484334,42.73799743891248],[97.0059281557552,42.74078962550017],[97.02971344555067,42.745246760544575],[97.09306463110745,42.763152063379515],[97.12741776818882,42.77027392539231],[97.15049943856657,42.77341125723197],[97.16248110068959,42.77320842675148],[97.16878794254731,42.77303514009854],[97.1811604489786,42.771506671599866],[97.20753532891739,42.76818129258067],[97.22800152058642,42.76361376752229],[97.28666225216702,42.759162875263506],[97.33107689837014,42.7541490862725],[97.34642075249114,42.752415425739876],[97.38832151570494,42.745445974871195],[97.43817584315256,42.74007597454882],[97.49876843555042,42.73088680365053],[97.51817134907965,42.72792354774896],[97.58459525423078,42.72404527569713],[97.6281249425979,42.71754226688815],[97.66787544679022,42.71539708681663],[97.69066412672386,42.71411882690905],[97.79787446300739,42.704710233618044],[97.83724086267426,42.70007322210616],[97.85816889012405,42.697592036842806],[98.00646332854808,42.68399620893884],[98.018881330525,42.68284419464591],[98.03631652222992,42.67943806912447],[98.09500118686478,42.66289561343674],[98.11998635209748,42.65762262051996],[98.17006681134613,42.64966998941982],[98.24697905551952,42.63739358463286],[98.32417267865051,42.63764329541468],[98.33900536086745,42.63945155051407],[98.50859899718793,42.6307598323506],[98.67864075424208,42.62187862680268],[98.84864768877621,42.612694592620876],[98.99911704366347,42.60431469504682],[99.00536307750208,42.60306833624315],[99.01551387336339,42.60360807004238],[99.09915968693412,42.59769813140016],[99.21614416623157,42.589315375677195],[99.22160105072054,42.59017624837033],[99.24284309727408,42.587140333566815],[99.26828107035594,42.58535465015098],[99.43777131864687,42.57362401560372],[99.49540465476022,42.569623891882195],[99.51986453310555,42.572410585447464],[99.53795616084548,42.57663772697589],[99.55288676630656,42.577240708360705],[99.56116242844074,42.57981410138394],[99.604827970345,42.58685137544975],[99.65808686069029,42.59541869796528],[99.69353518858163,42.6025496187331],[99.77116437318843,42.61399760737783],[99.7937676342889,42.617289262609596],[99.81645023563169,42.61950504265861],[99.93846481490576,42.63774680014488],[99.97128726787128,42.64264481698565],[99.99418912095175,42.64716779978409],[99.99912144896459,42.64690240085878],[100.02353748320664,42.64556369421373],[100.04031957794966,42.6426866058962],[100.05993011732686,42.643315027979384],[100.07875645955814,42.64104543165467],[100.10661796526132,42.63954851332029],[100.27670293788725,42.63054940087606],[100.28175558491746,42.630277990928015],[100.29139132985661,42.644407987940625],[100.30567685563575,42.660759267633196],[100.31062674536747,42.66397655523634],[100.31636040010183,42.67402861137435],[100.32561604006354,42.68285864300141],[100.40373789542112,42.67953407518154],[100.40657508530403,42.67936172810318],[100.52118833852117,42.67191936357124],[100.57660932364213,42.66971264349819],[100.61699855324264,42.66816140783432],[100.6766208158095,42.663363208894175],[100.71337434764735,42.662920971327125],[100.72504229509863,42.660872195297614],[100.7464695682121,42.65993573136655],[100.82466365417868,42.65646167034114],[100.9106835705786,42.64476197250041],[100.91515228606565,42.643912005078874],[101.08017536206957,42.61235339822658],[101.13015323925758,42.602691134568765],[101.24536953371327,42.58158911977002],[101.41051788066055,42.551164636963456],[101.41831192824364,42.549760247987884],[101.42182915218496,42.54806318480847],[101.42830072878947,42.54859249019716],[101.42972292190134,42.54710836487579],[101.46032142168305,42.54066314990819],[101.57396916129552,42.5197847853009],[101.6700054878659,42.502049516424854],[101.69849540912465,42.495231442118275],[101.73840316372186,42.48769947628425],[101.81596408205635,42.4731743438093],[101.82187121212495,42.469734041654895],[101.84289158152407,42.44830347955835],[101.8669597766142,42.42121498130314],[101.86874490697402,42.4195563479399],[101.87905635893101,42.41031076876545],[101.93314421531848,42.35250136724464],[101.96822405331056,42.317689420297135],[101.96963059310518,42.31620027510768],[101.99054841002194,42.29215832451844],[102.06244521420224,42.21816384597152],[102.0677415948517,42.21693775830529],[102.11712163524942,42.20557284227119],[102.12704785368389,42.20444360184031],[102.14359602673419,42.1993403697605],[102.2295717220998,42.18074780065485],[102.29780408858008,42.16594947374487],[102.3018210776135,42.16611954247837],[102.39157603991175,42.14517703056278],[102.41370059654203,42.13997098989717],[102.47623206940914,42.14312637938084],[102.48406114577425,42.14228950223378],[102.5018123178601,42.14351463099439],[102.50724085898872,42.145135462437516],[102.53671049332524,42.145857353176865],[102.55881398648248,42.14456152422255],[102.65417676639774,42.139016395451954],[102.65921943949314,42.137584259087305],[102.68667410012668,42.13644998100128],[102.70747195242153,42.13385561746711],[102.7171951759614,42.13464692286335],[102.72683330173409,42.13427374623364],[102.73818472891509,42.133660482126174],[102.87267680977581,42.07246886231117],[102.97515783561875,42.02551212004838],[103.01924657328686,42.010437550756464],[103.17237544971707,41.957730331018226],[103.1880684476844,41.952312564080984],[103.1991293518622,41.94736718471597],[103.32122323683869,41.9070366807494],[103.32585785599463,41.90620096882873],[103.48958189018953,41.876779374338255],[103.645746937205,41.84842487101384],[103.65305818858523,41.846800869208366],[103.67742612073769,41.841414458764326],[103.68568547724689,41.840959620431825],[103.76577594776523,41.82626392984945],[103.81603972538485,41.81635337868555],[103.86154374576984,41.80745600329524],[103.98271369506979,41.80664420482093],[103.98332001887354,41.80664880786154],[104.02413847146863,41.810526102720885],[104.12507262200991,41.82846660606012],[104.14735676674933,41.83164798110764],[104.16237432218101,41.833886977230776],[104.18771068555584,41.83565117351906],[104.21796850509372,41.84244272740278],[104.27214740666352,41.84819804087535],[104.31262094515581,41.85404056171213],[104.36970760618021,41.86218372020899],[104.37348137165228,41.860861200543475],[104.39589647535318,41.865342130781606],[104.4139679246986,41.866941269891875],[104.42414103703244,41.869755152608384],[104.440397673088,41.870806834539835],[104.47701097806944,41.87685169080978],[104.47810281718642,41.87694529482222],[104.49242586488727,41.877089636932816],[104.54300626767564,41.88334735242213],[104.54308947888538,41.85082517385758],[104.54020932966988,41.80739516222484],[104.53865327769236,41.78505552671888],[104.54029596341768,41.774519672849436],[104.53342390332655,41.69311786965817],[104.53337439387388,41.68195248366329],[104.53325881801497,41.66221246100091],[104.67323980691236,41.646997394618886],[104.68123003688649,41.64612353064805],[104.70688889039948,41.64466389108005],[104.84071673576494,41.6448010117605],[104.94405231103963,41.64488419537152],[104.95252605786378,41.63934998110768],[104.96608352860471,41.62586783733942],[104.98616792065762,41.60845579687922],[104.9992297208329,41.59711427580519],[105.03367885498349,41.56719248726854],[105.05242297106022,41.57942121742166],[105.10083290036576,41.617438817571156],[105.12214921054132,41.63412241002969],[105.1288086991123,41.63715281938599],[105.22048334767449,41.70545113498253],[105.2646841032311,41.738242905822446],[105.27184570513778,41.7418016897241],[105.30501242698563,41.73413731566632],[105.34301987791574,41.752625756525994],[105.34958852268498,41.757789952755324],[105.35602553276405,41.76063159397072],[105.39052653558394,41.77581131245615],[105.4293160753071,41.796150397886606],[105.49792198212107,41.82798582005618],[105.52116879686176,41.83870788754267],[105.54623855291051,41.84888264777909],[105.56280927975621,41.85765932600334],[105.60250337323366,41.87348004294025],[105.62298341548505,41.88366167529675],[105.64260427640433,41.8921468050355],[105.73418752307091,41.931618529885256],[105.78993748624531,41.95292705493546],[105.80104240594332,41.95715061787767],[105.94645864639483,41.99972552118105],[106.00848374365825,42.01786336857451],[106.0566472324328,42.03438496385309],[106.0849251059785,42.046046764842146],[106.09997526351415,42.05155526115506],[106.22706643110902,42.09747074160263],[106.23659639888494,42.09934994816816],[106.25205297138284,42.105911049436784],[106.27990463482352,42.1176271304185],[106.31469985490392,42.12882308845585],[106.40424730499662,42.16063720851517],[106.40952349967321,42.162459430241114],[106.42599821922907,42.16970608910383],[106.46464480966118,42.18207554444041],[106.55690393568891,42.21465700503055],[106.6828330933052,42.25892241447956],[106.71200528785666,42.26418820749414],[106.87693298751346,42.293379094688945],[106.97607648704337,42.31083136551635],[107.04231182809058,42.32066536509248],[107.08328903997986,42.32674590509497],[107.2081624937443,42.347118115723184],[107.23063985768859,42.350773029175635],[107.24998471043799,42.35188266704323],[107.26576363539911,42.35618011487042],[107.29413900446605,42.406776515142276],[107.32752328893119,42.41792342241278],[107.38875705935857,42.43841306473775],[107.41282370538293,42.448183731983384],[107.45207106498415,42.46143309395314],[107.48420886400893,42.46335057453783],[107.51917467424454,42.46556557518649],[107.54618865272239,42.433208344562324],[107.55353921357377,42.42653854556584],[107.57661031134491,42.42502637133141],[107.59206760409353,42.42616173236717],[107.62502189916161,42.42391423914283],[107.64357675505843,42.42274676937516],[107.75502636965922,42.41917493637088],[107.79442034169601,42.41594906256503],[107.79722508281728,42.415711999566],[107.83795722793593,42.4154875410273],[107.91169746136244,42.41158983636161],[107.93642811755018,42.41803252585926],[107.94576252888778,42.41890268904163],[107.96158981251185,42.42294034167111],[108.03282510101494,42.44086368936776],[108.12662601898347,42.45035541771219],[108.23779278871677,42.461514912753486],[108.28531729205697,42.44041072919078],[108.28762003535428,42.43990721264662],[108.29149590400702,42.43900734642959],[108.45655011705965,42.450272291813526],[108.52460122309142,42.454866092831615],[108.55513543317917,42.45084325026071],[108.59607165674879,42.44188281104734],[108.62340439043567,42.437661180734],[108.63967754277309,42.43507523509654],[108.64554554363652,42.432500401405406],[108.66586866778614,42.430159746546806],[108.78167516286777,42.40933179156588],[108.78626249847888,42.40580221064516],[108.81071441535782,42.38685638536282],[108.92628821453403,42.43786790537903],[108.96757029205507,42.45608364664022],[109.01014540392929,42.442114402828764],[109.03111040015423,42.440415451131415],[109.08530494782094,42.439590746900436],[109.10573771244823,42.439328467337795],[109.16623292991335,42.43523578102495],[109.19480339637433,42.4317543604863],[109.23786993433804,42.42915488672894],[109.25341822267883,42.424995260589725],[109.26210022406006,42.42275180498362],[109.2710150052101,42.422380264232366],[109.2873726592823,42.43188730458926],[109.34821565388214,42.43781749083518],[109.38257628399067,42.44306168624821],[109.41955730396818,42.400686299876334],[109.43448623036471,42.38919063809342],[109.44225058335886,42.37915073587882],[109.44576772342919,42.35116441721717],[109.46856493542747,42.316433978085456],[109.47777006528155,42.296694648757565],[109.48173714345204,42.27331605517032],[109.47862489252242,42.2617237648264],[109.48325393405679,42.240095605805365],[109.51061762413988,42.183735184888015],[109.5141727317507,42.16608899859617],[109.50972858039887,42.15100885368453],[109.4961723081539,42.13215032712751],[109.47574827907528,42.08836919341568],[109.45653473456689,42.06126911505238],[109.4066476928884,42.03759842176874],[109.38039799710943,42.0222663796674],[109.37322059210193,42.01338837246838],[109.36290240901363,41.98259802071361],[109.36213887940332,41.96020327307538],[109.3568379924996,41.93591667925048],[109.33675435708719,41.88927305153094],[109.32570922702502,41.880247435507556],[109.31511531057602,41.87582223226901],[109.29115906946946,41.87317714043616],[109.276026176757,41.86685797925562],[109.26368516163758,41.85433509199364],[109.25996976148524,41.84100617693008],[109.26594043830374,41.82288643473036],[109.2813828396765,41.802844841816245],[109.32650442317328,41.77018715166187],[109.34907388163208,41.759016770568444],[109.36000430542701,41.747394428010836],[109.37173672196542,41.7243393765331],[109.38571048766505,41.6801589356682],[109.4133918982327,41.62847977574187],[109.42029935292267,41.596072763814696],[109.41952691893937,41.573689407427736],[109.42853204057953,41.53333967284318],[109.43489740977279,41.519829861103254],[109.4423684465997,41.51265997403914],[109.49398856584212,41.49454052467373],[109.53340855027227,41.48454809843686],[109.57178214408721,41.47851722746264],[109.60033289748111,41.48013902112476],[109.64462937900076,41.48977268687647],[109.67556265613473,41.49003961735036],[109.66611892500386,41.46934628479558],[109.64463944016018,41.44279101372754],[109.63739529107406,41.42361819798728],[109.6391913934051,41.408214935180794],[109.64766779616396,41.3970676802246],[109.65981014827447,41.38891199454034],[109.68146306611781,41.36563345614984],[109.69095893458511,41.35050816520714],[109.70091344564896,41.316494964957684],[109.69696006068212,41.30604048638973],[109.68229099106348,41.29405837007761],[109.65690732581236,41.28054086315259],[109.63708360473748,41.26492636434646],[109.6258143180449,41.24847601405676],[109.61183169002702,41.251095723817905],[109.60015063416202,41.25091867780197],[109.5948497335643,41.25092326850649],[109.58810893477472,41.24910080505771],[109.58362461635197,41.24675344518984],[109.5813966591022,41.243881420441895],[109.58139984388025,41.23816241935681],[109.57782308017617,41.22720543984983],[109.57267095560704,41.218000516004885],[109.56686020002529,41.20015100024469],[109.56764322843937,41.1972648254987],[109.56543185738656,41.19269456520484],[109.55794255265596,41.18455279819569],[109.54666325209642,41.17931033961155],[109.53757940424397,41.18033573564445],[109.53158084106056,41.18259551353618],[109.51476015789962,41.19674922354042],[109.50487785303177,41.202445616905955],[109.4888279385341,41.209690002020594],[109.47976128064283,41.21303384965497],[109.46986927490879,41.21470718154827],[109.4500821785263,41.22198308982152],[109.43561085721983,41.23158052167132],[109.42729265926283,41.23543184962383],[109.41204085799006,41.23817269048451],[109.40758234673086,41.238141889338024],[109.39852592922954,41.23576136090365],[109.38352666827483,41.22866219462417],[109.36918677649649,41.224488270048724],[109.34431468784149,41.221372315522885],[109.3239852738866,41.217657357756444],[109.28713110325934,41.20518191426758],[109.26681428666942,41.20154747427634],[109.24488856004771,41.201266959179314],[109.23278864228307,41.20227830537686],[109.2192188146603,41.204943311335626],[109.2092992696276,41.208295388661234],[109.20007694873227,41.213322116343754],[109.18182600293189,41.22050869013119],[109.1689349786833,41.2267206736181],[109.15592798711465,41.235168511504234],[109.14672279431957,41.23849351037253],[109.12245814051882,41.243893772775316],[109.11257382031475,41.24375318113485],[109.10732360312376,41.24248605057233],[109.1021589986206,41.23844658785709],[109.09609773127951,41.23774009127326],[109.08926919939267,41.24054109952101],[109.07331215061596,41.24380040339483],[109.06728542939369,41.24371688834782],[109.06047646752637,41.24472904153991],[109.05731905485662,41.24643350183019],[109.04295702848958,41.25026579315772],[109.02858603591334,41.25177401049219],[109.01639101416627,41.255627055387244],[108.99062753464625,41.258100080932095],[108.9603684009611,41.257664618270056],[108.94897676065773,41.25639534979534],[108.92123746986772,41.246764179388514],[108.91080273866694,41.24081825493635],[108.9025753693013,41.23784407831998],[108.88916317958011,41.2301973912343],[108.8771706302526,41.22429468005319],[108.86593181495425,41.22122754564792],[108.85538894395269,41.219925854948286],[108.83508367608309,41.21381378989822],[108.81271008080829,41.20489976440242],[108.79626734389934,41.19652752234863],[108.78654783427308,41.19010572931054],[108.76948311018037,41.1812123361475],[108.75828969533357,41.174116004877746],[108.74719265848648,41.16415801819765],[108.73303043176881,41.15535728362665],[108.71738944705936,41.150526426178565],[108.70529359750458,41.14916746957447],[108.68266097940142,41.1487251875957],[108.66980637303578,41.151403097486245],[108.64383575448481,41.16122791311484],[108.63393201174303,41.16283888933381],[108.6233345242152,41.16259249253805],[108.61061143542086,41.16070612801036],[108.59792148943922,41.15703146152803],[108.58275179149902,41.156726999816435],[108.56275286175278,41.15851522725802],[108.5580341980201,41.15051460587905],[108.55745294887086,41.145975470472905],[108.55981774705944,41.14019643749986],[108.56368822427653,41.13571659876615],[108.58602583718611,41.12288029399996],[108.61108300178275,41.114163648301734],[108.62177792183016,41.109228431220906],[108.62497573453419,41.10583685805996],[108.62498106993144,41.1035147864395],[108.62207056336341,41.10055788262652],[108.61531529728363,41.09761640513566],[108.60943724138701,41.092954001397224],[108.6081610591306,41.08655892042235],[108.6059455593114,41.08304706039928],[108.6029473245959,41.080717354391844],[108.5925294832755,41.07653474864409],[108.57900400410894,41.07511422277478],[108.56551662539754,41.07199463046395],[108.55438232359214,41.06782842086804],[108.54831462557979,41.0665620528124],[108.52566997812228,41.06779075690502],[108.51580192168495,41.06992782593945],[108.51132429986177,41.06924271532883],[108.50542954898471,41.06404078811282],[108.50564565020306,41.05599847728897],[108.51111313761218,41.04978184170645],[108.51580451699185,41.04242475915594],[108.5153511856015,41.03547189051722],[108.51110428753513,41.024512147305856],[108.50746557595966,41.018715220736624],[108.49277555813,41.00517378665452],[108.49069214451612,41.00174640584018],[108.47447594844081,40.98877931479369],[108.45893807428584,40.97989999243383],[108.44490720719986,40.96981920865637],[108.43224495039318,40.96327299773938],[108.42038265912403,40.958401380513145],[108.40389551131442,40.95462973761962],[108.39414680711741,40.95389772695496],[108.35827151790036,40.94570543102448],[108.33452520705062,40.93773464710806],[108.31741097006592,40.93048664804603],[108.30621653970972,40.92683845301622],[108.27481010919541,40.92154805756876],[108.25906111620563,40.91782999403188],[108.2344336940061,40.91388087599364],[108.214288397226,40.9082117229046],[108.20014762202064,40.90275173197031],[108.19349680594851,40.89862744482435],[108.18536014771931,40.89614541234846],[108.17059499934034,40.88721612872193],[108.15771000186855,40.8773479186509],[108.17351610691145,40.868846985359255],[108.17802477041424,40.86784618831254],[108.1881065961284,40.8600164041501],[108.20543988152583,40.83451525082122],[108.21713650558544,40.82271685521615],[108.23247516781494,40.81216743583753],[108.24918861443811,40.808455389453414],[108.25886920012981,40.80812798431046],[108.26481476668253,40.80994507046942],[108.26925777003082,40.81295941916187],[108.27523177491656,40.81540018272189],[108.28498483365779,40.81667577791309],[108.29169694908738,40.81686597485824],[108.30678262204854,40.8142582124342],[108.32283732094038,40.806625761730295],[108.33424836991816,40.802232612517855],[108.35453496852143,40.80091629493287],[108.36212477429008,40.7993846589011],[108.37563309661431,40.79904057158244],[108.37941338827697,40.79796215578171],[108.38767806058736,40.79810776198091],[108.39879506648072,40.80299974682166],[108.40780653863368,40.80374975998455],[108.41687093794145,40.80048095824953],[108.42844705531243,40.792058473028824],[108.44701691981393,40.77461597977149],[108.47007582385527,40.75616066089212],[108.48016051884704,40.744291821889774],[108.49632950011618,40.72967298595641],[108.50626459596475,40.72235839176149],[108.51388172892558,40.71912129179869],[108.52148536320648,40.718115533264296],[108.54087164202504,40.718489969353506],[108.55299062072615,40.71691500410902],[108.56284777914817,40.71307922361143],[108.57046848931402,40.70751800870114],[108.58365574525651,40.69109463531822],[108.58463467572207,40.68419536323736],[108.58793280965851,40.67339518931229],[108.59180949684902,40.667131247902034],[108.5971781430157,40.662076128925825],[108.60871191845192,40.653639304294266],[108.62694038723231,40.64537471259752],[108.63753057787117,40.642137948747624],[108.64649833409162,40.642336768789015],[108.66823259044911,40.639860203357784],[108.67504810392225,40.637617772336604],[108.68196371381231,40.632605334461005],[108.69056206728554,40.620673030132274],[108.69212748123059,40.61616663107281],[108.69757347973328,40.61048051815575],[108.70813134991928,40.60438286040261],[108.72010648149865,40.60511674743603],[108.73715125529675,40.6140065561384],[108.7505621474742,40.61710692123302],[108.75722543519062,40.61664958824623],[108.76108272397865,40.61502237165711],[108.77023346422739,40.60717461496593],[108.77053929806542,40.5968125128773],[108.7683907692399,40.59214353723426],[108.77032184606517,40.573881123243225],[108.77184426512532,40.57098158558684],[108.77952173023937,40.56478202516924],[108.78486980022127,40.56204038613223],[108.79544109633815,40.558791279193564],[108.81801114597634,40.55456964130578],[108.82326563000385,40.55236462495243],[108.84580125528444,40.54983491291543],[108.85466715558631,40.55055774007045],[108.86902435010843,40.54906615942318],[108.88406464660795,40.54469683411584],[108.89608801862357,40.539700959655015],[108.90068240275033,40.53635204450874],[108.91282237688658,40.531351168417395],[108.92929440796725,40.529343856044385],[108.9509289452454,40.530214367574736],[108.98617165920254,40.52906391733185],[108.98909079932223,40.52790455567512],[108.99139178611601,40.52854891680732],[108.99514916942472,40.527453281778456],[109.00181109644193,40.53153534870859],[109.00162155023551,40.539038478381364],[108.99778638870153,40.545313450338966],[108.99687687835419,40.55274925270444],[108.99747886863214,40.5550516620661],[109.00199432518127,40.55910973534467],[109.00420629064207,40.56029217260352],[109.00719414512987,40.560379910752275],[109.01249261463181,40.55468482538628],[109.0149198566255,40.54666709882667],[109.01652695083042,40.54331566959884],[109.02176751839683,40.53878234998126],[109.02709983265541,40.53594187530356],[109.04675748969264,40.53114476769253],[109.04090328756683,40.52007826817324],[109.04095603133882,40.516684992056696],[109.05559567303523,40.494457407204386],[109.05881990866875,40.485879169333735],[109.05905539367181,40.474983290964445],[109.0568628224385,40.46978508877447],[109.05476018211722,40.46404862685813],[109.05039273340506,40.45829261373172],[109.03198884426122,40.44422090216092],[109.02025098630008,40.43431662496642],[109.01442228598539,40.427890415381285],[109.00867774943805,40.418605681743166],[109.00654649370777,40.41224511088979],[109.00618174272346,40.39672819451568],[109.01088568536302,40.38248493550873],[109.03203035867196,40.33802265499379],[109.03585947638925,40.33406803018043],[109.04183842512087,40.33245658468857],[109.0456064354629,40.32957437972427],[109.05036997008017,40.31880870091846],[109.05484603317106,40.313673557098845],[109.06324899358039,40.30859539639312],[109.07594794981166,40.305971324465894],[109.08118120092298,40.305987390707116],[109.09756892418642,40.303425071456694],[109.11566158486472,40.297327118380146],[109.11942989195103,40.294531987945355],[109.12404277097512,40.28769467871317],[109.12482300911292,40.282494591253055],[109.12348120558062,40.273345639174536],[109.12063237606215,40.267010260267774],[109.11946828652479,40.25036043735232],[109.11676318043193,40.2359007383626],[109.11115895498094,40.222692014285364],[109.10754239996217,40.21745154939516],[109.1009573476524,40.21221457237298],[109.08273067937617,40.19181479845954],[109.0761917075028,40.18086512657901],[109.0727149574912,40.17160473081785],[109.07000114582772,40.15893029811658],[109.07178697934863,40.14174464532428],[109.08049696829688,40.11890167649988],[109.08133808756897,40.112630290868346],[109.0891334595874,40.0926705832136],[109.08984823810984,40.09206392099422],[109.1116375610475,40.057693862782],[109.13884056923361,40.02116923890444],[109.15367242148884,40.01407392297991],[109.16753536385852,40.016399905926235],[109.19467889974577,40.029169495229816],[109.20680899350859,40.031199037011646],[109.21451603815689,40.02975221499023],[109.23010804367803,40.020033646114435],[109.23703686823107,39.99654269432553],[109.2397225879894,39.962755230645996],[109.23110884308787,39.93380040519635],[109.20740590437076,39.91215382831333],[109.1624265573456,39.89227653411331],[109.15782625193795,39.883285193447136],[109.15994806052078,39.86995011714262],[109.1840072154942,39.78224137598532],[109.19054041105802,39.772386524557184],[109.21312589705312,39.747531239467065],[109.22930347401429,39.76383331244615],[109.25118651957487,39.775717655293356],[109.26980893274707,39.78020659147125],[109.29207285050545,39.778454374317356],[109.33120990108317,39.7685702840793],[109.34175173097445,39.763489021410905],[109.35036785998598,39.75260544954992],[109.35532699816362,39.735638929201116],[109.36431701384092,39.72344959999198],[109.38155939662408,39.714008257875825],[109.40532253086067,39.707018584936456],[109.47489266544659,39.69805408100567],[109.49156973853276,39.69671724639503],[109.5195733438141,39.69998944319272],[109.55108951531163,39.71614958879743],[109.56626249645667,39.72002508998419],[109.59330651766811,39.72038426268602],[109.63199636145511,39.71171734224089],[109.66459773236673,39.71160725555226],[109.7005025581634,39.718872488060136],[109.72063363307943,39.71807145933336],[109.75351919595508,39.704311813121336],[109.77229222023486,39.70191513322532],[109.80204167241278,39.70541216351712],[109.81945981670803,39.70141790222086],[109.83416300047259,39.69424691487613],[109.85394395992218,39.67559535463976],[109.87777780829559,39.66170471246941],[109.90703068314156,39.65416010264324],[109.93751148507069,39.635873524202324],[109.95182450536349,39.62999714575611],[109.97612433708561,39.627104117481274],[109.99339328111219,39.629901362018465],[110.02559874421925,39.65014666173988],[110.0457331026675,39.66842961200803],[110.06462259774266,39.67831265445906],[110.10437580247212,39.6847191571216],[110.13193847779306,39.684102820057674],[110.11101133093584,39.61537776753441],[110.10923143830777,39.59416795340719],[110.11301665582072,39.581147011331964],[110.11711283533994,39.57557058342212],[110.13349822985926,39.566401656027004],[110.18245766776256,39.554877726649245],[110.20047446811654,39.55660816041186],[110.21520960370425,39.56281094388616],[110.22585626232915,39.574592175440145],[110.23569891127143,39.600633708198515],[110.24340958037567,39.6111724023095],[110.25668510485727,39.61674661931275],[110.27323696924988,39.61785408355035],[110.28388784542675,39.61648197951113],[110.31678990604823,39.59524318780638],[110.35717300281878,39.561092578704866],[110.41199483179373,39.49652186126239],[110.43235191625953,39.468584087116504],[110.44095563299831,39.44884644643786],[110.44172591055218,39.43458749078845],[110.43644882838842,39.42070855743009],[110.44213876293287,39.41288290787171],[110.47252127405046,39.408110788752595],[110.48948282459989,39.40063463985006],[110.51848798438755,39.36989122706004],[110.51120941752875,39.365203952131296],[110.51149459687348,39.362693632324294],[110.51268019451349,39.35166904695414],[110.50649574814665,39.344258573976965],[110.49881781187135,39.3420859273499],[110.48723724829446,39.3427544832568],[110.46872631081382,39.35468809846423],[110.45953729367545,39.35917895514382],[110.45383651438046,39.35995388703384],[110.44033486021569,39.35686245501118],[110.41908168921145,39.348918940950774],[110.41409579496008,39.34332796554802],[110.41347568909475,39.33800090175454],[110.41520023822044,39.32936430942062],[110.42846658041468,39.314714077364066],[110.42610267629802,39.3096385313008],[110.41044279223824,39.302530984320626],[110.398532558108,39.3001723702607],[110.3860211855497,39.30087084704855],[110.37033144795528,39.30963950637424],[110.35062750541373,39.32472733224506],[110.34120489404087,39.33421504404773],[110.29979918820698,39.37810922224902],[110.28286955535128,39.39298376454402],[110.27165525563967,39.39897056478838],[110.25806821995238,39.41638240204517],[110.22637302006908,39.43559287103763],[110.20445084161724,39.44334196712898],[110.17897483618789,39.44739279132332],[110.14345725464213,39.44229083888121],[110.13192558329524,39.43534238232249],[110.1262410200074,39.42789487499097],[110.11959979073877,39.42010934399927],[110.11895140117728,39.40285123845442],[110.12108761420436,39.39779206540319],[110.12619878906465,39.39145582471491],[110.148660165643,39.38441845533063],[110.15514469049454,39.380393177516126],[110.1631936338539,39.3683616286011],[110.17734530874355,39.33798856882116],[110.1931306422629,39.30992338237211],[110.20376514269115,39.28271964952876],[110.20993049240646,39.27427006842842],[110.206870421976,39.263583605519784],[110.20180784265202,39.25995118026466],[110.13054838917789,39.230144502590726],[110.09124907232798,39.20921753360675],[110.06942137190374,39.20195690389676],[110.04830776965768,39.2000163164391],[110.0078827643659,39.20024711644767],[109.99121251370443,39.196341789862885],[109.98152288751847,39.191631088951276],[109.96918426608086,39.182294573712895],[109.94646771410532,39.163008592669286],[109.90284878165215,39.130154652551234],[109.87506314296841,39.100794783737705],[109.8572375065904,39.08398688988638],[109.84377615055632,39.074860844570814],[109.82279736859255,39.06886751448859],[109.78251420139553,39.0591275920068],[109.76128639309539,39.056433109137735],[109.74379142270978,39.05725420693516],[109.73238561882063,39.05446198292677],[109.71798380899352,39.04678483817314],[109.70879110216991,39.03820336490473],[109.69349529376434,39.01049470086018],[109.6806256946599,38.95586028025919],[109.67285574288108,38.93608103190726],[109.67132554522672,38.93212431193836],[109.68177034004455,38.923578423417],[109.69760682875751,38.913047118451495],[109.71667470855006,38.90189648051148],[109.7317983407471,38.88577525550918],[109.77085902169385,38.828341204608776],[109.77784168238348,38.80777482955323],[109.78109049525796,38.80298356467302],[109.78642517994889,38.80121472516171],[109.79547164463719,38.80335087006451],[109.80243010321445,38.80246066002836],[109.8100809689367,38.79820800995361],[109.81681212830459,38.78969905289661],[109.8165839037126,38.78207404940036],[109.8077862413139,38.76788625996926],[109.78276506379386,38.74481721816869],[109.7691144263665,38.727960069564965],[109.76079419879292,38.709336772013216],[109.7566542543634,38.69018448091795],[109.7576061888723,38.66819297117155],[109.76319092497751,38.64124576221396],[109.77778276026531,38.62298947677565],[109.79399089782612,38.61217646989012],[109.80764184420342,38.60934734598447],[109.81897493080821,38.61555763044971],[109.82498545383864,38.623538443522456],[109.8275232577255,38.63524390738875],[109.83238246414072,38.644466801621526],[109.84070554780749,38.649963905044345],[109.84742075472968,38.64801102044137],[109.87009797484782,38.61449426328029],[109.89137075562479,38.594275348526814],[109.9038508760777,38.58611076603598],[109.91911288946858,38.584152177129646],[110.01162083779803,38.589750962279766],[110.04815647835262,38.58721170734375],[110.07589742976297,38.58362308555221],[110.10107286985128,38.57488674370133],[110.12595860357433,38.551959929350225],[110.14486442257738,38.54075220668853],[110.16097660052631,38.5233323458165],[110.17129732431685,38.50557656708783],[110.18278767097516,38.493134763326395],[110.18901181146062,38.48904239667628],[110.20377051476679,38.48491884079438],[110.2190034672722,38.48292927841003],[110.25919398527715,38.4842245521373],[110.3181325087115,38.492890838389485],[110.33185396740927,38.486416299790775],[110.32979338319605,38.46577875053502],[110.33212833370106,38.45734032972755],[110.33663754143983,38.452255051491534],[110.36006607656836,38.43694966407095],[110.3667039634035,38.431010147568436],[110.37063235076442,38.4219273665016],[110.3739673300887,38.40673293667307],[110.37925378451544,38.39953857478425],[110.39202564846231,38.391874309864846],[110.3797086156953,38.37970429871271],[110.36760840985554,38.36379274764548],[110.33707159004231,38.34813316486566],[110.30781182125091,38.350897810053354],[110.29880979330247,38.34880054118042],[110.29000043158588,38.34121587701168],[110.27018240712479,38.341632031396166],[110.22379745568101,38.33131398108987],[110.20836832276395,38.332246908642674],[110.18051925104508,38.34136123396405],[110.17475296570522,38.341019138721784],[110.15509143965005,38.322807749771236],[110.14700410041657,38.3183926677458],[110.14009475359173,38.319294088202895],[110.11826326617641,38.33636129957515],[110.1016913135237,38.3450838944981],[110.09132090241128,38.34315873249792],[110.08300142001923,38.33767372251917],[110.08019966134016,38.32491261253881],[110.081774073012,38.312680532345084],[110.07735705051256,38.299028825483425],[110.04758790448547,38.27993349597447],[110.03949752522632,38.26895475742555],[110.0374010262849,38.25938111219604],[110.040131912538,38.245900219950784],[110.0614500416795,38.21359557145269],[110.06921504335048,38.19071515781629],[110.06686468164207,38.17352518070163],[110.06982338183654,38.16110531657719],[110.13557395796575,38.089117178105106],[110.12724212459838,38.08032802811979],[110.12373795959513,38.06437837750883],[110.10488540948745,38.05591073959615],[110.10828665096523,38.045617964555895],[110.11837394401195,38.039926123543424],[110.14336600789852,38.03118240181713],[110.1607636797708,38.02015125056639],[110.17081324931034,38.0078884707961],[110.1684742088805,37.99726111154011],[110.15743919345437,37.99214512447413],[110.15055959338306,37.993047897527],[110.14139515026999,37.996441174778774],[110.11368342073864,38.012098859689196],[110.1031157191743,38.00910776767946],[110.10241729342597,38.00591684922223],[110.11289399996184,37.98267055657839],[110.11445931468693,37.97043579095948],[110.11121573595355,37.96210826187609],[110.09718947413647,37.949732904884556],[110.09486290733773,37.93909365982916],[110.09645144458341,37.93341894931656],[110.11742497380702,37.9000496048549],[110.13205109361783,37.889383465711354],[110.15401336154589,37.87994056914967],[110.16336848863556,37.87105163642807],[110.1667582694846,37.86075853397971],[110.16232593652397,37.84056106034755],[110.15629644832303,37.83269374005782],[110.15631638040868,37.82603519505365],[110.14302630445823,37.82340922411798],[110.13273817717297,37.8280432496522],[110.10235906659804,37.85062031311528],[110.08497015429879,37.85508259440407],[110.07626613015022,37.85403837414702],[110.05039761302197,37.858510822882856],[110.03874398935508,37.8698751434986],[110.0380817965949,37.87980141634468],[110.05094739988253,37.89343682421621],[110.05303174651407,37.903003945476684],[110.0486929486614,37.9090373996475],[110.03953837328662,37.91241866036594],[110.03219939223969,37.91119063771254],[110.01522481128045,37.904657642984496],[109.98976017551202,37.89156707378273],[109.97645790205783,37.88236033167112],[109.97136666573897,37.8524026458709],[109.96150925405092,37.84603185290234],[109.9507443823799,37.84852388717766],[109.94411687688317,37.857037335382074],[109.94207432517413,37.873702637931395],[109.93750047481129,37.87866620474297],[109.93223161485179,37.88044339086729],[109.91894228124956,37.877796601502574],[109.90748079937066,37.87053166977311],[109.8999175153444,37.86167207186951],[109.87928974758168,37.811860895171606],[109.87859446717349,37.80211319579789],[109.8820419199371,37.794464221033564],[109.86691904438032,37.7872227159564],[109.85662433629437,37.78527647232139],[109.84014510638565,37.787403296579285],[109.81771192859694,37.79466141263838],[109.79849074604479,37.797140478298445],[109.77813164680045,37.78773768720854],[109.7591422336936,37.78470970033662],[109.74403545222195,37.786644336287054],[109.73235986816613,37.79142439301686],[109.72000741544608,37.78644686517474],[109.71453175098641,37.78059339100175],[109.71202441642068,37.77544972387903],[109.71844496314772,37.765882139860565],[109.73241242431298,37.758627020978324],[109.75117331532029,37.75403601352872],[109.76193407465722,37.74499808500661],[109.76353906784506,37.73933420858292],[109.76035371685882,37.73099611766633],[109.71288300701681,37.68025779875073],[109.70626229973055,37.67563742963934],[109.69872078640446,37.67332856814869],[109.69210053957956,37.67526454213229],[109.67904919449815,37.68676998455341],[109.67400745453602,37.6895968027723],[109.66555474743238,37.689587393830536],[109.65162774827266,37.6837208518004],[109.6438846617884,37.67377920781828],[109.64049997270708,37.657820774378955],[109.65745847920064,37.63817124039075],[109.66021544068083,37.631258380105294],[109.65476780495482,37.61884787346493],[109.64496502469984,37.61244231171918],[109.63766355716221,37.61119337789331],[109.61527352720792,37.61842142421207],[109.6043011726223,37.61981770053804],[109.59403082007093,37.61784602424208],[109.58423633628075,37.61144903469197],[109.58585550026882,37.60577493467187],[109.59181030537198,37.6006489496004],[109.61283214556059,37.59359941895882],[109.61993116462364,37.58723013576332],[109.6190272490234,37.58297149043973],[109.61379273283522,37.57817704529462],[109.59396749134005,37.570867359857985],[109.59261224557218,37.56448632647357],[109.60156384960727,37.54695250790605],[109.60296786779755,37.54022199531961],[109.59797740717114,37.529931814150245],[109.57273548073677,37.510196244567815],[109.55225450813823,37.4996967174542],[109.51805131964841,37.49300114769921],[109.498269527178,37.49016432887644],[109.48075979954291,37.480359227351165],[109.4626291582117,37.46080638023766],[109.452237744611,37.444486669836714],[109.4335845347648,37.430751777789816],[109.40937695216995,37.429083005707916],[109.39539171537655,37.4236429579541],[109.37898930311707,37.40878181116312],[109.35024160440632,37.36753425061269],[109.33588383405105,37.35730229602967],[109.33198630082863,37.34534010261189],[109.31613976384847,37.33800012514801],[109.29331434164787,37.33066180542821],[109.2581421466555,37.324139197880676],[109.23694006105326,37.31218115081752],[109.21709217270981,37.30545327998328],[109.20473242243564,37.30627716303854],[109.19369352997033,37.3040608492037],[109.18083602339843,37.30560715946944],[109.16071864479487,37.29782298673791],[109.12337287342227,37.30466008226339],[109.1086185911146,37.30148665551163],[109.06814619830719,37.28485017635547],[109.04504006578348,37.28729987914402],[109.02331325594346,37.284100775939734],[108.98446668578529,37.268280191475],[108.97110008765546,37.25944508349383],[108.9644451387923,37.24958240266707],[108.95916741939938,37.23407668101344],[108.95330425971918,37.22735466198742],[108.94580596867885,37.22523368816605],[108.93155766364995,37.22958118794845],[108.92003497890333,37.228072861545726],[108.89384703957094,37.212483005447815],[108.88500627079213,37.21056289670497],[108.87826368342525,37.217025057167675],[108.86931726259347,37.23253155325294],[108.86076777506572,37.225117180774525],[108.85219751208076,37.185097212932284],[108.85842595107833,37.176538340012065],[108.87414808918068,37.164057456906995],[108.87317784363314,37.15267906012229],[108.86470844517765,37.14564669995226],[108.86082829164812,37.145587253921924],[108.8250691348372,37.130463834424205],[108.81072971975028,37.13098658573045],[108.803276793256,37.12551054435478],[108.80061851114286,37.11784109268933],[108.79503238589983,37.11319914268346],[108.78536632517562,37.11829943735472],[108.77681214106234,37.118199394663],[108.77126290475955,37.11195200124471],[108.75514248650693,37.1086025125131],[108.74675207006139,37.10012272964029],[108.73858840374518,37.08923076190352],[108.7378012527716,37.08239548422878],[108.74373913710703,37.07562802612299],[108.7796392094966,37.05032933794391],[108.79031619964239,37.04510977966592],[108.80361607216852,37.042304281407574],[108.80947140666183,37.03865358572376],[108.80597978479597,37.027891867895],[108.78737526178844,37.013042267389274],[108.78551755066009,37.00998046901766],[108.78677757382628,36.99854108606978],[108.7832513935774,36.98929418356231],[108.76933091762595,36.976884715346664],[108.75896693798508,36.97434400424789],[108.74915939900255,36.98559225417366],[108.74623525275437,36.98630273869587],[108.7377765881892,36.98316917073689],[108.72737217705296,36.982141300294536],[108.71195514737116,36.985713951405074],[108.70234494715098,36.98938141209978],[108.67718044561046,37.00338979712934],[108.6684639844834,37.01157107513975],[108.6623609624535,37.02448558643355],[108.65451646500621,37.031927892239615],[108.64490224135963,37.033275030828655],[108.62983122844328,37.029968904734496],[108.61728030101533,37.03424864281422],[108.60782185053036,37.03407429705248],[108.59759514707478,37.02474715796149],[108.58939017542647,37.01233340210629],[108.57552968671163,37.000614162803906],[108.56708318191437,36.995153210886045],[108.55005004796213,36.99100271389857],[108.54245210808872,36.99157279081538],[108.52790593809465,37.00195622020225],[108.51820375955313,37.006324433213024],[108.51052681836666,37.00769633004505],[108.50103959006559,37.00680235691352],[108.49321668534427,37.0011331166432],[108.48692079791836,37.01176095479148],[108.48953693824126,37.016807989997645],[108.5111122610597,37.0255456206527],[108.51800068946704,37.031035970349976],[108.52452181335916,37.04636017853576],[108.52695392168613,37.06772673633111],[108.54155427057854,37.12748365587834],[108.53888509850051,37.15070679623804],[108.53664968638432,37.158645536647434],[108.52604427849619,37.17217992578451],[108.5108962102973,37.18421776784589],[108.50328663264925,37.192954321907266],[108.50495488931539,37.21118245345257],[108.50246088761274,37.21806775302991],[108.49408339456913,37.223660443923336],[108.47712062159735,37.228355200968245],[108.46093410070365,37.2361917101895],[108.45439807043215,37.24367458929513],[108.45536295578526,37.253315208516504],[108.46757780187178,37.263453899370056],[108.47090361845986,37.27708303712319],[108.46463420914975,37.28562161435651],[108.45053239344064,37.29639901859391],[108.4362868381426,37.317111023602266],[108.4318621336856,37.329932432106986],[108.4283524127041,37.33495720454743],[108.42961098512077,37.339187472958024],[108.42518622062236,37.35200949914822],[108.42635309744735,37.37859013842978],[108.42304234389907,37.3876243238018],[108.41270826774345,37.3986860701139],[108.40867060873587,37.399286400209235],[108.40039649250184,37.3939859476024],[108.39515436711028,37.38389589919383],[108.383692816923,37.376895023592155],[108.37804488450303,37.37663877344992],[108.3619188397982,37.39010738346948],[108.35136945845898,37.3816553310023],[108.34478720822227,37.3717645134146],[108.3285928657539,37.35676409665763],[108.31124746171932,37.34845893170389],[108.28986629823582,37.34073468552276],[108.24004156941402,37.33065855017596],[108.22590587118516,37.32403927325093],[108.21905643754852,37.311841860700376],[108.21706648051459,37.30469577742956],[108.22715963572067,37.29453562464495],[108.24422874340127,37.28443190503598],[108.26195440549425,37.26554197791488],[108.27135264244116,37.24678582224569],[108.26966218468623,37.23400251444084],[108.25083050149381,37.21939023929575],[108.2288120802771,37.18569448790886],[108.21293993281914,37.17172989626591],[108.18632793204118,37.159336852328885],[108.17616690903556,37.15756410644816],[108.16676281552324,37.158937474389774],[108.16239473341187,37.1639155346324],[108.16842732741812,37.189096898645765],[108.15993498554549,37.20011011534492],[108.14381147144833,37.202463433141844],[108.13204821902366,37.19983811035417],[108.1235816219894,37.193472837317906],[108.11805984055283,37.170384971291355],[108.11924095297769,37.16370174140745],[108.11422935988243,37.14271622150844],[108.1086945763821,37.137005372631386],[108.09779178028326,37.13208154806824],[108.09241920695308,37.13286333108291],[108.05081505735366,37.12154269829625],[108.02430328343247,37.12104964133242],[107.99898224254883,37.11385913739197],[107.97988367971871,37.10359699203844],[107.96933962833114,37.094269140773214],[107.9550240343493,37.08656760783842],[107.93598003144979,37.0882320842394],[107.9219467679897,37.09351330673128],[107.90852260272214,37.09545029557027],[107.89972490490074,37.09346484556866],[107.88872855709852,37.09395834083804],[107.88141530379376,37.098267089135796],[107.87399075136581,37.10801689486629],[107.87158209164701,37.121385950696094],[107.86404853704067,37.13657652659255],[107.86325720479391,37.16273848575278],[107.86049494241553,37.180500809788576],[107.85185299288361,37.1969319544213],[107.84172329270733,37.20706472293837],[107.82228555202013,37.21310477745274],[107.81435968793951,37.22075773965625],[107.81143583320531,37.23202380182955],[107.80729594287743,37.23804352896327],[107.80105147033984,37.241105363223745],[107.78979802356544,37.24054383917601],[107.77277788016075,37.23320786040145],[107.74559436024738,37.21212876491982],[107.73726388600059,37.20029660686006],[107.7338298423709,37.18559867564184],[107.73967500956307,37.16306077981667],[107.73684064646658,37.14502509290559],[107.73427530082772,37.13996513590298],[107.72766975844928,37.13548131730489],[107.69822105765832,37.13425034033561],[107.68600213363104,37.12947819402005],[107.68160008916107,37.12251342096652],[107.68440593228456,37.104752290378514],[107.70088298713806,37.08613380449276],[107.70564493398523,37.07677496256848],[107.70111928246774,37.06331881280719],[107.69269412467776,37.0569231671623],[107.683051204024,37.05721054824431],[107.66412929224717,37.06532788988552],[107.65851593184814,37.06504294247752],[107.65008704647606,37.05863747893892],[107.64887306244599,37.053390863356505],[107.65167882894315,37.04757363485689],[107.67840440895141,37.02532553845087],[107.69036425966341,37.01711236521862],[107.70975288907668,37.01109728099922],[107.71841919493303,37.006603720544646],[107.72633956265993,36.99896109283319],[107.73023685345093,36.991897550385495],[107.7303504138127,36.98645456271542],[107.72218124293333,36.9811195220945],[107.7120530103765,36.97930148516665],[107.68876410363676,36.98045230738561],[107.67864052593856,36.97864218980056],[107.6722988688443,36.97520892745499],[107.67193220226383,36.96766775391218],[107.69460729364077,36.94599639430956],[107.70313095560508,36.93501024885631],[107.70934078125869,36.920017374974876],[107.71698886603019,36.875531425652724],[107.71405320266256,36.862928388120544],[107.66005601597645,36.81273006046476],[107.64695449623343,36.814609271415144],[107.59611817133374,36.814956696663316],[107.54613757870432,36.82060860808822],[107.5253939343431,36.82494456184938],[107.52004452932134,36.827990136309154],[107.51392588402064,36.835324700270064],[107.50405427725438,36.856534618514125],[107.49723219238408,36.866820528366645],[107.4726346583702,36.878970130893684],[107.43431264685665,36.88855757093613],[107.40648110165081,36.88826378622874],[107.38698117483904,36.89064815100766],[107.32641254740346,36.90346153571242],[107.31457186721647,36.905960807219536],[107.27187931035596,36.91062642955564],[107.28244612125003,36.91737011558818],[107.28804604320207,36.923386848457774],[107.2957819198238,36.937036421100885],[107.29662868456342,36.94380353411806],[107.29504934720919,36.95263413328407],[107.28053786273917,36.998133401643095],[107.26979705764215,37.04032918675939],[107.27438958058367,37.062568680151315],[107.25704763968483,37.070248403425296],[107.23922649697487,37.08487777190124],[107.22304954643434,37.087151830606714],[107.2145158385925,37.09139729251932],[107.19835448773392,37.107794411712554],[107.18984999326956,37.113195033719336],[107.15816369249032,37.11267229524734],[107.13576642896109,37.106108854222406],[107.11713353579282,37.10375183302772],[107.09166599301518,37.09714310167437],[107.07463047348314,37.09475338520692],[107.03982604249087,37.09656702374775],[107.0305994621338,37.09653773212747],[107.00890570568677,37.08575644212757],[106.99259393095487,37.08031729836481],[106.98496518971655,37.08034849098636],[106.97723196480015,37.08518830032116],[106.96945415018195,37.097239466689516],[106.95166675572982,37.10997940812807],[106.93003486184627,37.1195706432048],[106.91071893199884,37.12627425390307],[106.89676427973019,37.128710263663756],[106.88364605114897,37.12810539194921],[106.87670585484567,37.12384650049809],[106.87907274287294,37.108766080962084],[106.87749512320747,37.09543581059347],[106.87290575613947,37.089361274357636],[106.86516223316765,37.08938691494057],[106.83497473509465,37.11297568739385],[106.80862955644595,37.12626427668642],[106.79551046751041,37.13045755298314],[106.76770542531091,37.13530097146399],[106.75914361342963,37.134619311057065],[106.75369252552117,37.13042202131509],[106.75140766360059,37.120127076806874],[106.7375664368387,37.092365193612366],[106.73452225443518,37.088668114208225],[106.72596790484005,37.08807319913862],[106.70588455692834,37.0965362643933],[106.67959157662801,37.10249721143682],[106.65790506826225,37.110973843343636],[106.63622380879049,37.11455046120524],[106.62072972018294,37.11448323300389],[106.6184545346042,37.13400797631241],[106.616595014695,37.14656236194622],[106.61808417730563,37.15691422487581],[106.62117641073907,37.161410196801555],[106.66114248544852,37.1845805585062],[106.6672045513738,37.20120921401346],[106.68930785656462,37.2170714795214],[106.69166375031068,37.226693544088235],[106.69785363178337,37.235681063840396],[106.70069877582047,37.24686855766411],[106.69655655585018,37.25199935352809],[106.63104794096382,37.286688312166746],[106.60132176586559,37.33103912575237],[106.59529392498904,37.34405447123259],[106.59431212412481,37.3577013606608],[106.5994081316688,37.369968389570566],[106.60853230821711,37.384877084425945],[106.61007566348388,37.38739015679432],[106.60779403316371,37.3915524186565],[106.60166862968991,37.39287985698112],[106.57744581720287,37.4104200723153],[106.562186655892,37.415101086340435],[106.55206270214232,37.43045969489357],[106.54566195465449,37.43177528918548],[106.52907708256207,37.433378480384135],[106.50964782277792,37.44871284228286],[106.50493650291503,37.46260895486977],[106.48216309585807,37.503057690440095],[106.46560258142674,37.50206872087277],[106.45197701858852,37.50296422920466],[106.41194232519385,37.51336045669142],[106.379635566171,37.52613673632487],[106.33803516689005,37.53369650996607],[106.30731102737137,37.53743585034424],[106.29827689468173,37.53795228701738],[106.23891221207128,37.516824918079706],[106.22415736820851,37.50710307721957],[106.20857989986156,37.5013148795446],[106.19083121356027,37.49856912178253],[106.17968158109092,37.49928303289991],[106.13330972095771,37.509014169955094],[106.08639289739861,37.52554807262361],[106.04885514421895,37.542477853112],[106.03428382785485,37.51621556376453],[105.9996331272196,37.48250516796095],[105.97421223230108,37.46566627367056],[105.96321636578787,37.455686206641964],[105.95554376831535,37.4416158041797],[105.95095802673748,37.40893652145737],[105.94225487246494,37.39686975676406],[105.91668160474003,37.378093776927265],[105.91075564037693,37.3687660294039],[105.91341221261371,37.320162390593765],[105.85759463235198,37.30801352882856],[105.84353999714092,37.303441915355535],[105.82485600280042,37.29163113018941],[105.79920867975424,37.26418941746489],[105.7885462868391,37.25743710437042],[105.76917086064292,37.24948034021649],[105.75971360250396,37.24262928541236],[105.75967849183075,37.23641202086968],[105.76643034180317,37.217418891824785],[105.77058086546327,37.213543015000866],[105.7704817209486,37.20488722583982],[105.77243403889331,37.20283872320588],[105.78989748730935,37.18038438754837],[105.7753435554719,37.176604286304425],[105.76228080174555,37.170046160577236],[105.74971284275475,37.16725518120493],[105.72412759848177,37.167415074893086],[105.6870619077804,37.163730486455385],[105.67137261679349,37.1649915506308],[105.66101187186766,37.16962934832313],[105.64198281196435,37.18258062116564],[105.59274144289253,37.18841012935131],[105.5779114016273,37.19625387577843],[105.55343415853497,37.21438357419602],[105.54551381723661,37.22266214184773],[105.53640689014284,37.214780956619535],[105.52599709049454,37.20036852643219],[105.51354547841025,37.188973901056855],[105.49311560080316,37.162978870740844],[105.48090759155144,37.143946642079264],[105.44794581172226,37.10560047786692],[105.43624651767459,37.09985670217958],[105.43021803795854,37.100329558840926],[105.39850037624527,37.109469906371295],[105.38969561542744,37.10730152289906],[105.37113338733985,37.09542395147921],[105.35835419951894,37.09070777161489],[105.34231575296077,37.08909670842601],[105.32459898985016,37.08380829155643],[105.3060501430681,37.07191581857569],[105.30256375668213,37.063624113856804],[105.30233694413266,37.05221812313046],[105.30608485864006,37.04336245626155],[105.30536832260933,37.0377067641936],[105.29873870256536,37.02998239381186],[105.28525328022717,37.03259665904807],[105.27164671144521,37.030790435124615],[105.2624956022599,37.02578880442421],[105.25325446219625,37.01031921392034],[105.2447207104826,37.00050589111543],[105.22872977918604,36.989361703745644],[105.20466857518055,36.98169398176831],[105.17869460496544,36.9781597616803],[105.19732457983737,36.92704068366826],[105.20558296252892,36.91340904449265],[105.23633116344672,36.900715754449806],[105.25458947574867,36.891868216085555],[105.26874524945947,36.88008952281472],[105.2776611759511,36.864760495595604],[105.28615014020792,36.85770970456012],[105.3019488152163,36.83346207677908],[105.3009063216921,36.82803496007511],[105.31972862211583,36.796834941146116],[105.32207480761251,36.788194943446896],[105.31874897339284,36.77930237022288],[105.29022760685703,36.76441768204206],[105.26804650355918,36.743994501888054],[105.24431577633176,36.731581381744164],[105.23272536000675,36.72163417897205],[105.22624331643011,36.71390207660723],[105.21675676149835,36.68472319356768],[105.21728195651114,36.67003543182923],[105.22457890740837,36.647858736848455],[105.22384927488011,36.63041374920885],[105.2329340550832,36.60253646089504],[105.23324247935477,36.59221046916113],[105.25133074686005,36.58808095723418],[105.25697744888184,36.58513210381958],[105.25830739979456,36.57685120836642],[105.2554506080266,36.568044810619774],[105.2445653214518,36.55925425696109],[105.2398927592681,36.547602601684936],[105.24212196828594,36.53727280593197],[105.2512554908054,36.52986673586733],[105.29011491182877,36.5223946901197],[105.3060304369651,36.516748980397054],[105.32271332547388,36.50593646606317],[105.35812646040019,36.465783846665005],[105.38471244416627,36.42867477286441],[105.39763870870622,36.395431551700845],[105.42107728614032,36.34822510165877],[105.35649322754945,36.35269873962146],[105.34982014466435,36.353577488017145],[105.34186750769528,36.35874107676623],[105.32697139741612,36.379104197517556],[105.32785843578155,36.39630507142037],[105.3264869103485,36.405359761367876],[105.30605634047828,36.42947844829161],[105.26672348973608,36.459098167086154],[105.25244130480031,36.46270526409978],[105.2000038445931,36.49314129259046],[105.16460089609846,36.50511172940918],[105.13660011919565,36.51048530039559],[105.11398153569378,36.51926236985427],[105.05869109201905,36.5519459342397],[105.04201179575973,36.56556531796727],[105.01988890228932,36.578151782506524],[105.01073373633722,36.58041203010372],[104.97198667258716,36.576526647154886],[104.94788527595702,36.5690134272983],[104.93215210193729,36.56735205039878],[104.92053539068054,36.57100363482243],[104.9003326927324,36.60365488778346],[104.87743022276527,36.6219372182679],[104.82764959494516,36.64600888362059],[104.81836436636694,36.653030367867444],[104.8014957222444,36.671392793599615],[104.78501776922366,36.6983529511201],[104.77692422944126,36.70586827534518],[104.73109622450214,36.71468051616029],[104.71274087094073,36.7191607513936],[104.68691697199806,36.73019515768285],[104.6584102740575,36.74978073475992],[104.59588586713852,36.76734402896371],[104.54880855733019,36.77559986564018],[104.52059413021044,36.783215374297676],[104.4570182076502,36.79304988360716],[104.40401202490006,36.79691415146316],[104.39451952422458,36.76705255517786],[104.38280633740204,36.75250533447146],[104.36853573458741,36.74172539241907],[104.35652871249555,36.73672341066703],[104.33836761608381,36.7339854264422],[104.28224313714091,36.739573564743466],[104.26174117779978,36.73907470148169],[104.26470034439185,36.71774140052731],[104.26228195687914,36.69858404560267],[104.2502691222675,36.67542280957038],[104.24648703264381,36.660538437640255],[104.24527793721944,36.64188809728277],[104.25155499114753,36.61670531281539],[104.26112034755867,36.60256867829054],[104.27180231495869,36.591317414075895],[104.28911043525241,36.58162690641336],[104.30626184938798,36.57671056053333],[104.32044869794875,36.56934753100894],[104.39541195291375,36.49914911260349],[104.40493556161748,36.48499947238761],[104.40578498001562,36.476895101096474],[104.39664332986139,36.45857560287074],[104.39566037312626,36.45091817378748],[104.3994608691224,36.44048777288584],[104.40189109874417,36.43501869093369],[104.39657468580556,36.4215695221704],[104.38963290042285,36.415988350992905],[104.38597867718292,36.40801149874576],[104.38597030664172,36.40420866412218],[104.3821304397729,36.39812593398648],[104.36012766225704,36.38528944114337],[104.32960690493188,36.37370952306198],[104.30246371128294,36.370791731337455],[104.2746090481712,36.37119496622884],[104.24468685578829,36.37919503269228],[104.22534310894149,36.37832718385503],[104.2109346391224,36.37469150743086],[104.19063862965517,36.3661531044719],[104.18060438435106,36.358305726027325],[104.16430624137561,36.34672595411582],[104.13661543949695,36.29864323858479],[104.12247385404133,36.28177942558947],[104.12184225486328,36.27062420406163],[104.1249454079142,36.26830205607999],[104.13893806114905,36.265727788777916],[104.16969495103137,36.26780639591372],[104.18551463234047,36.26479038974038],[104.19291108947874,36.26064552844434],[104.19265992056536,36.24965069952256],[104.1883669615552,36.23332572727171],[104.19162314754578,36.226224238567674],[104.19782272666971,36.22157457253478],[104.20487987520812,36.20882640112018],[104.20511602980746,36.20166964045617],[104.19891797565282,36.18816448155626],[104.19129024937673,36.1813228404754],[104.15890155399443,36.1567679179031],[104.15080347896989,36.1460898281671],[104.14239721285017,36.12680395031859],[104.1342251538712,36.11851535238587],[104.11455999245811,36.111412779953845],[104.06878164302226,36.10899416539287],[104.0567132367582,36.102491772650154],[104.0439008567241,36.09603945462678],[104.02164916285037,36.0769165401492],[104.00208351070025,36.06740904692351],[103.98893078817386,36.06425289994023],[103.96903738229263,36.06428835745764],[103.95454857642777,36.06681171076591],[103.95662538393802,36.10747713144894],[103.95211424126735,36.13221352411502],[103.94493430352954,36.14733276710462],[103.9334210654134,36.14850877399349],[103.90955184787933,36.14080097852807],[103.88497174629724,36.13641446466046],[103.87044687098842,36.13750960789594],[103.83755588703595,36.14534255172364],[103.77441720773577,36.13906507806377],[103.76107908398195,36.14065771558331],[103.74097338845895,36.14542762276538],[103.70897667822031,36.16089311126497],[103.67613891691217,36.182060678388744],[103.66022710689845,36.18740251241436],[103.61834724912971,36.192558944602276],[103.59786179681943,36.19108666784405],[103.57481639285261,36.19336641357875],[103.55469489267901,36.198100080791136],[103.54178062087502,36.203499881896036],[103.53728242013824,36.21007187444298],[103.53367296649671,36.224315063656405],[103.52490014276516,36.23707008076336]],[[98.27951256327441,40.92475079308947],[98.28227139391464,40.92358073923493],[98.3281032889137,40.90413784437176],[98.27951256327441,40.92475079308947]]]}},{"type":"Feature","id":"hartwell-1200-country-v5_1200_chin_chn_1200_l-44","properties":{"id":"hartwell-1200-country-v5_1200_chin_chn_1200_l-44","name":"西夏","level":"country","sourceId":"hartwell-chgis-v5","year":1200,"approximate":true,"color":"#bb8068","recordId":"44","sourceLayer":"v5_1200_chin_chn_1200_l","sourceRecordIndex":43,"sourceCode":"J410000000001","sourceName":"西夏","sourceAdminType":"Independent State","sourceContainerLevel":"province","sourceHierarchy":{"polity":"金代","province":"","prefecture":"","dependentPrefecture":""},"labelCoordinates":[110.32072177475592,39.987978296294706]},"geometry":{"type":"Polygon","coordinates":[[[111.36447900223463,40.103482911322374],[111.36231521571601,40.09816598652995],[111.37892955303992,40.06426676654129],[111.40004409448413,39.994465285960835],[111.40740772326143,39.98149130662858],[111.41790760359623,39.929162553199575],[111.41794250028417,39.89144521535263],[111.40296693749809,39.85051695540735],[111.38922817342296,39.834763188000544],[111.364161998442,39.81874238881507],[111.34460628490856,39.797704402156526],[111.33559979288225,39.77805811080831],[111.3333489745762,39.759718888866026],[111.33543545339107,39.74605727014813],[111.41234737497243,39.641037954340995],[111.42617132714511,39.616604370332766],[111.42048003988329,39.61302251756987],[111.42064937862897,39.602656679139116],[111.4282066789906,39.59317627010341],[111.42918399828481,39.5812527352808],[111.42557491660236,39.5694665879987],[111.42362725292251,39.562385071815584],[111.4180628473281,39.55018124835189],[111.41421295199089,39.53628129156282],[111.42050644512952,39.526108542283076],[111.42630365322243,39.51636268057658],[111.41958195243328,39.50300785146179],[111.4034243138331,39.497163167171756],[111.38200887299706,39.48875726572274],[111.36803549014101,39.47819461291112],[111.35833316786186,39.46242154712402],[111.35430208036581,39.4343690363656],[111.34705391430363,39.423871530054804],[111.33751077490514,39.42094525438281],[111.32939694895133,39.418216478918005],[111.31731070125825,39.417198104890346],[111.29322405118324,39.41756410728907],[111.2723305907336,39.41812852468778],[111.25423589468797,39.41980454447563],[111.24166844838373,39.42005205766897],[111.21925059144763,39.420681145538005],[111.19612120296604,39.41982283580743],[111.17711530165327,39.41760399394978],[111.14764648607307,39.40829108561053],[111.12532590398008,39.394261324771705],[111.11520562354076,39.38554500042078],[111.10636552750636,39.37087706295685],[111.10785989100363,39.3690216737622],[111.1122463309876,39.3651557744887],[111.12184914671198,39.36327513581185],[111.13238718777707,39.36420574193528],[111.14187014840729,39.365511220935375],[111.14632204875129,39.360690418942625],[111.14782318418472,39.35463919982105],[111.14635374052817,39.346765109005766],[111.14607655871028,39.34195849180449],[111.14652387815131,39.33595726922084],[111.15083301196148,39.334057228135315],[111.15443947069086,39.33504651001975],[111.15805331364953,39.33755267663185],[111.1618064108433,39.340319911226246],[111.16752239615228,39.34578301526178],[111.17215473877431,39.347373765149385],[111.18145021166514,39.34451690028866],[111.18337307267,39.33679475264578],[111.17808236849748,39.33106665577128],[111.17015892341,39.32332154171195],[111.18338350776587,39.31022027172882],[111.19216205269555,39.30436852878042],[111.19745232439574,39.301045470329235],[111.2036299961432,39.29905425916698],[111.2146610266812,39.29806107353323],[111.2255867601788,39.297555759989066],[111.23625627224315,39.29682352744996],[111.23412405826794,39.29028538165661],[111.22166589141575,39.28364068963171],[111.2152022376662,39.27574018639269],[111.20970324996054,39.26181241672243],[111.20695322267774,39.24703900487796],[111.20826215878684,39.23733713988213],[111.20716230741252,39.2311422587728],[111.20124873509353,39.22491014395969],[111.19313581382278,39.21476678040284],[111.18952556403858,39.20940590852499],[111.18513361618301,39.20167261949872],[111.18093766054788,39.19082768754427],[111.17539186936612,39.18123411063906],[111.16820250663247,39.170913746422244],[111.15511155216367,39.149808605133494],[111.16111155004528,39.136043916565555],[111.16084377181267,39.12447393357691],[111.15583245200528,39.11623451460136],[111.15143499645337,39.10689492887709],[111.14068622975817,39.09617748450171],[111.14004146593125,39.08360939101596],[111.13506650133,39.06858586736573],[111.12595940971092,39.05741692001952],[111.11787463319881,39.04938217169973],[111.10885659130055,39.041450042953144],[111.0993685833965,39.03270704909088],[111.08090888073733,39.022762835992964],[111.05791946796525,39.01881347907092],[111.0374738428797,39.01393025207957],[111.01957030365998,39.007330152870615],[111.00463229805084,39.00179005417784],[110.99616713102294,38.999168246685706],[110.9861395733393,38.9946027317558],[110.98006852984106,38.987844099007916],[110.97178589127618,38.977902330637725],[110.97201739413316,38.96609282658056],[110.98330607401891,38.95220836292887],[110.98997742616481,38.94056783747532],[110.9938366837749,38.932497940941275],[110.99757739755717,38.92327355864573],[111.00064121010641,38.90135052852936],[111.00564444031417,38.88910870817193],[111.0013933996415,38.87562023947936],[110.987173767542,38.86201144648134],[110.9927923126441,38.84666649264853],[110.99602042578188,38.837667875105204],[110.99251711865419,38.82998682187503],[110.98764056519254,38.82156569628304],[110.98087719433266,38.80698432974322],[110.97068007911895,38.78872225115645],[110.9607544506022,38.78077885191563],[110.9504824316339,38.773812516313264],[110.94727342265486,38.762595224973005],[110.95190845686663,38.748607942321755],[110.94670994417044,38.73597780377442],[110.93839020903212,38.726786077470045],[110.926416632707,38.71499320524555],[110.9023331592459,38.73115225754682],[110.88413100774027,38.73910480900983],[110.86642925245518,38.74917635905577],[110.85541095733876,38.75724233068509],[110.84423347487771,38.770805987495635],[110.8426789448382,38.77649197809126],[110.85398282341905,38.806732089354504],[110.85841148349829,38.82585519933772],[110.85589325668738,38.8459150042892],[110.85140934178051,38.85747761798525],[110.82214517452053,38.89210647466077],[110.78860134320067,38.9207334312007],[110.78099028757862,38.92504612643165],[110.77264069165136,38.92617001501501],[110.76331126491725,38.92304615345833],[110.75529120181194,38.91317000935319],[110.74408463867255,38.90810179109263],[110.73017462374513,38.90997077200166],[110.69790592842864,38.931829097209416],[110.67264968571004,38.95930496323169],[110.64970119109444,39.00945986896738],[110.64190463767092,39.01926447435344],[110.61301499161881,39.03735555727925],[110.529835471559,39.126155344996796],[110.49218269771276,39.162884724292866],[110.45992725369197,39.17917930848887],[110.43973989762178,39.191694300717465],[110.4154160513852,39.211315678566734],[110.40432649067708,39.2259082024478],[110.37489530908617,39.28670086914084],[110.37033144795528,39.30963950637424],[110.3860211855497,39.30087084704855],[110.398532558108,39.3001723702607],[110.41044279223824,39.302530984320626],[110.42610267629802,39.3096385313008],[110.42846658041468,39.314714077364066],[110.41520023822044,39.32936430942062],[110.41347568909475,39.33800090175454],[110.41409579496008,39.34332796554802],[110.41908168921145,39.348918940950774],[110.44033486021569,39.35686245501118],[110.45383651438046,39.35995388703384],[110.45953729367545,39.35917895514382],[110.46872631081382,39.35468809846423],[110.48723724829446,39.3427544832568],[110.49881781187135,39.3420859273499],[110.50649574814665,39.344258573976965],[110.51268019451349,39.35166904695414],[110.51149459687348,39.362693632324294],[110.51120941752875,39.365203952131296],[110.51848798438755,39.36989122706004],[110.48948282459989,39.40063463985006],[110.47252127405046,39.408110788752595],[110.44213876293287,39.41288290787171],[110.43644882838842,39.42070855743009],[110.44172591055218,39.43458749078845],[110.44095563299831,39.44884644643786],[110.43235191625953,39.468584087116504],[110.41199483179373,39.49652186126239],[110.35717300281878,39.561092578704866],[110.31678990604823,39.59524318780638],[110.28388784542675,39.61648197951113],[110.27323696924988,39.61785408355035],[110.25668510485727,39.61674661931275],[110.24340958037567,39.6111724023095],[110.23569891127143,39.600633708198515],[110.22585626232915,39.574592175440145],[110.21520960370425,39.56281094388616],[110.20047446811654,39.55660816041186],[110.18245766776256,39.554877726649245],[110.13349822985926,39.566401656027004],[110.11711283533994,39.57557058342212],[110.11301665582072,39.581147011331964],[110.10923143830777,39.59416795340719],[110.11101133093584,39.61537776753441],[110.13193847779306,39.684102820057674],[110.10437580247212,39.6847191571216],[110.06462259774266,39.67831265445906],[110.0457331026675,39.66842961200803],[110.02559874421925,39.65014666173988],[109.99339328111219,39.629901362018465],[109.97612433708561,39.627104117481274],[109.95182450536349,39.62999714575611],[109.93751148507069,39.635873524202324],[109.90703068314156,39.65416010264324],[109.87777780829559,39.66170471246941],[109.85394395992218,39.67559535463976],[109.83416300047259,39.69424691487613],[109.81945981670803,39.70141790222086],[109.80204167241278,39.70541216351712],[109.77229222023486,39.70191513322532],[109.75351919595508,39.704311813121336],[109.72063363307943,39.71807145933336],[109.7005025581634,39.718872488060136],[109.66459773236673,39.71160725555226],[109.63199636145511,39.71171734224089],[109.59330651766811,39.72038426268602],[109.56626249645667,39.72002508998419],[109.55108951531163,39.71614958879743],[109.5195733438141,39.69998944319272],[109.49156973853276,39.69671724639503],[109.47489266544659,39.69805408100567],[109.40532253086067,39.707018584936456],[109.38155939662408,39.714008257875825],[109.36431701384092,39.72344959999198],[109.35532699816362,39.735638929201116],[109.35036785998598,39.75260544954992],[109.34175173097445,39.763489021410905],[109.33120990108317,39.7685702840793],[109.29207285050545,39.778454374317356],[109.26980893274707,39.78020659147125],[109.25118651957487,39.775717655293356],[109.22930347401429,39.76383331244615],[109.21312589705312,39.747531239467065],[109.19054041105802,39.772386524557184],[109.1840072154942,39.78224137598532],[109.15994806052078,39.86995011714262],[109.15782625193795,39.883285193447136],[109.1624265573456,39.89227653411331],[109.20740590437076,39.91215382831333],[109.23110884308787,39.93380040519635],[109.2397225879894,39.962755230645996],[109.23703686823107,39.99654269432553],[109.23010804367803,40.020033646114435],[109.21451603815689,40.02975221499023],[109.20680899350859,40.031199037011646],[109.19467889974577,40.029169495229816],[109.16753536385852,40.016399905926235],[109.15367242148884,40.01407392297991],[109.13884056923361,40.02116923890444],[109.1116375610475,40.057693862782],[109.08984823810984,40.09206392099422],[109.0891334595874,40.0926705832136],[109.08133808756897,40.112630290868346],[109.08049696829688,40.11890167649988],[109.07178697934863,40.14174464532428],[109.07000114582772,40.15893029811658],[109.0727149574912,40.17160473081785],[109.0761917075028,40.18086512657901],[109.08273067937617,40.19181479845954],[109.1009573476524,40.21221457237298],[109.10754239996217,40.21745154939516],[109.11115895498094,40.222692014285364],[109.11676318043193,40.2359007383626],[109.11946828652479,40.25036043735232],[109.12063237606215,40.267010260267774],[109.12348120558062,40.273345639174536],[109.12482300911292,40.282494591253055],[109.12404277097512,40.28769467871317],[109.11942989195103,40.294531987945355],[109.11566158486472,40.297327118380146],[109.09756892418642,40.303425071456694],[109.08118120092298,40.305987390707116],[109.07594794981166,40.305971324465894],[109.06324899358039,40.30859539639312],[109.05484603317106,40.313673557098845],[109.05036997008017,40.31880870091846],[109.0456064354629,40.32957437972427],[109.04183842512087,40.33245658468857],[109.03585947638925,40.33406803018043],[109.03203035867196,40.33802265499379],[109.01088568536302,40.38248493550873],[109.00618174272346,40.39672819451568],[109.00654649370777,40.41224511088979],[109.00867774943805,40.418605681743166],[109.01442228598539,40.427890415381285],[109.02025098630008,40.43431662496642],[109.03198884426122,40.44422090216092],[109.05039273340506,40.45829261373172],[109.05476018211722,40.46404862685813],[109.0568628224385,40.46978508877447],[109.05905539367181,40.474983290964445],[109.05881990866875,40.485879169333735],[109.05559567303523,40.494457407204386],[109.04095603133882,40.516684992056696],[109.04090328756683,40.52007826817324],[109.04675748969264,40.53114476769253],[109.02709983265541,40.53594187530356],[109.02176751839683,40.53878234998126],[109.01652695083042,40.54331566959884],[109.0149198566255,40.54666709882667],[109.01249261463181,40.55468482538628],[109.00719414512987,40.560379910752275],[109.00420629064207,40.56029217260352],[109.00199432518127,40.55910973534467],[108.99747886863214,40.5550516620661],[108.99687687835419,40.55274925270444],[108.99778638870153,40.545313450338966],[109.00162155023551,40.539038478381364],[109.00181109644193,40.53153534870859],[108.99514916942472,40.527453281778456],[108.99139178611601,40.52854891680732],[108.98909079932223,40.52790455567512],[108.98617165920254,40.52906391733185],[108.9509289452454,40.530214367574736],[108.92929440796725,40.529343856044385],[108.91282237688658,40.531351168417395],[108.90068240275033,40.53635204450874],[108.89608801862357,40.539700959655015],[108.88406464660795,40.54469683411584],[108.86902435010843,40.54906615942318],[108.85466715558631,40.55055774007045],[108.84580125528444,40.54983491291543],[108.82326563000385,40.55236462495243],[108.81801114597634,40.55456964130578],[108.79544109633815,40.558791279193564],[108.78486980022127,40.56204038613223],[108.77952173023937,40.56478202516924],[108.77184426512532,40.57098158558684],[108.77032184606517,40.573881123243225],[108.7683907692399,40.59214353723426],[108.77053929806542,40.5968125128773],[108.77023346422739,40.60717461496593],[108.76108272397865,40.61502237165711],[108.75722543519062,40.61664958824623],[108.7505621474742,40.61710692123302],[108.73715125529675,40.6140065561384],[108.72010648149865,40.60511674743603],[108.70813134991928,40.60438286040261],[108.69757347973328,40.61048051815575],[108.69212748123059,40.61616663107281],[108.69056206728554,40.620673030132274],[108.68196371381231,40.632605334461005],[108.67504810392225,40.637617772336604],[108.66823259044911,40.639860203357784],[108.64649833409162,40.642336768789015],[108.63753057787117,40.642137948747624],[108.62694038723231,40.64537471259752],[108.60871191845192,40.653639304294266],[108.5971781430157,40.662076128925825],[108.59180949684902,40.667131247902034],[108.58793280965851,40.67339518931229],[108.58463467572207,40.68419536323736],[108.58365574525651,40.69109463531822],[108.57046848931402,40.70751800870114],[108.56284777914817,40.71307922361143],[108.55299062072615,40.71691500410902],[108.54087164202504,40.718489969353506],[108.52148536320648,40.718115533264296],[108.51388172892558,40.71912129179869],[108.50626459596475,40.72235839176149],[108.49632950011618,40.72967298595641],[108.48016051884704,40.744291821889774],[108.47007582385527,40.75616066089212],[108.44701691981393,40.77461597977149],[108.42844705531243,40.792058473028824],[108.41687093794145,40.80048095824953],[108.40780653863368,40.80374975998455],[108.39879506648072,40.80299974682166],[108.38767806058736,40.79810776198091],[108.37941338827697,40.79796215578171],[108.37563309661431,40.79904057158244],[108.36212477429008,40.7993846589011],[108.35453496852143,40.80091629493287],[108.33424836991816,40.802232612517855],[108.32283732094038,40.806625761730295],[108.30678262204854,40.8142582124342],[108.29169694908738,40.81686597485824],[108.28498483365779,40.81667577791309],[108.27523177491656,40.81540018272189],[108.26925777003082,40.81295941916187],[108.26481476668253,40.80994507046942],[108.25886920012981,40.80812798431046],[108.24918861443811,40.808455389453414],[108.23247516781494,40.81216743583753],[108.21713650558544,40.82271685521615],[108.20543988152583,40.83451525082122],[108.1881065961284,40.8600164041501],[108.17802477041424,40.86784618831254],[108.17351610691145,40.868846985359255],[108.15771000186855,40.8773479186509],[108.17059499934034,40.88721612872193],[108.18536014771931,40.89614541234846],[108.19349680594851,40.89862744482435],[108.20014762202064,40.90275173197031],[108.214288397226,40.9082117229046],[108.2344336940061,40.91388087599364],[108.25906111620563,40.91782999403188],[108.27481010919541,40.92154805756876],[108.30621653970972,40.92683845301622],[108.31741097006592,40.93048664804603],[108.33452520705062,40.93773464710806],[108.35827151790036,40.94570543102448],[108.39414680711741,40.95389772695496],[108.40389551131442,40.95462973761962],[108.42038265912403,40.958401380513145],[108.43224495039318,40.96327299773938],[108.44490720719986,40.96981920865637],[108.45893807428584,40.97989999243383],[108.47447594844081,40.98877931479369],[108.49069214451612,41.00174640584018],[108.49277555813,41.00517378665452],[108.50746557595966,41.018715220736624],[108.51110428753513,41.024512147305856],[108.5153511856015,41.03547189051722],[108.51580451699185,41.04242475915594],[108.51111313761218,41.04978184170645],[108.50564565020306,41.05599847728897],[108.50542954898471,41.06404078811282],[108.51132429986177,41.06924271532883],[108.51580192168495,41.06992782593945],[108.52566997812228,41.06779075690502],[108.54831462557979,41.0665620528124],[108.55438232359214,41.06782842086804],[108.56551662539754,41.07199463046395],[108.57900400410894,41.07511422277478],[108.5925294832755,41.07653474864409],[108.6029473245959,41.080717354391844],[108.6059455593114,41.08304706039928],[108.6081610591306,41.08655892042235],[108.60943724138701,41.092954001397224],[108.61531529728363,41.09761640513566],[108.62207056336341,41.10055788262652],[108.62498106993144,41.1035147864395],[108.62497573453419,41.10583685805996],[108.62177792183016,41.109228431220906],[108.61108300178275,41.114163648301734],[108.58602583718611,41.12288029399996],[108.56368822427653,41.13571659876615],[108.55981774705944,41.14019643749986],[108.55745294887086,41.145975470472905],[108.5580341980201,41.15051460587905],[108.56275286175278,41.15851522725802],[108.58275179149902,41.156726999816435],[108.59792148943922,41.15703146152803],[108.61061143542086,41.16070612801036],[108.6233345242152,41.16259249253805],[108.63393201174303,41.16283888933381],[108.64383575448481,41.16122791311484],[108.66980637303578,41.151403097486245],[108.68266097940142,41.1487251875957],[108.70529359750458,41.14916746957447],[108.71738944705936,41.150526426178565],[108.73303043176881,41.15535728362665],[108.74719265848648,41.16415801819765],[108.75828969533357,41.174116004877746],[108.76948311018037,41.1812123361475],[108.78654783427308,41.19010572931054],[108.79626734389934,41.19652752234863],[108.81271008080829,41.20489976440242],[108.83508367608309,41.21381378989822],[108.85538894395269,41.219925854948286],[108.86593181495425,41.22122754564792],[108.8771706302526,41.22429468005319],[108.88916317958011,41.2301973912343],[108.9025753693013,41.23784407831998],[108.91080273866694,41.24081825493635],[108.92123746986772,41.246764179388514],[108.94897676065773,41.25639534979534],[108.9603684009611,41.257664618270056],[108.99062753464625,41.258100080932095],[109.01639101416627,41.255627055387244],[109.02858603591334,41.25177401049219],[109.04295702848958,41.25026579315772],[109.05731905485662,41.24643350183019],[109.06047646752637,41.24472904153991],[109.06728542939369,41.24371688834782],[109.07331215061596,41.24380040339483],[109.08926919939267,41.24054109952101],[109.09609773127951,41.23774009127326],[109.1021589986206,41.23844658785709],[109.10732360312376,41.24248605057233],[109.11257382031475,41.24375318113485],[109.12245814051882,41.243893772775316],[109.14672279431957,41.23849351037253],[109.15592798711465,41.235168511504234],[109.1689349786833,41.2267206736181],[109.18182600293189,41.22050869013119],[109.20007694873227,41.213322116343754],[109.2092992696276,41.208295388661234],[109.2192188146603,41.204943311335626],[109.23278864228307,41.20227830537686],[109.24488856004771,41.201266959179314],[109.26681428666942,41.20154747427634],[109.28713110325934,41.20518191426758],[109.3239852738866,41.217657357756444],[109.34431468784149,41.221372315522885],[109.36918677649649,41.224488270048724],[109.38352666827483,41.22866219462417],[109.39852592922954,41.23576136090365],[109.40758234673086,41.238141889338024],[109.41204085799006,41.23817269048451],[109.42729265926283,41.23543184962383],[109.43561085721983,41.23158052167132],[109.4500821785263,41.22198308982152],[109.46986927490879,41.21470718154827],[109.47976128064283,41.21303384965497],[109.4888279385341,41.209690002020594],[109.50487785303177,41.202445616905955],[109.51476015789962,41.19674922354042],[109.53158084106056,41.18259551353618],[109.53757940424397,41.18033573564445],[109.54666325209642,41.17931033961155],[109.55794255265596,41.18455279819569],[109.56543185738656,41.19269456520484],[109.56764322843937,41.1972648254987],[109.56686020002529,41.20015100024469],[109.57267095560704,41.218000516004885],[109.57782308017617,41.22720543984983],[109.58139984388025,41.23816241935681],[109.5813966591022,41.243881420441895],[109.58362461635197,41.24675344518984],[109.58810893477472,41.24910080505771],[109.5948497335643,41.25092326850649],[109.60015063416202,41.25091867780197],[109.61183169002702,41.251095723817905],[109.6258143180449,41.24847601405676],[109.62507132448462,41.236422219863705],[109.63437201538487,41.2241590824186],[109.6547608317009,41.20772050929472],[109.66677933191221,41.18925529739482],[109.7006528628898,41.15496692700949],[109.71602099604745,41.13203771995886],[109.71461001001923,41.11824767189556],[109.70663233695181,41.11051455553592],[109.69247070200824,41.103133036848895],[109.67943582188039,41.10209053220947],[109.6697820527074,41.09658839109888],[109.66565531445923,41.08899198199856],[109.66359424595795,41.07345647477747],[109.66621875233737,41.05694801130352],[109.67380318358981,41.0469126913678],[109.70349730168861,41.028517851705054],[109.76276009848233,41.004872582047255],[109.78304820726596,40.98841516867318],[109.81652812290721,40.970133931146364],[109.82390735775579,40.96295092100162],[109.82912760731736,40.95340028590704],[109.83153351552147,40.939741978132574],[109.84346155641235,40.92127021499881],[109.85233055298768,40.914709307474574],[109.88641846553682,40.89814959641641],[109.89497743922358,40.88413646738456],[109.89305262011823,40.86575169456701],[109.86370358531354,40.831534153454534],[109.83187243161942,40.80065622011155],[109.82792929452117,40.790211902479875],[109.83427044972602,40.78700059596676],[109.85675930448136,40.7832091288226],[109.9039386154565,40.76481757372043],[109.91476113455084,40.76347410571649],[109.94687774748198,40.76514900600784],[109.98480197815883,40.7721707716624],[110.04118157402982,40.791242845949974],[110.05598371068476,40.800322010110335],[110.08527305754467,40.81102830241455],[110.10625872604182,40.80657032666543],[110.12625286427392,40.79292323485599],[110.1512423913076,40.7594067234453],[110.16305822066506,40.75407274197767],[110.21031265676667,40.74587434034362],[110.26038600267336,40.74176283651248],[110.30981044358496,40.74905170521364],[110.33060465549968,40.74742004376416],[110.41725177459962,40.7335112551294],[110.44635944124785,40.73383192949647],[110.45764003412957,40.73847821134087],[110.48338029117288,40.71550161928549],[110.48947885356056,40.701953893171584],[110.49138768548214,40.68084129943531],[110.48750833157018,40.66756239831553],[110.47180926093857,40.64649345303757],[110.45496812822651,40.63224982703384],[110.43160384541085,40.597786060352966],[110.42857086432393,40.58338633629087],[110.43017916252737,40.56799002807656],[110.42333202954859,40.55347990932654],[110.40801953029276,40.539849861894844],[110.38327678565365,40.5310725352722],[110.34241935771229,40.509779357606426],[110.32217355791781,40.50284887421988],[110.30889316538017,40.494417620616325],[110.30239526761123,40.47419290340843],[110.29526153865336,40.46538541167396],[110.29771486422828,40.44887391574574],[110.30350361827199,40.44104930131843],[110.31592711415566,40.43743767798646],[110.34327118291888,40.44001568601914],[110.3525438253745,40.43801978758767],[110.36511687054553,40.43154679184868],[110.38181918483907,40.41948572489079],[110.38924842179199,40.40942087813727],[110.41850649957266,40.39087464757861],[110.43240202720271,40.38787594150563],[110.45046895632146,40.39242935807827],[110.47362736451456,40.38741846317691],[110.47609964188014,40.3840630957189],[110.480984739517,40.36419242907682],[110.48875948833158,40.36156673660016],[110.52497151356211,40.35465405222547],[110.5390145481622,40.34878698205639],[110.55731218354148,40.334463687695504],[110.57739329835071,40.31504507679393],[110.59888503241221,40.31224751637667],[110.65566115946447,40.31962928233779],[110.66953570034745,40.31660123380151],[110.67567838486377,40.30933702619613],[110.71265177618899,40.30812012813781],[110.72921933768188,40.31202390001676],[110.73846889758859,40.309999194983256],[110.75329923344795,40.30299071088467],[110.76624601906275,40.287913696337974],[110.81288349469983,40.269210061087506],[110.85215044003063,40.26057968944522],[110.88202930063,40.25682569403295],[110.91326591411273,40.256534205108814],[110.95645575175462,40.261126532570565],[110.9828040074227,40.267549851144565],[111.02314583729127,40.26804709826418],[111.02912107301866,40.270488187847285],[111.05876815651587,40.2635325362442],[111.10922021287696,40.250837797502484],[111.17745023831118,40.223412260083684],[111.29014068415142,40.169028100802436],[111.33866981692078,40.13647353821957],[111.36447900223463,40.103482911322374]]]}}]}
