{"type":"FeatureCollection","name":"Hartwell 1391 country","features":[{"type":"Feature","id":"hartwell-1391-country-v5_1391_chin_chn_1391_s-21","properties":{"id":"hartwell-1391-country-v5_1391_chin_chn_1391_s-21","name":"韃靼","level":"country","sourceId":"hartwell-chgis-v5","year":1391,"approximate":true,"color":"#839b7a","recordId":"21","sourceLayer":"v5_1391_chin_chn_1391_s","sourceRecordIndex":20,"sourceCode":"M210000000000","sourceName":"韃靼","sourceAdminType":"Independent State","sourceContainerLevel":"province","sourceHierarchy":{"polity":"明代","province":"","prefecture":"","dependentPrefecture":""},"labelCoordinates":[104.37678986187575,40.07052451226035]},"geometry":{"type":"MultiPolygon","coordinates":[[[[108.30381973627533,37.63133208901389],[108.28127261444631,37.64633535769429],[108.27592736535057,37.65555104613743],[108.26668340305912,37.662286303496],[108.25832959130794,37.66570522496068],[108.24397462096493,37.66580671729121],[108.22008187284439,37.65769523236729],[108.20448161764334,37.644564298699],[108.19531471024196,37.63411708652716],[108.17634947144032,37.619910970189984],[108.15130268654923,37.608345471638096],[108.13460901478697,37.60991686280632],[108.1208146910762,37.61782173124622],[108.1058263187031,37.63029271140845],[108.06342224312286,37.63506328060583],[108.03990823328937,37.6414141082455],[108.0211527208694,37.65779140899123],[108.01309399396963,37.68049672718618],[108.0168265522086,37.69348881402803],[108.01374488650929,37.71429585542489],[108.00119575379233,37.73995456297231],[107.98703484690286,37.75701825963148],[107.97904525825135,37.77028706475787],[107.97905984954792,37.77945224347853],[107.97119556368901,37.7872004540949],[107.94816597390782,37.795568382878315],[107.87510698454294,37.81691016493696],[107.78497481455587,37.83208907900639],[107.75256136491093,37.839736495489895],[107.72261791006342,37.84901318342263],[107.7048729239422,37.85829037124315],[107.67260631107195,37.87062974918448],[107.65533517420539,37.87401725894732],[107.64986403554455,37.872351948326006],[107.65001951794079,37.87350542284787],[107.64326325181301,37.877917154650575],[107.61454241213289,37.880024168295776],[107.59547972780942,37.88504189718037],[107.58529021392857,37.89023237639935],[107.56740501582586,37.89273049975057],[107.55847505133869,37.890953155972035],[107.54868739827714,37.89106090180489],[107.53142390334456,37.89496507311458],[107.51063361632357,37.90374127432774],[107.50394587180402,37.91054638311812],[107.50472784350627,37.91328921282248],[107.49866224520514,37.918035331068346],[107.47522744374756,37.92730240766218],[107.46430350967454,37.928048505735205],[107.43367979353475,37.936201308186455],[107.42234029372555,37.942023242622575],[107.41519743058286,37.949366023893305],[107.4128724953396,37.955994240578555],[107.41517322923808,37.96306849696811],[107.42045791576922,37.96608212576382],[107.42867059988097,37.984877173809345],[107.42158523686928,38.004942630811875],[107.4055315357873,38.02250827051283],[107.37664303500021,38.046896210287194],[107.34845705224635,38.0796280532612],[107.33444304851699,38.08949494444509],[107.30318823867357,38.10225335813922],[107.26413009564149,38.10553368073546],[107.24841937684849,38.10937082852346],[107.22927201363962,38.11815970440375],[107.20208898496074,38.140786570699525],[107.18877331430033,38.14786681843834],[107.16289328025655,38.15622708363273],[107.13940808220921,38.155466689881216],[107.12343123691257,38.14630277945053],[107.10314842817633,38.14005514502643],[107.07733860485762,38.142791601754354],[107.06293757804009,38.1401784131804],[107.05454072494888,38.133107449104706],[107.03445264564337,38.1251554970386],[107.00342716479052,38.12279997368263],[106.95647632864875,38.12548668193224],[106.86995436382686,38.139952555112565],[106.80337740292998,38.15852703380981],[106.7759741701663,38.16789720047498],[106.74586856560259,38.180679121395016],[106.70002124512015,38.2086107769261],[106.64975257054466,38.236938800068515],[106.63698521371545,38.24039489733078],[106.62029027014356,38.24959339547194],[106.61239548446065,38.253785755068236],[106.59667004699546,38.259855093056096],[106.58455149833787,38.26694534656221],[106.57487815043419,38.269289147539084],[106.55663539391333,38.27707485957282],[106.54453581437816,38.2854065509586],[106.52395334354786,38.30380267030333],[106.51587677475771,38.31101598345686],[106.50089189267129,38.320356321392886],[106.49827190178597,38.32839396325766],[106.50100738826936,38.33779223449441],[106.51608835115555,38.350336408096744],[106.56646144311546,38.3767751676254],[106.57183379454895,38.38427153052794],[106.5890114231255,38.40176401588377],[106.60460824045592,38.41544853476603],[106.62512635941857,38.43654239147488],[106.6318039087185,38.4449096378366],[106.64959425307232,38.48907850772361],[106.6555198739377,38.51569394259903],[106.65475957920302,38.53919285311798],[106.6578322591595,38.56264244075589],[106.65555150672458,38.56987890348192],[106.65623083972108,38.59015656411448],[106.66330950932274,38.636866765671336],[106.67346301095371,38.664495977367736],[106.68477217241045,38.68623696177021],[106.68842646084241,38.70380703611709],[106.69571708285079,38.71732504797128],[106.70953130161519,38.73591706376937],[106.73561669476231,38.76092744039278],[106.76253009780028,38.795621062979784],[106.77340326993205,38.80686171044694],[106.78786775960371,38.82187809109833],[106.85309990971513,38.87105544361815],[106.89017424347516,38.90219711505606],[106.9383380352822,38.94998258045592],[106.95624846114112,38.982729334972724],[106.96867336623103,39.02410214567497],[106.96420190641938,39.03636321430081],[106.94835111928845,39.047372587619776],[106.93814211168151,39.055091369391086],[106.92454202001144,39.07043477756705],[106.91547888222439,39.07423557355199],[106.89480160394038,39.07778939429621],[106.8723832808974,39.084453454218625],[106.85875713264417,39.08366433244718],[106.84019866055536,39.10093642630262],[106.83980886019673,39.108863028658384],[106.84253189978033,39.11959331160099],[106.84467084361461,39.12442669525578],[106.8519679233652,39.132714217233406],[106.85137843683725,39.1407141870336],[106.8439648707904,39.14901294956216],[106.8229036446552,39.15810362729836],[106.81168470310548,39.16542086879178],[106.79529149106459,39.17907053025067],[106.78052248249854,39.19905511442721],[106.7812394374419,39.207037841502846],[106.79266321558539,39.22286436531051],[106.79150199992505,39.22927464851518],[106.78469492938386,39.24155732108746],[106.79615839434756,39.26417825816748],[106.79543288659413,39.27777635385366],[106.79439621936145,39.289380608431195],[106.79647144857398,39.30993270095084],[106.78647449544802,39.332249962517366],[106.7875234856706,39.34302640303768],[106.77974668003218,39.359319591374415],[106.77038256507775,39.36444336172828],[106.75018364011036,39.368314926286295],[106.72959415032675,39.36679346910997],[106.71294738499621,39.36481610856446],[106.7002478397774,39.36417433825368],[106.65552041986099,39.35985820180367],[106.63383071137817,39.36155783759146],[106.6205164431518,39.35958887199192],[106.59870669002837,39.36119510828927],[106.5841037951883,39.3593273244221],[106.57037515149531,39.35433196963546],[106.50953650635057,39.307614539836],[106.49727601570316,39.29903441535226],[106.47688905547746,39.288766130256214],[106.46496979187312,39.28525245868266],[106.39689931376697,39.27772802281362],[106.35157025436254,39.27509446002254],[106.29781118412274,39.273152910841304],[106.29121572673581,39.271616887352046],[106.27889810590403,39.26470817894664],[106.27133560128965,39.25454768999063],[106.28793727928382,39.22447960512983],[106.27667701127159,39.183029484346676],[106.27668237970622,39.15597474919753],[106.2746522192362,39.13997578134429],[106.2552548915396,39.12841862296379],[106.24994724647551,39.12606729537732],[106.2354153923896,39.1251392399898],[106.21652169756905,39.12950129941994],[106.209230838522,39.134731376669244],[106.18954348386585,39.14096576186487],[106.18179961056185,39.14735538231542],[106.15722733516102,39.156121257289776],[106.147359600925,39.15416243543912],[106.13222821598154,39.14486269699948],[106.11150343829269,39.12137085118721],[106.09787498077996,39.10208746612861],[106.08547754433144,39.070423098161726],[106.08167180870555,39.04188994226559],[106.08274551420583,39.011091604716896],[106.07947676987425,38.995190631695884],[106.07153524954796,38.97923967181085],[106.05347334083555,38.966041024020384],[106.03403734354927,38.954363726104106],[106.01918553119457,38.944427067630606],[106.01035817145696,38.93933565371285],[106.000424119101,38.9299811519571],[105.98906942081905,38.918946232425256],[105.96954707116699,38.907883178090714],[105.95836255035472,38.90040362976437],[105.95250039707109,38.88914676042864],[105.95086483004013,38.87981607212973],[105.96133653706974,38.86843801717827],[105.97452235609275,38.85970795942097],[105.97637291791487,38.84955046100039],[105.9710049831218,38.84033743971621],[105.92564046999124,38.81202151247565],[105.90562464437929,38.795614657235454],[105.89473636089488,38.78172191073707],[105.889808138568,38.76903286218981],[105.89449504310545,38.751739516586404],[105.89225778069442,38.73013475911809],[105.87213410504124,38.69192637756831],[105.85979451751,38.661226054549395],[105.85285441897095,38.6340479455708],[105.85304764615454,38.62034559898808],[105.85535068674075,38.618372975496996],[105.85949585784944,38.59450204543641],[105.85420791606055,38.57923513388332],[105.84997630906817,38.57499287995178],[105.84597357983353,38.560073098187985],[105.84833029568912,38.532122479153124],[105.83712880404458,38.50657447451776],[105.83273187115053,38.486942225896904],[105.82823146904241,38.47878682363094],[105.8230557909159,38.45124187694311],[105.82888138349374,38.43243337747363],[105.8311049819396,38.392208677230585],[105.83477793895362,38.36798766834786],[105.84879564136145,38.32644045415897],[105.85537000869776,38.29339315443117],[105.85568470973998,38.28031429064582],[105.85152454656851,38.26041571029114],[105.839070114571,38.233099592573794],[105.82947371284683,38.223021346587736],[105.798660399023,38.20765071003492],[105.78377642747935,38.19973705763987],[105.77664037396454,38.191685817052715],[105.76696724552392,38.172708113080816],[105.76405121352894,38.15867089498341],[105.76650152708135,38.12681085712329],[105.77287722021745,38.106402137383014],[105.78849114764185,38.07543996025744],[105.79888625725437,38.065056737523946],[105.80797589159496,38.05156764488726],[105.80826315791809,38.04605080801534],[105.82587106193256,38.02058659311682],[105.82753609162272,38.01461603614597],[105.82550931689833,37.99799532595855],[105.80406160221084,37.9655767347935],[105.79486580726713,37.94606551177712],[105.7894940472288,37.92822007508864],[105.78780589890803,37.90990695913129],[105.78970553890021,37.90429136560064],[105.78765709490868,37.89558705873324],[105.79039614265801,37.8711090932145],[105.77657022387041,37.83632657275997],[105.76063050370513,37.81890029901795],[105.73733637362444,37.80142609888443],[105.71352066083142,37.78848696647736],[105.69689618231111,37.78146358507193],[105.67927741739906,37.77862387615598],[105.65007411398103,37.77895474096733],[105.63582475751795,37.78000535440351],[105.62476087903302,37.7769471813382],[105.61366914000314,37.770330330137995],[105.6080744981601,37.760840014907735],[105.60702741005404,37.73051442658332],[105.60279266528353,37.7181711587265],[105.60402745263868,37.71451850696777],[105.59743436905711,37.70885722445265],[105.5827927798043,37.702076573385135],[105.56587327295372,37.69752807134741],[105.53587219573424,37.69436748067748],[105.51336458534378,37.694994308613865],[105.48306623573804,37.69876014188481],[105.45450382991822,37.705180857135474],[105.39319493165779,37.71152302337086],[105.35378781967809,37.71092755906132],[105.29997415118069,37.69834726471478],[105.28225561877903,37.69029403318479],[105.26685098364175,37.68605808423177],[105.20768432363127,37.677719176059206],[105.18378605825396,37.672063682922975],[105.15241089992506,37.657607481963396],[105.08141893544715,37.61462438943039],[105.0722302274551,37.604134666825985],[105.02438131966736,37.56893148196471],[105.00030152179859,37.55719336771703],[104.97267459267728,37.54829613293977],[104.9455097403515,37.54339549409941],[104.907572632751,37.53972680846245],[104.83581984969797,37.53956508868549],[104.8037323738447,37.53702897045001],[104.7657276321574,37.52131032749482],[104.73905326244575,37.51369794773905],[104.7136338038356,37.50892895736],[104.6973691495634,37.507645873108245],[104.67857585895976,37.50839998486008],[104.61491833551418,37.52191941872405],[104.57890888479568,37.52669654039602],[104.54417210712603,37.52871076381227],[104.51885370689655,37.52719388192429],[104.50272803159427,37.522061708315384],[104.49939664022882,37.52329377896177],[104.48807382473804,37.51995752870725],[104.47443882635532,37.51972371123109],[104.46467995211371,37.52235109870499],[104.44324901215644,37.52252540007893],[104.41785068578837,37.516985438659866],[104.39639957599591,37.505411050314684],[104.37968539387623,37.475622742010145],[104.37025127484631,37.466948486246835],[104.33989801410303,37.45451924445111],[104.3309810003205,37.45296028922154],[104.32173829636457,37.44944217336303],[104.30410057873878,37.4376055597185],[104.27045254442943,37.42496343741584],[104.26646404489153,37.42316143825911],[104.26180630298602,37.419576504779855],[104.24538007490634,37.41414272430161],[104.20272116306931,37.40071670676752],[104.1836206105714,37.40006098152883],[104.1697095441403,37.40619645986755],[104.14770098684345,37.419925364553905],[104.1156906159615,37.436693978690656],[104.03458046753133,37.48697770033137],[104.00070883699233,37.51055232223762],[103.94736816351254,37.54801129995799],[103.92088290520833,37.56442146810165],[103.91191873501607,37.573862179359914],[103.86775508586015,37.60549637486231],[103.86075381650498,37.61335004147735],[103.80926105525401,37.64836724461854],[103.79490820017685,37.66308619765758],[103.77868460576275,37.68668064335258],[103.75339229753556,37.70920585059955],[103.73341123339041,37.73622695667891],[103.72070651451834,37.746773652713],[103.66579299947998,37.764710033721315],[103.6406386905991,37.77618480657704],[103.58318005476549,37.79272432621116],[103.52146227809435,37.81399218961326],[103.45564583868858,37.83135560566986],[103.43625187884587,37.834320670794774],[103.40748391690197,37.84517172119102],[103.40073895700002,37.864835517225174],[103.39629190722621,37.868248799566906],[103.39682835633337,37.87555010821769],[103.39067632598476,37.88872706684333],[103.3890087995063,37.92384449473426],[103.38045688673692,37.962788866130275],[103.37394530373463,37.97613868336903],[103.37136697572251,37.99416456196205],[103.35301121008,38.053354150186316],[103.34901208208952,38.077944760017246],[103.35073662776435,38.083571706414496],[103.36204858905766,38.08905537685479],[103.39091960135164,38.094316195779776],[103.4374421031491,38.111797888515085],[103.4744778628039,38.119541422040044],[103.50700268144226,38.12793304380171],[103.51825720251391,38.13135591669593],[103.5270679452323,38.135728139660216],[103.5334761161275,38.14487600481573],[103.53704569999203,38.1574604875315],[103.52964256701654,38.175612387934194],[103.52986423814957,38.18798060239818],[103.5207064031009,38.20691260923637],[103.516259406826,38.227233405176115],[103.5086930802919,38.288174299506196],[103.50001624762425,38.30533186398485],[103.47196968186276,38.340763767485264],[103.44523855772287,38.3667178246983],[103.4366748952617,38.37348793308317],[103.41365932072105,38.38649455053174],[103.41213171037775,38.392970299106025],[103.41639584156367,38.399695820816945],[103.44403568954434,38.41435898190195],[103.46687932244826,38.42584482446377],[103.48009686590429,38.437568461112356],[103.4939515832211,38.440846169866354],[103.50853656887922,38.44831241787149],[103.56197231007452,38.48121958824002],[103.59256502462564,38.50246726011098],[103.62651384766208,38.51893925794248],[103.65236129188033,38.53460549303094],[103.68475360010393,38.548643397476155],[103.74576127284158,38.58235169759608],[103.79075249219594,38.595951474205414],[103.8196521518575,38.606185378552894],[103.8469061387612,38.618088394804985],[103.87003477340748,38.63421992222385],[103.88895240940904,38.66045363591714],[103.90663535217801,38.69245742486226],[103.94236757186803,38.7419588245102],[103.96112316748065,38.78366300552436],[103.98787056980237,38.822225034573044],[104.00128959977164,38.83887965732808],[104.01160587523283,38.861292742386325],[104.0199456749521,38.86580544018468],[104.12280022124718,38.908812363570114],[104.15576307542132,38.91604693638203],[104.17003353370704,38.92018381295816],[104.18944559434577,38.98825052078309],[104.18876840154893,39.03622169104856],[104.19807589671453,39.07320884025721],[104.19849551752786,39.08860614047127],[104.16995191019305,39.142625108877475],[104.09889065872063,39.20773073507644],[104.07783063280813,39.24282421104777],[104.06288944639603,39.265499941213704],[104.05043059230816,39.276800784682834],[104.0461249274378,39.28326597865836],[104.04864909342518,39.30606830537801],[104.07052176891901,39.36817205940422],[104.09113378391463,39.41139627634096],[104.08894456077601,39.41743327583632],[104.06103736096358,39.431030069246354],[104.03793507764445,39.43593406629558],[103.96992130443792,39.440840950103485],[103.89647657625223,39.43872343325124],[103.85706798449004,39.440429191998284],[103.83100358421584,39.43823857581766],[103.79853796891565,39.432156131455066],[103.75000331020512,39.417366670784105],[103.69553570018954,39.40694984589847],[103.60655818078396,39.38297014092702],[103.49177866515907,39.36005529301204],[103.40061966168741,39.33386084906286],[103.35602042841315,39.32262106727901],[103.3222514011736,39.31052758399048],[103.23906922751425,39.2645620921408],[103.20397742020954,39.236220285342405],[103.1787606445376,39.212547881650586],[103.16055674590423,39.199740299051385],[103.11434180740538,39.18741446434737],[103.08883252908761,39.17689302572836],[103.05702907688773,39.1609316735693],[103.0443287713368,39.15388660575324],[103.02788343436842,39.137971679798454],[103.0184337695048,39.123408315692366],[103.01576480218117,39.1093047496977],[103.00580802406216,39.09642385843876],[102.99867402979754,39.09186328544792],[102.97272810050772,39.09920159805418],[102.93302252282487,39.10444609412307],[102.89233150961479,39.11535876391786],[102.83860360532152,39.12319303358843],[102.77532374463429,39.13680455108709],[102.71747390810408,39.14442889823006],[102.61939196122559,39.16072764853277],[102.60557664300948,39.164121850349424],[102.57701128557977,39.1779206081203],[102.53252106199069,39.19096513323555],[102.48825941187248,39.2176191545806],[102.46677977463634,39.22868359890793],[102.45413502560767,39.23155092503074],[102.44487378915373,39.23831189589664],[102.43288614299426,39.23905365921481],[102.39692644228748,39.224358055701394],[102.35068787492618,39.21229070672664],[102.3365507156216,39.210931847120314],[102.26725041691425,39.18892041181781],[102.23026924632661,39.171663424523054],[102.20226560829927,39.162246507977244],[102.15910833611376,39.154093373815776],[102.11098270728897,39.15044391360404],[102.02398051069903,39.14357150409891],[101.97239221310288,39.13605104303793],[101.9505207106883,39.135269178149585],[101.91681041835076,39.12903765020853],[101.89682472317644,39.12802456875316],[101.84755379395067,39.116057863425155],[101.82745932364533,39.11494225591927],[101.8060334390341,39.10390798992432],[101.83782000325196,39.07771461547319],[101.88540988143687,39.047979794609645],[101.94835033511872,38.996515369058045],[101.99782804744873,38.96100104742201],[102.01130605587595,38.94831769060782],[102.0299889490364,38.936821476635906],[102.0660544611965,38.90782784284778],[102.07570913071868,38.896831648325524],[102.07183179609889,38.89149162798734],[101.91873150799788,38.790532854086294],[101.86560756217993,38.7532860629296],[101.85532249175394,38.742887021313756],[101.84907531120757,38.7279575245691],[101.85556846263074,38.70924578947135],[101.85475631568761,38.689732068880545],[101.84835305616288,38.67862646505786],[101.83943142544058,38.674846564205936],[101.82408730070892,38.67980852999981],[101.7892603540971,38.66113922081692],[101.76697213463164,38.66244884505845],[101.76696830331905,38.66253776339639],[101.76477061560557,38.662215326880975],[101.75473455954828,38.668192902440396],[101.7442868326516,38.678254010082625],[101.72576060154945,38.68392478928051],[101.69514414385232,38.68643369645868],[101.68233239403106,38.68387772520133],[101.65479401039902,38.66954313705135],[101.62209541681943,38.66405755324185],[101.60231663194352,38.66896549814484],[101.57549297902563,38.69041856206434],[101.53523918826278,38.71479874318012],[101.42816085872526,38.76661637389657],[101.40619846983428,38.770010214433036],[101.3651140426788,38.76618347893772],[101.33163298231989,38.77618275446384],[101.31801597237184,38.787545614769016],[101.31561168003722,38.80323566211095],[101.31877639276573,38.81953056995378],[101.32878251267658,38.836733274248715],[101.32225442813652,38.848477466840265],[101.2885500720483,38.8621112622192],[101.23699322812308,38.88456490390888],[101.21942202163233,38.89722785498667],[101.2196041050113,38.91673333276408],[101.21056543878842,38.931426725452226],[101.16889976464121,38.95103004859049],[101.17126783211549,38.959559806198605],[101.1976708278765,38.98509667270086],[101.22680499918644,39.00091288086594],[101.22290596394235,39.01094989569056],[101.21166597839107,39.01578468168467],[101.19621234135394,39.016041876463305],[101.16118632682699,39.01019470432485],[101.12830448891714,38.990154477151805],[101.07122767924056,38.96812308522472],[101.02319584209992,38.954627028585996],[101.0004050065445,38.95677081287281],[100.97680811545857,38.967345457806516],[100.96792995220778,38.975884122810136],[100.94447496590956,39.02457373668646],[100.93150487644183,39.04144218423032],[100.90922504510065,39.04866336529615],[100.87252702703185,39.02442706783184],[100.84831437557251,39.003254594053054],[100.83670387847296,39.01009382928878],[100.829340538457,39.0246398413382],[100.81503577879731,39.08571892395743],[100.84686968845568,39.13168820700685],[100.84285014844393,39.141029214211116],[100.8444818788471,39.14713918069875],[100.83621626405612,39.17865225449158],[100.8205571394148,39.19411481380322],[100.81790097544425,39.23763462401708],[100.81417370928237,39.26298626074151],[100.81529010447439,39.279543045058986],[100.83584498372225,39.35912829101821],[100.83464546609781,39.38893131752712],[100.82822068518634,39.400750402572534],[100.81090626766685,39.407496209519145],[100.79706045590174,39.409007447483944],[100.71297146719976,39.40687486059636],[100.65784785320776,39.39817858839794],[100.5638629882786,39.394547379511906],[100.53777158685563,39.392551431239745],[100.51975858466223,39.39263143902058],[100.50852436024387,39.396771740644816],[100.49894148070331,39.394890519041915],[100.49429706975165,39.39945099029968],[100.48982495998212,39.41693616672694],[100.49164976096291,39.441144837605705],[100.50219651874508,39.46325118311725],[100.4947269402847,39.47965320548294],[100.48358227808853,39.48478956056394],[100.45247708640235,39.49279043624044],[100.35868973123799,39.501050298333695],[100.33037379895083,39.507429466306434],[100.31747805333663,39.515786161992494],[100.30397284246247,39.53000094710842],[100.29660815908788,39.54951682866123],[100.30034375794382,39.591000770783126],[100.3023632757444,39.6149567716645],[100.29857796355766,39.63371252392028],[100.28294732567686,39.65310831884094],[100.25509502893586,39.67517632963426],[100.2242219330026,39.6870573023415],[100.1860606793087,39.69643351019843],[100.09282842301042,39.70961412896912],[100.01905670459394,39.728022327161405],[99.97534518026792,39.74354406720848],[99.94198950880926,39.76293171562944],[99.89527521831143,39.795695120530915],[99.80638888129673,39.84700636204623],[99.73837782171071,39.88118740827424],[99.67429580442409,39.884646049465886],[99.58776326750899,39.884021659744924],[99.47722703949616,39.879648936283715],[99.43755280412836,39.881170760268276],[99.41641503688668,39.889718984172916],[99.41328583992002,39.896629835191774],[99.42406061605587,39.910824889967735],[99.45468260579537,39.93380200518598],[99.49133144262373,39.97316776320712],[99.55207041868725,40.006575123208876],[99.58913801507204,40.03656577282419],[99.72884304856518,40.11594239981198],[99.77875632219494,40.1458593824887],[99.83000283438868,40.16751564435086],[99.89357481039052,40.2055957433974],[99.9093720894298,40.22823861280373],[99.93199886374688,40.269337255975714],[99.93546968685844,40.28115444556992],[99.9659129570453,40.33726568395147],[99.97805403322374,40.35485538250984],[100.01079913042595,40.38857020967207],[100.03040659661171,40.405368809390914],[100.05938353581364,40.42840419538162],[100.11227497242815,40.48675381730465],[100.1466224673213,40.52691637210088],[100.21189131162768,40.575425445807056],[100.21240205610484,40.60050860256216],[100.2187914216012,40.619829830819135],[100.21370694950132,40.65184685744097],[100.20579448909736,40.67216510562976],[100.17185647403095,40.73301471436962],[100.11014119160235,40.819333459780566],[100.09431377391138,40.854971815722],[100.03406899282813,40.87100976398103],[99.9261176426083,40.89251306952388],[99.82725670408472,40.90509523465694],[99.78214121864636,40.91465358447147],[99.72471995553943,40.91647624175788],[99.67491394346364,40.92250884288371],[99.65354733671305,40.91575398852842],[99.63288487675376,40.88644246215143],[99.61246786005243,40.868651740241795],[99.56662124377982,40.83954815641731],[99.54861141847881,40.83487747179049],[99.52970509792941,40.835790083366604],[99.48358587951736,40.84270459938106],[99.41465383995534,40.83864164633414],[99.36053646965681,40.841693298516496],[99.34262435536554,40.846728016375714],[99.29974259208063,40.85023683486675],[99.24927045772094,40.85099072211929],[99.08868684677134,40.83138850722536],[99.02776152337489,40.813285492198794],[98.92578720008198,40.77416052800864],[98.85083087736605,40.741396758098254],[98.83532001968271,40.730582370298954],[98.7875366470624,40.68780142294032],[98.78018935465641,40.67700845965197],[98.74388391162671,40.65055586758751],[98.7292929305166,40.629415927846566],[98.70036382716087,40.60115988824901],[98.6993584470674,40.59477305519048],[98.67876208024236,40.572803755737546],[98.62439477758683,40.54053591545158],[98.56380064176042,40.526597959490395],[98.48945837858696,40.51962797488581],[98.37307832345988,40.52023146916212],[98.2681536967321,40.50926535862083],[98.25125823925997,40.51357656476718],[98.24861735866133,40.529246191514446],[98.25401170208315,40.53818541505289],[98.27162480601052,40.55864562628791],[98.27662000838738,40.598014966296645],[98.29607202254513,40.64303549772],[98.31491027636598,40.70418788251803],[98.34557311056376,40.76888575404805],[98.34629160235941,40.801790391506984],[98.36125593780757,40.825946907267046],[98.36014931758832,40.84732805112588],[98.34767588209469,40.866886024230055],[98.32125657844762,40.898243867845224],[98.27260452418918,40.918818522983436],[98.22090802546253,40.93948876675946],[98.20586865983908,40.95631537896363],[98.1845468323571,40.96691988031304],[98.14791288178421,40.99566940727018],[98.07902905684352,41.0390776216591],[98.04311424682585,41.05443771288389],[98.0188636148261,41.067367504074326],[98.00072780317524,41.08177935575813],[97.95217246029831,41.138812060251276],[97.86966248080154,41.2126032759107],[97.787640530788,41.28826331490807],[97.75838982966185,41.32091188096876],[97.63409466966452,41.433625911665786],[97.61526406365662,41.45314992152527],[97.61060226062993,41.4620133082721],[97.62340026381116,41.48267038228717],[97.70603790149151,41.53821629125364],[97.78043004250578,41.598538144066005],[97.82832014208729,41.63091461563216],[97.83913476602471,41.645540362804965],[97.83485981864928,41.66167945444069],[97.79049069923033,41.7518734166094],[97.70270606466357,41.89554220696512],[97.66582940040416,41.9583168895154],[97.5717482652635,42.12839770942584],[97.5617981586093,42.13706708769224],[97.53435693737721,42.19150212844236],[97.51330127453608,42.218444902603636],[97.48284003069094,42.274144850728966],[97.30915107202492,42.53432372623321],[97.23567844299525,42.6532506589444],[97.20247126873613,42.717938782411196],[97.17511809656763,42.75580221494285],[97.17186152484166,42.762965340072235],[97.19826975558244,42.75965416972908],[97.21876321523995,42.75510024795597],[97.27749599051442,42.7506769182445],[97.32196630400306,42.74568603605432],[97.33732938361288,42.74396027012857],[97.37928416709649,42.73701523581758],[97.42920071453429,42.731670353899894],[97.48987068447694,42.7225150213345],[97.50929837165747,42.71956258943775],[97.57580282368122,42.71571305626008],[97.61938792334172,42.709233929996444],[97.65918647682898,42.70710553267831],[97.68200273204909,42.70583692252506],[97.78934497094495,42.696477813814376],[97.82876053615063,42.69186037049749],[97.8497147003899,42.68938957694558],[97.99819161962184,42.67586158953534],[98.01062489824511,42.6747152258552],[98.02808266019956,42.67131934245687],[98.08684639259441,42.654817832768934],[98.1118640726462,42.6495599198782],[98.16200802787739,42.64163402451753],[98.2390177053615,42.62939851117479],[98.31630140600608,42.62967270497275],[98.33115034197264,42.6314833542258],[98.50094743251175,42.62285625745085],[98.6711931319812,42.614038668606675],[98.84140399029255,42.60491723891633],[98.99205383184437,42.59659191285105],[98.99830784079228,42.59534895451208],[99.00847020969196,42.595890902452936],[99.09221695691721,42.5900123757525],[99.20934255386287,42.58167313352786],[99.21480536712754,42.5825344069368],[99.23607381131038,42.5795082664671],[99.26154242893202,42.5777318757598],[99.43123662085675,42.566062146974694],[99.48893925591273,42.562082431268536],[99.51342632191404,42.56487197295278],[99.53153700349864,42.56909841606172],[99.54648476018176,42.56970451981025],[99.55476883287291,42.572276758237436],[99.5984819982624,42.57931629865384],[99.65179906454837,42.5878862745563],[99.68728548181153,42.59501703982066],[99.76500021749668,42.606469838803584],[99.7876284419346,42.609762891893304],[99.81033661649572,42.61198145196478],[99.93248606224655,42.63022956322824],[99.96534487497462,42.635129173978235],[99.98827161803582,42.63965180591121],[99.99320986947843,42.63938793178447],[100.01765522992362,42.638056788467466],[100.03445835620407,42.635187414721635],[100.05409168257097,42.63581967096578],[100.07294117979363,42.633557455408365],[100.10083611949864,42.63206901796079],[100.2711250238106,42.62312069365453],[100.27618372675494,42.62285077633674],[100.28582480034284,42.636964681062125],[100.30012021472618,42.65329800810006],[100.30507457674965,42.656512239265375],[100.31081073901947,42.66655254964643],[100.32007357264864,42.67537319740527],[100.39828906385866,42.67207028412111],[100.40112967491999,42.671898784575895],[100.5158812857874,42.66449096837413],[100.57136857588063,42.66229892169731],[100.61180609731838,42.66075821211696],[100.67150061301331,42.655978660161026],[100.70829768969901,42.65554457223169],[100.7199801992555,42.65350084135115],[100.74143311712731,42.65256996607033],[100.81972078885644,42.64911618309179],[100.90584652926725,42.6374486471218],[100.9103208276503,42.63660065453298],[101.07554966651652,42.60511443154142],[101.1255897220164,42.59547394350028],[101.24094865649185,42.57442012418016],[101.406300804579,42.544063751486156],[101.4141044394311,42.54266250141287],[101.41762633245708,42.54096821792191],[101.42410532098019,42.541497952664564],[101.4255296572573,42.54001597325355],[101.45616606184942,42.53358422668387],[101.56995334900076,42.51275154054877],[101.66610731481745,42.49505446730966],[101.69463254086892,42.488249619556534],[101.73458909993413,42.48073353129266],[101.81224469697248,42.46623887661086],[101.81815969620007,42.462803854682214],[101.83921064381336,42.44140374005909],[101.86331446699967,42.41435324498271],[101.86510213669835,42.41269698272211],[101.87542815005312,42.40346465976788],[101.9295946649669,42.345736291547766],[101.96472448157736,42.31097325452452],[101.96613304694593,42.30948618283183],[101.98708143776537,42.28547741493272],[102.0590803501026,42.21158557973712],[102.06438310964296,42.210361761471795],[102.11382253850104,42.199017853863594],[102.12376038731253,42.19789138452416],[102.14032876754808,42.19279676435055],[102.22640724895294,42.17423885349946],[102.29472100578333,42.15946780489804],[102.29874253075654,42.15963818236317],[102.38860463131354,42.13873298559413],[102.4107555562477,42.133536130567045],[102.47335743606602,42.136695264605535],[102.481195605223,42.13586036542075],[102.49896669839184,42.13708610989324],[102.50440105550082,42.138705585102635],[102.53390406316124,42.13943007746784],[102.55603299108806,42.13813844485147],[102.65150544791176,42.13261109152052],[102.65655415527543,42.131181290441205],[102.68404027853175,42.130051470505165],[102.70486231397288,42.12746260369459],[102.714596433677,42.1282539962654],[102.72424559554598,42.1278823309904],[102.73561005606594,42.12727105525458],[102.8702666777587,42.06616893029036],[102.9728721648276,42.01927992125439],[103.01701328308602,42.00422800127496],[103.1703232408706,41.95159895261477],[103.18603471886618,41.94618913547365],[103.19710881892662,41.94125071822697],[103.31934561124211,41.90097926285733],[103.32398553352783,41.900144933611706],[103.48789652022523,41.87077135582131],[103.64423915040051,41.84246171765166],[103.65155873121694,41.84084014268189],[103.6759544109365,41.83546176710385],[103.68422300849592,41.835007996935815],[103.7644041722301,41.82033484876714],[103.81472483681412,41.81043910168643],[103.86028027469816,41.80155492365956],[103.98158474278797,41.800750344690805],[103.98219173934618,41.8007549726892],[104.02305514708318,41.80462956367769],[104.1240999421717,41.82255300089482],[104.14640861610445,41.82573147554108],[104.16144270375128,41.827968388002866],[104.18680711552354,41.82973146352801],[104.21709812012072,41.83651600470759],[104.27133694541037,41.84226635046229],[104.31185519130298,41.84810320980616],[104.36900498824541,41.856238359426904],[104.37278303378294,41.854917546642476],[104.3952228812805,41.859393736065634],[104.41331439574839,41.86099146282796],[104.42349870879721,41.86380223504925],[104.43977342491172,41.864853090462304],[104.47642729060934,41.870891603597435],[104.47752034412714,41.87098512186568],[104.4918593704001,41.871129642890715],[104.54249596925047,41.87738097231782],[104.5425805877513,41.84489799902816],[104.5396989964394,41.80152009445588],[104.538142127013,41.77920717891867],[104.5397870607187,41.768683960097654],[104.53291074161054,41.68737893827984],[104.53286163619846,41.6762267904412],[104.53274674490382,41.65651013926733],[104.67288174308452,41.64131571459543],[104.68088075379644,41.64044300587759],[104.70656775854874,41.63898546535728],[104.8405422236838,41.63912387159877],[104.94399101284881,41.639207488336645],[104.9524740671531,41.63367983063244],[104.96604642557095,41.62021361876121],[104.98615280952134,41.602822113236044],[104.99922888006635,41.59149394025543],[105.03371552445145,41.561607261235494],[105.05248010519293,41.57382160492099],[105.10094313268488,41.611794316928304],[105.12228292395152,41.62845812605792],[105.12894973786156,41.631484918960254],[105.22072608853911,41.69970160603756],[105.19852430413482,41.603621381573355],[105.20262592812422,41.58489581507362],[105.20306954011279,41.53638493296109],[105.19783082977091,41.517422798286255],[105.19952536910532,41.488570172842856],[105.20698124799561,41.45932366167131],[105.20793812701068,41.41507439701053],[105.21506910772464,41.39271632552728],[105.24438521995167,41.34785470384023],[105.25275226583365,41.321554774982694],[105.25337354568921,41.307784054685165],[105.26487618411296,41.28341985801465],[105.2667457993726,41.26570622223889],[105.28563014016757,41.21210546979561],[105.28792107086383,41.193077213705315],[105.31303009867582,41.14333825473245],[105.34098333350494,41.06081083864958],[105.36394661184025,41.017645949678176],[105.39191275211613,40.94068709179269],[105.41173360315265,40.919167773330244],[105.43137535400074,40.91009453484869],[105.447591574959,40.90597115030132],[105.47223863933768,40.90469462054365],[105.48532446819428,40.89864022050571],[105.51095750276818,40.88227502081469],[105.54421010986647,40.85336593680296],[105.58477395139005,40.83680085619631],[105.65333598827056,40.813954887132006],[105.68882234992742,40.78956365222551],[105.70758224033492,40.78308025041218],[105.74304986800877,40.77668646979871],[105.7983577059659,40.772288067139264],[105.83927376460912,40.772338735128],[105.87038363275339,40.76794160173641],[105.9438517479279,40.752725415915066],[105.9860328596973,40.73633916494038],[106.01285874167974,40.72149672773218],[106.03043953848952,40.7064739089245],[106.06324678764587,40.67187776616682],[106.08706738612959,40.660669946585124],[106.10199563173691,40.660419317835526],[106.12102466883897,40.665008837529484],[106.13356228143984,40.67265009523214],[106.15612539980158,40.677826142747676],[106.17322239714805,40.676549519423745],[106.19743500646949,40.732359182820474],[106.20468298079437,40.7510960281534],[106.2148512501492,40.76526111082756],[106.229036736751,40.79026067352983],[106.2408293399169,40.807795898378934],[106.26396514218408,40.829767544232965],[106.2772710543192,40.8507618203167],[106.28351174852527,40.85809870372847],[106.29428709683002,40.864232332648726],[106.30193865530163,40.869861224103566],[106.30965216517227,40.87887598200101],[106.33411355756368,40.89226787064813],[106.3380005051409,40.89499158308348],[106.34106159794244,40.89843663059597],[106.34756933015834,40.91316625869761],[106.34990054985886,40.91599470042401],[106.35366115360182,40.91827367220382],[106.36739455587684,40.92143015393438],[106.37501407002608,40.92473814810959],[106.3780882634566,40.92871715967539],[106.37833790220898,40.93557794702579],[106.37911156275759,40.93842220917266],[106.38143468325441,40.94071546960219],[106.38905684869746,40.94402272918343],[106.39663531970257,40.945012478252316],[106.40190198524697,40.9443327472026],[106.41517064105773,40.93554508151847],[106.41744976200776,40.935520647819885],[106.42184286652234,40.93315591176996],[106.42978626260872,40.92219569279865],[106.45696628370072,40.90166531052829],[106.45913025757854,40.89593693774371],[106.46937382620547,40.88655363643021],[106.4744022810754,40.880258401671476],[106.4770805442552,40.87042413192804],[106.47671727667189,40.85839575912793],[106.48427990119103,40.83540517506405],[106.48685176828289,40.820492254413935],[106.48786574262041,40.78206888548008],[106.49641879734092,40.767089018872404],[106.50148246837702,40.76302107402934],[106.51421318460609,40.75931069414203],[106.53210090390563,40.75616307736605],[106.54475818029927,40.75476768742861],[106.56880677319192,40.754394539535674],[106.58239898232301,40.75752949070385],[106.58766395204248,40.757466181602446],[106.59093545493597,40.75929825687041],[106.6000108017568,40.76925905041371],[106.60557247415282,40.77721238387267],[106.60726564831306,40.78343032318772],[106.60831735177294,40.793131931166045],[106.60889824667326,40.80863251090669],[106.61161946404141,40.823394222680626],[106.6139718222107,40.82684142022288],[106.61932870909028,40.83069738876548],[106.62693822762049,40.833455869100185],[106.64509954638609,40.83652843274451],[106.66161587237971,40.83569757233641],[106.6767987884891,40.839427184678584],[106.68056357981202,40.841607530561966],[106.69212783112377,40.84939234352953],[106.70663794356095,40.85490989291097],[106.71355946659995,40.858742008541284],[106.73583853844258,40.873246976899644],[106.76163615223052,40.899021975432234],[106.7793522322881,40.91242255596812],[106.78770890062371,40.91569698730698],[106.81124465993531,40.921526973812526],[106.82483603115,40.922944428941676],[106.83165606805213,40.922226046616686],[106.83769489618949,40.923835841938185],[106.84533590378751,40.92711668083494],[106.85083457431305,40.93105112669022],[106.85627060756399,40.93721481278969],[106.85884448148539,40.944042637813],[106.86667793379985,40.95471863376677],[106.87291347054713,40.95917679573558],[106.8813256972445,40.96422775105656],[106.88750294147525,40.9663683223244],[106.89122277667893,40.96631514240382],[106.89871974654103,40.963800694187626],[106.9017636770719,40.965450705609605],[106.92661912599328,40.98390088885839],[106.92897268336152,40.98663018566965],[106.93010084431404,40.99748999542722],[106.93175357782363,41.00094273134838],[106.94018657121046,41.006435777552795],[106.95013878094306,41.010301204744245],[106.98362483885106,41.01818350096531],[107.00940985584738,41.021003761977695],[107.03273297054506,41.021628024160584],[107.05258459363979,41.026938197867636],[107.06026120461122,41.030741707275745],[107.073490401586,41.039628999580636],[107.07820212491993,41.044726221355326],[107.08252543963285,41.05722965715918],[107.08268860533401,41.06293333343723],[107.08525496624104,41.06859919995543],[107.09140882720537,41.07358428091803],[107.10137566308437,41.077349518823084],[107.10300485540064,41.0796418641924],[107.10312074253672,41.083652350428444],[107.10201237823273,41.091070525332604],[107.10582094844551,41.09386323778077],[107.11431776461053,41.096581052444755],[107.11898412661441,41.09989470451534],[107.12314807826714,41.11070621918291],[107.1344862012991,41.12817910321901],[107.14155855246507,41.13546595807733],[107.15088335486094,41.141556747699624],[107.15924861958051,41.143649899455944],[107.17582592055588,41.142665233856846],[107.19367402820458,41.13595049878655],[107.19834652847806,41.13926151697201],[107.19929354614216,41.142723477660105],[107.20315985838202,41.14720698691461],[107.20706037403178,41.148836323848286],[107.2146357705558,41.14862070547877],[107.21841632809914,41.15025172219566],[107.22096095201377,41.15475690949247],[107.22032626060705,41.15762110311341],[107.21606795669402,41.164023761668695],[107.21486857605755,41.17206954878201],[107.21653879702538,41.17551946040076],[107.21966683260973,41.179390835802444],[107.22668443729198,41.18444533477583],[107.23203166063175,41.186049738642474],[107.24956488916926,41.188428582738894],[107.25348800079456,41.19068055625263],[107.28039094370989,41.211445159454485],[107.2943982697452,41.21254116814108],[107.30562162678576,41.209403438005566],[107.3124637117568,41.20865997777598],[107.32579829200999,41.20378923614629],[107.33622508738775,41.19843335628489],[107.34071307755521,41.1994243399657],[107.34932320394202,41.20497961117665],[107.35566465937215,41.211109818949666],[107.36029435243877,41.21272193651536],[107.37389535786367,41.21238987423181],[107.38930454186449,41.219426102742105],[107.40466120665025,41.228423694397],[107.41638099500703,41.23302666928866],[107.4240240176158,41.23458170583286],[107.43606332962673,41.2342718684062],[107.45031237321577,41.231601247860816],[107.45863927215376,41.23198222066134],[107.47179602128996,41.23619698683034],[107.48461586523375,41.23756277081278],[107.49449080937529,41.23737736112676],[107.50347971727832,41.23595930139263],[107.50942080550053,41.233528083214935],[107.51614264577545,41.232776368514166],[107.52230249981059,41.23319446085071],[107.53299560801219,41.235755474744906],[107.55530862444994,41.24317608920959],[107.57612364647665,41.252406065410824],[107.58708482420137,41.25897136365632],[107.6087901559618,41.26924954520909],[107.61792539182777,41.271834624776275],[107.63151685761572,41.27094131576739],[107.63739499979503,41.26681075537084],[107.64021876264965,41.261581244182246],[107.64661021257395,41.25503182675899],[107.65184817225956,41.25323249612093],[107.65943305708498,41.25299141362302],[107.66558623309868,41.25643567374714],[107.66745590899902,41.261393026747044],[107.67448954959492,41.26580038384307],[107.6827984712211,41.26554338439621],[107.69382985795934,41.26068157231942],[107.69838407142761,41.259964617209384],[107.7212379090494,41.248972507453864],[107.73367882038714,41.24006466547573],[107.73861837171782,41.233629911830874],[107.74446383264929,41.22887094152896],[107.7548510287392,41.22633645995237],[107.76456769334193,41.22203126760571],[107.77547804757828,41.21431103391497],[107.79011397704848,41.206422359596274],[107.80174834235167,41.195741440012576],[107.81197362610403,41.18919226505015],[107.81781070957462,41.18443033531269],[107.81825684014765,41.180407275304646],[107.8167266495261,41.17821006403623],[107.81735873904854,41.175877688639815],[107.82099852144151,41.173481304776814],[107.82470386007714,41.17277802559438],[107.84008194417146,41.178068225497384],[107.8523632226961,41.181104453212875],[107.86970690382032,41.18117588979498],[107.88020322721187,41.17862914032724],[107.89750016011727,41.177538446539366],[107.90675441474936,41.18010069152665],[107.92470233120201,41.192192821462534],[107.93328413110213,41.19592770072633],[107.93932286356493,41.196329063219615],[107.94302821900455,41.19562245504705],[107.94748551730316,41.192669138734985],[107.94883553097523,41.19032003205774],[107.94634327084596,41.185291385920664],[107.94519764639006,41.17782458136841],[107.94878631005284,41.17426621812933],[107.95547632084006,41.172957627259805],[107.96004784515566,41.172855559572284],[107.96689756310849,41.175467329698115],[107.97562184156706,41.182674787290864],[107.98119701480485,41.18647404017278],[107.98805243972777,41.18917387506491],[107.99264695602336,41.18960536022326],[107.99632940547633,41.18836259039215],[108.00310584276376,41.18330340455688],[108.00555883096237,41.18146387129216],[108.01613350460205,41.18381023613098],[108.01840106159867,41.18331261589555],[108.0258480516802,41.185729443003865],[108.03107996508841,41.18989130398677],[108.0353001832489,41.19577093064819],[108.03481262032908,41.21005388750976],[108.040769009895,41.21419895746732],[108.04827297227095,41.215007792730056],[108.0559657732817,41.21170863044021],[108.05897861850566,41.21172832804233],[108.0619236820401,41.21299833024976],[108.0669640480591,41.22108830291338],[108.06769013465114,41.22401516224182],[108.07355177960824,41.22869631343577],[108.07801758029191,41.22886030548679],[108.08580816685088,41.225021868067856],[108.0951605885069,41.21543757354652],[108.09967125112107,41.216670193177336],[108.10179883912566,41.22134814862989],[108.10095754793866,41.22422232465853],[108.09775024267523,41.228133051351655],[108.0915516548714,41.23255952224251],[108.09145879217992,41.23604064066093],[108.09664868928927,41.23904167340279],[108.10113420469885,41.23965046883501],[108.10735569111512,41.2357582003933],[108.12339521751976,41.23038582543234],[108.13356941752237,41.22318778820976],[108.14654021857243,41.21940156732618],[108.15801491112319,41.214490072842665],[108.17019481988183,41.2119692063456],[108.18697473563401,41.209961097402264],[108.19767728936303,41.20675956670413],[108.2061065316312,41.20120368510401],[108.22914351893085,41.19368643068459],[108.24964837127202,41.18890335505308],[108.26272360502938,41.182337781990185],[108.27054355592234,41.17679279037336],[108.28573611828612,41.17186749817175],[108.30330102506599,41.16884375762517],[108.31913354582758,41.16746673909232],[108.32830940653884,41.16536322279501],[108.34042859440888,41.16443370817731],[108.36178856698663,41.160235927188616],[108.37164624295954,41.159896138747975],[108.39269702192382,41.162034697277235],[108.40919546045944,41.16464402506535],[108.43176524062672,41.170840853036],[108.45444986679225,41.17176771603629],[108.46729442598581,41.170896865162184],[108.47718807647988,41.16876413901202],[108.49173791592698,41.1632965019557],[108.50618686647219,41.16077378247522],[108.52056633903717,41.15932181588003],[108.54771109732181,41.16038162390335],[108.55911191734,41.15713180997908],[108.5664998557029,41.153097044597224],[108.56177377182163,41.145106256548694],[108.56119051021666,41.14057234054911],[108.56355600122264,41.13479942090693],[108.56742914680254,41.13032397289646],[108.58978615158185,41.11749830718664],[108.61486678874788,41.10878715965831],[108.62557133383619,41.10385564289792],[108.62877142068271,41.10046732862831],[108.62877603203049,41.09814786464302],[108.62586155847212,41.09519478618835],[108.61909831970662,41.09225777845281],[108.61321267007796,41.08760162174155],[108.61193315671761,41.0812139356544],[108.60971424952282,41.07770639548277],[108.60671216267258,41.07537981729931],[108.59628216284706,41.07120368937905],[108.58274215396665,41.06978707171891],[108.5692397610431,41.06667327504342],[108.558092580863,41.06251362403851],[108.5520181776164,41.06124970330883],[108.52935033177481,41.0624808569267],[108.51947265323786,41.06461719342134],[108.51499015964056,41.063933600685814],[108.50908769066712,41.05873848487624],[108.50930157431732,41.050705134060095],[108.51477285826618,41.04449453229573],[108.51946687618748,41.03714488217258],[108.51901095710208,41.03019985159144],[108.51475632065244,41.01925304764372],[108.51111207395589,41.01346319188463],[108.49640273255687,40.99993929285846],[108.4943161266041,40.99651607330403],[108.47807924171937,40.98356609632531],[108.46252264056193,40.974699209693114],[108.44847426855499,40.96463192512094],[108.43579699184244,40.95809505235519],[108.42392101504758,40.953230775202904],[108.40741574388453,40.949465996763564],[108.39765676847827,40.94873637928558],[108.36174209378757,40.94055893669824],[108.33796900536021,40.9326007651662],[108.32083506019491,40.92536349597444],[108.30962806109133,40.92172110197624],[108.27818780234426,40.91644148419014],[108.26242155680639,40.91272998189001],[108.23776769581787,40.90878904087151],[108.21760010707987,40.903129241965765],[108.20344328779841,40.89767743587947],[108.19678450021937,40.89355870820771],[108.1886388019453,40.89108064801664],[108.17385604729375,40.8821634355402],[108.1609551395184,40.87230802691357],[108.1767751277041,40.86381404618023],[108.18128813743492,40.862813664043614],[108.19137814230434,40.85499094418644],[108.2087221348562,40.82951509929226],[108.22042744145293,40.81772781994218],[108.23577882480609,40.807187570879265],[108.25250827569911,40.80347699278996],[108.26219863760059,40.80314844034261],[108.26815077434743,40.80496261569011],[108.27259915549087,40.807972978427884],[108.27857993971263,40.81041014058398],[108.28834330588194,40.81168281510717],[108.29506232233244,40.81187175065256],[108.3101626396386,40.80926446023957],[108.32623152889954,40.80163780590025],[108.33765294563419,40.79724763978399],[108.35795982895766,40.79592951950726],[108.36555692191968,40.79439833748794],[108.37907890022036,40.79405245319028],[108.38286272728836,40.79297460431041],[108.39113585679081,40.793118716147895],[108.40226561309701,40.7980035601417],[108.41128648288372,40.798751289692824],[108.42035915413781,40.79548457982725],[108.43194457682318,40.7870693910328],[108.45052816654218,40.76964285432358],[108.47360499393587,40.75120380056042],[108.48369636956146,40.73934617998677],[108.49987734671403,40.72474050792641],[108.5098202949556,40.7174321787634],[108.51744415489247,40.7141973080686],[108.52505517341028,40.71319136118191],[108.54446116488164,40.71356212389505],[108.5565919165408,40.7119868121191],[108.56645786454325,40.70815350851347],[108.57408457145715,40.70259701283052],[108.58728009635607,40.68618913890203],[108.58825789235631,40.67929714775415],[108.59155602835177,40.66850805912893],[108.59543469035407,40.66225020465273],[108.60080718104835,40.657199609941664],[108.61234995046263,40.648769883126185],[108.63059417441607,40.640511033376356],[108.64119399424393,40.63727591223316],[108.6501708183542,40.63747295973143],[108.67192612135692,40.6349952611425],[108.67874777115728,40.632754044542445],[108.68566874272672,40.62774577705482],[108.69427195144021,40.61582476664685],[108.69583750909729,40.611322924374754],[108.70128716443749,40.60564194567147],[108.71185367157825,40.5995489536863],[108.72384102104631,40.60027993160356],[108.74090569759629,40.60915718089481],[108.75433101681539,40.61225182550298],[108.76100083374082,40.61179378873493],[108.76486146213054,40.610167625038486],[108.77401883416765,40.602326633273066],[108.77432163203328,40.59197557114543],[108.77216944790703,40.58731197767592],[108.77409656560752,40.569068734936835],[108.77561956978671,40.56617201898654],[108.78330269158451,40.5599776914205],[108.78865520790896,40.55723801213608],[108.79923598860195,40.553990457085824],[108.82182715497858,40.54976921888633],[108.82708615411437,40.547565593402744],[108.84964339449184,40.545034452850814],[108.85851836184152,40.54575488017856],[108.8728893609084,40.544262241881555],[108.88794318174442,40.539894787260856],[108.89997685808206,40.53490199909102],[108.9045746961283,40.53155579247963],[108.91672507188301,40.52655797146848],[108.93321280422788,40.524549710958595],[108.95486913492168,40.52541522888138],[108.99014648205501,40.52425932555018],[108.99306812834836,40.5231006408069],[108.99537162101191,40.523743878926425],[108.99913236425267,40.52264869271216],[109.00580230461972,40.52672514794018],[109.00561513601495,40.53422033047577],[109.00177830261296,40.54048935409564],[109.00087042767143,40.54791740907013],[109.00147380382091,40.55021724949222],[109.00599514431786,40.55427013431354],[109.00820971942545,40.555450888759765],[109.01120058048011,40.55553796142705],[109.01650237569281,40.549847934174586],[109.01892928290755,40.54183828442851],[109.02053682609004,40.53849011622988],[109.02578104991845,40.53396061711253],[109.0311176881691,40.531122140234004],[109.05079323007281,40.526326348392416],[109.04492939222617,40.51527274111603],[109.04498101610609,40.51188305933279],[109.05962749223536,40.48967622616384],[109.06285195187455,40.48110644983807],[109.0630838964901,40.470222056328296],[109.06088735926726,40.46502977535873],[109.05878065738901,40.45929978293088],[109.05440690584624,40.4535506945236],[109.03598000636798,40.43949738151386],[109.02422717768432,40.4296057992355],[109.01839053495294,40.42318747482146],[109.01263717034253,40.413913610920986],[109.01050164727219,40.407560136553265],[109.0101312438765,40.392059588929634],[109.01483494680184,40.37783037005955],[109.03598511933468,40.33341053442633],[109.03981662354964,40.329459297781696],[109.04580085979137,40.32784838162528],[109.04957155986007,40.32496845620598],[109.0543360407242,40.314213076843224],[109.05881470260091,40.30908241505502],[109.06722410477924,40.30400791274984],[109.07993453110657,40.30138410452395],[109.0851728866666,40.30139913500724],[109.1015756871692,40.2988362835848],[109.11968384305456,40.29274112554351],[109.1234548407157,40.28994815954738],[109.12806981636759,40.2831170455071],[109.12884899289669,40.27792220349845],[109.12750268357661,40.26878300694903],[109.12464887119575,40.26245475736657],[109.12347783385712,40.24582240345834],[109.12076505880198,40.23137818657263],[109.11515080418923,40.21818420088275],[109.11152892681882,40.21294985191789],[109.10493568870271,40.20771956311697],[109.0866843516286,40.187344354965134],[109.08013529239297,40.176407213246286],[109.0766519995648,40.16715700453831],[109.07393121030367,40.154496102757044],[109.07571284461221,40.1373277097978],[109.08442332043414,40.114506403005805],[109.08526308295647,40.10824125751709],[109.09305903009633,40.08830038179661],[109.09377428312814,40.0876941983605],[109.11557251469053,40.053354826160195],[109.14278870741578,40.01686185829851],[109.15763216896808,40.009770782890776],[109.17150909287788,40.01209166308751],[109.1986829211812,40.024842919857015],[109.2108252673466,40.02686797694671],[109.21853912633749,40.025421071338975],[109.23414248878817,40.01570919525031],[109.24106950934791,39.99224057315043],[109.2437457129824,39.95848659932461],[109.2351135228623,39.929562588581135],[109.25893005433763,39.925454571674116],[109.28049763203579,39.92631137226907],[109.4336839228197,39.91207026413671],[109.48368980248738,39.90255563946883],[109.51710763707864,39.88755918610907],[109.54017899203585,39.88315563241963],[109.55923715201153,39.886287876540315],[109.58779002738848,39.900545634487855],[109.6047502315057,39.90469459775854],[109.65698682304037,39.88728185729387],[109.70544473797695,39.88290325142245],[109.7540350079457,39.87169604818461],[109.81090584061116,39.8631837843805],[109.83282918784224,39.862643108501764],[109.87307818031258,39.86780217576492],[109.90242601949879,39.879376955828015],[109.9431841418407,39.91463898638786],[109.95582585037928,39.927601619119834],[109.96414579973118,39.949427334714805],[109.9760524400389,39.965002169033724],[109.98373832940848,39.96350508724399],[109.99502278076375,39.9557591640947],[110.0216504632291,39.92589970353516],[110.04592474713515,39.910679017616836],[110.06066050226995,39.90348264356664],[110.08580679015186,39.89795672513235],[110.13056045951636,39.9064789993346],[110.13960577730315,39.90656206494913],[110.1543338794519,39.89935415140067],[110.1770412375581,39.87021527654686],[110.1998929543491,39.85338252498837],[110.23488269942995,39.8384777323761],[110.30572788653599,39.81833772997157],[110.34314061272984,39.80106693081103],[110.37867393537147,39.78948769288902],[110.36248574823064,39.7699616536965],[110.34370466876196,39.75338756153311],[110.32609941372482,39.743125150320495],[110.31426150150054,39.73818278793383],[110.27729030762602,39.735867693722284],[110.26267211477412,39.739970978898945],[110.23345207547852,39.761301828857434],[110.21965071396933,39.76428045297581],[110.17822880334049,39.746946886782325],[110.17099951318453,39.740997897106155],[110.15013388841083,39.708906037130966],[110.13668369311623,39.679911137170414],[110.11570799885388,39.61125816532035],[110.11391744794312,39.590069358309435],[110.11770056669849,39.57706010275377],[110.12179809922429,39.571488070358605],[110.13819448378105,39.562324002668205],[110.18719345622804,39.55079916124472],[110.20522736441315,39.55252346463181],[110.2199785733615,39.558716600818805],[110.2306400323092,39.5704837957146],[110.24050299441211,39.59649765703782],[110.24822529964766,39.60702420086898],[110.26151538097159,39.61258968202157],[110.27808284164311,39.61369191636543],[110.28874283627873,39.61231846423375],[110.32166551434037,39.59109196174173],[110.36207015615405,39.55696411625318],[110.41691268270961,39.4924414782303],[110.437275525059,39.46452520639527],[110.44587806732314,39.44480419735338],[110.4466425968157,39.43055864575958],[110.44135452094908,39.41669430170412],[110.4470460207935,39.40887462256614],[110.47745356628576,39.40409913845273],[110.49442689155153,39.396625662043974],[110.52344392387076,39.365903798214],[110.51615672807024,39.361222874179724],[110.5164410145834,39.35871485576719],[110.5176226372362,39.34770038407218],[110.51142930707462,39.34029853743593],[110.5037435529336,39.33812995606334],[110.4921529944356,39.33880091228638],[110.47363099590288,39.350728085670646],[110.46443582775505,39.3552170886973],[110.45873031931177,39.355992771370666],[110.44521524310831,39.35290776813048],[110.42393957642722,39.34497726459981],[110.41894673739873,39.33939285729346],[110.41832369263757,39.3340709829658],[110.42004590571335,39.32544209263975],[110.43331745424689,39.31080223714372],[110.43094917380976,39.305732080319395],[110.4152722202961,39.29863526400591],[110.4033503763296,39.29628193462016],[110.39082822887927,39.29698297117497],[110.37512847983155,39.30574740471641],[110.35541373738914,39.32082605561127],[110.34598694923108,39.330307222607296],[110.3045636894338,39.37417039670764],[110.28762545157169,39.38903510225646],[110.27640373971788,39.39501903897409],[110.26281213943814,39.412417734425375],[110.23109686026714,39.431617828476874],[110.20915834383369,39.43936498494488],[110.18366118415732,39.44341824785195],[110.14810948835061,39.438329904322075],[110.13656449218901,39.43139089777806],[110.13087165396318,39.42395187756076],[110.12422115580146,39.416175381209925],[110.12356485755545,39.39893384593935],[110.12570083574613,39.393878956958964],[110.13081389189384,39.38754748369055],[110.15329235943895,39.38051128852401],[110.15978096235347,39.37648823506997],[110.16783195091178,39.36446610425905],[110.18198323458682,39.33411826654985],[110.19777055731717,39.30607562755195],[110.20840279174557,39.278894822936884],[110.21456996039878,39.270451636483564],[110.21150258593828,39.25977594776272],[110.20643397041225,39.256148179652016],[110.13509892194594,39.226386909238954],[110.09575617560671,39.20548902278506],[110.07390623578989,39.19824043798984],[110.05277326198257,39.19630674726276],[110.01231281229376,39.196547021338795],[109.99562629701079,39.19264930010384],[109.98592621781278,39.18794528114535],[109.97357292977249,39.178620365678206],[109.95082857178825,39.15935764396703],[109.90715814187355,39.126544335993245],[109.87933644166459,39.09721801414228],[109.86148855583184,39.08042971536255],[109.84801185122292,39.07131516557497],[109.82701245289836,39.06533216974939],[109.78669044834041,39.0556104012506],[109.76544315151541,39.052923216097206],[109.7479333122208,39.05374752462697],[109.73651651771225,39.05096043518189],[109.72209922950145,39.04329356417498],[109.7128952278703,39.03472200893439],[109.69757548080254,39.00704207625411],[109.68467378020269,38.95246020922933],[109.67688956958197,38.932700608296315],[109.67535654573851,38.92874780714482],[109.65963404194008,38.899655583806954],[109.64916217907866,38.889078207160225],[109.613671039105,38.870492764901655],[109.59153884618617,38.85240174952232],[109.58446894951625,38.83991698649768],[109.58740859411307,38.825026547354746],[109.58480816748528,38.81496545320916],[109.58109180409807,38.811446165002195],[109.56252338917464,38.80355624588197],[109.54530875222403,38.80060365431004],[109.53794904632461,38.802377912555976],[109.52692582199788,38.814968801617816],[109.51790866998023,38.81831435442049],[109.50657504518554,38.81808879512405],[109.45532372915467,38.804022344094165],[109.43823232412417,38.79125446728129],[109.42425108462052,38.76982770270364],[109.41921593451102,38.74773609793654],[109.4194619521632,38.722256806801816],[109.41726160528897,38.71458448660283],[109.4103462004132,38.707964856105036],[109.39532534593795,38.700197867309605],[109.37915427552669,38.69861335404923],[109.35055457131824,38.703682607755525],[109.33763252681578,38.69984538933287],[109.33415093186188,38.67992594458081],[109.34387676986753,38.65679939740731],[109.34350927660643,38.648440892853756],[109.34735550820515,38.64047395093719],[109.35131698633653,38.6104181204591],[109.34996269632528,38.60512100600841],[109.34515788550209,38.602523396482745],[109.33104819812442,38.606028660467956],[109.29449510768103,38.61999257092344],[109.2846615922555,38.618985851563764],[109.27477213036481,38.61290448421857],[109.25236360971276,38.59325793342254],[109.23732913428817,38.57835091453966],[109.22260540686332,38.56886390921211],[109.21481554043986,38.56475722358101],[109.17925245616512,38.55470283229115],[109.16593329408889,38.54516395799907],[109.14677265824871,38.51186122346744],[109.12831029089912,38.46980830620526],[109.11811816256522,38.459719326786804],[109.10386236291083,38.449582009940904],[109.08010731128677,38.43974661869733],[109.07149417363757,38.432898271959544],[109.05631196924496,38.413971258895984],[109.05038479304807,38.40302998073212],[109.04469575276693,38.392170020419215],[109.03002019627351,38.37375876719542],[109.02205503113055,38.367955560345564],[109.01613308538435,38.365648937144066],[108.99646352214008,38.351219525110274],[108.99373833691766,38.34355917450581],[108.99171102131554,38.31842734987337],[108.9911625221642,38.29494103437366],[108.98845022548294,38.28309608175343],[108.97477083558029,38.25654764750328],[108.97127999680269,38.24303534012528],[108.94778960146638,38.210112991793046],[108.93748816629137,38.18790846863006],[108.93497247689045,38.17294123102557],[108.93774223180728,38.16172784203871],[108.95748244713388,38.12791082820883],[108.97699917470567,38.109943542387896],[108.99162924356855,38.087141024624366],[109.0338325938634,38.07468294960832],[109.04489637430963,38.07201726658759],[109.06419787675435,38.061431681710346],[109.06935979673891,38.05432277281086],[109.06812658976152,38.04857555034226],[109.06466907851906,38.04441281951177],[109.03701176447522,38.01306658702451],[109.01977861120336,37.99723214653344],[108.9997793764671,37.96821850050212],[108.96800962967303,37.929956284226854],[108.9513257960671,37.91516492873204],[108.93565451010802,37.917520725511565],[108.92461870298587,37.929256369853526],[108.89970253342528,37.97159453971606],[108.88366525076152,37.98730735762569],[108.85973480257682,37.99773871668485],[108.84749823221803,38.006744046188565],[108.83397108643778,38.01311654474517],[108.81740317418888,38.01646327431936],[108.80853628904893,38.01459265844494],[108.80044006095298,38.00967191319114],[108.79275565892186,37.999130503953104],[108.79406969531149,37.99081298202308],[108.82549056799317,37.980080060122],[108.82359939662152,37.974618005946766],[108.79250018819934,37.952583830322034],[108.78823699588465,37.94113921880786],[108.78766713263931,37.92513385002807],[108.79025345173245,37.907699216454326],[108.78754641733303,37.89505115080968],[108.7914668309052,37.83520700542472],[108.78647524132658,37.73984716679595],[108.78915955626601,37.712974808230605],[108.79280792559402,37.70084925868828],[108.79006793323612,37.68740170262082],[108.78229421865946,37.67900009078698],[108.77250106920064,37.67617681088035],[108.75847998188327,37.67846282850421],[108.74553376527042,37.68391979950331],[108.72952026699832,37.685460371075855],[108.71549019740402,37.6782180080096],[108.70935755439146,37.66558071107822],[108.68813854118682,37.65685475031637],[108.67192349673164,37.65412176406506],[108.58656301337001,37.646599873080746],[108.57899253149637,37.676095981829285],[108.56769682905487,37.680241746140204],[108.551622372531,37.68051544746775],[108.5409083641721,37.67992536852941],[108.47649679572977,37.67601347470163],[108.45096216112988,37.67288475986702],[108.38566692665658,37.66690414292417],[108.36571357846182,37.6651220450166],[108.32973368357594,37.65147791126155],[108.31759570510738,37.639159301246515],[108.30381973627533,37.63133208901389]]],[[[111.14858383706249,43.369037783874575],[111.20395828164885,43.387066964499915],[111.20895450975566,43.38872193209406],[111.24571185151586,43.39788866548886],[111.31780042285826,43.41105910906188],[111.32135393301952,43.41322563872422],[111.33669257265467,43.41636812068345],[111.360538217238,43.42413365413799],[111.36700064888642,43.42679088704746],[111.37862295869199,43.43144813989695],[111.41981810796294,43.457404009126435],[111.431755826368,43.46132500029839],[111.44582087630327,43.463978251101814],[111.47904045795212,43.46634743298227],[111.52328181027178,43.46800137083957],[111.53553286458093,43.46849000404598],[111.56498114828601,43.47442834824602],[111.58206517238841,43.47997235632156],[111.61970366537005,43.50272791402394],[111.63257333309778,43.515020628082844],[111.64615007837962,43.53212309951543],[111.65128752153709,43.541652056485894],[111.6515947230465,43.54226511981169],[111.67267660650677,43.57003652033384],[111.70036897723921,43.59496969831188],[111.71939425367742,43.60866056874768],[111.73974211354081,43.63870784806281],[111.74337874686098,43.646695245642256],[111.75410070353631,43.66994921828362],[111.76189565314657,43.68087242681521],[111.76855988632069,43.685209417040056],[111.78103187106079,43.690155246509214],[111.7892966747804,43.691629224715555],[111.7964878315439,43.689745231726384],[111.81188310061403,43.68870814858233],[111.81861816871742,43.69115437986612],[111.83485207526337,43.69231691463819],[111.87742801617745,43.70085981165312],[111.9238338335611,43.71009360063825],[111.95658504315357,43.720188720759616],[111.96265370608467,43.7208668113579],[111.97924129332085,43.72926697998999],[111.99736142236824,43.74297407174576],[112.00634911354031,43.75535272502913],[112.01374686354485,43.76053986946992],[112.01627314120115,43.76579755459885],[112.02394304744188,43.78120696035707],[112.0200609831605,43.796223056777016],[112.01103439121843,43.80988716821986],[112.00592768735638,43.81266356404839],[112.00394396293524,43.81914117916016],[111.98184332225722,43.8437109694015],[111.97878843175408,43.84952478339016],[111.96609707006516,43.86175733612744],[111.9545040915327,43.87626804365638],[111.91911668205405,43.92027563532657],[111.88932064469161,43.952677269584974],[111.86758793469683,43.97029704167399],[111.8664610788287,43.976731193478564],[111.86152888878831,43.981469821254436],[111.8596882007462,43.98317895086079],[111.81376789545695,44.005233947279706],[111.75298732117366,44.016688232261764],[111.69981154670694,44.021185907341525],[111.69208948896257,44.02183285858825],[111.67850518567128,44.02420249624759],[111.6488565513443,44.04783162921285],[111.6396793295665,44.053037502943546],[111.59115718212108,44.09265930994246],[111.57803016824435,44.10676497655251],[111.54253168268988,44.1452071808782],[111.52512642787839,44.16759867536729],[111.51440319670976,44.17808114799903],[111.51129496130278,44.183889101719586],[111.5113685410109,44.1887374915628],[111.50831931024726,44.19112836252113],[111.49720623649384,44.216454173111735],[111.48922378431547,44.23489292971379],[111.47431093443133,44.25878086650489],[111.46555637542316,44.268988363843306],[111.45913059396982,44.27306494476708],[111.42620075654565,44.28485361659347],[111.41673914472217,44.29158640439104],[111.40188164515902,44.31097199372741],[111.40072799860523,44.3148901797653],[111.39477776407702,44.33664694522158],[111.3957842687699,44.38208018417097],[111.40364304694008,44.407243393772774],[111.42211097938335,44.436498427832376],[111.47345198817762,44.48767986604813],[111.50680264048748,44.54581828293853],[111.52508984226684,44.57769056183947],[111.53715112757529,44.611837940609355],[111.54139660266512,44.6341246141134],[111.55255861185792,44.66660990801748],[111.56810350594662,44.71184533350803],[111.6013737193626,44.755159922912064],[111.62502276686904,44.779675614737116],[111.62686153135837,44.78165734762084],[111.67534025746437,44.84241823653137],[111.70571737210906,44.88469856290498],[111.70903765410294,44.890119261283516],[111.72820696875463,44.921330043048506],[111.74921035979128,44.95029125963348],[111.76420605287159,44.96315669913431],[111.7865069731667,44.98818118538094],[111.79622052598481,44.99896232323125],[111.80107403547154,45.004307943969856],[111.8263795449697,45.02594025684054],[111.84207208387204,45.03651537924339],[111.87349845506952,45.052795632974295],[111.89731203257801,45.06287304926171],[111.93496563856431,45.073606829385255],[111.94205750909802,45.075684351285254],[111.98524497101299,45.077929957721835],[112.08955733952479,45.06695960033196],[112.11088910145885,45.066137416484516],[112.14148633038917,45.064925049870176],[112.19796604425194,45.058850436922015],[112.20800257172104,45.056076370493244],[112.28715658899208,45.05238811020661],[112.29832144115129,45.05189076796231],[112.34977026708019,45.05142476802886],[112.35610213199865,45.053431725270336],[112.39312525020728,45.051551886939386],[112.40199580112638,45.05224989510026],[112.42527226640297,45.049382725148725],[112.46073105132722,45.038917372347086],[112.47097860510594,45.0358420387536],[112.49561755142642,45.02207559926377],[112.52230365888848,45.002606792175634],[112.53510538868076,44.98794410461504],[112.56477997624346,44.954068857232],[112.57516299499355,44.945392053785476],[112.57855864484453,44.94268340337813],[112.60598422440742,44.92811468643754],[112.62356431451504,44.923633493795016],[112.65633962891025,44.90119180802608],[112.67588606892359,44.89272089064853],[112.70190342262919,44.887580764705774],[112.72131094934014,44.877939769935736],[112.75179047249787,44.86272071366751],[112.76822737106893,44.85846481584149],[112.78242036904503,44.858026992683506],[112.79879473914525,44.86115851045247],[112.81329122456886,44.861150897411505],[112.82223816427657,44.8592935632379],[112.84788758052765,44.84883039266653],[112.86471091285772,44.84805446439474],[112.88471141501084,44.852861527235234],[112.88849748442391,44.853726714430216],[112.91067890496588,44.853089873940135],[112.94420247148078,44.84044537481903],[112.97734069119761,44.825652376614464],[113.02478053915537,44.82254515673436],[113.0493585597291,44.81634017675255],[113.05059002558838,44.81599812413506],[113.09136477712732,44.7982988694402],[113.13153749571087,44.787560382783035],[113.20894258506966,44.77910675269385],[113.21564045023445,44.7787985478256],[113.25352348729544,44.77680986276161],[113.29071551494881,44.77755548651091],[113.29797309896095,44.778741552440025],[113.37356198915886,44.77751269824639],[113.39216412564129,44.777915363271624],[113.50711598456049,44.7805240903621],[113.5209477218735,44.777237703013114],[113.53780386833563,44.76961697042218],[113.55832664830022,44.75671971428309],[113.57188923673853,44.74821737367659],[113.58741459851818,44.74328670346993],[113.61198938305935,44.74373815620079],[113.62711674208568,44.74585772038298],[113.65786821498891,44.753035335340115],[113.67585261293101,44.758666168596896],[113.68615109143666,44.763787278524546],[113.70711999202837,44.77797054394941],[113.71179546511007,44.78281383063872],[113.71982206941603,44.79105136641864],[113.74728376336026,44.811221382509395],[113.76920226736152,44.822633819931596],[113.80810155671334,44.83846202395198],[113.84306504009034,44.84722907136357],[113.85695960617198,44.84940488488515],[113.86968462944228,44.85138393651646],[113.90109324203185,44.86604711332235],[113.9223298059853,44.873786062449206],[113.94984390059172,44.88769972046797],[113.96847323620065,44.90570356626121],[113.9817681131995,44.91196609318428],[113.99979225215436,44.91440194393554],[114.00269936082894,44.91520488880052],[114.01925904555308,44.9200790105042],[114.06062139017213,44.93920538323633],[114.1042404727429,44.96755658530735],[114.13093935369541,44.987271141252215],[114.13942360883651,44.99356864140766],[114.18097835762435,45.02411634379349],[114.22339199500901,45.04837180713579],[114.26891044322244,45.07936065177472],[114.27608697853726,45.084296230235545],[114.28651403774415,45.08964556614509],[114.29231203724461,45.09476329558809],[114.31796149475534,45.11064415043665],[114.33000609222076,45.11561146243327],[114.39197459198486,45.15214551413251],[114.40180877571501,45.16050857249767],[114.40270311527455,45.16144120309909],[114.43027455328594,45.192891038343845],[114.45156066541844,45.21284628259285],[114.49736842874343,45.26761734608257],[114.50182540209076,45.27300348275522],[114.51062136039994,45.2884816073847],[114.51459598672855,45.304290668636646],[114.51325033589421,45.31405018652829],[114.51949948899193,45.35003500800732],[114.52597649966295,45.3607054817261],[114.5398489919892,45.37195292238243],[114.55522017581157,45.38101806145493],[114.56177847682514,45.38481440906371],[114.65667194859024,45.41720762238149],[114.7167630856178,45.43263586450989],[114.71755149991361,45.43276155417724],[114.76011747284745,45.439452728207215],[114.76537067338518,45.43935503684957],[114.78578532344208,45.43385115858097],[114.8060058140017,45.4279058160824],[114.83928992020363,45.41542791639226],[114.87962007902313,45.40470106416828],[114.88484344664941,45.4035159095197],[114.92738649251459,45.39397329263556],[114.94311784277912,45.39176337773263],[114.9842740079895,45.38691292556999],[115.01370094660152,45.38795928200156],[115.01370792694655,45.38624088451553],[115.01365547061644,45.35143660241538],[115.01847471925493,45.35280669713617],[115.03251349466395,45.35667513837628],[115.0530933474189,45.35961688193125],[115.08260270021069,45.358652753373704],[115.10891772270874,45.36478664162594],[115.12534659767937,45.36738735621771],[115.15819486259876,45.37249357564978],[115.1913865785667,45.374673539750674],[115.20383235528365,45.3754778101366],[115.23097873249147,45.375831790769],[115.28427738527574,45.369000828041486],[115.35337776125675,45.36911117643992],[115.41069691407758,45.378754368700555],[115.44693436798275,45.38987252489144],[115.50232380157975,45.3992641849416],[115.54705724800439,45.40944482428231],[115.5943267931368,45.416795090625286],[115.63554353026706,45.422331679328366],[115.66909247853992,45.42147811882115],[115.70916293653359,45.419570803190076],[115.73584119631798,45.424117373137854],[115.74738664297612,45.43218383488096],[115.7657058236704,45.45393431496456],[115.76994803296269,45.47034987891226],[115.78026437708262,45.4885582600164],[115.80146963193933,45.50311544761795],[115.83112071507843,45.51809945092024],[115.85709560022553,45.52847687384364],[115.88009733495883,45.54605487841541],[115.90457108665505,45.569582583415],[115.94956707651146,45.59720117664266],[115.98927441018066,45.61571760338137],[116.01130045471773,45.62439316534804],[116.0489197126617,45.64414896376857],[116.08063061634145,45.66074395300344],[116.10491562110582,45.668050432872256],[116.12201740168692,45.66605128611675],[116.162366547638,45.66255062228959],[116.18320451152807,45.66368729998476],[116.21389137837402,45.67136769164046],[116.2392277889905,45.688898557659186],[116.24777951066378,45.70560812519733],[116.25408885341962,45.72358713413045],[116.26766768200197,45.73309396744598],[116.28932563466762,45.74611532979695],[116.29159123861757,45.76378904704506],[116.2942542185897,45.794848689359156],[116.30058389874308,45.812830663336825],[116.29003955374257,45.831273778370196],[116.27919488610618,45.85264252727499],[116.27118486788078,45.86689097431186],[116.26945354721043,45.881539312210805],[116.27620756624225,45.89659128793215],[116.2714910611978,45.918283914587136],[116.2781016049906,45.934800636269884],[116.2928199770857,45.953293301018554],[116.30586158529705,45.96865630941717],[116.3241928260394,45.993206793320645],[116.3413220322638,46.008873503504475],[116.35285795588624,46.01973156106374],[116.36384956165953,46.033537114837216],[116.3808348125327,46.05211807507241],[116.3831515812965,46.068354364801955],[116.39220477974492,46.082137272603745],[116.41004837100374,46.09329789694062],[116.431991858736,46.104848291769244],[116.44429520419318,46.10847143379837],[116.46703646274632,46.13166239904393],[116.482263682989,46.147208029873575],[116.50015398553579,46.1584491684981],[116.51105446845423,46.17371396664231],[116.53469658737646,46.18965527453167],[116.55036502691695,46.202256714386735],[116.57176924849674,46.21946918076106],[116.57778586143733,46.24185809304093],[116.59039335203232,46.2616147338451],[116.60215274828911,46.270996389323074],[116.62220940477215,46.280870743534365],[116.65333561840359,46.28836969282151],[116.67845226299559,46.291184959723104],[116.71436566881734,46.2930940418529],[116.74816318036969,46.29480807997947],[116.78168731295024,46.2994446992633],[116.80164106399755,46.31075983499757],[116.82369665354969,46.323622495110115],[116.84128794361524,46.33776883841521],[116.84705476165237,46.343916105174785],[116.85899949653825,46.35181323013625],[116.86857798762829,46.36109162168172],[116.8788457426821,46.36458520064322],[116.8921599088643,46.35936676091684],[116.90309747357358,46.35698461242833],[116.92933530085648,46.34957422500157],[116.95649395269264,46.33480866086857],[116.97794488870602,46.3328867835908],[116.9994104101038,46.33105119759655],[117.05036120097851,46.33068043880993],[117.09062618656162,46.3325768585492],[117.1309109696693,46.33309658367742],[117.16237523984877,46.33755248825136],[117.21095263754302,46.33987572683725],[117.25124354797224,46.34181582746818],[117.28968377456681,46.339269311413894],[117.32191992171947,46.33634826913619],[117.35416642458935,46.332054661482154],[117.37139642748329,46.3298982265568],[117.38391421768712,46.33197557325944],[117.3897292390257,46.33810041661304],[117.38783587056984,46.35709363229941],[117.39124556726424,46.38798961865442],[117.39294154053722,46.41449206896796],[117.4017135024463,46.43391254217947],[117.42836046811104,46.465946108973704],[117.45019684722305,46.48302833280628],[117.45689522602238,46.500998035141635],[117.45500490972124,46.521369008701676],[117.45273741115219,46.54468725550991],[117.45147942676377,46.55781436298563],[117.45744332044227,46.56247391255824],[117.48083348642939,46.563583934714394],[117.50606828450493,46.56616449879993],[117.5336842639024,46.56743595320913],[117.56167276857128,46.56575563658816],[117.5764725751142,46.56643440582906],[117.61055480830836,46.56793133994347],[117.6190194900902,46.568354851328365],[117.63442826476886,46.563146095514675],[117.6376429767587,46.55156769966828],[117.64383019402693,46.53134671516693],[117.65373120097534,46.51561649445408],[117.6741021199482,46.5034015451289],[117.69172034760686,46.496803136058325],[117.72002927197853,46.490690407757974],[117.7433990225752,46.49175667913555],[117.75582391758117,46.49517981256469],[117.78105596899425,46.49916617144749],[117.80653970417748,46.50030299037022],[117.83624470536917,46.50159559876018],[117.86112558624001,46.50851419744303],[117.87121975727644,46.514782358143606],[117.87874730939284,46.5268402984532],[117.88966941623121,46.54778491458642],[117.89918714736228,46.559934353894704],[117.92656375310656,46.563974826078564],[117.9470255400561,46.5736575842512],[117.96178866718505,46.58504837217798],[117.98687491393876,46.5948469570984],[118.0082999820472,46.59577988200286],[118.02391919104105,46.601985338312],[118.05549021997798,46.61062581359557],[118.0607418341537,46.61268885194533],[118.07056496550048,46.62416699187231],[118.08026248096336,46.635656917557526],[118.09257056256513,46.64909085959964],[118.10539180919662,46.657009026969185],[118.12875424126524,46.66713228484954],[118.14717896655854,46.673430791410105],[118.16266068684135,46.68146126128975],[118.17499329804677,46.69489022931352],[118.19324519942231,46.70293265131316],[118.21702451915084,46.70762795583622],[118.22722026640965,46.71542117252295],[118.24585216145313,46.71795254649333],[118.26466826552993,46.718731973986905],[118.27816478185468,46.719190699767495],[118.27767000690328,46.72470789469132],[118.2820772586428,46.737786158122034],[118.28057499622706,46.756255852753775],[118.29016208761645,46.76957618982303],[118.31208599245183,46.76668310663202],[118.35005558892314,46.76445370511697],[118.3987464332016,46.76256134006458],[118.43108297081868,46.763764769940195],[118.47170018733154,46.761614290061445],[118.49532991348939,46.769930617384894],[118.5028950964445,46.77750581513518],[118.52077957196211,46.789289752064136],[118.5343096848309,46.789813665893305],[118.53757843024162,46.782474599433996],[118.54911275295862,46.77370125309048],[118.56890089444748,46.76148554089123],[118.58321941922478,46.750889931223114],[118.61604799716099,46.74470517356921],[118.66146398422042,46.75006241671926],[118.68195401286563,46.76549701348144],[118.69113442432513,46.78613767667751],[118.7292550168394,46.78196649376176],[118.75677688459214,46.77553638039544],[118.7950203089934,46.76941825932144],[118.82240184863727,46.76298834139356],[118.8572299418976,46.767865868106746],[118.87031123506084,46.773877745687074],[118.88617963072426,46.77806201822764],[118.91252035325031,46.78641213840603],[118.92839426687325,46.79059187101685],[118.9389781584472,46.79465536723267],[118.95701400608016,46.80099163939442],[118.97740779257657,46.798966820666564],[118.99968405754144,46.79967302346742],[119.0040837633894,46.79293582710876],[118.99874485446256,46.78306015730915],[118.99130733803857,46.77448901603581],[118.9938248267011,46.76629684629467],[119.00799886791806,46.76671126669991],[119.01963699382348,46.77267179221492],[119.03411731877452,46.76757587082045],[119.05082084867009,46.759882701628676],[119.08271847297668,46.766368388848385],[119.09920198959907,46.761429837887924],[119.11536629132152,46.76190775446916],[119.11251604650772,46.74384379404496],[119.11315686771313,46.73556339053229],[119.1097741571659,46.72440096627634],[119.11418025607753,46.71902921069082],[119.13073775178106,46.712618491493615],[119.14761026753219,46.702066235716906],[119.17184554150197,46.702818675520575],[119.18989901769805,46.70483052837325],[119.20141872797909,46.71206535837172],[119.21736273334376,46.71529155415208],[119.2335357155186,46.71584529389818],[119.24607789393382,46.707909423416304],[119.26046764588328,46.705627864260734],[119.27690467715598,46.70058033754595],[119.28964528583607,46.68988114662235],[119.2984239430465,46.679127759182684],[119.31108056685164,46.67117406595896],[119.33168619466326,46.66350357911276],[119.34420730365555,46.65556050837135],[119.35687316546458,46.64769274476309],[119.37328907560159,46.64263507249046],[119.38391544153039,46.63323895131197],[119.40470283286358,46.6227994810894],[119.42541193267017,46.6151034639786],[119.43813231174603,46.60448351698171],[119.44884357310491,46.59370420858159],[119.4575656695419,46.5828553318005],[119.46203470247004,46.576095990199335],[119.46290081491777,46.562314442411946],[119.47538806807843,46.554362624468425],[119.48012127788533,46.54209917385047],[119.47661840902612,46.533698649825176],[119.46478254512795,46.53053938554497],[119.44308853351036,46.52301066510156],[119.4272789178915,46.5184328931069],[119.42408423338263,46.505894292268074],[119.42927603345726,46.48528416124226],[119.42183601467292,46.47683407925301],[119.41859712833572,46.4628421663011],[119.41096020014083,46.457149973815724],[119.42433481863947,46.43679609544081],[119.44267643643192,46.43180372702003],[119.46101537390064,46.42680905999621],[119.46934697482145,46.42284633586401],[119.48966257064437,46.417917063177256],[119.50657364901012,46.40321023643601],[119.51876265460562,46.4007604599672],[119.53486359159392,46.401279175461305],[119.53836683153455,46.40967437261319],[119.53817141954782,46.41243191262995],[119.53570171999098,46.41925784490408],[119.53144596047618,46.42325813933696],[119.52910346447689,46.43007090046201],[119.53233301164413,46.442693064351396],[119.54796773768433,46.45138141468428],[119.56347812372783,46.460081637353866],[119.5671823070267,46.46571972091523],[119.59075776464813,46.474674267669904],[119.59456166089171,46.478932783683454],[119.59417496686497,46.48444937369708],[119.60149511281918,46.49710412459474],[119.60833581853849,46.51665560373794],[119.61956678070305,46.53219029725247],[119.62724878598145,46.53796196127202],[119.6569210171853,46.54700527052761],[119.6807264091048,46.55318824988586],[119.70255078172706,46.55930163156309],[119.73387143116761,46.57400308099947],[119.74508623428349,46.588075380510745],[119.75490007902746,46.59389284955188],[119.77481537744607,46.59718480020557],[119.78678614698879,46.60021596852466],[119.79666226134319,46.603284590130606],[119.81563856742096,46.62448291891495],[119.82647356315795,46.646907471056224],[119.83392680333577,46.65808794437716],[119.84532439008797,46.67223219388874],[119.86068545616882,46.686414080689254],[120.01488189209742,46.585965441119384],[120.0542373968895,46.57097527311464],[120.06249839349198,46.563267338489815],[120.06372080276194,46.53154848758945],[120.05441432947138,46.46862792834377],[120.03770441059513,46.44080842215148],[120.00725161058264,46.42262334988356],[119.98584710604973,46.41930437539782],[119.95755277497464,46.42079934985648],[119.92993311946373,46.4160419881245],[119.88569319520488,46.38824684222588],[119.8711756287525,46.37529831036797],[119.86424539481543,46.36089619825223],[119.86767822436722,46.35368693183382],[119.90281151700961,46.34260268630339],[119.92692907156399,46.34016705310783],[119.93656523988344,46.334388996734816],[119.935148501681,46.32286945803255],[119.92340206901201,46.3137614633129],[119.9089226227294,46.31042215449572],[119.89718388187184,46.3013157913814],[119.89229898377945,46.277797515225764],[119.89429921243513,46.25426910198644],[119.900436331922,46.23169971945791],[119.9093552263676,46.222567606136366],[119.91823195667742,46.199035884040214],[119.91399580320467,46.16448892446317],[119.88361696054739,46.11270571766215],[119.8621951224408,46.05659505957458],[119.8312170267947,46.01105635536834],[119.83668359629223,45.99474590403509],[119.86132346811061,45.97649502742438],[119.88598946341808,45.967832417814165],[119.92299445942392,45.96202442822836],[119.9791398149723,45.94466431335193],[119.96398476219433,45.92359375932032],[119.95294944027643,45.90347308558917],[119.9494826386319,45.89149210570308],[119.95349503749698,45.863676750159236],[119.96368365456584,45.84208986266704],[119.97177825024042,45.810430877678826],[119.97305828698346,45.78837917571781],[119.96545663554939,45.765864758676166],[119.9372895477584,45.72422030570053],[119.9016561563801,45.684025023208875],[119.84898092539395,45.636656229571095],[119.82303224402193,45.624218811847214],[119.76230729191464,45.60365847886895],[119.70842638016869,45.592647296755],[119.68661455165322,45.57635881974413],[119.66822038131362,45.55288821869181],[119.6566583732216,45.52462465343271],[119.6369407622724,45.4944468217493],[119.60703388251424,45.45707662839368],[119.58393775173296,45.43407473586111],[119.53703437683481,45.418224861530526],[119.49499313556002,45.37795334974338],[119.44618278488122,45.342446608208284],[119.4021412095954,45.31603433528848],[119.38520152193728,45.30881116699406],[119.27732845376666,45.292723500327135],[119.24337824544669,45.292618149811425],[119.23119432493448,45.28265178413948],[119.24219520974472,45.26676798486348],[119.28915721814377,45.24442649580071],[119.34414998521702,45.23836141506376],[119.36313175012621,45.24128133361999],[119.41267271522834,45.23708917589476],[119.44664095301368,45.2228012216048],[119.47655081251371,45.20276129086864],[119.48472373403179,45.19033034917053],[119.49293036720309,45.168339743021264],[119.48082121165199,45.141527712630925],[119.43419725792513,45.11131018370581],[119.39837893367837,45.09640316509298],[119.37105776668577,45.07553258953163],[119.34976694713193,45.07045854225997],[119.32143949638187,45.05411921351082],[119.25546082912038,45.003229259266305],[119.23014156662857,44.97302577398105],[119.22203377248918,44.95051736264997],[119.22288222664343,44.92518105151411],[119.22777849132683,44.9008187172598],[119.2386992443262,44.882684463930396],[119.24411333441397,44.880794398021465],[119.26115680013848,44.85455638063485],[119.25314232367141,44.843060599155116],[119.23902884856847,44.83489022043461],[119.22622406765055,44.83341186016185],[119.20541279351984,44.820432086789275],[119.17609659731977,44.773488106185226],[119.13868757978167,44.734149543667144],[119.11659061152163,44.71924507623632],[119.08840719124849,44.70765158547286],[119.0503048792721,44.67928797696408],[119.0270103610002,44.65289996263512],[119.00976952149803,44.62796754561316],[118.97277766363372,44.564722285713366],[118.95018949712654,44.54167523333836],[118.9161937336503,44.51903825627551],[118.88881711464951,44.50598319446312],[118.83190933501258,44.49369412479488],[118.80262174437011,44.475355279371456],[118.75058566922897,44.45303824793227],[118.72313233289285,44.44950645119952],[118.69430125266747,44.44881500719383],[118.6371829362264,44.455544402533896],[118.62315130608206,44.45209318022251],[118.59516112628084,44.44041171836604],[118.5588656148347,44.404301882566635],[118.5408421374839,44.39985286602151],[118.51542305404107,44.396772186252946],[118.48956236031685,44.38078722627141],[118.47780260270325,44.36349574489637],[118.4643128566843,44.33139100492765],[118.45509219135026,44.32271239908753],[118.43587385415317,44.311554983501935],[118.41788101420599,44.307091946512415],[118.39980355222309,44.3074010333284],[118.37980933055927,44.302436060931456],[118.3459308519182,44.28921424392842],[118.31016176071715,44.270716128660084],[118.2988704354445,44.251328588174694],[118.37882163163042,44.183601353654716],[118.38727004397354,44.16911508804456],[118.40172526731165,44.12500373828445],[118.40539239031234,44.09403508263895],[118.41684854367676,44.071636188094125],[118.44565157131298,44.03709038002416],[118.47921016691535,44.01902160449696],[118.4998717835125,44.014262084164315],[118.52989745200097,44.001064594132316],[118.54251782462825,43.98622889955278],[118.55179549568825,43.96399610698332],[118.5502625950288,43.94112688810415],[118.543118452085,43.92331645037054],[118.5353260073684,43.9147592331714],[118.50025630464862,43.89618125972323],[118.4737117620737,43.89069238585284],[118.42725806430335,43.894486646426614],[118.35034494291963,43.9221953172921],[118.31841242717704,43.923241127090726],[118.30410123892432,43.92746024212863],[118.28838376084376,43.93638773031074],[118.26633939853508,43.95961456951624],[118.25602208241753,43.97577174698278],[118.2372415108165,43.99260483866484],[118.20081422420031,44.00624353478742],[118.18952818200337,44.00254313060404],[118.18388609231465,43.993795798250375],[118.22732100797272,43.92902652374172],[118.26484182300227,43.895368226240244],[118.28617424008446,43.88139410487062],[118.31591769317296,43.85294311521308],[118.32620500574917,43.83678862694115],[118.33318365997746,43.81323900749551],[118.33006391225113,43.779781723908386],[118.33679527534959,43.754721884838666],[118.34519631994783,43.740255157741906],[118.37088084758203,43.7136571701115],[118.37740258904468,43.70087135784306],[118.38434929861123,43.677325667116506],[118.40019191096494,43.656121901236126],[118.45240222551679,43.60895687421092],[118.46051624777576,43.592976710817844],[118.45571504572237,43.56273360367795],[118.43021288036101,43.54951125974391],[118.40216966603484,43.54720629080379],[118.37485278055146,43.54943588077147],[118.32299298813348,43.54446491442981],[118.3028915667359,43.53843404818554],[118.27487362848481,43.53610494495855],[118.24987138094747,43.525873703687566],[118.23911950297033,43.511427454787096],[118.23724074738203,43.499329586556584],[118.24189939267194,43.48823548794011],[118.27172852856181,43.46133282802097],[118.28078406997771,43.43763810807289],[118.27633811080894,43.42268880824644],[118.28050922084624,43.40857565977421],[118.29167986106324,43.39848629123173],[118.31008380047044,43.3939310274305],[118.35087238219678,43.39673887938801],[118.3907147533507,43.393489727188836],[118.43541562841689,43.38064165803945],[118.47889355508428,43.360227467191415],[118.5374248000372,43.32783069377764],[118.59469698120783,43.28785379340822],[118.62430895650334,43.26088548145565],[118.63998556107897,43.23967316042635],[118.63824689228295,43.228833966126636],[118.60088754958214,43.23375651659164],[118.58575963091236,43.23195725414775],[118.55068308560553,43.23793553002363],[118.52743400080199,43.238335279156644],[118.48319557902036,43.226688251860416],[118.43926873197307,43.23030916157706],[118.38186931839698,43.25259463562275],[118.32151498914993,43.264459014333084],[118.28373862586659,43.26621137318444],[118.2239997662941,43.255781536952675],[118.17608483409172,43.245249073382844],[118.16763199687064,43.23991208821968],[118.155134450172,43.23834294140397],[118.13918702698433,43.243873838978836],[118.13041707239073,43.25282165570719],[118.12132477356896,43.27604670940952],[118.12227970891641,43.292254759805836],[118.11615967912195,43.30028103149171],[118.08954927404098,43.30948950532747],[118.08215093812709,43.3155921195812],[118.07638706474087,43.336476158966214],[118.08463123119857,43.35134351397663],[118.08615865494522,43.370887631369605],[118.07991762007151,43.38367606143893],[118.0684577790806,43.39354091036064],[118.03589828812558,43.40124601407492],[118.01921034314961,43.408183149424524],[118.00101157689635,43.422726031163165],[117.99057894967868,43.444030796021714],[117.98918607196983,43.474030840173164],[117.97804554976454,43.496759131006186],[117.97478722725332,43.52149427182357],[117.98523736233244,43.554505748139746],[117.985236742157,43.581670759025606],[117.97535563073373,43.60632764805935],[117.9691890064296,43.61435207983707],[117.89589113139127,43.654862959083545],[117.87678323730579,43.67558326533592],[117.86684650449295,43.700233367440724],[117.86477536029604,43.75407524190596],[117.85693255953257,43.774472390435136],[117.81944204127475,43.8097178465444],[117.78574826205644,43.85073474182469],[117.76038600499004,43.90187872866965],[117.72718294081014,43.946238702113845],[117.69788398430039,43.96918343256969],[117.68203054740378,43.987552719803745],[117.68302761417719,43.999019283389835],[117.70603856976376,44.03370276576519],[117.72691145731133,44.05022725602339],[117.75163781023072,44.08108384561196],[117.65571715949001,44.08974058005755],[117.63840005695958,44.08852109232262],[117.52852027193573,44.10209117150157],[117.4677021928182,44.12497105526515],[117.4374352210252,44.13163162944336],[117.40930952102718,44.13402438847759],[117.38546380814945,44.12789833902818],[117.36845891435831,44.117112512992435],[117.3470968210169,44.097178549370874],[117.2911786763914,44.03465113482646],[117.26754316509184,44.023736600186375],[117.19492001573785,44.00333989708524],[117.13474439604961,43.971686197637624],[117.10036723190007,43.96435915894683],[117.01199588140551,43.97505193794996],[117.00155840771467,43.96912096358491],[116.99059109127397,43.94371326085646],[116.99206901446502,43.92170454190916],[116.99783453509335,43.91036796934653],[117.04944442970017,43.8660688042018],[117.07999198439583,43.84996410922008],[117.10118296788356,43.834632193512405],[117.11894100648838,43.80396941326937],[117.12144204868751,43.79018754435047],[117.11513518130332,43.76288839458746],[117.11903848295886,43.71098732134047],[117.11542845467513,43.68278836472322],[117.10286813212066,43.66348200611067],[117.09319286303885,43.65614444293259],[117.05627746141552,43.64970565080674],[117.0091703010643,43.632575495694944],[116.99843791978209,43.61853834869119],[116.99844680823357,43.60090173542486],[116.98790534877587,43.58210046999788],[116.96841206320475,43.572178457166956],[116.95785121780881,43.571010132643394],[116.8919144843432,43.52962685778228],[116.85992769514944,43.51799994999926],[116.8288703135604,43.500190644259156],[116.75290084852996,43.45394532319288],[116.67196027241421,43.40844151168088],[116.6079432646188,43.33476265457857],[116.57313816835227,43.30917269466057],[116.51874486180024,43.24878740103684],[116.49854149673823,43.22022469408061],[116.46750065587625,43.16685776504604],[116.45982073755654,43.13009325651997],[116.45939231450785,43.09185491549347],[116.47019518500198,43.05306910104572],[116.4832417968355,43.03373044204503],[116.44411893884542,43.02310727658592],[116.3820411366185,43.019624659101844],[116.3398498747252,43.025573743761164],[116.29837933977926,43.039633355079374],[116.2668348039,43.056026328913596],[116.22205433814462,43.07246306056605],[116.09992554399082,43.0939489845371],[116.01283504675278,43.107080677635174],[115.96194876621583,43.10767845254695],[115.9407983715109,43.105807953447716],[115.9150056405857,43.09964237768894],[115.90110462885711,43.09154250104779],[115.8455721049929,43.07823814364176],[115.80329273716104,43.079239346431365],[115.7504642301712,43.09362075950902],[115.71875314557805,43.09554859103806],[115.669864235719,43.091727014236675],[115.62889710375931,43.094590868492695],[115.56811001924639,43.09264337199302],[115.5502814169824,43.08832430810338],[115.47496413146953,43.08919338567686],[115.41749977076115,43.084794538184184],[115.3422753671862,43.066464942701664],[115.28486478404892,43.05722876544277],[115.2690157073027,43.05814284249134],[115.21639107832107,43.07465514550212],[115.19496589176237,43.07032778908849],[115.08875685084564,43.042833427995475],[115.04390689554974,42.97412250780137],[115.04528821519133,42.966476854264165],[115.05987112211554,42.95889875773229],[115.07503472191404,42.959449498096205],[115.1052834284358,42.97009148612147],[115.12372889401628,42.97303493422844],[115.16202864050851,42.966495967685745],[115.19038642386492,42.96707741844452],[115.24849449196225,42.9558015394199],[115.29398879200978,42.957371786109874],[115.31905427416666,42.955526765150864],[115.3613292028551,42.940340556449335],[115.37324014061798,42.928899937632984],[115.36407026495961,42.91549969602945],[115.33713141667938,42.89775679108215],[115.3233624325873,42.88481940607251],[115.31289468034723,42.86950293952129],[115.31233393425273,42.851827073121086],[115.31967776094454,42.8312987110993],[115.34416629739063,42.80221864999741],[115.36007182698594,42.77741606958223],[115.36409699714812,42.75927105203567],[115.35959693664213,42.73585484582433],[115.34328499877351,42.709546928898334],[115.33746442369021,42.688993199264715],[115.33753576019124,42.67466667006908],[115.34817321933296,42.64699009320576],[115.37455392712636,42.618396514567266],[115.39427632735054,42.608888120647414],[115.43178914591532,42.57982887838161],[115.44561272180027,42.56409694008169],[115.45749575788953,42.53833296921665],[115.46615600160787,42.49107587741724],[115.48326785377526,42.463409342402386],[115.52133379980882,42.42335557239752],[115.55606062766769,42.39999610772377],[115.58748226749223,42.38856236008428],[115.62151747551599,42.36662882498692],[115.63264293164225,42.35183128991543],[115.63265320945598,42.34228452836558],[115.62220152808524,42.32700151917938],[115.61174539278656,42.32127570646177],[115.57584867654819,42.28545408301324],[115.5549924942479,42.25489509601764],[115.54981453453324,42.228160692323975],[115.54006889959913,42.20667584088256],[115.52120087738014,42.18136236582616],[115.50816393100372,42.17657885674031],[115.48810428365469,42.161979678406105],[115.43194183446268,42.1483075079331],[115.38645676687707,42.110046024861305],[115.36110745107449,42.094240819338374],[115.33962943348185,42.088940357389504],[115.29270857596603,42.091676487485955],[115.22041949526763,42.0881134436653],[115.1787835579757,42.079376968416916],[115.13171379163654,42.101137890041365],[115.1095164168917,42.10677496371571],[115.03738406572319,42.08402831717285],[115.02045459483689,42.082991554269235],[114.99763356876167,42.08526089410385],[114.97865802057935,42.093277221754754],[114.92059592947376,42.10107722627265],[114.9032841682271,42.10319795167047],[114.88237337738073,42.10749114497788],[114.87993238664811,42.11467047036828],[114.87414033037527,42.120661792364544],[114.85796359448784,42.13047006451818],[114.84157997765975,42.14504709810134],[114.8377122393268,42.150805315119],[114.83649971315484,42.15268914278982],[114.82711939388044,42.158493619572795],[114.81677636263711,42.15997131031712],[114.80353027642253,42.15816167020593],[114.77319026712733,42.20328582632462],[114.75332658758589,42.20321640699014],[114.68359763236184,42.189957670128344],[114.67270492549301,42.18913711703754],[114.65981547499983,42.194612007370914],[114.65483036715813,42.2026950453281],[114.65447420638289,42.22482393979484],[114.66360132029301,42.25007471618394],[114.6590628538134,42.266653254996],[114.59869827278095,42.28426144777848],[114.56468710978054,42.286929879583084],[114.55362675644972,42.28327256343796],[114.53735645729365,42.25423946159788],[114.51121540006099,42.228885249116765],[114.50317350049782,42.223436890980345],[114.4921300673837,42.21977731097212],[114.47434929566924,42.22083545638536],[114.4449459494577,42.20690069775321],[114.41669365773646,42.20029861674609],[114.4012129942336,42.20071538756171],[114.3838717306479,42.194948033900744],[114.37570183810338,42.18666166256466],[114.37856998119805,42.182048586009564],[114.4083865849873,42.17387527214187],[114.42185426180279,42.164438509593325],[114.43860321419746,42.12826541513629],[114.43630706387073,42.113588382918564],[114.42885732823855,42.104155275388436],[114.39335637963906,42.09094554056071],[114.37417208320463,42.09429352759688],[114.35483602685994,42.11012107047442],[114.32156124946918,42.15748928413839],[114.3126583933613,42.16566007626985],[114.29746340645129,42.17173323210049],[114.26592874706722,42.17652035407491],[114.25017508974503,42.17126297284918],[114.23500541413907,42.16201778341512],[114.22186053813,42.146481767706454],[114.19083058102035,42.1291351659684],[114.1735185461707,42.123340771280304],[114.12914973002681,42.11822196087908],[114.11027076507173,42.11189222658736],[114.10286126949636,42.10243858052414],[114.09802148148641,42.064584086822705],[114.09134395910891,42.05398110887078],[114.07877385799223,42.04975468952691],[114.07150807959103,42.04313300101788],[114.06640660929733,42.03305806655462],[114.06588577892072,42.02173641929456],[114.08788210791151,41.99569156434806],[114.10228217493601,41.97266684768883],[114.1043021086636,41.96638071617385],[114.09894210504822,41.95064568819954],[114.08770122306065,41.94129031532147],[114.07429566865422,41.93538991171768],[114.06344541979406,41.93452407580706],[114.02742065166927,41.940507187003234],[113.99847036872704,41.93213816954056],[113.9896593343617,41.92498607172223],[113.9818177872434,41.92234080899596],[113.96952692588782,41.923763887020336],[113.95218856466528,41.933243687659456],[113.93219838073445,41.95298285694907],[113.91740855366663,41.98563333223916],[113.9014981578394,42.01093642215919],[113.88811830504407,42.02315123876745],[113.86470331607323,42.036160972466284],[113.81412520720927,42.04694944854798],[113.7932423187289,42.0468566012692],[113.7718650344497,42.05356934588116],[113.76280061300194,42.05887202479609],[113.73497324397965,42.0968984740752],[113.722269021358,42.10794266760938],[113.70691636969912,42.11111404803251],[113.67368462829522,42.11239908230282],[113.61461351802795,42.106297660551924],[113.5869289871083,42.110848427919144],[113.51644708030571,42.132719931865786],[113.50982470964041,42.139079236215146],[113.48536202096044,42.147507374327176],[113.44620046140827,42.15377768136761],[113.42680202259842,42.15548197496697],[113.39480255080998,42.14874404917103],[113.33178508687928,42.11878713745459],[113.29871773620332,42.080879188350075],[113.28716618121037,42.06012970698152],[113.27102002314771,42.04059913570466],[113.24954876494284,42.02343278559085],[113.22754967195797,42.01307197848821],[113.1825934654529,41.97486899274713],[113.16958417043422,41.96653091826597],[113.14927199392326,41.959527187400404],[113.14761003587304,41.9561554672232],[113.12262054587238,41.94753220627963],[113.10791733370696,41.94665732635532],[113.074930158419,41.953456899495954],[113.05021365207153,41.953315237518545],[112.9988343191797,41.96494016567997],[112.97727970681015,41.975746052095566],[112.96327549845188,41.96382746193704],[112.90708930187246,41.944336650437236],[112.8827813934655,41.93169161118962],[112.848473668293,41.91977011308197],[112.81089699524551,41.90108828815884],[112.78958370741724,41.88384549921173],[112.77910390184817,41.867579445832185],[112.77485212332014,41.85348276546297],[112.77854046816093,41.81518219718448],[112.71087747715613,41.82553654427952],[112.6869437224867,41.824185074585664],[112.63331315188802,41.80681943485347],[112.6131638106312,41.80256687236897],[112.58694578473784,41.80179123357274],[112.55776076494874,41.80558016547275],[112.54154515175637,41.80410189634897],[112.53377347873844,41.80136432321812],[112.51883487685132,41.78910436301256],[112.50600319651514,41.767753381561796],[112.48000527884713,41.743171020467514],[112.46320437402161,41.71620740913636],[112.44576470008295,41.660932923512796],[112.43391342843394,41.64693088889684],[112.40917118413897,41.64100536984066],[112.37632338279663,41.650460950143525],[112.35047168693546,41.66379278583831],[112.30767552029903,41.67674636186117],[112.26469636844294,41.68119329608975],[112.23927147590399,41.67921303138624],[112.2239492027651,41.68221388740669],[112.21080382486797,41.678954762801766],[112.17966358514039,41.65947085996516],[112.16075743342495,41.63589029396955],[112.14884758378429,41.61619820090953],[112.14788936292405,41.606019242990676],[112.11163288882459,41.556573504976164],[112.087374157379,41.49798369479772],[112.120812484431,41.442620957147],[112.12567890399782,41.43584199094825],[112.11983406681851,41.424878259620165],[112.09994881225757,41.41709957346951],[112.04759339217635,41.40817149320909],[112.00848312615088,41.39717268452346],[111.98403713669181,41.387575990200716],[111.97730478629066,41.38059475753369],[111.9652470134032,41.34835253586479],[111.94699589167789,41.31656915921449],[111.94544244989498,41.29424634205255],[111.95799822889563,41.26590185849533],[111.95571136319593,41.24384074149224],[111.94635693596514,41.222238945139885],[111.93089641536528,41.2002288745908],[111.9276285820455,41.18301788483107],[111.92306288570902,41.18121551177915],[111.90977259404283,41.18611267481486],[111.88055253853,41.20498564461068],[111.86288518503399,41.20761982119431],[111.84177344691506,41.20995330586211],[111.83091077089769,41.23317616096912],[111.81963566624549,41.24610199437251],[111.79089132822385,41.25068047158576],[111.76852227843467,41.27081248220173],[111.72601476953866,41.291678399261265],[111.70426470662001,41.29466467717941],[111.68435441470702,41.28967890819021],[111.63568118680601,41.28923596278253],[111.62164254913952,41.29237267509899],[111.59966346678922,41.30105120186317],[111.55872464472039,41.31961394752062],[111.51975418084277,41.32734163155858],[111.47585683425264,41.322943532285485],[111.41958294407344,41.31273292418623],[111.40691079891751,41.307099827710054],[111.37309397509931,41.302322324914904],[111.3624495204775,41.29807287808389],[111.34465853974768,41.29823324518125],[111.30058121451182,41.28062163852684],[111.26543008351413,41.25348240392594],[111.24340389827645,41.22723489299611],[111.22563474493421,41.227378174641856],[111.20760791672491,41.23322643553014],[111.17559331682313,41.25817698183447],[111.12247500807568,41.28773859559126],[111.09588282256293,41.294510498863296],[111.04211910071561,41.30344013056703],[111.01510791647755,41.3187595398159],[111.00573731035948,41.32080935282746],[110.98572475841978,41.31857413126584],[110.96903012239807,41.31184856133602],[110.92765672394852,41.303905129045184],[110.91290192849793,41.30522686539116],[110.89703942741075,41.313385272095815],[110.88447602172496,41.3330691317716],[110.87578361130782,41.33683573015838],[110.86267590849204,41.335915026835025],[110.8422474663599,41.342227199685624],[110.83326975129751,41.35170636267462],[110.81586985655001,41.35923804397361],[110.78135005336297,41.36859175588208],[110.73428688608573,41.365577146207556],[110.70542238585216,41.36992018680279],[110.69398039427821,41.36673770143179],[110.68503176537507,41.360194278684666],[110.6741750629461,41.345592048702564],[110.65340298038447,41.328413089177765],[110.63385497110129,41.31756221949254],[110.62877937607831,41.311124619085724],[110.61363376148002,41.30497342738178],[110.5731349475627,41.29579659888169],[110.5484551086063,41.29450435825975],[110.51198165637052,41.283328126062294],[110.48638187997352,41.29839416075972],[110.41599241974666,41.326600697856165],[110.35817427929216,41.3643096502111],[110.30581163149492,41.386720184282225],[110.27759090148938,41.3927035098809],[110.24247365562681,41.39732426250829],[110.2255037209906,41.396217001640956],[110.21339544541075,41.39125885924818],[110.21054024742791,41.38716117566297],[110.1982694228163,41.38505605396301],[110.16046238899027,41.36954632992982],[110.14232509883819,41.37525103343385],[110.12584375588482,41.39187754788534],[110.1046708736384,41.39634123483837],[110.06938817748505,41.39061448254285],[110.03745878481979,41.39356577861291],[110.02687442871793,41.38921287232329],[110.01060291400398,41.376656299023196],[109.98559413942807,41.367810769988246],[109.97551456112689,41.368048826759534],[109.95886427641952,41.374349895062885],[109.94590335966926,41.383642830547366],[109.92111937959038,41.40855103909269],[109.89280935183517,41.427612785209654],[109.86147228936096,41.4454228663418],[109.84110498725173,41.44872840917298],[109.82684158139624,41.44136994276965],[109.81306668802267,41.43860520363223],[109.79572444870274,41.443151350937185],[109.78272519642559,41.4524249478342],[109.73720097403698,41.47314261663427],[109.68061043835823,41.48402214791456],[109.64964380449763,41.48376241645769],[109.60529582793035,41.4741497538485],[109.57671375679081,41.4725361052879],[109.53830133830482,41.47856830414068],[109.49884291955605,41.48855759186965],[109.44717432004126,41.50666692812676],[109.43969801904043,41.5138300262131],[109.4333310326167,41.527325394834286],[109.42433183357082,41.5676297486072],[109.42511379092385,41.589986635289016],[109.41821140918884,41.62235692221097],[109.39051982213296,41.673980776049355],[109.37654780307703,41.71811165344322],[109.36481138443992,41.741141678405604],[109.35387341189583,41.75275242337551],[109.33128340307084,41.763914137770534],[109.28612450410579,41.79654201312775],[109.2706726153032,41.8165627085246],[109.2647021589949,41.83466188327199],[109.26842669570787,41.847973993932],[109.2807861198516,41.86047926672145],[109.29593819525624,41.8667877044102],[109.3199220265897,41.8694246740221],[109.33052939411363,41.873842345837865],[109.34159024861135,41.88285477043242],[109.36171418943981,41.92943773102991],[109.36703037557483,41.95369370886164],[109.36780342220369,41.97606102829831],[109.3781451023918,42.00681164042354],[109.38533401147203,42.015677289403946],[109.41161917436132,42.030985045873116],[109.46157165064054,42.05461613627724],[109.48081761209531,42.08167879924146],[109.50128220155231,42.12540156136609],[109.51486139414015,42.14423384538311],[109.51931665003929,42.159294353248136],[109.51576460385193,42.176919418575515],[109.48839236111952,42.233215584170544],[109.48376668930368,42.2548177237816],[109.48688714182728,42.26639484832785],[109.48292488226878,42.289745005843265],[109.4737170873576,42.30946152931586],[109.45090751527424,42.34415313163204],[109.44739746359285,42.37210488610794],[109.43962814062458,42.38213374746583],[109.4246865233656,42.39361802905264],[109.38767940939933,42.43594746650233],[109.39901726608532,42.43888542675269],[109.42115214934951,42.441915119157635],[109.4596034414429,42.44699440826547],[109.5379727526637,42.460648136317396],[109.55204754545807,42.46401787152934],[109.56661921947368,42.4713040365384],[109.56890548377504,42.47444574939544],[109.5946082108333,42.488773363553776],[109.62524164378978,42.50516328039212],[109.63341596256284,42.508191213093845],[109.6765793777931,42.53192003212225],[109.71581928540499,42.553448885214586],[109.73033129902832,42.55929064975105],[109.73797628139111,42.56528325571617],[109.76913850731641,42.5830576192713],[109.81381559976693,42.605979615840496],[109.8261750355868,42.61242590139632],[109.83977084232865,42.617127068969715],[109.9747886459038,42.63153612640176],[109.97883646769067,42.6313866853962],[110.00529332044512,42.629870104952786],[110.01717496434031,42.63094940573813],[110.14898374525605,42.62884217328371],[110.15902767256814,42.6299792418204],[110.16130631569311,42.63257634573757],[110.19784656791923,42.651305553861036],[110.29231040931444,42.69577662828975],[110.33952508412271,42.71799115981725],[110.35466199524517,42.72768407125239],[110.36567494282646,42.731632320117846],[110.4223310539608,42.76069603945973],[110.43162527349051,42.76784150669567],[110.43856644241372,42.77320148800159],[110.45495126383112,42.789190688753706],[110.45678171852292,42.79377172885522],[110.45588181804168,42.80616191543353],[110.4582718858669,42.850201376928574],[110.47241339635502,42.85759767323699],[110.50156407629738,42.86912793579601],[110.60844389848528,42.9112978803751],[110.62802412064401,42.9214989714085],[110.63925809100441,42.93231454500008],[110.64308855222716,42.93699067526092],[110.65406188313472,42.95068222096345],[110.67063046760056,42.97712541245109],[110.70404327632207,43.01450383902099],[110.70536686901644,43.04329064081998],[110.70882331105011,43.0478029678608],[110.71091152900507,43.049148170521065],[110.75618297504282,43.07786885689799],[110.76479741561597,43.08484865153504],[110.79101185609024,43.099588139028484],[110.82077862432254,43.12124900086379],[110.83543215621594,43.135223489117706],[110.85935068750226,43.15775742229532],[110.89341393089796,43.187286226510814],[110.8996163326965,43.19624680250383],[110.939700894281,43.235005979775075],[110.96535849565815,43.25969340377792],[110.98382906596848,43.27994422904255],[111.02271690719823,43.31228816646215],[111.04969107500881,43.33134964543517],[111.05392018668569,43.334298990324164],[111.08750749229434,43.34911516170753],[111.14858383706249,43.369037783874575]]],[[[89.9152034480164,44.96993694144545],[89.80360218678466,44.980019470563974],[89.67301649632402,44.969580412236105],[89.56489613246099,44.967432715753276],[89.52483284544923,44.97135794987793],[89.41134361823688,44.96935599782624],[89.29572911972332,44.97309655095962],[89.26232886524113,44.97760678196949],[89.1937093594672,44.97800031805502],[89.14215624711737,44.97472177244684],[89.0412197453661,44.962285330349296],[88.99808581188397,44.96238003428047],[88.93815407589753,44.9556058624255],[88.68132629835151,44.96220935014786],[88.46489138825471,44.96885369777591],[88.21667719401302,44.96580491092158],[88.15144615301132,44.95890116724552],[88.00594708627128,44.95894564913667],[87.97581821260898,44.95151728497118],[87.96267748332704,44.95682333988126],[87.92462936148416,44.95257394153791],[87.83598258184836,44.95595534259925],[87.73319377132368,44.95027959909085],[87.60961848972298,44.95481190705272],[87.591658993132,44.94878509190859],[87.55561027971021,44.95293914062697],[87.51222045188825,44.948771212954135],[87.45875500667259,44.954471040492564],[87.38876348317028,44.955012223093966],[87.362020773117,44.95783500959728],[87.35192805642684,44.96771868537012],[87.34240329968067,45.02523032100543],[87.34932127472892,45.12604646398959],[87.34615228202145,45.15857188416932],[87.35395180536317,45.23268673922271],[87.35025770790752,45.25761608373027],[87.31313879889545,45.284196085975005],[87.29890827321991,45.32958902080087],[87.29549825985171,45.4187528671113],[87.30745050085493,45.50221919362111],[87.30453190421787,45.59899225645481],[87.31392219858189,45.693652675633686],[87.31360887137332,45.77933164403346],[87.328700213373,45.87153594710858],[87.3279647044219,45.93744765793148],[87.31333469368057,45.995057861221696],[87.28834815401986,46.060592412823155],[87.21027752670318,46.19954327685032],[87.11005903977254,46.351432582883696],[87.03222977608989,46.43666431038383],[87.02899424102925,46.45252775278719],[87.04940062399734,46.49807116998051],[87.07925052650705,46.53282716180739],[87.10183820428917,46.57188316276609],[87.16012476890211,46.6431870227459],[87.17452667204009,46.67139207927126],[87.17541323839721,46.69883753409644],[87.1621389099332,46.742505926348976],[87.11695340936875,46.80233947141102],[87.09228123674816,46.8264649406112],[87.056643684585,46.8509121037321],[87.02979437755009,46.881528791502696],[87.02020699776551,46.90462199359178],[87.00854063958977,46.99097359199764],[87.00477147620462,47.06833604727151],[86.99438407297735,47.08029191123921],[86.99653681772602,47.11423733896093],[86.97004021375308,47.20927145275318],[86.97335742543525,47.2501815708485],[86.98463038839272,47.28207166478801],[87.02951652681634,47.34378950706171],[87.0318028329398,47.35863762933886],[87.01645424438772,47.371975925174134],[86.97103817459848,47.394966454317434],[86.93094907433286,47.4078350110058],[86.86592528863838,47.420471624770485],[86.80447664190184,47.42894115014656],[86.66660110259659,47.43031228611958],[86.6081210689525,47.43536956257667],[86.54320704908555,47.4475963868551],[86.50883759044554,47.457846529807306],[86.4694326852669,47.48580349148782],[86.44367375944451,47.51458519535275],[86.43239378478657,47.55942408935137],[86.43155661451573,47.608704706223556],[86.48605151939864,47.74886989277578],[86.17016652649355,47.798562234060945],[85.88709756492192,47.86228043082551],[85.79906565104208,47.88698575107043],[85.73782474913303,47.89818748334365],[85.67363796283237,47.900629140380865],[85.58845177864485,47.913996761601],[85.50818052233822,47.914108463844045],[85.50896036680136,47.92939998725981],[85.51426041030791,47.948185329895416],[85.51799618851678,47.95434797560507],[85.5247169488103,47.96555127767996],[85.53331648586088,47.97451257605344],[85.5547560408416,48.001072870900956],[85.55866431664062,48.02420684475113],[85.56248466412366,48.03241840056904],[85.57307405685651,48.0457263351342],[85.57676714975845,48.05392041006953],[85.57848393890785,48.05776812392124],[85.57299288940398,48.08434196865638],[85.57254022224694,48.096971659818436],[85.57666124173716,48.130982665406506],[85.58108993908093,48.13900169992759],[85.60914910368065,48.173325964724036],[85.61014055931122,48.17457346263256],[85.64045317441614,48.236950224900355],[85.66188440179698,48.26933112804587],[85.66675989658724,48.29245777623752],[85.66993728329687,48.30431891475116],[85.67735131337253,48.31097975961061],[85.69854264835591,48.3410800160104],[85.70330840293508,48.34583538005784],[85.76181142016561,48.37676215891137],[85.77567288512724,48.38481821074925],[85.78585628222496,48.38627398428559],[85.79172631011804,48.38890175048847],[85.79839321719912,48.39491171748191],[85.80786970586729,48.398696810030856],[85.81676033551628,48.401728118959774],[85.84095722612452,48.40183634465731],[85.88156346204313,48.41295405625292],[85.8821927347287,48.413131317558594],[85.8927984553627,48.41270159828524],[85.91673469545485,48.40617947263666],[85.93210104693686,48.4048095165927],[85.96341979280598,48.41984858279755],[85.98119794708722,48.423337809763815],[86.0164715105227,48.42137279929524],[86.0597691059416,48.41703814391722],[86.1313524130277,48.409864310346684],[86.18105997726472,48.409680595057644],[86.19519163158874,48.41451313638884],[86.21587925834447,48.42882635001182],[86.23536951778792,48.434453954405996],[86.24216484423087,48.43831430236745],[86.24989729382071,48.44702327819778],[86.2636926481513,48.45643694832896],[86.27897834317373,48.473087509014384],[86.28476697658607,48.47523806832403],[86.3331034174877,48.4771318341511],[86.34624035175972,48.48218801851104],[86.35659157768809,48.48409872447413],[86.38581099380984,48.471241951196156],[86.40022766280552,48.46886316098384],[86.41514469007083,48.473403661687826],[86.50860285081694,48.51094350147688],[86.54475108132537,48.51351643417661],[86.55343974166705,48.51349317988624],[86.56018813521572,48.52152022813993],[86.56653088274957,48.54515264964383],[86.571127923489,48.554925065737486],[86.580932909557,48.562523972694684],[86.58608588150612,48.569052989716255],[86.59033399186922,48.5696883504036],[86.60288528679185,48.59977912589146],[86.61173479278459,48.603312148479716],[86.6288332688305,48.6053251541586],[86.64031642309651,48.60667587150352],[86.6542645171789,48.61398891758855],[86.65925182141724,48.61938315531324],[86.66416439219464,48.63555072867816],[86.6702628462027,48.64361821103604],[86.69075880051663,48.655070550368066],[86.71865671338838,48.676106931235985],[86.73190507472393,48.689876212320996],[86.73634559469113,48.70155410452962],[86.73895351056684,48.7084195703144],[86.73827438307273,48.7196940641893],[86.73421111320359,48.72707097646125],[86.71896227550641,48.74070440679394],[86.71531014180728,48.74851182695309],[86.71544100157404,48.75606364513836],[86.72061170091752,48.76923502446343],[86.72780287897506,48.777459005770886],[86.73767318893992,48.78275110599616],[86.76989052648455,48.79523823196631],[86.77985500956994,48.80327052508816],[86.78105782095038,48.817630102917285],[86.77909582690178,48.82509670112261],[86.77118392418778,48.83457183697178],[86.76376675115158,48.84057150354335],[86.7471468289881,48.847883943672095],[86.73651193710282,48.862350383149966],[86.72425758162902,48.86867743850452],[86.72187031717266,48.87038444442827],[86.70733089577038,48.88081204437542],[86.70201085017072,48.88918966400511],[86.68879897577895,48.93659366831832],[86.68843196918276,48.95220293668883],[86.69148000552664,48.96506391346195],[86.69848466926084,48.9742165669879],[86.71289097714373,48.98592218150342],[86.72168852829192,48.993059516181184],[86.73263633327036,48.998283787552275],[86.77660306088691,49.013429593707805],[86.79763551438496,49.02484428937753],[86.80478555185393,49.03467383521261],[86.80934874310857,49.045822607831425],[86.80972707969434,49.06367840004776],[86.81329763292644,49.07076921133472],[86.82048118345026,49.07856306936165],[86.82344142843486,49.081774156245125],[86.83300670887807,49.08685310646876],[86.83998004914764,49.08890283832655],[86.85432433104842,49.08884257469885],[86.88380224951341,49.07605275968125],[86.89154636919456,49.074148520502135],[86.91350381573204,49.07355951015019],[86.94563627830432,49.07524292866025],[86.98114973496521,49.0826464202539],[87.0332834861163,49.10093276845835],[87.08037522791683,49.11944056339951],[87.1015563932116,49.124310056999114],[87.12532482994898,49.11817705920435],[87.13490573148867,49.11575068246105],[87.1584434691924,49.10791445276569],[87.18878658779305,49.088117286505],[87.22390800813831,49.09061574277613],[87.23625517227765,49.089083059074945],[87.26374851728521,49.075137460487134],[87.27981975276055,49.073505311484546],[87.2936462083238,49.072058305666616],[87.3295024943952,49.06006261797857],[87.34450707688266,49.05829273999028],[87.37761448354968,49.05698359202875],[87.37777173359308,49.05793013644136],[87.3856592480764,49.057136638529585],[87.4055371499775,49.05864758788539],[87.43274041250639,49.071715045360676],[87.45783879180212,49.07524775853698],[87.46285878762954,49.07595378773601],[87.47336212391241,49.07973977716362],[87.47878219308299,49.08716975785766],[87.47363671270323,49.10953768442567],[87.47957547036596,49.1155479783567],[87.49545962437216,49.114610097694154],[87.5107438952214,49.10562319911021],[87.5249965939495,49.10049688910867],[87.53694606086188,49.100930536657785],[87.55409522507517,49.104498188744074],[87.58449640032262,49.11393586415419],[87.61832727147483,49.12443054865957],[87.6472037673361,49.137099720806376],[87.67015539383723,49.14367083457768],[87.70084963282252,49.14273365705335],[87.72715016788831,49.14441396176286],[87.75058685417943,49.14759966861173],[87.76405592555241,49.14801049652031],[87.8002480382071,49.14910180051073],[87.79809515506314,49.132716104003336],[87.80278938434056,49.12002429438474],[87.82974762704121,49.10184091970966],[87.83436225872747,49.092569934951804],[87.81172155225507,49.06651246423635],[87.81193702654235,49.05940399900409],[87.82164505120893,49.04740976562602],[87.81330822723551,49.04001969647488],[87.81223090318345,49.03942751773372],[87.80140346935674,49.034239894912474],[87.79908997213295,49.027385253679356],[87.80038229061314,49.02244502816848],[87.8050530752777,49.019762372496174],[87.82471133982207,49.019429531777526],[87.84746266987679,49.002513565230046],[87.87182449858389,48.98199211528992],[87.88113654119998,48.97143533182336],[87.88303532788989,48.96045753821155],[87.88019380603373,48.954562829771604],[87.8747016185761,48.94992580953691],[87.86992822687552,48.94778180658082],[87.85008918519821,48.93892975892119],[87.84305744332691,48.92920014992096],[87.80887122635704,48.92769873803633],[87.79223860843769,48.922833438863506],[87.76552997956148,48.90582929977972],[87.7548149180268,48.90500375880606],[87.74344822488307,48.91187697474283],[87.7349609803958,48.91141075825833],[87.73042445873493,48.907345653461924],[87.73315854811013,48.895359935446486],[87.7334410322766,48.89428286566108],[87.72897361212404,48.87902311981993],[87.71840680440707,48.86515797928317],[87.7180371813732,48.85928088655618],[87.72178531993981,48.85436344256362],[87.72938281210666,48.851946734932945],[87.76355610279464,48.85022983916106],[87.76904441380272,48.84542861676034],[87.77295342843338,48.8325699698629],[87.77825195636726,48.82848666886134],[87.79008014975483,48.82500283976754],[87.79388447600913,48.818796269439616],[87.78794386407817,48.812807353814264],[87.7792313534322,48.80907625343409],[87.77589326194743,48.80201160475546],[87.76096044675108,48.79651307641887],[87.77195777006342,48.78784213643898],[87.79949277595172,48.775884452586006],[87.8052367988687,48.77111529958051],[87.81222890343975,48.77149222724393],[87.82044088788598,48.77451332734073],[87.83414666526382,48.7731964076741],[87.88749653362603,48.74100659262345],[87.89363611811899,48.737300564879064],[87.90462942761576,48.73852142271993],[87.92648300791775,48.74621676651485],[87.9387731648655,48.744537234457255],[87.96902776261386,48.73713374245493],[88.00013709860428,48.71845231536643],[88.00521766993381,48.714062336159145],[88.00589372132144,48.70720764460679],[88.01548349603739,48.6979903728843],[88.02134533717549,48.696374528148624],[88.03328430136875,48.70130391236342],[88.0370531095871,48.70147330825638],[88.0448123257327,48.697770026977956],[88.05072866772191,48.69116715412692],[88.05267940574456,48.68622104343263],[88.05424439422697,48.682246273845834],[88.05239941383772,48.67564905782818],[88.0426432056561,48.66700517372284],[88.01844330621545,48.65368861457676],[88.00208464327181,48.646938598614156],[87.98694743998259,48.635987256681524],[87.98349021418973,48.6303994546126],[87.98439369349055,48.612113066305525],[87.98201276229268,48.60868714577886],[87.96928770355322,48.59950039772931],[87.96316593264832,48.580009321652454],[87.9553408432865,48.55976165512765],[87.94375194376063,48.53832630098204],[87.93810672474773,48.523884390360294],[87.93777847021788,48.50305654428454],[87.94130932404579,48.489897588976206],[87.94712723036669,48.48523442374565],[87.94763781762568,48.48483350506936],[87.95319614760812,48.4832801599146],[87.96106334215963,48.492256290042995],[87.96943620856587,48.5461954148676],[87.97362929057206,48.54152073735737],[87.99327141963188,48.53064784096363],[88.00723916693408,48.524918935742036],[88.01785286692136,48.52377911816558],[88.04942974951082,48.52614383723147],[88.05771673645138,48.52454028387018],[88.06487521347648,48.52150925853735],[88.07211460615571,48.51497740366124],[88.07549023466005,48.51186729694542],[88.08266948251392,48.50874591219762],[88.0891660838798,48.507760258556594],[88.10738952742699,48.51028611169733],[88.13500036707215,48.495169513649785],[88.14695120797026,48.491408532714864],[88.15623979182081,48.49010324595259],[88.17100524513864,48.49073573266742],[88.21066784575962,48.48469222510881],[88.22547931417368,48.47978457533821],[88.23900321664229,48.470846895667634],[88.25022572615589,48.46348522036315],[88.25921717855668,48.460108276952504],[88.28931745429843,48.460126013462485],[88.30678241517889,48.45432236456635],[88.31968797144397,48.446692275009845],[88.32223978166635,48.4430213558128],[88.32222165869499,48.43932719643193],[88.31662997970986,48.42870560172562],[88.31776743193724,48.42311621125055],[88.32307956719116,48.41709188325577],[88.35158034057545,48.40020880417231],[88.35813243543902,48.395159504568554],[88.3618159253544,48.392359373417605],[88.37568930956228,48.37432291866655],[88.38270589174618,48.367943792254685],[88.38786887005922,48.36679209660502],[88.40284671375302,48.368073964192945],[88.41862162253472,48.37212228685962],[88.46422903807364,48.39226784020452],[88.4772396994624,48.393313363919866],[88.48698009226952,48.38955114958412],[88.49116691102877,48.38579191642465],[88.48939630244713,48.374424960324056],[88.487904296429,48.3646588536858],[88.49064232289531,48.36073256464632],[88.50131001597454,48.35431074822809],[88.53381961599545,48.34275622828178],[88.55211800626026,48.32845169645788],[88.5722963442586,48.320172436252655],[88.57870636350307,48.31067542618451],[88.57905329986296,48.30490644604144],[88.57637659527089,48.298789409874516],[88.5623873275147,48.28104247354013],[88.54962644612031,48.264911552650304],[88.54608087646137,48.2579567329797],[88.54610094360415,48.25242770643302],[88.55946547558088,48.22576262808201],[88.55524707900807,48.21117341481363],[88.55920076702004,48.20720564641277],[88.56526909621672,48.20560167859433],[88.59055111323238,48.20492168842528],[88.60052342857794,48.200079632632395],[88.60980557056553,48.19091866411093],[88.61369282732231,48.18556035565004],[88.62844574481502,48.16514218529793],[88.64544952475201,48.151433031514266],[88.65870500122479,48.150191001288384],[88.66784114961949,48.15308177124792],[88.67741941827946,48.15362725847544],[88.69322020694011,48.14640939958559],[88.7102375723959,48.143014304712686],[88.71516159526438,48.13943229770772],[88.71808062239174,48.129173086673504],[88.72508658094898,48.118736937072384],[88.73741911769342,48.11351489561743],[88.73984569019323,48.11296318563376],[88.74679716657714,48.111546666137684],[88.76745180135795,48.11141686471108],[88.77785605886484,48.10855074640027],[88.80274652642956,48.092691362124754],[88.81463298049019,48.09201777031849],[88.82929594770656,48.094329011379294],[88.87081631785742,48.09701428063396],[88.87503070813854,48.09463747318981],[88.87818848908202,48.08661670013449],[88.88927488737298,48.07811300447693],[88.8991009987065,48.07535836811473],[88.94066779042645,48.06385325687687],[88.95764472042534,48.057667927412936],[89.00049686768209,48.01721255179117],[89.00440189478623,48.016639484509305],[89.00995747810143,48.006957912511574],[89.01256747037237,47.997773721894916],[89.01371108993015,47.98741297674883],[89.01485621207628,47.977604918768485],[88.9942379748532,47.940325072926186],[89.00316186805398,47.92891102517738],[89.00509928464032,47.928117233290564],[89.01324097162677,47.9249859836667],[89.04349154467381,47.92433862807165],[89.098095872379,47.93027492691477],[89.12691408857903,47.930553159153405],[89.16541660252325,47.92795031335513],[89.17896300621352,47.92973467177166],[89.18870328822445,47.93284162100108],[89.1931811169143,47.93435120081433],[89.20515398657862,47.94221129463596],[89.21325853263218,47.951664083718214],[89.21937645576457,47.96383905844382],[89.25574099371197,47.97771029126189],[89.2582182195878,47.99509122920294],[89.26280209212507,47.99844964046544],[89.29098525947828,48.00607121878586],[89.32449827809916,48.00250188792354],[89.33885776497338,48.00261179958172],[89.34027683244064,48.00801009616169],[89.33734366504193,48.01761999254913],[89.34153978078851,48.02093292554445],[89.36090811644219,48.024350363935575],[89.36646101688015,48.02532836181834],[89.39520420451909,48.017447041653384],[89.41271369797391,48.01559557615067],[89.44145570751249,48.02205124914902],[89.45106315747127,48.02236555150044],[89.4687759981419,48.019058204253895],[89.48217396566973,48.01868063795115],[89.53881625431916,48.02659184154838],[89.54182004024719,48.025814743005455],[89.55198409885419,48.023148528281965],[89.57314311434935,48.00319493979931],[89.57404284678007,47.99989105262481],[89.57094265815809,47.99413116167009],[89.55116612416585,47.978012494672946],[89.55766157615348,47.973753841375164],[89.5612735338901,47.96918215695857],[89.56112408720057,47.95997417261418],[89.5694924540613,47.94819827301948],[89.57567018939015,47.939493792103136],[89.5904183295737,47.92390708380343],[89.6104927731309,47.909632375916686],[89.61936983971935,47.89791275092277],[89.6242273193387,47.894303525600996],[89.64630468466814,47.88290827786037],[89.67971530810198,47.87760193657405],[89.69107628462211,47.87368160797239],[89.69860717815824,47.87008318079018],[89.7016899567586,47.86775109473691],[89.71171453831886,47.86028708939466],[89.71801949541891,47.853249559288265],[89.71297826700139,47.841317965838044],[89.71364084761208,47.83725614719101],[89.73329831742974,47.81402208744654],[89.7402660419855,47.80815884675553],[89.77008279533985,47.796666873372224],[89.7815758297476,47.79560329269449],[89.81174065767101,47.79782216777743],[89.8187076937303,47.79957696588933],[89.85356866093414,47.808256415201555],[89.86573389900113,47.80835937725473],[89.88021577206884,47.802373024464124],[89.90409386654505,47.795089443310474],[89.91793650256118,47.795458261041965],[89.92538543920016,47.79982915397611],[89.9322860177856,47.8090070009036],[89.91646532059059,47.831015031124245],[89.91669790710166,47.83709951549531],[89.91917540848584,47.843330561812294],[89.92158328772491,47.84927883151114],[89.92919274520196,47.85890072013481],[89.93755633225906,47.86281733847819],[89.97187452614355,47.86635754022817],[89.9738592098943,47.865281857798884],[89.98552435397151,47.858709956014394],[89.98944351694651,47.85379867909337],[89.9983258787617,47.8488605030936],[90.04096343497433,47.84215396761261],[90.04716271926999,47.83720654596],[90.0493243726729,47.8317425799819],[90.04604801691258,47.82065806120485],[90.03914551857105,47.79588322215937],[90.04157200933918,47.77429545634426],[90.04671310291685,47.756115669366594],[90.0536144382469,47.7450046789946],[90.10138143735651,47.709563167833124],[90.10249570283656,47.708762707672115],[90.11786764199732,47.701568375897615],[90.13987108368103,47.69699377888664],[90.1630721812333,47.69483456390655],[90.18868333951447,47.681183076387356],[90.19644516868718,47.68052546691232],[90.20459373454968,47.68174208901126],[90.21889667973564,47.67204354238226],[90.26409214550281,47.65730289132648],[90.29819130116668,47.64616925844455],[90.31225151107985,47.63625644094152],[90.31531142500232,47.63143898609562],[90.31433199968214,47.625561713631114],[90.30416212711407,47.61048170711728],[90.30159582744342,47.601506727309456],[90.30370456482312,47.59494162767055],[90.30989805437372,47.58678331288481],[90.32663833215688,47.57614233859456],[90.3368853186012,47.565287183083576],[90.33937942558605,47.560595886383986],[90.34975718669743,47.5405899870337],[90.3580663068782,47.52880235124696],[90.38012183079964,47.512020048995865],[90.38909949218841,47.49773643171838],[90.39909666972734,47.48731480990132],[90.42176930487267,47.47554177246543],[90.43207830224297,47.466708990740635],[90.4351911068376,47.458510103691154],[90.43539178774785,47.45697352999039],[90.43818377933046,47.439216060854015],[90.43352204275162,47.40063621950395],[90.43977779166534,47.39019906504867],[90.45905419123957,47.37734663843993],[90.46673920428952,47.36028116309912],[90.4627903971724,47.3465993437232],[90.4595457404895,47.339490686774475],[90.4549865122009,47.32986652490546],[90.4512639507944,47.304124873174224],[90.45208677523546,47.29542155747186],[90.45752344785681,47.28380649400479],[90.48746506185996,47.24908385427972],[90.4906301343786,47.23934208866409],[90.49042810599352,47.23044456407838],[90.4934872835609,47.22426151715384],[90.49582578089678,47.222030924935495],[90.51659180084951,47.201377685850886],[90.52794873211265,47.180034740407415],[90.5539895690543,47.15754393740342],[90.563464685749,47.14488364639144],[90.59055893043167,47.119206981548146],[90.5922663238571,47.11618029129153],[90.59765121251799,47.106487041859374],[90.61968447961955,47.08578116108569],[90.62508635283704,47.07535885638212],[90.63695493593082,47.0637669881077],[90.64631923824093,47.05832018278187],[90.67115547207105,47.0497833193375],[90.68846526937357,47.029326542179646],[90.69558325625742,47.016977105753554],[90.70071769641874,47.008357330416985],[90.71075252597677,46.98222926353937],[90.74711754800306,46.96772570322154],[90.77244530508585,46.96726984394762],[90.79750628514138,46.96870155308883],[90.83499264843532,46.964433947342926],[90.83674937827074,46.96424505078496],[90.85777040783518,46.95721958387895],[90.87915753821424,46.94337631220158],[90.89030637992254,46.93426147368085],[90.90338264818438,46.91401217278719],[90.91021786816313,46.88254462387704],[90.92988075951308,46.86478399417294],[90.93393035348379,46.86117043737903],[90.94098125465335,46.85137290589446],[90.94295292551072,46.84316859350252],[90.93907880979796,46.83328477895745],[90.93076185099439,46.82259166705784],[90.92983155369366,46.817567868811],[90.93045962394469,46.80822594732531],[90.93653149881787,46.79678097076325],[90.95118450115265,46.77952928756977],[90.97355471867611,46.7605832436935],[90.97879896891988,46.75307338011111],[90.98033155816931,46.750761620098736],[91.02902419661746,46.70751028366257],[91.03864501234085,46.690853963391575],[91.03967955591484,46.68329159909455],[91.03239873165124,46.66760313660269],[91.02309341767194,46.65727923462685],[91.01668211044515,46.64377583887576],[91.01350569060332,46.61462882157992],[91.00665187733138,46.58931414966395],[91.0050304283207,46.574283261649825],[91.00933745072778,46.56741530242072],[91.01661771206591,46.56394511789342],[91.03648314863132,46.56309592584208],[91.04686715276718,46.559203600897746],[91.05416351513718,46.55372690775774],[91.05513923386886,46.545797837528625],[91.05300930080666,46.54148194086216],[91.03489682426078,46.50584501346392],[91.02113417253629,46.47018630309639],[91.01416970437596,46.459461362734764],[90.99307848979363,46.43528924894634],[90.9909818977393,46.42450327376276],[90.9897613006305,46.417725587896136],[90.98256558175976,46.40943846625063],[90.9742700866136,46.38937155788069],[90.96373175040982,46.37701123243997],[90.95721705710648,46.360404851233575],[90.95653658825616,46.35103860081432],[90.95094457527607,46.34327619106579],[90.93738812960022,46.33480466466752],[90.93355646034158,46.31855934499062],[90.92922723512048,46.31356662899094],[90.9255893324926,46.31092201874674],[90.921037722746,46.30763847766657],[90.90060979351065,46.29892728829099],[90.89070706712376,46.29182192528077],[90.88943805424984,46.28722779509434],[90.89073909967777,46.27970303895012],[90.91859227861453,46.23867574740976],[90.92665561525357,46.2224479654336],[90.92894467276773,46.21201769741552],[90.92694522407704,46.20653166991515],[90.92415457437573,46.20360827290685],[90.91808079142346,46.197620578778555],[90.91251009754443,46.18794780365272],[90.9142953990383,46.182479019764315],[90.9324514275842,46.15971064444986],[90.95293581731819,46.145830789098724],[90.95952185990915,46.13920588127076],[90.97697663275535,46.11591177989137],[90.99634767194313,46.098457221495295],[90.99939866747377,46.09566686343684],[91.00210675164978,46.08883505099038],[90.99943109524871,46.08219189945957],[90.98205579028742,46.05704380503277],[90.98215172986706,46.053410996793616],[90.98835683535134,46.05048305359662],[90.99668556848295,46.03975520377802],[91.00129955629859,46.02173491255326],[91.00033188887642,46.00552257362721],[90.99802470417424,45.99837161799457],[90.98965904613408,45.98332880678237],[90.98834782825186,45.98274181624454],[90.98020760205858,45.9792831796104],[90.9676177003894,45.96709164290137],[90.90923908467342,45.933434144593186],[90.89260849709385,45.92201015929384],[90.87225999243991,45.90784009408538],[90.85880893357377,45.896188185735255],[90.84225971929754,45.88194420130633],[90.82630509612504,45.866120292054646],[90.79665518678,45.82058991088171],[90.79087216433828,45.807803216776705],[90.78142262159413,45.794550746024335],[90.77302446482601,45.786865979110026],[90.76296286484566,45.77782726365344],[90.74732517085133,45.75383724044041],[90.70381212241357,45.71988288417109],[90.68245774943986,45.692386121799025],[90.67990594570304,45.68165869034146],[90.67795622729665,45.67363231645418],[90.68139432227117,45.62067084323589],[90.67123719633246,45.587509346717916],[90.65214185352829,45.56370365928773],[90.65165444272196,45.56046952349349],[90.64190674506591,45.50015765169737],[90.64363111896714,45.48760395579107],[90.51809616941202,45.44552268918717],[90.34213464358851,45.25850378531477],[90.25822886449919,45.161880345927536],[90.2194498231362,45.104790510974844],[90.1976911702417,45.054412452701825],[90.19763432042137,45.00475945228221],[90.19411876590353,44.99731592336524],[90.17676627631153,44.986806888587886],[90.09998726324798,44.97571755103989],[89.9565588581404,44.97196689538176],[89.9152034480164,44.96993694144545]]],[[[91.42397578112514,43.66370301513207],[91.42147213857137,43.67794934775575],[91.44602706694012,43.69887689957761],[91.50711194513508,43.732111195726276],[91.52000791225569,43.74633421036525],[91.52921161331419,43.78761543416136],[91.51588463599708,43.82117646354013],[91.47856317332213,43.85478126057232],[91.41080553946712,43.898466866511],[91.34267137185377,43.95743776110288],[91.3169357746515,44.01490853084595],[91.31020818871347,44.057486461316024],[91.32706188871337,44.25112210085019],[91.32210551938346,44.32227004084302],[91.32216728697092,44.40833314194641],[91.3277848292605,44.44422533078416],[91.38717143303552,44.51410945004298],[91.42181120731345,44.56300900244223],[91.44083605310689,44.61507621177026],[91.45371398453264,44.679125185234646],[91.4461541694761,44.733338537455765],[91.45156517060326,44.76737154681443],[91.47062115527821,44.80223365347542],[91.50455884700536,44.845473731256746],[91.54545667101608,44.91497288129351],[91.56223683737751,44.95193990146172],[91.56321918162435,44.97485166847784],[91.55174453939577,45.004520826885646],[91.52471569949911,45.058102633633425],[91.54311989564887,45.051916081905205],[91.57283149631819,45.046284093998956],[91.6324002134531,45.041456089841255],[91.65130603394358,45.043195637027196],[91.682692035003,45.04541198319536],[91.70660390716199,45.049803283120504],[91.74746494679506,45.05346095815469],[91.76015768125477,45.05350026505835],[91.93796637471632,45.054029733924715],[91.99718886884928,45.054181362902256],[92.06084859915174,45.047744073189996],[92.10791210962523,45.02849128119514],[92.11859370299268,45.02414137646024],[92.15325200730808,45.01559040373771],[92.17237878784957,45.01610080916168],[92.2181317739936,45.025057735401234],[92.24407898470552,45.034435461499065],[92.27703524632803,45.03503007228094],[92.32236411255562,45.035938027232866],[92.35650695741438,45.03354206416906],[92.38645656730084,45.02812752646009],[92.394404956183,45.0245954276239],[92.40838032038693,45.01119465184602],[92.41729273238965,45.00657196510561],[92.44024224594979,45.005038674493186],[92.45411226183664,45.004126044332594],[92.47038996531239,44.99699935903833],[92.49617133050621,44.995351999261906],[92.5917354028338,45.00080603147925],[92.61462929784277,45.00023566223774],[92.7738991630703,44.99586977857438],[92.79211092842013,44.996394914080405],[92.8308197432445,44.997548858640855],[92.87945216683998,44.99612315491998],[92.96959254053148,45.00029499488425],[93.05224268545665,45.00412162471429],[93.05992307630991,45.00188944332013],[93.0877984477627,44.987914615509226],[93.1009919727543,44.98633706232141],[93.11171630018382,44.9857222807245],[93.11836374297582,44.985751451355995],[93.12168746682397,44.98576591711503],[93.13046627167395,44.98679236330023],[93.13915709038501,44.98907769778037],[93.15581450281286,44.99340351333157],[93.16094965906932,44.99330086207133],[93.16693327463433,44.99571422662672],[93.17788413699017,44.996018640757576],[93.20879602546398,44.98581114087268],[93.23372677664564,44.97762190656166],[93.24751028950432,44.975538278376405],[93.2608736784129,44.97667508671546],[93.30235091813135,44.97340906899887],[93.30824617946826,44.97408934208466],[93.32765259694943,44.976545497830664],[93.34056192108979,44.975826600739595],[93.3861081963719,44.958947290103474],[93.4035884540102,44.95381272857768],[93.44397448128821,44.94543946895009],[93.46394231055756,44.94602406786745],[93.47556014486015,44.94916530976217],[93.48351604982858,44.951276471546635],[93.49129485264245,44.95138240865382],[93.50820927688572,44.945736160728046],[93.53238301155399,44.93019979156451],[93.54318867746849,44.92512793297751],[93.63169924308623,44.906582844384864],[93.63488159729603,44.904313021706685],[93.64894765685615,44.89407736609581],[93.66287042936827,44.887807546132535],[93.700735987317,44.87717061565966],[93.70884204673523,44.87286166020928],[93.73455579973,44.84033913410042],[93.74414107214321,44.83316680250454],[93.7637929840491,44.824464567772345],[93.79938135413701,44.80864981927493],[93.8657960764811,44.78809138516156],[93.91939529481833,44.76692740201175],[93.92036138550655,44.76646290635844],[93.98155665610504,44.73974560418381],[94.04501329562271,44.710476734596384],[94.06715396053015,44.6967892767611],[94.071527967349,44.694065272539234],[94.10026701464504,44.67231697825797],[94.18170249810736,44.6492985475155],[94.19528831710399,44.63961945538169],[94.20807200210272,44.626896820421976],[94.22547675044986,44.60975020094123],[94.23640217370054,44.60238888004318],[94.2684191764935,44.58430510152417],[94.29014113626874,44.576879852713716],[94.29484609532048,44.57354475765621],[94.29807033440566,44.56910132517366],[94.30392774368723,44.55249541562901],[94.30099477694424,44.531956788698565],[94.30085184105764,44.53041114072413],[94.30462843871071,44.519060926580785],[94.31017513991615,44.51434748460027],[94.31867551349451,44.51022455417535],[94.34140888389662,44.50594218542447],[94.35355228503597,44.505349067030394],[94.38050905277113,44.49913143502886],[94.39871275526862,44.49954412065912],[94.41614821608931,44.49583412371215],[94.43092873063074,44.49038379454963],[94.4476369386826,44.48056817837629],[94.47654355000479,44.46383567994582],[94.5189465094211,44.44406929385747],[94.56100512703253,44.43572404129202],[94.58425169055081,44.41331175299157],[94.58831061642694,44.41073286776901],[94.5957480964964,44.40588413319285],[94.60884099634634,44.40047102996318],[94.65728346234485,44.37102630526278],[94.6658159364743,44.35958334305863],[94.67504660941633,44.3416995413777],[94.68066680005002,44.33535855670918],[94.68909037551964,44.332294420647415],[94.70430228154062,44.3286573165689],[94.71039986199918,44.328483545401276],[94.7364295036142,44.32781826236253],[94.74822170000573,44.32590454820998],[94.816719193095,44.30377577948542],[94.74008424248898,44.250598438671574],[94.70228633837121,44.22383114320694],[94.65700043006471,44.199758632958094],[94.51496622626837,44.13578903050739],[94.47205876949614,44.10951237095978],[94.44758231747318,44.08132372634305],[94.38441629393242,43.98036818500591],[94.36414815995614,43.9594244422824],[94.33564168073144,43.9374036744387],[94.28205430198871,43.91027551117523],[94.22174507825586,43.889551102300786],[94.13451057909697,43.86770688020775],[94.10685338622231,43.849397801241864],[94.084085077087,43.82868563180383],[94.0207443976409,43.7641259203128],[93.97045282865427,43.725076366114365],[93.86067332697517,43.65361480075522],[93.72164866556781,43.581137970374726],[93.68923221908591,43.53644356843767],[93.68603804901477,43.51952821619072],[93.69095036075568,43.39079601924118],[93.68138465087681,43.3400598884193],[93.66967918485572,43.32015908958244],[93.67141901330733,43.30698460132074],[93.63904544570389,43.298278960630576],[93.58556585870325,43.295850188023934],[93.5090063544336,43.297548284525824],[93.45606213439713,43.31222703845535],[93.40742262496597,43.33603498944423],[93.3792701021109,43.35595540660098],[93.34746247330423,43.37048059466174],[93.28653825762832,43.41454126894788],[93.25399627772963,43.42528123858274],[93.19885243332347,43.42858441768457],[93.07766322857061,43.418928154333805],[93.04895036506609,43.42160894070949],[92.95115950219298,43.45363742174355],[92.85419086023546,43.460657824499826],[92.76271766535548,43.45372444372078],[92.70785558858915,43.45871043419988],[92.64384100502316,43.45685086226121],[92.49297296622896,43.44361894682475],[92.37441874739,43.448394929461685],[92.2225827931008,43.44450373863162],[92.1341300055156,43.438805025934755],[92.05831597404648,43.44533516554981],[91.97712661181946,43.46755561907365],[91.92528047503602,43.49106601109023],[91.83549244649106,43.54257514368137],[91.751319900762,43.58018704242272],[91.72339776547709,43.58824117853094],[91.59849334411831,43.60430696134408],[91.51727132840138,43.628151030116356],[91.42397578112514,43.66370301513207]]],[[[82.70448088473633,46.49229647521183],[82.71685589158162,46.528843654968284],[82.71687411247619,46.53320148235151],[82.72108788306906,46.540178726308504],[82.72974091164707,46.565103464523524],[82.73051918206384,46.57560704504267],[82.73692900944963,46.58803326275369],[82.73726027962176,46.588642397887895],[82.75520311376731,46.68049370876761],[82.76736367657773,46.711454370410486],[82.77233838320106,46.7238379278234],[82.78344936085277,46.739890287592324],[82.80002956350025,46.77090744293033],[82.83863333085459,46.82675791065117],[82.85499287881116,46.85050264045442],[82.85777065989237,46.86151600157807],[82.86505475172473,46.875100309007216],[82.86789820272826,46.888350329599014],[82.87394187172008,46.89598751796786],[82.88045543081431,46.9073523271032],[82.89074419024074,46.943337092713875],[82.8977175305753,46.97962186661175],[82.90101637376456,46.98626722439515],[82.93084503967442,46.99544101337882],[82.93989606105748,47.00011892565911],[82.9444676651724,47.004552170673904],[82.9584514372755,47.030046418585336],[82.9646167253011,47.0495748178796],[82.96446845362857,47.06383977422046],[82.96779757954046,47.064736135515965],[82.96994764384758,47.07082792475145],[82.98244553512511,47.14035347738117],[82.9871680060149,47.166341798189535],[82.99516184057805,47.18569943193969],[83.00671746512124,47.192250911131104],[83.01735873561397,47.19587297760982],[83.04011116277647,47.199075539769645],[83.05684852872395,47.20012421571401],[83.07899836577059,47.19821395724921],[83.10615908015733,47.19782718250678],[83.13910969791817,47.197412179477475],[83.14865763199514,47.194542585154544],[83.16921792075136,47.17529876535863],[83.19842797622135,47.15545581274791],[83.2089654841896,47.15199610958927],[83.2620971917034,47.15098905513002],[83.308331990156,47.150098560131475],[83.31598696801835,47.14803967738652],[83.32182513032637,47.14495699061447],[83.35977788857363,47.10706910859302],[83.37405257688005,47.096576497225534],[83.38192462480362,47.09547636640948],[83.40620290908723,47.1017314427154],[83.42317194967495,47.106112500989234],[83.44958565158383,47.09248138196945],[83.48494187899959,47.07021515535642],[83.52074440934956,47.04273260172106],[83.54589405141043,47.03288325282277],[83.53004393533313,46.98059831853691],[83.52410008283438,46.96258717427791],[83.51361723459584,46.94840828209946],[83.50559631525816,46.940797047652794],[83.49104055743156,46.934373635101494],[83.4800867252257,46.92611506605525],[83.47733341258734,46.9198226307823],[83.47471914807458,46.91386472617412],[83.47928342782886,46.90499450682356],[83.49790858124238,46.88396179867115],[83.50074101039723,46.87795941738778],[83.49934244033052,46.87099852912421],[83.48431021396213,46.85835692627008],[83.47453922705587,46.82932580069069],[83.46267346231195,46.804857019818414],[83.45958537433263,46.794234954036796],[83.4485660057127,46.737851625827],[83.4398433663206,46.72583384669604],[83.43739268608738,46.70712015615646],[83.4394421284484,46.69212750511443],[83.44422046210804,46.68647858403232],[83.44879594180856,46.67256982422496],[83.44722658973623,46.66696647413525],[83.43714173034725,46.65279941085062],[83.41972944561797,46.63860932615652],[83.41134004475441,46.624318426571065],[83.40879903684252,46.60879970183718],[83.43267192680295,46.57322583108337],[83.43208377086773,46.5628717342846],[83.43629157037788,46.54916773727987],[83.4385807417457,46.5470224213242],[83.4422834054636,46.52961766423464],[83.44740236664165,46.518949340686966],[83.44446225667448,46.511194286217155],[83.44013859502712,46.50708801222065],[83.42736768792604,46.49496305740198],[83.42086976687425,46.47918441252094],[83.40955698105691,46.46699205421242],[83.39610111801102,46.45350977395229],[83.37539106474642,46.39837490401963],[83.32628060129173,46.40283829591073],[83.26529718019356,46.42218433368391],[83.1815970950311,46.474617672106625],[83.15567028100114,46.48525428727585],[83.08761288566735,46.48564009324347],[83.04980954049323,46.48228979616055],[82.94115005773935,46.467370267402195],[82.70448088473633,46.49229647521183]]]]}},{"type":"Feature","id":"hartwell-1391-country-v5_1391_chin_chn_1391_s-22","properties":{"id":"hartwell-1391-country-v5_1391_chin_chn_1391_s-22","name":"朵豁剌惕","level":"country","sourceId":"hartwell-chgis-v5","year":1391,"approximate":true,"color":"#839b7a","recordId":"22","sourceLayer":"v5_1391_chin_chn_1391_s","sourceRecordIndex":21,"sourceCode":"M530000000000","sourceName":"朵豁剌惕","sourceAdminType":"Independent State","sourceContainerLevel":"province","sourceHierarchy":{"polity":"明代","province":"","prefecture":"","dependentPrefecture":""},"labelCoordinates":[82.57170022186546,38.47293621155521]},"geometry":{"type":"Polygon","coordinates":[[[82.79772402859207,35.67092000287051],[82.75022581554863,35.63199040518471],[82.72370607688684,35.62529382615909],[82.67196847345846,35.624816605965385],[82.6279955331716,35.652423752565895],[82.58857633891081,35.66825557835838],[82.47517340783405,35.673007877445315],[82.41928235343076,35.66964798092432],[82.37694115665936,35.65307082354035],[82.34451043246658,35.63293606186981],[82.33561996488592,35.624143422771965],[82.33337089585265,35.590540628955374],[82.31610454668245,35.5572945002861],[82.22150085344738,35.51192659447349],[82.12488527803744,35.47361267037564],[82.04173670986637,35.41852013595017],[81.98635526821006,35.32274173471368],[81.96998232193594,35.30817768849671],[81.93383241591523,35.30117502737372],[81.91625551804508,35.27538809172476],[81.8763155158124,35.25761945913321],[81.85059933505232,35.25268018642258],[81.75571449746039,35.242045108893365],[81.73431048866271,35.24734236334991],[81.70595363003474,35.245706012280934],[81.59935198413498,35.217796063692326],[81.57723683951126,35.21560051434971],[81.50860874682516,35.236027388042146],[81.48717428679663,35.25483809573733],[81.4724233492559,35.28548925132154],[81.42100104139877,35.31153393120478],[81.41334311796855,35.32304641655279],[81.4001273784516,35.33172933693979],[81.35712091944461,35.31891872817458],[81.33417148629486,35.32195576383493],[81.32162320594702,35.332063586752064],[81.3030369231805,35.34227476273708],[81.28623039357225,35.34281777055939],[81.22933510376498,35.30969500635511],[81.19860675539988,35.32290927405897],[81.16378435216875,35.3527576597766],[81.10289305703346,35.353623410963216],[81.06858720182666,35.3845049068876],[81.04006004531622,35.38314668423771],[81.02883437060817,35.37825426040428],[81.01979274034096,35.36526532120677],[81.02023824011188,35.34948641713956],[81.03912283941634,35.31949280477764],[81.02478787354293,35.30214699580772],[81.00406269354517,35.28985319710594],[80.98140390810106,35.28780960731307],[80.9489973285995,35.30262035403355],[80.87997617411301,35.3133044261128],[80.86261955151929,35.325423762931145],[80.81337832466082,35.333342130626654],[80.6903403877623,35.320209542833666],[80.65890835453241,35.32331103247987],[80.63668408789877,35.33396199212231],[80.60849630044525,35.35974509762126],[80.59416898690066,35.37189952319787],[80.58333958345892,35.37521298657358],[80.55805418431946,35.36576613064208],[80.54433497981422,35.36839768004606],[80.53421313385664,35.3756160829745],[80.52602354967435,35.39516534437707],[80.52349994142199,35.40668277333086],[80.51273072299163,35.422034369173645],[80.4929358579311,35.43931555191871],[80.4750473846724,35.439808347607276],[80.41343258229531,35.40465056506141],[80.33481274222906,35.36274965446842],[80.28967161817882,35.33032944501838],[80.25936121444282,35.29266637832008],[80.26122736707197,35.230830458876866],[80.24409835474466,35.211951361932186],[80.20690261927388,35.17945637207568],[80.2039089260143,35.173781979721646],[80.20291581453638,35.170451307606946],[80.19979082120241,35.16447373545259],[80.19775289832832,35.16046731998297],[80.19437015053619,35.14211771746822],[80.19232297682609,35.13636240211478],[80.18547995192289,35.127684109164164],[80.17230476032586,35.11907304595372],[80.1598036130262,35.10802529313245],[80.15498400258281,35.10233753551965],[80.1322149732589,35.08437543637991],[80.1079404698537,35.07216290703021],[80.10102095748519,35.06695487195328],[80.09060742987076,35.06120364658717],[80.07951058597482,35.05650453437941],[80.06704924318487,35.05354330966516],[80.05246077610177,35.0482981611639],[80.04692685633295,35.04484596715168],[80.0331420191875,35.02863641729248],[80.02492552453278,35.0154254875719],[80.02365433180307,35.00908968445994],[80.0244883626288,34.99307545637545],[80.01712029354339,34.96771407237536],[80.01230125591091,34.95677321786691],[80.0013548037399,34.938939764808495],[79.99594939609877,34.92345905312881],[79.99614858880838,34.91365766919183],[79.99895368943176,34.903941412118044],[79.99759820507215,34.89823033533077],[79.98876911470722,34.888379284556365],[79.98605239951324,34.87980695449109],[79.98676175637965,34.872319779665325],[79.9896714855252,34.867225231522795],[79.99103794798245,34.86088760675588],[79.99044285839852,34.85459923810387],[79.98566781440199,34.84531940428257],[79.98158082248345,34.84133525246242],[79.97674957225075,34.83894292180908],[79.95448518644146,34.843383518646974],[79.93570807382768,34.84376802054113],[79.9301271834879,34.84544879125581],[79.90579701267843,34.84530688693808],[79.8912314986441,34.843993171041554],[79.88572218581197,34.84228231105903],[79.88156446822066,34.83993527331799],[79.87681231857671,34.83589850953999],[79.87059342771352,34.82722738175295],[79.86524928443562,34.81165349243419],[79.86276402790376,34.7932758932094],[79.86358244834342,34.776698377976224],[79.86234042040077,34.767509356206155],[79.85695869565357,34.75312175705001],[79.85155336168995,34.744434764638115],[79.85095492727626,34.73924640461391],[79.8522895320361,34.73584637188598],[79.87329889459424,34.719384297872566],[79.88462961976681,34.70631079817937],[79.89995036961503,34.693249173347134],[79.9013744123966,34.69097229116412],[79.90148507213601,34.68464551264224],[79.8926142754918,34.67256078201126],[79.88508613141329,34.664439292026145],[79.88169579983595,34.66151547907717],[79.8775476932411,34.65916797496428],[79.86719461102133,34.657996070546275],[79.85753366160438,34.653287607816154],[79.85405578878705,34.65098851248944],[79.85203328756756,34.64807618777705],[79.85137699924454,34.645176215400696],[79.85277105489415,34.64123654901768],[79.8611725407992,34.63610738369445],[79.86816122600358,34.63040348662423],[79.87379815940332,34.623585695944165],[79.87666009394044,34.61793092550865],[79.87665396161279,34.61443205132506],[79.87470739935175,34.60987926095392],[79.87060516294062,34.606343922920054],[79.86294123064198,34.60288450461994],[79.85335841152421,34.59303579569815],[79.8452906770445,34.58028428819491],[79.84549028618211,34.56596630961071],[79.84343997458532,34.561390265772616],[79.83386670311049,34.553289214764426],[79.8284163778276,34.54513922061882],[79.82849110393845,34.54174886011149],[79.83489138409813,34.528006119266195],[79.83970812303778,34.524054539661094],[79.84526834339192,34.52237749080071],[79.85012991894956,34.518987481955755],[79.8495204602178,34.51664919721188],[79.83854487270116,34.50972338234744],[79.82418607331658,34.496371515004085],[79.8132262863973,34.48309295574974],[79.80502866164642,34.47500190829348],[79.79757480166441,34.469185380721626],[79.79203097390283,34.46625954299158],[79.76998005087347,34.46084058293201],[79.74793256136097,34.45891693262232],[79.73416964545576,34.45534478116041],[79.726553747362,34.45528955894577],[79.72237588355667,34.45412396292176],[79.71615093368406,34.45399579702204],[79.70301991237433,34.459671753176366],[79.70012486959503,34.46190996095476],[79.6953232789191,34.463005086782225],[79.68846528280655,34.4606224435774],[79.68229388057067,34.4554384679081],[79.67547505029424,34.44735276274933],[79.66872856174508,34.44149231306528],[79.6617845772655,34.437983903715235],[79.64117286272962,34.43376625092796],[79.62527816298194,34.433593143753924],[79.62112849704255,34.43408764821923],[79.59815280508008,34.44649149522195],[79.59460685226304,34.447575084056936],[79.58220843440826,34.44750030579391],[79.57187174422911,34.44565484041212],[79.55883364233001,34.44092602089371],[79.55191457574213,34.440824632426434],[79.54693852495207,34.444180079953284],[79.54335531428755,34.45336235166795],[79.53711740739308,34.45847401665813],[79.53225518593835,34.45835232871134],[79.52883862401488,34.4566057228969],[79.52473139482463,34.45314435572816],[79.52074057311918,34.44620633516694],[79.51728634420483,34.44214753788694],[79.50905474843435,34.436325249084135],[79.5022045964695,34.43393202826528],[79.48360565520187,34.432606252043584],[79.47456622485971,34.43305797391448],[79.46764197588963,34.434701481696294],[79.45794971308132,34.43574882715547],[79.43453313579684,34.43485285551435],[79.42274691122763,34.43360290337542],[79.40757664742817,34.43051569810921],[79.38771260859902,34.42161974639245],[79.37048859637626,34.41854448307625],[79.36087780549205,34.41554541435144],[79.35532320094389,34.41545070261737],[79.33797100169242,34.42276008405612],[79.32609198698717,34.424891098197016],[79.3019713621152,34.42335513779998],[79.29435874869846,34.423272793687616],[79.28955384773926,34.42435189683987],[79.27227090989874,34.42419986244435],[79.2639499194119,34.423500898834426],[79.25987392390593,34.42169417122386],[79.25250981140437,34.41124310151857],[79.2477167783317,34.40556749191015],[79.24221324683222,34.4031048805455],[79.23472003302828,34.40129216137226],[79.2302578082036,34.40008617876759],[79.22580027964473,34.39999873518434],[79.20851021259811,34.39918932021603],[79.19416933995782,34.39814051441051],[79.18407687576077,34.401847492333935],[79.17575030577487,34.405727316794405],[79.1605141022261,34.41456198835358],[79.15206579761696,34.42074500018674],[79.14786014563855,34.422410720767864],[79.1395810057981,34.422265525434796],[79.13275499769709,34.42049971852429],[79.12760432712243,34.419587051957976],[79.1221010301557,34.41733156372554],[79.11734655142837,34.41439519050562],[79.10731328769975,34.41009527452474],[79.0890894117278,34.40379181355715],[79.0732093128349,34.39905410055667],[79.06484954564635,34.395328925800136],[79.06302557433749,34.38441179212514],[79.05835833675015,34.375178466952484],[79.05102348472005,34.368128323824436],[79.04487608978636,34.360599469394174],[79.04162657856365,34.35361293515117],[79.0404574052567,34.34449859195233],[79.03785043750953,34.33525339393168],[79.03192367724165,34.32537205195597],[79.02511560955985,34.317788127467786],[79.01899844671235,34.31256987158869],[78.97546879958968,34.3033750527848],[78.9678568987891,34.31656001940037],[78.963160109072,34.31764963594418],[78.95522946661119,34.32531887741971],[78.9471104965415,34.329808344712674],[78.91550794522662,34.35395475824712],[78.90888992714484,34.359050242624434],[78.87787020363764,34.373257876318945],[78.82428202208487,34.39004474014095],[78.81109657194857,34.39765520945878],[78.78546783059501,34.416730869507084],[78.74910051477839,34.44385944647881],[78.73886252105937,34.45350319832494],[78.73541143359915,34.46031048493087],[78.7242747043893,34.47326362535258],[78.7160654721251,34.47993956910978],[78.6823024673687,34.49082755705647],[78.67207044615611,34.49603676485415],[78.66653274470222,34.49887075102561],[78.64595656775676,34.51295626927689],[78.62964685105457,34.530943940206654],[78.62341328697163,34.535469355872614],[78.60676174134699,34.55744395140561],[78.59692060565405,34.56615415257619],[78.56772589179477,34.58625897399176],[78.5550111608078,34.594974101312076],[78.54386649203398,34.59775651627214],[78.52275301818666,34.59720645607178],[78.46787342322857,34.58624506862833],[78.4287791956222,34.585352691335025],[78.42108113213241,34.5857542171479],[78.41070072819613,34.58629359624803],[78.4037292689034,34.58824313808823],[78.39487237083198,34.59633143156387],[78.39251412812051,34.603843228625095],[78.39251878347443,34.61946301145341],[78.3901123624695,34.62677919331803],[78.38390477492749,34.63148739792331],[78.3726896974624,34.63442562483043],[78.31032798138148,34.6387247111097],[78.30899716360982,34.63925748177635],[78.30276837274612,34.642016807884424],[78.28579624566177,34.6446702558741],[78.26972321245364,34.65002010824671],[78.25111653391008,34.662008850283804],[78.24405049995842,34.6806919672499],[78.21680136773438,34.69939413099163],[78.20636414324531,34.71654979378171],[78.20397144836855,34.72211263423545],[78.1935648026196,34.79277043187412],[78.17330709668781,34.84519822029216],[78.16963685559224,34.86397243489699],[78.1772992367074,34.88169763431113],[78.17920272523925,34.89734721527155],[78.16797619732037,34.950626787446915],[78.13453941969416,34.97100044854032],[78.10574026289926,34.98225148671536],[78.09952661344201,34.997031868580294],[78.06738556139557,35.06468187823499],[78.06875379459002,35.07294325386447],[78.07280572853051,35.07783361847385],[78.07344720400685,35.07797831241804],[78.08215413299472,35.08012683541007],[78.10157322498529,35.09384234508762],[78.10872474275577,35.10405187375998],[78.1104586185996,35.11128424788216],[78.10858560447357,35.11761206605689],[78.10048837047843,35.12753133008728],[78.06263998733208,35.15441806649398],[78.0533580438585,35.15815096210206],[78.04395321171496,35.165184664212596],[78.04186854682548,35.16684132718902],[78.02702506068606,35.18439186261806],[78.0159962539689,35.20224803477929],[78.00190805230862,35.23171343075959],[77.99036160102918,35.27229572830744],[77.98606579009818,35.27659753873712],[77.98558943911489,35.27991184661158],[77.97827546932315,35.32681402245078],[77.97584059847289,35.330426255648945],[77.97386235295708,35.34551677319672],[77.97419656443788,35.36094400027063],[77.98093054048081,35.37596464177434],[78.00331610310512,35.39719209858534],[78.00506905577939,35.39878898654768],[78.00844033371946,35.39908577937314],[78.01369146767756,35.4019324335159],[78.0155274232084,35.40493478557037],[78.05265022862605,35.42484107966162],[78.05564234223307,35.42884174722428],[78.06341802206808,35.43012608695578],[78.08117176994284,35.43762490997162],[78.09145695979065,35.4465885413813],[78.09451967741428,35.45467093092989],[78.09352993297001,35.45879382946833],[78.0876988229105,35.466453252499065],[78.07798823103138,35.47130101945568],[78.07141671975346,35.472507589160244],[78.06306852990886,35.47414712824154],[78.00369096402657,35.47217605675789],[77.97431684053956,35.46898479087555],[77.94542202365959,35.461824838677686],[77.9349452590085,35.45539215313034],[77.92821579879859,35.44591955711365],[77.91177491855018,35.42232110604175],[77.90463316490565,35.41663742992286],[77.89393863610238,35.41116723053366],[77.88670234205621,35.4093456247378],[77.87233502603391,35.41062749880243],[77.86311424095047,35.41797595964108],[77.84626243958348,35.44024778035458],[77.83694847524002,35.46478162500516],[77.8350886908491,35.47000364868851],[77.82446281187761,35.485821973644036],[77.819136772579,35.49164655480696],[77.80975906455912,35.49646047144273],[77.79918089025419,35.499428959639864],[77.78103477123734,35.49855212522169],[77.75770034285352,35.49334849294871],[77.73100810339973,35.48487789721583],[77.69493489531057,35.4663054183404],[77.67911239513735,35.46186829512649],[77.67741067117832,35.461758185083085],[77.66428763551946,35.46080319567655],[77.6324904757519,35.463360857248084],[77.60669287059832,35.457931814366795],[77.5889710015091,35.458139310526114],[77.56419216484585,35.461821455872844],[77.53080732386033,35.47519416606831],[77.52832243787321,35.47564332565596],[77.51942595176614,35.4771230368294],[77.45711494163848,35.458283682322296],[77.41056854557996,35.450169504180174],[77.38451143517698,35.449631882941006],[77.37966301401585,35.45083016583856],[77.36689676732745,35.454000624862154],[77.3497643326656,35.46727970861787],[77.3296226996803,35.493945398609206],[77.31684582526856,35.504151677382886],[77.2954109046256,35.51161576763175],[77.27336209411853,35.51532128444192],[77.25801694881176,35.51594136878593],[77.25000692574176,35.51621894208106],[77.20911718634613,35.51416079028198],[77.18549795957225,35.50812633745286],[77.16978282678505,35.50911287090342],[77.15456032527088,35.516700557923905],[77.13092146319552,35.522794107817866],[77.11388160283367,35.53468364221279],[77.1100108492386,35.53730602580376],[77.09076546950867,35.541542004227594],[77.07695619575117,35.54713433732557],[77.06653054805942,35.5555536525221],[77.05640396146653,35.56663839039727],[77.0395157970724,35.57994843056819],[77.01830654773374,35.58408943547119],[76.98139158439305,35.58057161372044],[76.9799342182303,35.580416601100694],[76.95599492700076,35.58214760551836],[76.93632637618701,35.58682147910981],[76.91559564704201,35.59625288986785],[76.8844681938006,35.61864426354968],[76.86887105353854,35.63242814544446],[76.85298051166195,35.642895428706794],[76.83473862556612,35.651510927826145],[76.81283355139433,35.657408709086894],[76.80039295355078,35.65791911169914],[76.7818551614917,35.6566235921619],[76.75915923791439,35.650820298750645],[76.74626174652677,35.64973273114033],[76.73469692356107,35.65415474112701],[76.71812423342482,35.66574848095329],[76.71324797892848,35.671003004232105],[76.65765152088409,35.73047229333661],[76.6481830332651,35.7379838523615],[76.63593499438645,35.74261086282644],[76.61431171640274,35.745114487376526],[76.60083590613635,35.74926290108047],[76.59831646150006,35.750059728398824],[76.57810471937387,35.764682692087746],[76.57263233631546,35.78269941588892],[76.56052497798773,35.79283284597268],[76.5599479822766,35.798731339630834],[76.56235090990434,35.81164845886494],[76.56076344101669,35.83114182187954],[76.5690744134106,35.86105285509652],[76.5723914370502,35.87279201871292],[76.56942326139912,35.8853667907822],[76.55913529562197,35.894355008579225],[76.54906879616127,35.89745314402331],[76.53716731749749,35.8973311659003],[76.51938852112443,35.88699587857588],[76.50456755652424,35.875036116493064],[76.48773602434234,35.866868545886064],[76.46404488808449,35.87192957019712],[76.45728527408947,35.87246162268922],[76.45036142626724,35.86970372796361],[76.43764762120615,35.85498211074766],[76.43057425981566,35.850143650170025],[76.41908814339213,35.84954996990089],[76.38385737571522,35.85259472421763],[76.37529389733311,35.85046312443367],[76.3678700715558,35.84655848856384],[76.35602326502229,35.83453866441528],[76.35012945514995,35.82505109070289],[76.34018776253892,35.816362633786625],[76.33051339632453,35.81284673483694],[76.31958082275429,35.81265316229229],[76.2757712886422,35.82318720199219],[76.26930562351109,35.82294223134346],[76.23085079443406,35.829817924951726],[76.21659591269238,35.830028437898754],[76.20354422349756,35.830153938336025],[76.18992230177726,35.826237398561354],[76.16673912869909,35.81175108859751],[76.15683512169115,35.812533638121664],[76.15065634773573,35.81737105374454],[76.14609840794445,35.833009596334904],[76.14360546092762,35.86504087723881],[76.14571555550931,35.881629839280954],[76.14748998170718,35.89572091747932],[76.14373555530356,35.907090742189474],[76.1365738191537,35.9175500083943],[76.09545370218807,35.954810813524595],[76.08485839984516,35.97113887127521],[76.08002447502612,35.98559725620292],[76.07667278418893,35.98944070663105],[76.07304041591141,35.99340264384148],[76.06133415510804,35.99728344035174],[76.03451627133533,36.00013172665066],[75.98274995882105,35.99696269227729],[75.975938102004,36.00062146407514],[75.969456927635,36.0067779506682],[75.95740467821953,36.02740202423517],[75.94823083162687,36.032908704787104],[75.93357620742168,36.0416498810991],[75.92723776569353,36.048026188450685],[75.91975800680146,36.074125945439874],[75.92437435969033,36.08258861076423],[75.92618616052118,36.09344368629843],[75.91399693401182,36.10398975156453],[75.91762177153579,36.112585079256434],[75.92719990048914,36.113686630526274],[75.94257023525456,36.12204351789474],[75.94199782972726,36.13176464827881],[75.94185601671337,36.133962715526685],[75.94667243561602,36.138564767533396],[75.95777552939994,36.141518595907414],[75.98067337505783,36.141358185966766],[76.0000777946516,36.14537515696711],[75.9966081681864,36.155607032405364],[75.98243253344758,36.16428700046236],[75.98347178016358,36.17625461874981],[75.98162864915157,36.19478268858771],[75.98710735208289,36.199819826818604],[75.9963367662471,36.20612990975965],[75.99830080891601,36.20622990102167],[76.00236952102635,36.206370582181606],[76.02686666708436,36.19811980771657],[76.03473713827694,36.20000894276792],[76.03629694081471,36.20605508773302],[76.03374810130326,36.21604328974819],[76.02321631653147,36.231461544126496],[76.01878124592373,36.23318661338934],[76.01663511823375,36.23722774451045],[76.00588434649383,36.24524733198637],[75.99798379440625,36.25962338533185],[75.9904038825581,36.26766014739595],[75.9727550686389,36.271231795280485],[75.96878596711151,36.27204487707644],[75.96992601753949,36.29138331036714],[75.96356898779041,36.31608129541549],[75.96720863611034,36.32681330322719],[75.98409432255637,36.34816393542048],[76.00558291347353,36.368009770179356],[76.00821541812103,36.3761724450019],[76.00676543014978,36.38298467514043],[76.00585506797758,36.38778762762692],[75.99382855568975,36.4303790435592],[75.98880201933714,36.442617668498585],[75.9660940901226,36.47603585147909],[75.93003236087198,36.52047307306516],[75.92311093827804,36.53347085224268],[75.91560760901471,36.539682950726956],[75.91233615247282,36.54524003898921],[75.91922466086136,36.566873889850896],[75.92434369800739,36.57618342102401],[75.92399717572177,36.58123408122292],[75.91368664459462,36.582466057937395],[75.9098337143717,36.58503804082365],[75.89906620091718,36.60039447698676],[75.85870539608808,36.62625098064947],[75.84344850765386,36.64541382008175],[75.82849027743998,36.65656320921029],[75.81144141802623,36.663329648463716],[75.80985918169587,36.66395671397264],[75.78937294674648,36.679108920497164],[75.75730005840664,36.703031838638154],[75.73852061520395,36.713007417546095],[75.7090989448443,36.72444196500842],[75.6951196118314,36.72981787539912],[75.6803117182126,36.735567868357556],[75.6622743808724,36.741427429346295],[75.64923005580275,36.74700136157467],[75.63300198378613,36.750315439504455],[75.6210422693669,36.75380928722476],[75.59916844651117,36.75628564328609],[75.5682401987698,36.75624572955556],[75.53721045863405,36.7495747277393],[75.52544082466692,36.74423922225455],[75.51148512521341,36.73926809183067],[75.50629625709925,36.73195497997065],[75.50751797755012,36.72675760479614],[75.5148243498645,36.71968591896874],[75.51521926928847,36.718385052273774],[75.5178156047942,36.709703789082184],[75.51042272284828,36.70045824733188],[75.50171607648603,36.70085667156812],[75.47843708239604,36.70897927189077],[75.46796564563948,36.70782875340058],[75.4528841988705,36.69521671452004],[75.44775974539655,36.69406192352877],[75.44464103060326,36.694140580646106],[75.43372639913316,36.69921238141278],[75.42407544452546,36.719681219587926],[75.41516677576824,36.731668589501844],[75.40532240435252,36.75008352339567],[75.3995012321422,36.7738668773132],[75.40134436640544,36.79229427991718],[75.40680434912143,36.8129994847652],[75.40070668906836,36.831355536567244],[75.39653113095305,36.853253991003925],[75.3961818453439,36.85503198113517],[75.39155506656729,36.860984979493324],[75.3765731958325,36.87112308461882],[75.3676799157541,36.887495109451365],[75.36887067043983,36.89467899183415],[75.37390071678338,36.901493617288466],[75.38330423404787,36.90629838627086],[75.38888400989892,36.91203471731984],[75.38741958889791,36.91661545919556],[75.38225009229915,36.92316366967016],[75.37068808038184,36.92759115138826],[75.35453612785537,36.93260382959755],[75.33999271755907,36.936302938347126],[75.27944754189954,36.94880066966168],[75.24982173602272,36.94795502233011],[75.23570588116893,36.94919118141439],[75.21004968605605,36.94930606987802],[75.19016400092218,36.94997755965358],[75.16359259925923,36.96051661816529],[75.14459564103699,36.965849250374035],[75.14214859132643,36.97699534635802],[75.14251033881203,36.985008247458396],[75.13414532165537,36.99246541660383],[75.12524053210971,36.996806602340605],[75.09590512760728,36.9946379144101],[75.06437829676307,36.9902995985401],[75.04466155137106,36.9823180320136],[75.02562626684762,36.99134025634947],[75.01808432125871,36.992280463706635],[75.00348796071164,36.98821746583054],[74.99542408882763,36.984830537403504],[74.98577135120217,36.97769321630153],[74.97821661080712,36.96920692306684],[74.97272588781189,36.96300150176163],[74.93709023241024,36.93778091007307],[74.93654218141369,36.93736555432025],[74.90985537748145,36.91602363059406],[74.90069676898986,36.91123710860955],[74.87807797672735,36.91906962684478],[74.86629598932521,36.92753308930544],[74.82945832784482,36.964495494346345],[74.82587636152094,36.971259127051646],[74.81294611087453,36.99632781696615],[74.81271624043228,37.03276052600051],[74.80976563611408,37.03884144572394],[74.80595649192033,37.03938990033505],[74.79949512648702,37.03676043161843],[74.77404219067891,37.02176217259463],[74.76069428274715,37.00845867582464],[74.75568231315674,37.00609281055273],[74.74718338159731,37.002019524324915],[74.72712454109872,36.99786964899466],[74.71996789055932,36.99842219244195],[74.70744870698793,37.00127992403077],[74.6829459080549,37.024117978489805],[74.668485765507,37.06243610475319],[74.6609185464132,37.07128786899846],[74.65571818255748,37.07288631374949],[74.65449834316924,37.073235873294685],[74.62171714683238,37.07000924058585],[74.59752656220529,37.065090413818766],[74.58997131367114,37.05900041983264],[74.58901577282636,37.053158162711384],[74.59372801182828,37.03640464878737],[74.58910062642508,37.02609574612098],[74.58158891732462,37.02020176791106],[74.54931329449809,37.01053799559899],[74.53013423994258,37.00685517126819],[74.50728016983257,37.00542362275549],[74.50246130534214,37.00841896499656],[74.49131148261016,37.02972491590854],[74.4805078590511,37.05046425653942],[74.46401305100987,37.06930902818024],[74.43280825462398,37.08604870945501],[74.41052892270606,37.09157102815319],[74.4096909692313,37.099116461074836],[74.42621056771357,37.107564908497565],[74.43028290673087,37.115408628339964],[74.43413512442842,37.12291643361102],[74.46117355007279,37.14016410273417],[74.47172245201952,37.151497076948765],[74.47112971414921,37.15555275112949],[74.45607295505756,37.160094117454925],[74.45059826421307,37.16348656641148],[74.44713637743439,37.17158817112705],[74.44997245853068,37.178372409130034],[74.45809522949389,37.1889105969561],[74.46580792875328,37.19317871352194],[74.46982638518345,37.199136910148546],[74.46960647901562,37.20664942627861],[74.46679620809418,37.209682737195656],[74.46395078079115,37.21280066365829],[74.46633144515506,37.21778800455438],[74.47579699950097,37.21548667498153],[74.48521610125314,37.215041598693716],[74.50953311043746,37.22093759114328],[74.52004612936497,37.21870824738143],[74.53926208554387,37.21164693112414],[74.54942456277122,37.21026213876379],[74.55764133353014,37.21156649227473],[74.57281776803863,37.219276678069114],[74.59145594084845,37.22411173326397],[74.60248042704104,37.22237707745771],[74.60430746118058,37.22143159955636],[74.61508594352007,37.215619260488005],[74.62771313527043,37.212601286047004],[74.63738477168035,37.21444908603133],[74.67069264297189,37.24346250415108],[74.6820141000468,37.248609908715366],[74.69754886072484,37.25284158150811],[74.72466196591111,37.251635233517774],[74.73879514358296,37.24580559852901],[74.74256065771525,37.24421891222581],[74.75481551820356,37.23446887506395],[74.75900482223803,37.228320015515465],[74.76640038431415,37.20961855957588],[74.77303011990386,37.202767929177135],[74.79234628875838,37.19476649754127],[74.80444979481052,37.193283619672926],[74.82250148274603,37.19719082709606],[74.85091250479962,37.2065480492188],[74.85618248182726,37.21214236888665],[74.87607935640088,37.21211066332153],[74.8871701279544,37.21606088651544],[74.89086508639717,37.22406328870801],[74.8920877448953,37.23490764322536],[74.89119381071626,37.24093816931463],[74.89029973624729,37.24696868724613],[74.89192314048273,37.25240716912312],[74.89969211763058,37.2598271447687],[74.91242395799235,37.26595016700637],[74.92582514217047,37.26747852102923],[74.97760985982283,37.26743947045385],[74.981945296687,37.26738577732021],[75.01037403729737,37.27884528720874],[75.02111077590598,37.28577031987352],[75.02205749107065,37.28609586419655],[75.03519129829338,37.29006351646508],[75.06483588689352,37.293505889579],[75.07980279786267,37.29353465457383],[75.09386927158793,37.29697757886273],[75.10210763094686,37.30328195964851],[75.0935448730254,37.31824965925016],[75.08822147406157,37.322821348944096],[75.08212992340627,37.3319603065643],[75.07840151023288,37.34829778075123],[75.0789525868076,37.35197580741134],[75.08322357854907,37.35535162792792],[75.1094375205858,37.375652001244426],[75.11386805082694,37.38279437329164],[75.11465922056041,37.390632585475224],[75.11195064405936,37.40059955366342],[75.11395851277128,37.407802542521516],[75.11131085071098,37.414055243462485],[75.09598051497376,37.42970426368685],[75.08909774821906,37.4410763948491],[75.08321591186348,37.447005481849175],[75.06652012036037,37.45709866162604],[75.05997734092414,37.46109415681716],[75.03914300949587,37.48966363814614],[75.03969926487356,37.49362308362739],[75.03262848671514,37.50364407775609],[75.01602030822346,37.51021280186417],[74.99709999315186,37.524234949776535],[74.9890684193241,37.52683867289581],[74.98213983488363,37.5249553285178],[74.98070587180509,37.52050013610782],[74.9843537033073,37.50236642633465],[74.98260329360944,37.49662113113315],[74.97708673940222,37.49452314448414],[74.95731171315427,37.50767775388594],[74.94130686934344,37.510375241336334],[74.93504003983315,37.51602057765602],[74.93181608890002,37.52157295047052],[74.92024158742447,37.528434330587494],[74.91129889500932,37.52913097270955],[74.90498387578337,37.53252485177768],[74.9017751489485,37.544518312154395],[74.90223119747053,37.57317874303142],[74.90173420509348,37.575575731869556],[74.90013780308134,37.58479337583187],[74.88628920785672,37.60779737825959],[74.8835849790014,37.61618370775779],[74.87336227544778,37.63382741017527],[74.87271377574972,37.64159910527311],[74.87721602556128,37.65091505970308],[74.89010659436634,37.66004928789678],[74.89276223353721,37.67506873781657],[74.89988110875588,37.684184694593526],[74.90420863032651,37.68804430361811],[74.9048312223848,37.68829018479673],[74.91847119753126,37.6944309130842],[74.93951965644855,37.71814823536018],[74.97164841341443,37.73897006636401],[74.97279745830633,37.74354149874032],[74.96985030341298,37.755786889122966],[74.96162047622151,37.76944694805406],[74.95062854639521,37.77804796014054],[74.94200303486458,37.77967099513847],[74.9409175802945,37.779965349017566],[74.93371877821397,37.778391770427504],[74.92424361612719,37.781205282709486],[74.89845441231593,37.8017637779025],[74.88968451489745,37.80549479732928],[74.88395459945379,37.812115841621],[74.88179330694207,37.818864309062754],[74.88452387601677,37.82634401447258],[74.90534276363805,37.851870766414976],[74.906709109048,37.85649655800899],[74.90215270539,37.867324508296015],[74.8983346773755,37.87133570549957],[74.89109084635912,37.878987483840326],[74.8851854300933,37.88808626579417],[74.88464031283468,37.89560386276791],[74.88830401749243,37.904057458622844],[74.88947877728661,37.91563437359752],[74.8854484305238,37.94431976107323],[74.88987648518344,37.96742164736231],[74.89054924230209,37.984940496976414],[74.88573151017852,37.99225442570436],[74.87967183342448,38.00141107806097],[74.87294930027683,38.006580174613156],[74.86392266891308,38.00586725015943],[74.85681338372427,38.00049012595148],[74.85057434794197,37.99859126411565],[74.84080841171206,38.00114841816232],[74.83609237662036,38.00643374560063],[74.82950973861021,38.01919476977935],[74.82546161439868,38.038735572978936],[74.82218102059406,38.04287919659882],[74.80615241966026,38.05062275458756],[74.79856241482524,38.05875128015852],[74.79486788544625,38.068300180682506],[74.7931549354888,38.07245422131961],[74.78685612814505,38.097419711050286],[74.77355121652069,38.12319120476362],[74.76129622947137,38.161075742793656],[74.77611488660135,38.1877579614402],[74.77763841863802,38.201105169855666],[74.77139992490977,38.21414116545688],[74.76844390034323,38.232740789389304],[74.75507656820544,38.24039336542544],[74.75210921784019,38.2443350434631],[74.76584843852682,38.255162834808594],[74.77055014456445,38.26611348239791],[74.76811062509098,38.274945300408916],[74.75536495228641,38.29927494743486],[74.75359435100354,38.3026696058164],[74.75219021960169,38.31016802914219],[74.7542787337371,38.32038711373321],[74.76284213183625,38.329947335763315],[74.77405158137955,38.335765180322895],[74.78530601184912,38.3379522048743],[74.79986493971748,38.33450370944824],[74.81068336807407,38.33686203243651],[74.82428625145634,38.3468977801548],[74.82541438084937,38.35034595242979],[74.83784089897881,38.36382578565636],[74.8444385265308,38.3790578446051],[74.84446008807407,38.38018301675547],[74.84412845662492,38.38775512534723],[74.83823635555498,38.403773541806544],[74.83550764869304,38.42420213470309],[74.83638733705176,38.44532234356985],[74.84187170513957,38.46532234374811],[74.84210890266876,38.473873085860376],[74.83696661384273,38.47952933946558],[74.83377873296877,38.479874163842794],[74.82327537811864,38.47199933725003],[74.82042950732557,38.46710676792137],[74.81650941412856,38.463632698124336],[74.81303747922308,38.46054753110193],[74.79473634835652,38.45945163011187],[74.78444781694999,38.46487966549808],[74.77046838456812,38.489478416044925],[74.75492356363944,38.5010932153775],[74.7431072840232,38.503720273798244],[74.73168305543666,38.50364114870682],[74.69330465372181,38.497445716125185],[74.68849905377135,38.49991322551215],[74.68635030227476,38.50097557801524],[74.67643848078268,38.51424108920073],[74.66631559363204,38.523906510057756],[74.63133729871029,38.54168735922391],[74.61847398991145,38.552922462008866],[74.60547215861907,38.55805201027067],[74.58425445798461,38.5597664816174],[74.56856562456232,38.56488859514918],[74.56171854926443,38.56900157944128],[74.55505234971066,38.572971910652825],[74.52409626396211,38.572849288650914],[74.51271161511467,38.57612656062283],[74.50170918769213,38.58547699587863],[74.4888323704879,38.60015995641059],[74.48087854139591,38.60455924262596],[74.46237294981822,38.604120700003236],[74.44726378076432,38.6072255304781],[74.43016217781548,38.60460455316209],[74.42129692779821,38.60447739958272],[74.41434547421541,38.60444729470225],[74.3825962922635,38.6177457122159],[74.37903728804041,38.621261380441766],[74.3562001922704,38.62759265745049],[74.33974265946992,38.629512955971464],[74.32251389754285,38.628622968897794],[74.3180060213619,38.63003342448044],[74.2694853891491,38.62420365663125],[74.2612333112358,38.62318913712005],[74.2339069869744,38.62708027666898],[74.21904177533642,38.63358923572979],[74.21174339469947,38.63234046618352],[74.20198047188919,38.627673820676456],[74.1922992585581,38.62714193359736],[74.1668031116983,38.641389871420834],[74.14479629333678,38.644808730883575],[74.1195763439015,38.64340208351921],[74.10779391924014,38.64262210346537],[74.09822915758205,38.63893126215385],[74.08559323383972,38.62521130577102],[74.08365628022315,38.61452984156132],[74.08619468927112,38.60253084047423],[74.08624072855382,38.59150150267976],[74.08008553775043,38.581826851275935],[74.04556619949597,38.544018780499904],[74.04456458673445,38.54292644047808],[74.04194155512013,38.532726363028594],[74.04289471010259,38.52819201618834],[74.05654009828623,38.51307248592654],[74.0497282403586,38.50697305341968],[74.04383708829634,38.50531400452183],[74.02555670414242,38.50664024036937],[73.99317142535747,38.51267040170083],[73.9738788868825,38.506903951236914],[73.95316252640161,38.501900225929134],[73.92343903963733,38.50567894527021],[73.89819819068634,38.510109188585176],[73.8885149062954,38.51788224436218],[73.87414101325459,38.53945737777151],[73.8656246497322,38.54677443780732],[73.85631985414891,38.55164594132541],[73.83755165577499,38.553762943827394],[73.81624743448334,38.55608209619108],[73.8068988934449,38.56047186873962],[73.78636632077938,38.570380104630516],[73.76321145519202,38.57896988139056],[73.75467710619544,38.585717006020424],[73.75455309441156,38.59055656050578],[73.759865584831,38.59414368942245],[73.77277390311757,38.5943053103687],[73.77809180121115,38.59873573127353],[73.77842892792918,38.59994458950587],[73.78015825425986,38.607311108283724],[73.77607596360485,38.62192489081694],[73.76658771440512,38.63742574277127],[73.75917408708268,38.64895330224307],[73.74220431593099,38.663881487644126],[73.73056633244234,38.6954229742047],[73.72675138159315,38.70710884969605],[73.72770088903953,38.72196258434055],[73.72907939263347,38.74207692870688],[73.72930423036901,38.75122084831414],[73.72709524128248,38.760033094826035],[73.71718398191376,38.77786756891019],[73.71438506324364,38.78718755497936],[73.71023076735045,38.807596817222965],[73.7059040989975,38.813628133119536],[73.70001233103005,38.81589234808791],[73.68764173942817,38.82149045580865],[73.6784460563358,38.82826270663128],[73.67472913697853,38.84053840248799],[73.67952142594521,38.85898722900037],[73.696303523226,38.88438871297926],[73.72122293579736,38.91054640536903],[73.73482009052276,38.911874671902645],[73.76278591233233,38.914025074576266],[73.79398161598922,38.91210792246461],[73.8059584432628,38.91426692932068],[73.80854815473533,38.91510320547352],[73.81306832104855,38.91773437307289],[73.81833220876084,38.92120723110247],[73.81974471209739,38.929335022520185],[73.82052649719007,38.93693017288628],[73.81820227411423,38.950585107701045],[73.81158866462039,38.963915702739214],[73.80080818839185,38.97948165508802],[73.7986404364942,38.98877433565309],[73.79533100964889,38.99899902821824],[73.79237553639125,39.00640861688772],[73.77998055049908,39.01201614642352],[73.77176385914389,39.01051959996695],[73.75992298706814,39.00886345333062],[73.74298708438566,39.00077518829339],[73.72926317554393,38.999205446546334],[73.71734054493024,39.0037083104492],[73.71192475632009,39.01705944538159],[73.7019505917472,39.02870411485278],[73.69118903941468,39.03846434402468],[73.6839700029778,39.0465841936162],[73.68260888268861,39.05823738725502],[73.6829931236496,39.0811998167717],[73.67828576431883,39.08920170816288],[73.67074144610208,39.10117710791474],[73.66870707206613,39.111818726030826],[73.66366229176603,39.129952021581],[73.65429517882976,39.14156438758524],[73.64568685684463,39.14830614537186],[73.62953238745459,39.159337838925666],[73.620214638476,39.16571329311195],[73.60787309155405,39.190920307478216],[73.59604573437193,39.20360196911102],[73.58809353018731,39.21078949720828],[73.57089333258229,39.212275013399804],[73.55397983304529,39.20942384412037],[73.536969147772,39.213296838479266],[73.5305365276346,39.223772216522036],[73.5295130898357,39.23204738918219],[73.53583176529305,39.239358969137925],[73.547226134455,39.24297826455399],[73.56285847296543,39.25019418239708],[73.57049727657852,39.264679404885605],[73.57706879001252,39.28161423586253],[73.58530830946283,39.29643583759213],[73.60549186806693,39.306286352824216],[73.62702014134986,39.31703222099216],[73.63980815190891,39.333081504506715],[73.64165079531114,39.351260372655865],[73.6415432948441,39.3637010677432],[73.63002261831366,39.398031253955],[73.62517494411142,39.41706653380624],[73.62301123890171,39.42683709804399],[73.62970196726593,39.437887989058254],[73.63639331860243,39.43703222374651],[73.68643367491539,39.43985225416908],[73.73711323248214,39.4315562597583],[73.76187639874375,39.43098541492709],[73.79300630942072,39.431995761451546],[73.81400714381367,39.436942822697716],[73.82586804695326,39.44298550607619],[73.83544244739456,39.45201825355865],[73.84243925663645,39.471276640118155],[73.85174842045663,39.502912506019356],[73.85562233393209,39.509401734790366],[73.86152445706169,39.51864249439355],[73.88141715629915,39.53762932468427],[73.89877457400488,39.55476500062318],[73.9094010131204,39.56713895386402],[73.91274106210365,39.576021594306525],[73.9100606619815,39.59249984728856],[73.89348662728442,39.660716284747316],[73.88627865792235,39.68759990948894],[73.88124425900786,39.69947037163258],[73.87263253986622,39.706708198206464],[73.8625083841234,39.7111354260435],[73.84968788060279,39.71433222529344],[73.82383982500562,39.71776663367553],[73.8167313312848,39.72153325123133],[73.80596465980872,39.732264453465845],[73.8021836920721,39.74407212825062],[73.80368692926547,39.75259819405819],[73.8117812907098,39.77081742638213],[73.81622670148177,39.784008113259674],[73.82329109703873,39.79747210593007],[73.8327497287041,39.81087185547144],[73.84925436542348,39.82666901763498],[73.86551212348073,39.83190677392414],[73.88337632393453,39.83660178229489],[73.88914557748573,39.843929480785],[73.89030000291548,39.85442744166049],[73.88494005397516,39.869595048141456],[73.8812457731798,39.882363315395715],[73.8826391990658,39.889453819419415],[73.89694366742081,39.90778808125655],[73.93133739378716,39.94409202341763],[73.9427072102166,39.96263090552151],[73.95199677191363,39.97278632868993],[73.94338875750992,39.97881947945635],[73.92080963942215,39.98544225487836],[73.9160718642616,39.988304695832525],[73.91355464219956,39.99265091213856],[73.91530024320222,39.995798053193624],[73.92083781513473,39.99997237422868],[73.96286878172373,40.01312154488621],[73.98134815076426,40.02768561579667],[73.98669486173193,40.04005281168973],[73.99150803687412,40.04648036058546],[73.99890074556191,40.05644449959356],[74.00914324508535,40.0615797706102],[74.01573441543482,40.06047938841964],[74.04606416513874,40.04664962869137],[74.05348929083176,40.046782382487116],[74.06922188704831,40.05335024434685],[74.07635958388136,40.05069520898321],[74.08079076720935,40.05140480959271],[74.08381396486602,40.05392380710735],[74.0865412906181,40.064892633998866],[74.09405869835308,40.074597515426404],[74.10089677578506,40.07580079406102],[74.11290308674181,40.0722731413442],[74.11612637999323,40.072030538471815],[74.1200236448291,40.0716715645808],[74.13487614891152,40.07913765914317],[74.14967994876753,40.081533262845404],[74.16650983134011,40.09106868652708],[74.17784646517644,40.09167871393297],[74.19944070675618,40.09712666673154],[74.21230575087094,40.093331193267474],[74.22145814494742,40.09986488551591],[74.2258936088755,40.10056959792637],[74.23340532439155,40.09790355626564],[74.23910856723273,40.09133397087118],[74.24474290572125,40.07885058215097],[74.24842148062862,40.07581379102421],[74.25652123923719,40.06917189017349],[74.27722558361808,40.078696125532524],[74.28549688134719,40.07714857756163],[74.3042685923556,40.06018113039381],[74.31109281889219,40.05706479013563],[74.33440942766009,40.07413748006804],[74.35391962945056,40.08326383110513],[74.3668936442766,40.09426580513919],[74.37287165906989,40.098052170093595],[74.38255946980814,40.10423282502109],[74.39348592293568,40.10753089538081],[74.41097487910565,40.11587568449193],[74.42283433043535,40.12398018333276],[74.430098104614,40.136118758459006],[74.44097359123009,40.145947453428185],[74.45339825787461,40.15362255141225],[74.45980586865223,40.16573849882639],[74.46394899823875,40.1691695454846],[74.46871825572649,40.17172231385839],[74.48324803382934,40.173913802766926],[74.49151557846837,40.17674691687917],[74.49427016952204,40.17759730232281],[74.50225830752342,40.18429069500813],[74.51312250751359,40.199719000282],[74.52659996560622,40.21371615168569],[74.53016075044232,40.22289616663024],[74.54017284033301,40.235964129544925],[74.54783619665994,40.24285514860945],[74.55641201865676,40.24790695229894],[74.59577561990088,40.25248667033453],[74.60463951740554,40.25189932131606],[74.60539139187335,40.251892479605225],[74.61590412123886,40.24188149951538],[74.63415106393643,40.24269849705757],[74.64367193498171,40.238806821329646],[74.65087135698812,40.23772496043007],[74.6553382399767,40.23954169733625],[74.65803675318423,40.24345948330939],[74.6536498972033,40.264007065906554],[74.65477030593038,40.270165217323346],[74.66330614494679,40.2788443222291],[74.66837207559551,40.286880203299205],[74.6708818554096,40.30150384089566],[74.66532708350036,40.315416194467836],[74.67405420200042,40.31955792810954],[74.69465088587755,40.320175103248616],[74.7113346198654,40.322940574511115],[74.74159779118963,40.319031683867266],[74.76070098585069,40.32432979899442],[74.77262898951521,40.32417848266535],[74.78942907552735,40.3169607501266],[74.80659327469513,40.30534257481826],[74.81220001843856,40.299479958941724],[74.81331768717679,40.29890463807606],[74.82901012056358,40.291327550487836],[74.8337503442684,40.2913325933882],[74.84277422503095,40.30067119340739],[74.84896734159065,40.30373031539462],[74.87017987720357,40.310820373814735],[74.87870969657277,40.31957066633898],[74.87273044659042,40.32544042127337],[74.84102962689957,40.34221280204471],[74.82982743622753,40.35272927857474],[74.82381540460888,40.36307647516152],[74.82046386003111,40.36891573403691],[74.77531047735741,40.403141911909884],[74.75964719916706,40.41998151516363],[74.75960144375152,40.423616235154725],[74.7622913183956,40.426405871404],[74.78239730767899,40.42735274785703],[74.79175337825963,40.43976359684656],[74.79392523531243,40.452897704481956],[74.79558438335968,40.46282554015032],[74.7912846419832,40.47470378909634],[74.78825988129623,40.47828543733842],[74.79351362781627,40.494768728457636],[74.79829528434333,40.49824024032005],[74.80495466542995,40.49729643546007],[74.81061949371771,40.49368627432105],[74.82146092089172,40.49055579763727],[74.87065857425101,40.468381098162155],[74.88843514503296,40.465393362398714],[74.89463566374502,40.464337464493084],[74.89680576805638,40.45980510185081],[74.89593394433622,40.457730069642984],[74.90468848428655,40.44886883344719],[74.9356245325067,40.43366623618572],[74.95754223996694,40.43051540451741],[74.96881698974622,40.43060654736169],[74.97365473714142,40.43067788581263],[74.98145459373085,40.43168991115162],[74.98863254890257,40.43244918004926],[74.99518031315854,40.4284824776003],[75.00261366141498,40.424819718278656],[75.01715035262282,40.41818159951811],[75.02477076492254,40.41911997525912],[75.03682738803751,40.423353520247716],[75.04732240784246,40.41741953577622],[75.05657025169326,40.41474029453029],[75.06764488585888,40.41454482967837],[75.07810656287003,40.41754264273139],[75.09040080362749,40.422510948632166],[75.109253617798,40.42936858943845],[75.14010252137308,40.42372604782329],[75.15632231855356,40.41483407640326],[75.16467658246526,40.41277887254068],[75.17434897464918,40.41383276734671],[75.18984235771929,40.41559617802158],[75.1996912550186,40.41920968692059],[75.2087344087207,40.42832753414192],[75.2217972513525,40.436797894923835],[75.23023890497844,40.45183957688762],[75.23560044220349,40.45365304108601],[75.26019243403566,40.4554790223953],[75.26615326470582,40.46303068981177],[75.2718176335851,40.475179071758824],[75.28811327120857,40.48700704926303],[75.29074631986045,40.488181047676896],[75.29883087695535,40.491559196095025],[75.31894717878036,40.493354073305255],[75.32849630186543,40.50071035771408],[75.34418652144693,40.517612720706396],[75.35530291088361,40.52691676146849],[75.36070306235841,40.52985194207211],[75.38076029376909,40.52760897116237],[75.3891422529151,40.53328801205462],[75.41614506988051,40.555788933398716],[75.41950539184897,40.558527471582465],[75.42379270144511,40.5647460387999],[75.42622274664141,40.5775307069226],[75.43098774432475,40.58320645306603],[75.44095350127543,40.585702164691284],[75.4571550113564,40.5963573404084],[75.47939719712024,40.6000116232815],[75.48841543412655,40.603589606753694],[75.50435003791293,40.616413537484696],[75.52604909441405,40.623196974111025],[75.53118052485591,40.626806350823884],[75.53767907353759,40.62802618133089],[75.56371900478531,40.63309888063905],[75.56728096198114,40.63084240367179],[75.58328323409087,40.59704290418752],[75.59015193654592,40.58920771349433],[75.59192925833499,40.53870679730073],[75.5937262940034,40.533153765519735],[75.59720553973894,40.522021440728885],[75.60893962327886,40.50057887186369],[75.6119495689172,40.481507987910724],[75.61972228642632,40.47658737730961],[75.64834968717058,40.47162313246366],[75.6906389417497,40.45982276734617],[75.69306628893106,40.453017912857035],[75.68769345357741,40.433048531562164],[75.6865544106661,40.41218900903404],[75.68044072200199,40.407053861626494],[75.66215352686245,40.4030292380964],[75.6525489080486,40.39578307881537],[75.64782653961123,40.38304350394038],[75.64071238904984,40.375810606560066],[75.61970228603744,40.36359940509748],[75.61426290354812,40.35805577613831],[75.61627904716129,40.35497905516829],[75.6183651999033,40.351732084190104],[75.63208436547541,40.345950342606294],[75.6375212720133,40.342730882692585],[75.64081445275572,40.3383642946515],[75.63232435789149,40.32904163626741],[75.63584467629715,40.32472772993707],[75.65432654863305,40.31613002471086],[75.66142309874684,40.31068367707715],[75.65883242032831,40.29126012370506],[75.66981038750994,40.27878808985565],[75.67118402546843,40.27453848325693],[75.66841384641772,40.2688670868068],[75.66504092182245,40.26314968306279],[75.66646719187722,40.25816679942059],[75.67154705006108,40.2521631426013],[75.69402000144679,40.263775444511715],[75.7119253965975,40.26985786836103],[75.72991105741478,40.2736263004108],[75.75091205201502,40.27398592218565],[75.76432446313902,40.282846104624326],[75.77651940526538,40.2946852833526],[75.78492069756615,40.30546522384307],[75.78931946783601,40.31113320709416],[75.79688234994669,40.31454597022854],[75.80038873795984,40.31358059027693],[75.8012434738304,40.30632411727118],[75.80953666787615,40.286056270413376],[75.81608929626647,40.28280899111192],[75.82944820652952,40.28177455088124],[75.85691579648044,40.28304034445455],[75.86679903382672,40.280460898188686],[75.87207869476396,40.276361203700226],[75.88346661357096,40.26155283970635],[75.8900299822303,40.26100634557615],[75.89422236858263,40.26597021325051],[75.89491764732115,40.26761932810443],[75.89723459387264,40.273830140063986],[75.8934064150539,40.292976883279344],[75.89406243965769,40.30234676258182],[75.90179896467318,40.312963142023726],[75.91988733589658,40.32901696687151],[75.93172961918319,40.3460622341598],[75.93840970162134,40.351963644716015],[75.94650853460398,40.35530144981425],[75.97659042806043,40.35508345593012],[75.98182440570226,40.3550656209937],[75.99521910983226,40.35793038302774],[76.04064330399103,40.379063811050074],[76.0625506276384,40.38273745272014],[76.0783939451373,40.3801905579047],[76.09235820494992,40.37367874421352],[76.09747948329438,40.37363044584203],[76.12607689849057,40.36261625969891],[76.12960523336733,40.36127522754774],[76.14449547935578,40.35859910846822],[76.15943464726709,40.35825908877248],[76.1723543821585,40.36229938693336],[76.19227449293315,40.37210801881369],[76.23048934172176,40.40781454236139],[76.24662630839076,40.425503080453566],[76.24957841540767,40.42775021244675],[76.26092123843625,40.43635371813788],[76.26479004103726,40.43694613008443],[76.27463131553542,40.43599934863898],[76.28152135857802,40.43094542214715],[76.28440826279464,40.422850584312926],[76.28606094217164,40.397733237464834],[76.29410557522593,40.37712603369137],[76.29680935295265,40.34629425073167],[76.30226819796731,40.33766397922366],[76.3038666794964,40.33523352871915],[76.31226538825668,40.338147888180394],[76.33646717964105,40.35773112899402],[76.34970384338895,40.362846145064424],[76.38283186775705,40.37168198645771],[76.38724553694236,40.37090568821524],[76.41191751764825,40.37820673886766],[76.42462736740326,40.38403107639186],[76.43097240922067,40.38805621699614],[76.43439868213177,40.3934728463297],[76.43711608473802,40.396313012077115],[76.44777034222058,40.40697365885322],[76.46867785102245,40.419368216137954],[76.4933808530881,40.438463029575274],[76.49949427492945,40.44931121649933],[76.50062431371994,40.47698996340901],[76.50526357507988,40.49838616589335],[76.50674385744762,40.5021563814467],[76.51008357982644,40.51061802040779],[76.54707343067527,40.54675050930992],[76.56037851775264,40.56458561335613],[76.57105309285903,40.57560504242896],[76.58569748983021,40.58573885737194],[76.60967435983318,40.597477173070736],[76.61206906206009,40.59865931230066],[76.6182259607633,40.606346197469065],[76.61730301222131,40.61460010061157],[76.6185283023192,40.6184041064754],[76.61088272618625,40.63976101582358],[76.61052776237551,40.650651290283285],[76.61870128715279,40.66454819117536],[76.61885247913034,40.672297200237956],[76.61630847859959,40.682423587333915],[76.60453124317337,40.70379724360757],[76.6006043613901,40.71612794134177],[76.605468882987,40.733010697251714],[76.61640453545678,40.740639616471],[76.62289934988854,40.749701072290776],[76.64711408755824,40.76630801228843],[76.70880484216976,40.80328393217686],[76.7182326124906,40.80692343323154],[76.75283748254982,40.82105295229666],[76.75842269173852,40.82711498430123],[76.76022352408317,40.83578252100564],[76.74648752292009,40.89354340514252],[76.74637112749623,40.90011696057868],[76.7489304869898,40.90876625235598],[76.75721818472583,40.93633470599694],[76.76486600304867,40.941640249923076],[76.77711325120484,40.94702582397715],[76.80368279288209,40.959827591422304],[76.81991152440403,40.98197288149624],[76.8249179931448,40.98827424017177],[76.83511418833828,40.99664120154932],[76.84394950930464,40.99866860547628],[76.85854516191708,41.00195570919568],[76.88256581761804,40.9988456394179],[76.91839818912906,41.014570036373605],[76.9409116998214,41.018738244919675],[76.95849981049612,41.02396563731561],[76.98675496077195,41.02881842360559],[76.99840099924725,41.032931795508816],[76.99970305134885,41.03312215736995],[77.01837973589517,41.03560445186315],[77.04195448004624,41.031067215975334],[77.07018283473444,41.0105922479499],[77.08314174798507,40.99807290942958],[77.10001279936523,40.9872533481623],[77.11806685855018,40.97924452847525],[77.15876163892369,40.97485816771557],[77.22790280501255,40.97681584933404],[77.24718077103736,40.97586714833341],[77.27300430159232,40.98015642595205],[77.2994272468974,40.98584600379481],[77.32070704933709,40.99297652935042],[77.39478864118522,40.99767095968911],[77.4117586699801,40.99871040653331],[77.42012637409722,40.997441503104746],[77.43273133156805,40.991698880698976],[77.43859313806763,40.97950291481228],[77.43928738367016,40.979002198911815],[77.44156752421559,40.97763506326444],[77.47714147761653,40.97643328168553],[77.49445561824685,40.970116640690634],[77.50492982432496,40.96855152609355],[77.52100476771174,40.96929415640598],[77.54197268257683,40.972562137765735],[77.56944920057495,40.980644041259396],[77.58847047185643,40.98895961117158],[77.59716193797097,40.989418337843084],[77.61502795529961,40.984873717569826],[77.6288367712021,40.98547087595959],[77.6585017079415,40.98483890001435],[77.66440519340576,40.990263586920385],[77.670078591526,40.99628796550309],[77.67872217651978,41.001087833224645],[77.69361901109471,41.00489491665842],[77.69916211445711,41.005420704413524],[77.72304549906188,40.99917077260498],[77.731260815078,40.99989021187086],[77.74022124312418,41.00354729225896],[77.74661430582704,41.01259238243598],[77.76478305207968,41.02788215983211],[77.78158505143413,41.03780546858907],[77.80414086196234,41.04766528907075],[77.82229731444548,41.04809440603846],[77.84939086480267,41.05012688966087],[77.8579222646049,41.04905042432618],[77.87567557372279,41.04018493407806],[77.88499543747945,41.038346423585466],[77.89490066932366,41.03922453430782],[77.90930381642254,41.04271446913249],[77.91403306096022,41.0453754563484],[77.92493225556564,41.04692300971943],[77.95525172443203,41.05485904755611],[77.96014920077927,41.05347738493393],[77.97068769730768,41.0492808814546],[77.97887749779942,41.04424720639735],[77.9999457074484,41.02646583060116],[78.01004133466918,41.02243329872165],[78.01910282090849,41.01599452296603],[78.031612914148,41.009999076774655],[78.0389530350937,41.013015852269],[78.04306979314384,41.0245262344922],[78.0499885362516,41.028657829847184],[78.06021645299482,41.028016627978786],[78.0660235916414,41.03080373126284],[78.07956558281457,41.04150177468778],[78.08109097735353,41.04274608766603],[78.09005963180242,41.04674701764416],[78.10244580282983,41.051067102227044],[78.11564305923943,41.05020859326749],[78.12715044468953,41.05154393297116],[78.13724728294945,41.05398810724325],[78.14561246579396,41.0533222283858],[78.15315474514014,41.05054045731161],[78.16232190574358,41.05633579538893],[78.16796956871295,41.06880472195309],[78.16999810145263,41.08061357291564],[78.17859892775105,41.09452865242877],[78.18534522410954,41.109724040389246],[78.1880639934798,41.115750674299726],[78.23207199626543,41.1689425913507],[78.23171664010039,41.17220162034124],[78.24441013165132,41.19056707162131],[78.2687556536184,41.210876818416374],[78.27409425416288,41.21429444909076],[78.29966112190378,41.23040511067308],[78.30556033672933,41.231344969076844],[78.31419348428867,41.23830954303414],[78.33530991358593,41.236369784662834],[78.3481091517329,41.23835373558216],[78.3575331172299,41.24844455883669],[78.35829063496809,41.255078995012624],[78.3565828240375,41.263612265639246],[78.36004969769401,41.27135980914914],[78.37651820650602,41.2844657483876],[78.38000119399496,41.291845460474704],[78.38057532848131,41.29298154012626],[78.37976680596762,41.30012670008821],[78.37048764568495,41.31015794753691],[78.36490301078648,41.32566944363654],[78.3521782714684,41.33286340281049],[78.35118665291542,41.338490776954686],[78.36012044743605,41.37335808243193],[78.3584212255136,41.383483435529826],[78.36413181605734,41.38761915210767],[78.37676507062116,41.39067728037818],[78.379738240873,41.38943665356128],[78.38705366720698,41.391308948121804],[78.38928982794225,41.3910275310928],[78.39341311590111,41.390392957463625],[78.40929869570293,41.39180125033707],[78.44795718242852,41.39796585968871],[78.47124066646961,41.40671080425459],[78.49560835151382,41.424277893731855],[78.50335850422726,41.43082473642282],[78.53465041947155,41.44251933673129],[78.54864143127472,41.44666758660234],[78.57441873628848,41.44544313775831],[78.58844906078514,41.45116738705807],[78.59879201236421,41.45132912048362],[78.61168319127034,41.44701275783055],[78.61570119664756,41.449679832259825],[78.62658081734915,41.46419430654573],[78.65184747123084,41.49124790558561],[78.65751374943771,41.50127766024823],[78.66301248138603,41.51108801895626],[78.67410304890238,41.525083808582124],[78.6801105660824,41.528150996282456],[78.71527655821079,41.52972011037503],[78.77009814683014,41.5442189260872],[78.7829572129634,41.546073544276986],[78.78861094667475,41.54841596846421],[78.79347178663431,41.54782402290018],[78.7995718663145,41.54997846015716],[78.80808068621607,41.55308025785151],[78.83877796300926,41.571466548920846],[78.84313009047123,41.572249617183004],[78.85259858051046,41.57785234983426],[78.86379962730658,41.59166150806272],[78.86981024045916,41.59610522919082],[78.88357394327919,41.600625967526426],[78.89054210068069,41.60452098595547],[78.90049046498508,41.61835131321298],[78.90875783477524,41.62315270097215],[78.92534359978806,41.62684676692738],[78.94864731254474,41.632068178304884],[78.95904398838248,41.636552187911626],[78.96420811084505,41.63684568488485],[78.97229029546725,41.63467198444112],[78.98185349420044,41.635289732889106],[78.99170350925947,41.641602590576696],[79.00064949954495,41.65753194318844],[79.00451307615327,41.660336892370275],[79.01203460158662,41.66377931518524],[79.05424945324792,41.670532835065885],[79.06774145990822,41.67516065121244],[79.07680772425071,41.67816676046212],[79.08896178334594,41.68576022526922],[79.10819721590767,41.7017829695107],[79.11894267951158,41.70604307758749],[79.13215892424505,41.70802028389099],[79.17287093909844,41.70796323485067],[79.18941749442659,41.712164992440734],[79.19130941838273,41.71420271557451],[79.19721889339037,41.71555745025286],[79.21044308678218,41.72713634823203],[79.2173023950902,41.73311253693721],[79.22524146943056,41.74198093094792],[79.23182107446814,41.7537775626546],[79.2365737646376,41.75810532081603],[79.24347499240771,41.76285803198579],[79.26147264935787,41.766966728623146],[79.27965827522482,41.78256300889003],[79.28526914493958,41.78440797330297],[79.29575518772458,41.78425701593587],[79.31670514036266,41.77711280469829],[79.3242736335893,41.77703209532043],[79.3343872199557,41.780314986435705],[79.33527747157369,41.781321393101464],[79.36098218563107,41.80807956641281],[79.36998954668638,41.81372761930971],[79.3832150747357,41.81918658029477],[79.42381809380073,41.82714625618997],[79.44318176192435,41.825396530869945],[79.4489773670041,41.8215440670528],[79.44878024204182,41.81827345828111],[79.4471627999124,41.81262131935088],[79.45024266946233,41.80838439013531],[79.46719537795131,41.805215907983296],[79.46777306373353,41.795812689402304],[79.45979307907565,41.79566254957696],[79.45873607181383,41.79364129985334],[79.4625762197415,41.78708881434861],[79.461242519978,41.78553700883517],[79.45151156856232,41.78659943066345],[79.448204670597,41.78306741593929],[79.45454112283538,41.77710455882152],[79.45105459745622,41.77540450094687],[79.43846256591735,41.774974769173696],[79.43578170816943,41.77164524471777],[79.44971256475455,41.760356854316015],[79.45634981220842,41.75853456044753],[79.48342426196486,41.76457042729392],[79.5057567587768,41.76358047955915],[79.511767696258,41.76327750690694],[79.52435504558068,41.75936544756726],[79.57578019625434,41.75914780430908],[79.58975663274494,41.76251585107773],[79.63043763857885,41.76562992911556],[79.64263346251083,41.76836881174867],[79.66436882894617,41.78264797812047],[79.69924609454624,41.80546705182348],[79.70420450672498,41.81510167831618],[79.70376088484443,41.82544345925041],[79.70780196538675,41.830286201468866],[79.71262919354051,41.833988977906536],[79.72633588361627,41.83710231878522],[79.73461481917136,41.84064112572335],[79.73761378837938,41.84804930878652],[79.73635832579221,41.86137136325668],[79.73953777728772,41.870383151814224],[79.7489108271305,41.87929931579631],[79.75764869759988,41.88753821954844],[79.76199687107717,41.90101943628906],[79.76880974657705,41.91359176879056],[79.8007729954256,41.94199069299849],[79.8081313947901,41.95060477767407],[79.81165941151505,41.960787982714585],[79.81166267662928,41.96992377831792],[79.80605914988948,41.978903598348595],[79.81197047138859,41.98594678183877],[79.81311306536189,41.98838124471977],[79.81633667368597,41.99555299689464],[79.83434391699804,42.00925732949244],[79.8533761706191,42.01623458740734],[79.86860456083656,42.01906489219344],[79.89058815934169,42.02060482218568],[79.95466335110841,42.01810935053013],[79.96448514597532,42.01915636001155],[79.96557647343202,42.019272649746014],[79.97183811026575,42.02148362593305],[79.98730419426762,42.02683525005687],[80.00353954948308,42.03002551212427],[80.05711144681194,42.021972029195275],[80.09856922288414,42.01325780260973],[80.11780965968711,42.01469961537041],[80.12765543644973,42.016384286970705],[80.14608194459029,42.01941911335778],[80.16950227667499,42.01970948516113],[80.18931402032602,42.031666261545475],[80.20119156745682,42.03437465981738],[80.2200783381105,42.03647096600128],[80.25089320819576,42.036484164005905],[80.2547753294466,42.0383230395166],[80.25527084914458,42.045145499284885],[80.2530527405287,42.051455940680356],[80.24710479839827,42.05835307881006],[80.24306041961448,42.060908228072],[80.23749756259394,42.064559394211656],[80.22427563789475,42.06851542293799],[80.22146338698575,42.07185610597539],[80.22123232303228,42.07715949291491],[80.22545298598193,42.08662264258469],[80.22449905181857,42.09326468128914],[80.22626687569368,42.096825240378976],[80.2377976337799,42.10591624310824],[80.24204752454777,42.112802742518724],[80.24019045254384,42.124160792266004],[80.22990683023383,42.14084410035629],[80.2280840799707,42.148521475709245],[80.23057263813052,42.16005502157531],[80.23526843655354,42.16997641431348],[80.23758818747258,42.17483950875913],[80.2348770899913,42.182534331313576],[80.22047924376061,42.19226664903103],[80.21735751641725,42.19933109055421],[80.2313902836258,42.20852437555554],[80.24952817352698,42.21323327973748],[80.25035593809824,42.213389201390015],[80.26077639168949,42.23858692817708],[80.25924350776715,42.25010087465354],[80.33819317565458,42.28049477726861],[80.48930683887998,42.32510201301847],[80.60215342075143,42.33693211943628],[80.6868074419525,42.344011508755514],[80.72826806435474,42.35624447786201],[80.80893982516947,42.34786996671193],[80.86537873594364,42.33146561518813],[81.01606795190919,42.25102323571552],[81.03558086499922,42.235434624681],[81.06603220935658,42.22318862906486],[81.11603083413091,42.216363221878474],[81.14776522949685,42.241516733574244],[81.15827195887243,42.2734493495232],[81.1642125346729,42.31338185450353],[81.1752708656737,42.33774860678623],[81.20762950777413,42.35532701163566],[81.24105531705663,42.3577494867937],[81.3521015153023,42.33674970151765],[81.46660095748821,42.32280535526733],[81.48794814289066,42.32648520478546],[81.49951745441642,42.33273138745311],[81.53084035084942,42.35486145147123],[81.62554587803831,42.37452192157148],[81.7044403728873,42.416932409893185],[81.73512391290969,42.425556097277564],[81.76456272336249,42.42830177300997],[81.83836573097088,42.42608837161783],[81.87634768396286,42.42032881875608],[81.88738614044682,42.4265513339425],[81.89820086820795,42.41637356710665],[82.00465474049338,42.40286095456979],[82.08037613481173,42.380728872173044],[82.09541369150048,42.38352952456969],[82.09792916805172,42.39528414261885],[82.07985850062194,42.41690342444892],[82.0738697844702,42.43715430227183],[82.09287156477414,42.46810467813694],[82.11788546445314,42.47880329528247],[82.14503095812407,42.480220123483434],[82.27424041589063,42.47595190855474],[82.3217745997803,42.485530803349526],[82.34067363332451,42.50593606998637],[82.36870820915028,42.520759649948005],[82.4105512718126,42.532477711597096],[82.47660040478944,42.54136440167466],[82.55971712701644,42.5617838447299],[82.58859955823637,42.56140580279683],[82.61944410158902,42.56983697323139],[82.68087649075183,42.57615874705502],[82.70769494970686,42.58504348636951],[82.7264537494665,42.59488225605718],[82.76179373470836,42.62570895116649],[82.8118237851047,42.58776053966256],[82.83954725243998,42.580867398744815],[82.90448485432299,42.61287908754165],[82.99383406317327,42.641357172102865],[83.04426436546035,42.64432749682386],[83.07249950291342,42.640908589370056],[83.11385612583624,42.631373698658145],[83.15317027045339,42.61302692015997],[83.18541466821804,42.5910020756689],[83.24042439053953,42.542057265136805],[83.30011314037161,42.513621121015554],[83.3952816464893,42.47775558859092],[83.43709974207316,42.452968418577555],[83.47260589129648,42.44554267676241],[83.49006631292956,42.449405939139055],[83.61174480848169,42.49154725074007],[83.68733613032039,42.50469398757708],[83.73298251163756,42.50498363344017],[83.85170849622529,42.49900022621785],[83.90800355578968,42.49182799498683],[83.97257425840728,42.47602841496975],[83.98358697996119,42.46891599905076],[83.9823349019744,42.396261517198006],[83.93867830254325,42.21468771997846],[83.93549372465642,42.1411449758166],[83.93965039692159,42.03800543048979],[83.96439728463926,41.96089250572288],[84.00644605601231,41.887579395277044],[84.00248184494708,41.86244733386321],[83.99124793266152,41.841271724179315],[83.89877944646213,41.685795925670334],[83.888848808788,41.62675970474519],[83.89425816170623,41.606462669048966],[83.9118256652509,41.57705908370617],[83.98754533980107,41.48283601978494],[84.02322697086123,41.42693395227491],[84.03116024762943,41.40027984346195],[84.03744954088484,41.349702358754044],[84.03234065735585,41.28555244561978],[84.04443084418041,41.17393720713509],[84.12886611605423,41.07063495209607],[84.14769650944702,41.04918857213811],[84.15812694900714,40.94107552095746],[84.14986959465816,40.80402064688278],[84.13144229035572,40.765044311938254],[84.144285717117,40.74154794316425],[84.13002180907634,40.446505639298046],[84.11366469635662,40.30693894207627],[84.12568631310859,40.29194429913117],[84.1988835009597,40.27879682132804],[84.27241020077591,40.25417079738155],[84.3860972727076,40.23341734938996],[84.56062841092898,40.18244976410018],[84.70241840172592,40.165886576703876],[84.76069153392818,40.15077342538689],[84.85544352125474,40.14256591171222],[85.16059035540655,40.16714824496493],[85.46770297450306,40.14896941526101],[85.62769054559881,40.15151701970325],[85.77783452980339,40.158351265327404],[85.91836809866221,40.15414078916628],[86.15885747830454,40.16090308045513],[86.21292630629469,40.15574878434918],[86.58571614606268,40.15489961799773],[86.66035349637006,40.14708149521024],[86.69581618569464,40.1557913109378],[86.81416150127039,40.158710944290455],[86.87463207933757,40.167365236185475],[87.13838838149768,40.169999052489324],[87.34000976383022,40.155008090507366],[87.5007792248158,40.15286892313851],[87.64060547535222,40.164570498158525],[87.76231875767549,40.1839813015363],[87.9712948115353,40.24691467493822],[88.0220931865133,40.26497167817792],[88.07074902334551,40.2921115090791],[88.1062736344145,40.332490894394155],[88.1489962485922,40.369118286336544],[88.22438915865858,40.41098175668791],[88.27035207250393,40.42359227699029],[88.33719835483727,40.42204805097749],[88.39806478044787,40.430004835114865],[88.46491042637523,40.428385162090706],[88.63808756416398,40.44420356651305],[88.82384379539693,40.481994877224984],[88.88333471916425,40.50172287406804],[88.9891379111043,40.57221949031237],[89.11408470905901,40.633768854034926],[89.16399632092453,40.64931961664783],[89.24124318079069,40.65794526954724],[89.33211802434853,40.65602246600411],[89.38104848844398,40.66202192183085],[89.4996412535835,40.659623823528314],[89.58089254365744,40.64980565795205],[89.60995555656577,40.63739561416758],[89.65249910793767,40.632222302814135],[89.71430526847145,40.64245298968779],[89.76653163664757,40.627178860588806],[89.79745910171734,40.623381293950324],[89.82707204163555,40.63158264470764],[89.87436211508108,40.66738744282331],[89.93848919523111,40.68595780223272],[89.94814579312423,40.693645766732935],[89.94555054506172,40.73544266702676],[89.90805925330149,40.81711015534015],[89.89889880364304,40.91897940958566],[89.88721759494464,40.955972338190776],[89.87165982037011,40.975667964708585],[89.8315010237211,40.99244934076613],[89.80942717203011,41.01885454261392],[89.79502303284326,41.07987559350913],[89.79753760514296,41.109204374853455],[89.80917548727425,41.12555968361811],[89.81367201940962,41.14575783499134],[89.80193554800576,41.164969823022375],[89.7792230884213,41.170705507431705],[89.75392876815921,41.164895502140276],[89.72985683963617,41.18263651516609],[89.69776705954267,41.25469063550115],[89.61671602808767,41.38267462750227],[89.72075587987814,41.35718103869026],[89.76665887316274,41.35470423572604],[89.81058015061998,41.3579988047546],[89.86035165302836,41.36854498393188],[89.90352232391238,41.364275456006595],[89.94827692889025,41.35042649053682],[89.97930357815812,41.327859803634006],[90.00387155111545,41.292374060163624],[90.0156430002653,41.28223782488983],[90.067186103867,41.260387394399224],[90.2303253940326,41.25296545158127],[90.3200249732672,41.253444886874284],[90.52597361945892,41.23936038271304],[90.65989856975426,41.23131387043599],[90.80045533925434,41.22689075776699],[90.83933576148542,41.2295287352758],[90.93906304315871,41.24443034296813],[91.01597624839034,41.261088704347024],[91.05405543375913,41.2580313209654],[91.2666925794603,41.219822567748366],[91.37547092358062,41.208939635402245],[91.41661819716018,41.20932274371727],[91.50484729881794,41.21525070187455],[91.58750528533527,41.234907121507504],[91.618810505637,41.23796323296408],[91.68064922932489,41.25552279330789],[91.81084979917985,41.28239935765493],[91.88053752474269,41.28398047631011],[91.91647792797514,41.2924989585173],[91.94233194558245,41.28876307689266],[91.96136355133022,41.287766717411216],[91.97728030550671,41.2844812066128],[92.01914636081415,41.28024179299439],[92.02442652260058,41.278602460289164],[92.02663314801788,41.27917928586994],[92.06019291289917,41.27375061867251],[92.08149098460422,41.26819298975853],[92.12101126538438,41.25245135965474],[92.16382665278796,41.23036612030396],[92.18426210637988,41.225429731209346],[92.20244760321592,41.2249480349253],[92.20712250141905,41.22324359519319],[92.21848465312664,41.222187465084296],[92.22605630223335,41.220583369629566],[92.2496949743713,41.209833754489395],[92.2846474661847,41.196845962152295],[92.30207581961703,41.19232245994934],[92.32791100509307,41.18276178928714],[92.35140564452182,41.17890551408854],[92.35751081411982,41.17661457769564],[92.40065913223728,41.17346525165788],[92.44159853681242,41.17251872506331],[92.49307544564475,41.16815587575652],[92.53933954434437,41.167235368082906],[92.55371822780403,41.16616743250522],[92.59841335201166,41.15950652335369],[92.61655790926726,41.15555118615944],[92.64914933738238,41.14297387368878],[92.65219785236664,41.14074352653959],[92.6605593150213,41.13793250683791],[92.67717141977663,41.13508424390215],[92.68481089774667,41.1350796778753],[92.68703235290266,41.13627569398117],[92.70972994986388,41.13399203979037],[92.73396094080033,41.134093615137495],[92.74079373825123,41.13526860571305],[92.75434217799562,41.13473149086055],[92.77634988111093,41.13650537515883],[92.81105809917307,41.14349370936124],[92.82774232717202,41.145215440807824],[92.85654257686048,41.14409911135536],[92.89661253654984,41.14589850258357],[92.90943059813854,41.145368199202174],[92.93446357061497,41.141374248689566],[92.95258521654706,41.13737300535583],[92.96848836858328,41.12993337980879],[92.9919069879369,41.122458750932836],[93.01393016060334,41.11386559339604],[93.02742248302674,41.10700911268814],[93.0357389281834,41.100669504307525],[93.11283821843898,41.05529492362611],[93.1498421878829,41.03923508100633],[93.1822206951528,41.02768971209529],[93.2146570164513,41.02018285874518],[93.22068853388157,41.01731106891323],[93.24936279300485,41.00981892516003],[93.28934340994938,41.00566178907202],[93.29914314107914,41.00339140171238],[93.36255452272965,40.99860084639039],[93.40407002061207,41.001367586679045],[93.41093539038226,41.003049373448434],[93.42829640457387,41.00412804690054],[93.44570791008526,41.0041317695597],[93.49477911839865,41.00044224775236],[93.54072198714378,40.99278315538138],[93.59111726183606,40.98055951690638],[93.603240840016,40.974161945316006],[93.63557645990173,40.963678177690554],[93.64073837181712,40.96080391295344],[93.67307648643782,40.95022260753816],[93.69563476762427,40.944985046720575],[93.71451363809885,40.93853114804664],[93.73552534764664,40.93387245149491],[93.76254940318879,40.92389312217672],[93.8015283432919,40.90757153677241],[93.81924207333265,40.89825323680838],[93.81569137708236,40.88836911391357],[93.80343649434121,40.87862473490999],[93.78943276996095,40.850520198724844],[93.74112086820574,40.78709550675379],[93.69863283161456,40.71150489672122],[93.65650461192612,40.6708626786078],[93.64520762787252,40.66655417498373],[93.63842217348812,40.662141480796684],[93.62179254902541,40.65978139043168],[93.6121246012098,40.65190743302504],[93.61060520150848,40.650667599716755],[93.59727505915679,40.647776346922754],[93.59187548714115,40.648123618360856],[93.57938560721252,40.6438378464],[93.57108995906535,40.63922594325577],[93.56133391016122,40.62779313979263],[93.55051278483177,40.62003576654358],[93.53524521644927,40.61351911052534],[93.51156364531641,40.591194769786675],[93.4855825656344,40.57743202669238],[93.48215569870091,40.575611857213154],[93.45277016883023,40.5522556337517],[93.44883020044944,40.55119836849378],[93.42336223059813,40.535747181600684],[93.41212565137894,40.531869261842395],[93.40473870480096,40.52677054491324],[93.37982941536956,40.501473019185276],[93.37726901117826,40.49695551027587],[93.36991955796626,40.4925387373305],[93.36810967587118,40.49212567685776],[93.32429345928172,40.482052888955074],[93.30941599437156,40.47664139804612],[93.29933311114867,40.471133314782605],[93.29275176055401,40.462581660519675],[93.28055467992084,40.45642857249826],[93.27221463304149,40.45773507155099],[93.26372383244684,40.463614040448064],[93.23507961510741,40.458201062035705],[93.18694347596563,40.45901315014387],[93.14028234560648,40.47058045368346],[93.10387789942891,40.47364373538441],[93.0453547384201,40.47477399398422],[92.99657918715819,40.47737610682877],[92.96360191588086,40.486132835111064],[92.93196850121784,40.46896340281187],[92.92573191488604,40.4491387874718],[92.9260553394284,40.40725309142971],[92.9277381190881,40.34189116544558],[92.89143104243729,40.25488228077372],[92.88987233551298,40.21291764566726],[92.88570699123271,40.169365893484304],[92.9016599579653,40.08291206672374],[92.89523209080865,40.07190540362342],[92.83481251776885,40.00471013409433],[92.74833042730808,39.889169540482335],[92.7375802089038,39.84714680109744],[92.73760578920263,39.83270291429696],[92.76800432622464,39.75518421644154],[92.84949274719669,39.58219105763551],[92.89234811940537,39.48952709697572],[92.91388668784873,39.46437135919584],[92.95057446253062,39.42538465636767],[92.97000938051771,39.389625563718226],[92.97090513554481,39.368098182127284],[92.96689195718464,39.34620243678612],[92.9690447125301,39.27108211695909],[92.9604670205105,39.25405041628159],[92.94269438878,39.23256988386695],[92.94216445263945,39.2220291960919],[92.94607291443063,39.206704004860086],[92.95665259048369,39.1859068949544],[92.97002806436498,39.17039239746514],[92.9367953937444,39.159208275722236],[92.87647366256265,39.1369432791107],[92.81598788453253,39.125213145722995],[92.77142832653573,39.12501452846384],[92.51591977527134,39.089575277623084],[92.48340734301044,39.07672023883354],[92.45212014019893,39.04899349423832],[92.44524656168034,39.026879277899326],[92.37485281061312,38.99233461960994],[92.24174958664067,38.97969320526488],[92.04083777414492,38.93978312238252],[91.91684780712805,38.897280670646076],[91.85476381488766,38.864793110986625],[91.82992991589595,38.85613362913092],[91.64967608606172,38.84651250600428],[91.50357573418869,38.8115020097811],[91.46505759142343,38.79422395467202],[91.32223161018553,38.75565193088277],[91.23213577525631,38.72251637335492],[91.09901772446746,38.696669784634366],[91.04506783636603,38.6796341808675],[90.88330372602671,38.65292619230706],[90.77964792074464,38.64481834979329],[90.68762873418557,38.64899214531715],[90.62742988784417,38.64779135194979],[90.60586245785495,38.63222681120648],[90.58806379436403,38.586867350302995],[90.57134040639285,38.56581740492372],[90.48698703883689,38.516380796328],[90.42961832600868,38.4945294144479],[90.29419008427834,38.47173665250957],[90.25000357296051,38.4678750822751],[90.21850548608558,38.45683665763397],[90.1988548541325,38.45769810194566],[90.14291110640643,38.440999183939404],[90.12316206982801,38.41996960402779],[90.1273255144216,38.379602680186096],[90.22850820593996,38.278683350155184],[90.34209038982326,38.12005608340643],[90.40469867264757,38.061186552244706],[90.44316258534552,38.016875906153615],[90.4716590815329,37.97384104429902],[90.47689816261679,37.946115766505486],[90.47467449005806,37.91600329575354],[90.45474118096179,37.88115191178244],[90.44154997766229,37.87351454773889],[90.41597456707682,37.76578404051837],[90.43220324951456,37.74616829051151],[90.462982203912,37.72877221379478],[90.62453356642477,37.67836261677534],[90.66855693237495,37.65740334502373],[90.73747801672224,37.642044183584105],[90.79965416367142,37.621664787375266],[90.84510027594327,37.5913771753103],[90.87651120464298,37.538021378778],[90.88821665646458,37.523699489012316],[90.92720451560787,37.500844750945944],[91.00872712399543,37.48686155636878],[91.05907511199145,37.47359383054933],[91.08621656145787,37.45809706570011],[91.15539385048237,37.28338187291278],[91.20269509012783,37.20658823306121],[91.26925647461323,37.14501794318513],[91.29407800558012,37.11271268764084],[91.31466883152198,37.02317811522593],[91.29320918761968,37.00187185823938],[91.25259358232955,36.993182195397985],[91.19744727857959,37.008922488384385],[91.170505481613,37.013575499791266],[91.13324724038327,37.00665589961981],[91.06704066197264,36.974482204760726],[91.01282232568839,36.94424194558622],[90.96216216383675,36.929201559895795],[90.92380640375795,36.93035720524847],[90.86514162757467,36.91832454809747],[90.79428748647794,36.88114327956574],[90.72147257915249,36.820406040798076],[90.70500544575044,36.79496185388611],[90.70896076993152,36.74255615171085],[90.71848010164574,36.72719901064779],[90.71323980672767,36.70556038421236],[90.67843996376084,36.66253511391458],[90.67707871692278,36.64044133696953],[90.69304621667884,36.60892874732791],[90.72682517122877,36.57569064723841],[90.7857536931089,36.55710837007185],[90.81108010567634,36.55928975266975],[90.8402821975139,36.550403146832984],[90.90654684459507,36.550671900711635],[90.96961976451531,36.54461309784376],[91.0244509112864,36.52537381026667],[91.01609067660094,36.47222072508228],[91.03791870026035,36.3823944602473],[91.03829426412663,36.25168357641537],[91.09256881053928,36.18259213986591],[91.11321316608199,36.13055133597306],[91.11334141368195,36.102708806073196],[91.08617979521836,36.08445927991412],[91.07261181816405,36.082208036608996],[91.04781152832338,36.093063551004114],[90.9869071859438,36.10116449459792],[90.95771691329458,36.09856193336048],[90.94216602532464,36.08411574315212],[90.94093248606849,36.060964390753504],[90.91288191207492,36.03789461099679],[90.90464838546885,36.02265985152334],[90.87752256005824,36.014517639062326],[90.82656478104576,36.03230613854025],[90.72141066747575,36.10395780963852],[90.61502507416938,36.12989469193339],[90.5612304246774,36.13952386440341],[90.5337614049975,36.14340880335676],[90.49660011446898,36.14012208690058],[90.46815031087182,36.130475481044165],[90.45512900262096,36.13073862631867],[90.43428758546774,36.13745257147286],[90.41997922116656,36.13729023475105],[90.39122930434317,36.13946360830405],[90.3603214261835,36.14938079377745],[90.28497175036522,36.15885321669573],[90.2294863047168,36.173272748159306],[90.15526445340132,36.207912843411364],[90.08323053898522,36.253220274094005],[90.03970938653298,36.27000260498586],[90.0038530726981,36.275462252034046],[89.99119440180252,36.26726310730253],[89.99465471200953,36.245451692371276],[89.97928678597611,36.18111336736008],[89.951170326549,36.14950882365985],[89.92981447218475,36.098016883698655],[89.89753694158476,36.0809182671374],[89.75386588954642,36.09598394835536],[89.68603638343795,36.09179750473714],[89.66332717589708,36.08689882417618],[89.62824849323573,36.095492454737126],[89.59740872698332,36.117577647360626],[89.53942881541666,36.13057824468296],[89.44409558341808,36.173166216189024],[89.40877954861975,36.2039290390052],[89.35001046856915,36.23369242812735],[89.28366152931346,36.27346132235953],[89.24594303395374,36.286402185058385],[89.22052150961483,36.28892057992541],[89.18151857328594,36.24589170100423],[89.15834626665111,36.23976163167836],[89.1262047776425,36.24500082296813],[89.10746455943055,36.252230991262444],[89.07094638743203,36.289524438587804],[89.03797930356345,36.305725633925924],[88.9882120263611,36.29990675785805],[88.95671550609808,36.302936510058004],[88.93641718706084,36.325630152662825],[88.92012194157157,36.34172057767812],[88.89572407082646,36.35386739840303],[88.87045887209145,36.36030648393843],[88.83987486987824,36.35612546404896],[88.75749597664235,36.291286755019115],[88.73524656440274,36.29322413802558],[88.66451464003285,36.36225919277612],[88.61146078022978,36.37804742319227],[88.5999756061531,36.39158713821691],[88.58976422323069,36.428029107895725],[88.56922818159605,36.45218261570025],[88.5529138756017,36.45289856872947],[88.52359961121317,36.43572946672762],[88.49447195813151,36.43635130085957],[88.48174717694796,36.44592853520693],[88.47978673854074,36.45766673944109],[88.46357189594268,36.46957319160713],[88.4386720884065,36.47336638152682],[88.36204336439822,36.454496422840116],[88.30153904802746,36.435409298928235],[88.201295116096,36.42253149641734],[88.17659688960342,36.41284821242381],[88.12268137216908,36.407292052884024],[88.07543012348933,36.41878838214693],[88.01073043381008,36.42407530077073],[87.93679957146475,36.40999067714474],[87.87989795722613,36.37726765517918],[87.80605517332309,36.35280938843391],[87.76943825046696,36.35609802702692],[87.74135927773885,36.36725787480598],[87.7116519879615,36.36679962169997],[87.66084943722575,36.35062751500775],[87.60161973246204,36.34941851612143],[87.54135324548758,36.33664599680685],[87.48790700730906,36.33421206189825],[87.46471446475823,36.34085617623189],[87.4501417570622,36.357402848391054],[87.44530387385599,36.37064398797827],[87.43170195783364,36.38193386103682],[87.41213995832065,36.389478761280145],[87.3793065852454,36.39303906673024],[87.35341962966157,36.39231926115559],[87.32323290068169,36.38338234471962],[87.28343247303444,36.34610854845536],[87.24176835414708,36.33531544902784],[87.18399225142974,36.32823598080917],[87.15044480363154,36.31713609658213],[87.13292852156799,36.29487650343887],[87.11269910536961,36.28280175667997],[87.09057557770271,36.281302225883984],[87.07379338451081,36.28980417760084],[87.03531504643665,36.28907751179459],[87.00058635101597,36.27775900907328],[86.92923733426194,36.26566893506399],[86.89603354505374,36.28096554713872],[86.8300366403447,36.28788636720386],[86.73643136871958,36.250757962023535],[86.7059284274374,36.24160540534957],[86.6655174274731,36.24128738417567],[86.53633506905712,36.19948643107819],[86.48417101073296,36.18710430424028],[86.42772431943835,36.20095144315675],[86.38821845849847,36.195966420859314],[86.31838320269333,36.1582713499009],[86.21201194331002,36.133329735974854],[86.18432818777661,36.12047682240249],[86.14391847154398,36.06433169295809],[86.15803919278122,36.001249465289206],[86.14193337663436,35.96849743326316],[86.14057556419061,35.94979826737425],[86.14507977511875,35.93517487753196],[86.14303587372778,35.92253310245697],[86.10191053850572,35.867961121478295],[86.03116414683738,35.82118808475708],[85.89839264276033,35.77482364309276],[85.82396806395049,35.76278635192779],[85.78014082090355,35.76178497816264],[85.64935510737008,35.71778452080288],[85.62972637146977,35.70459453717192],[85.61713001951168,35.65894383828371],[85.5903084134021,35.6377017051603],[85.523340691883,35.6440695812511],[85.50992410011001,35.6542666194612],[85.50781843221114,35.66890581420409],[85.52473434835511,35.686859816542714],[85.52549492203798,35.69288084297767],[85.51402962855612,35.69894388703546],[85.49897588499888,35.696626074560506],[85.46977777138439,35.69966426661165],[85.41572286608339,35.71331823689841],[85.39506457172338,35.71326417232436],[85.35932478839284,35.719492225836525],[85.30914489597703,35.74417111824806],[85.24101545715209,35.76692535787925],[85.21110483396559,35.76897532075175],[85.12694942397623,35.73975040695098],[84.95749080920243,35.69635491238239],[84.91195601917988,35.68240699745986],[84.83676775337453,35.65932800321531],[84.74611803281817,35.61208530960999],[84.69158531597816,35.597531300593836],[84.65337333416151,35.58350139190548],[84.56683973989392,35.54287521282674],[84.54033872337062,35.53604768923479],[84.48040188715157,35.543760992812835],[84.45814693939539,35.54500095034285],[84.43527728782853,35.53184957037241],[84.43424516625264,35.503198651246805],[84.45332318470008,35.488144636165316],[84.44471008124312,35.48149983681485],[84.3615179442758,35.437161473514024],[84.2968609924884,35.403927911882],[84.25683526484985,35.3941683709242],[84.20567176912695,35.36609662526814],[84.12845622384569,35.34133652693877],[84.10266519767434,35.339344035700826],[84.06007281948177,35.35811544430856],[84.05322388914661,35.37159126004509],[84.02822374143145,35.38511158004609],[83.97435813689398,35.39398365210512],[83.93920141507571,35.39570625271414],[83.89754564318771,35.383624723547065],[83.85900956528957,35.33062053978128],[83.80150651857127,35.334040203531686],[83.75778580109883,35.345778163142846],[83.58999167920658,35.32502821733614],[83.55280558641799,35.335667005368926],[83.49693595763168,35.374795310421455],[83.47493611362596,35.38610916638622],[83.45298699749053,35.3890403709112],[83.41974425306135,35.38211151057721],[83.32803797589865,35.39462595906996],[83.26664856184902,35.41052067948239],[83.24449615970993,35.408819471461506],[83.18779069758729,35.3850125726919],[83.14391499889663,35.386579262938234],[83.07563091690744,35.40962520600664],[83.05078180961652,35.42419226861935],[83.01516869430674,35.46399909310115],[82.96675316550008,35.51078256767646],[82.95546257015613,35.53738951512662],[82.96108238735165,35.57893935135519],[82.94301417577195,35.61992266368412],[82.95396919100122,35.65048403957034],[82.93930402096939,35.662787356731556],[82.8871136835341,35.67145156991558],[82.86549842231041,35.68430770654373],[82.79772402859207,35.67092000287051]]]}},{"type":"Feature","id":"hartwell-1391-country-v5_1391_chin_chn_1391_s-23","properties":{"id":"hartwell-1391-country-v5_1391_chin_chn_1391_s-23","name":"土魯番","level":"country","sourceId":"hartwell-chgis-v5","year":1391,"approximate":true,"color":"#839b7a","recordId":"23","sourceLayer":"v5_1391_chin_chn_1391_s","sourceRecordIndex":22,"sourceCode":"M510000000000","sourceName":"土魯番","sourceAdminType":"Independent State","sourceContainerLevel":"province","sourceHierarchy":{"polity":"明代","province":"","prefecture":"","dependentPrefecture":""},"labelCoordinates":[88.48173267418989,41.88766191817493]},"geometry":{"type":"Polygon","coordinates":[[[87.30130965062138,43.11977711395257],[87.36819189475327,43.173812068414875],[87.37457687185933,43.19066480368941],[87.3834093506826,43.243502586354715],[87.39505340444543,43.260175018188185],[87.42231506864977,43.274390950555265],[87.45681127394707,43.278855726000145],[87.50678099491643,43.27895488378641],[87.66073528745234,43.261906323027134],[88.00435907534415,43.25053641230146],[88.13894126810759,43.25649736370532],[88.22267384986907,43.2511526310773],[88.27171722434157,43.239612427792025],[88.41410962926709,43.18040617108848],[88.43940314161757,43.18242420080655],[88.45479220487302,43.19574501635288],[88.46469156882941,43.21999952941514],[88.48020452200106,43.28010957334167],[88.49767426645074,43.30024194665001],[88.5251706274363,43.31423794062843],[88.54400883722587,43.319115880332525],[88.5890887755791,43.32283294750611],[88.62137297937736,43.33090185727621],[88.68432664451002,43.358488980432796],[88.71647034627034,43.36464572713399],[88.82491138995945,43.36921546111429],[88.84937753974424,43.37759580811788],[88.88306138336135,43.40074148823052],[88.9062633008583,43.42436889940885],[88.93016250130826,43.455569409473135],[88.94637037811898,43.48903037793556],[88.94961136392536,43.52499533897629],[88.9256090761147,43.58124412678718],[88.93055361354504,43.606457047735894],[88.95449681175083,43.60841572004418],[88.97487901482178,43.59986387175385],[88.98947342295787,43.58586510681866],[89.00147655260172,43.543474230205824],[89.0188569484789,43.53124901832378],[89.0397274967984,43.5283607049153],[89.07444020257392,43.53241618818303],[89.11091773451723,43.52687041715836],[89.1288063522945,43.520310892432384],[89.15631346507442,43.50377487516252],[89.1665897923861,43.50733329970805],[89.1950373466432,43.494297746552306],[89.26636861538636,43.494622401377896],[89.30227077191883,43.48334545338349],[89.33163680397206,43.45908085052408],[89.36469386418403,43.44602943732976],[89.46076522334572,43.42980397062096],[89.5277324548333,43.413096306874415],[89.61660114920926,43.404727276079804],[89.6702378271762,43.39297264142799],[89.70191106717027,43.4136027249147],[89.72854331505849,43.41600971601118],[89.8004527068612,43.448349340910006],[89.83011387582519,43.454384229987134],[89.86444175800804,43.454451267454814],[89.94315438770879,43.47494592429317],[89.97789216148732,43.47877189293534],[89.99608115310664,43.4758789162776],[90.02580263290838,43.45713631484141],[90.0666086374332,43.44348717249418],[90.0769048034939,43.44102132822059],[90.09871055943755,43.447424706795765],[90.11324787282,43.459937918749624],[90.13628348345568,43.52715049872379],[90.14922773901351,43.53612964726095],[90.1773321018109,43.54009015686658],[90.23273090494604,43.53889211311535],[90.32000754514507,43.51493303469372],[90.55641252456427,43.50129752665075],[90.58310268046637,43.503541048656146],[90.62223973735692,43.52216863136169],[90.66534850741027,43.529133090048425],[90.72314341151453,43.52569164322407],[90.88357216459411,43.499092880557946],[90.96719181611962,43.50209137631778],[91.008249848037,43.49317264207304],[91.07378468025635,43.47087673070574],[91.10809978584766,43.47007974011983],[91.14456981774573,43.477873347573556],[91.2329461909048,43.35142783736564],[91.2657689959534,43.289663337665694],[91.28868467112507,43.23250262792484],[91.30749323487224,43.166144137674785],[91.31989854950437,43.09266534663591],[91.33664083397314,43.047453756011556],[91.36666051744358,43.003072104650656],[91.38998097995913,42.9496917481949],[91.41127807744694,42.91745590593579],[91.42675653221409,42.86471929372628],[91.42957092836315,42.83207780405708],[91.4138162775403,42.73043645054962],[91.41225934000363,42.6695820637083],[91.42674201204092,42.57692897951453],[91.4395774111855,42.541577879989134],[91.4888786197792,42.32034643080817],[91.50082506966874,42.29649863739822],[91.53695341765996,42.16018704983377],[91.55195097403107,42.12276051667714],[91.56838129870478,42.09472448795778],[91.58685757328192,42.07985452664879],[91.64915407371609,42.046063595782634],[91.73119230586086,41.989615754670574],[91.7478261728392,41.96345134615757],[91.77476245375816,41.90403326580728],[91.79384777581888,41.82815089849469],[91.81536319718633,41.70256144310707],[91.81489981831417,41.60172507652788],[91.80594042450019,41.57775109232491],[91.8022581317623,41.53810493651571],[91.81112753886188,41.51260311962727],[91.83135927854254,41.493734990532616],[91.85111539815448,41.48822286954653],[91.87358276158163,41.467252121884336],[91.88944432010753,41.437334018441824],[91.90201973002333,41.386760084190946],[91.91647792797514,41.2924989585173],[91.88053752474269,41.28398047631011],[91.81084979917985,41.28239935765493],[91.68064922932489,41.25552279330789],[91.618810505637,41.23796323296408],[91.58750528533527,41.234907121507504],[91.50484729881794,41.21525070187455],[91.41661819716018,41.20932274371727],[91.37547092358062,41.208939635402245],[91.2666925794603,41.219822567748366],[91.05405543375913,41.2580313209654],[91.01597624839034,41.261088704347024],[90.93906304315871,41.24443034296813],[90.83933576148542,41.2295287352758],[90.80045533925434,41.22689075776699],[90.65989856975426,41.23131387043599],[90.52597361945892,41.23936038271304],[90.3200249732672,41.253444886874284],[90.2303253940326,41.25296545158127],[90.067186103867,41.260387394399224],[90.0156430002653,41.28223782488983],[90.00387155111545,41.292374060163624],[89.97930357815812,41.327859803634006],[89.94827692889025,41.35042649053682],[89.90352232391238,41.364275456006595],[89.86035165302836,41.36854498393188],[89.81058015061998,41.3579988047546],[89.76665887316274,41.35470423572604],[89.72075587987814,41.35718103869026],[89.61671602808767,41.38267462750227],[89.69776705954267,41.25469063550115],[89.72985683963617,41.18263651516609],[89.75392876815921,41.164895502140276],[89.7792230884213,41.170705507431705],[89.80193554800576,41.164969823022375],[89.81367201940962,41.14575783499134],[89.80917548727425,41.12555968361811],[89.79753760514296,41.109204374853455],[89.79502303284326,41.07987559350913],[89.80942717203011,41.01885454261392],[89.8315010237211,40.99244934076613],[89.87165982037011,40.975667964708585],[89.88721759494464,40.955972338190776],[89.89889880364304,40.91897940958566],[89.90805925330149,40.81711015534015],[89.94555054506172,40.73544266702676],[89.94814579312423,40.693645766732935],[89.93848919523111,40.68595780223272],[89.87436211508108,40.66738744282331],[89.82707204163555,40.63158264470764],[89.79745910171734,40.623381293950324],[89.76653163664757,40.627178860588806],[89.71430526847145,40.64245298968779],[89.65249910793767,40.632222302814135],[89.60995555656577,40.63739561416758],[89.58089254365744,40.64980565795205],[89.4996412535835,40.659623823528314],[89.38104848844398,40.66202192183085],[89.33211802434853,40.65602246600411],[89.24124318079069,40.65794526954724],[89.16399632092453,40.64931961664783],[89.11408470905901,40.633768854034926],[88.9891379111043,40.57221949031237],[88.88333471916425,40.50172287406804],[88.82384379539693,40.481994877224984],[88.63808756416398,40.44420356651305],[88.46491042637523,40.428385162090706],[88.39806478044787,40.430004835114865],[88.33719835483727,40.42204805097749],[88.27035207250393,40.42359227699029],[88.22438915865858,40.41098175668791],[88.1489962485922,40.369118286336544],[88.1062736344145,40.332490894394155],[88.07074902334551,40.2921115090791],[88.0220931865133,40.26497167817792],[87.9712948115353,40.24691467493822],[87.76231875767549,40.1839813015363],[87.64060547535222,40.164570498158525],[87.5007792248158,40.15286892313851],[87.34000976383022,40.155008090507366],[87.13838838149768,40.169999052489324],[86.87463207933757,40.167365236185475],[86.81416150127039,40.158710944290455],[86.69581618569464,40.1557913109378],[86.66035349637006,40.14708149521024],[86.58571614606268,40.15489961799773],[86.21292630629469,40.15574878434918],[86.15885747830454,40.16090308045513],[85.91836809866221,40.15414078916628],[85.77783452980339,40.158351265327404],[85.62769054559881,40.15151701970325],[85.46770297450306,40.14896941526101],[85.16059035540655,40.16714824496493],[84.85544352125474,40.14256591171222],[84.76069153392818,40.15077342538689],[84.70241840172592,40.165886576703876],[84.56062841092898,40.18244976410018],[84.3860972727076,40.23341734938996],[84.27241020077591,40.25417079738155],[84.1988835009597,40.27879682132804],[84.12568631310859,40.29194429913117],[84.11366469635662,40.30693894207627],[84.13002180907634,40.446505639298046],[84.144285717117,40.74154794316425],[84.13144229035572,40.765044311938254],[84.14986959465816,40.80402064688278],[84.15812694900714,40.94107552095746],[84.14769650944702,41.04918857213811],[84.12886611605423,41.07063495209607],[84.33444183503661,41.19530430660545],[84.37171812998912,41.205355172845785],[84.41620352546707,41.20607749563209],[84.4437774247439,41.19868411042986],[84.49404687735044,41.175151978746285],[84.53478958715147,41.17901213948458],[84.65358554095674,41.1966816944527],[84.72188950139346,41.193033181066106],[84.76148212262086,41.18491573204771],[85.03458132894649,41.16990381079391],[85.22884855046658,41.17384484705034],[85.26867639823595,41.168551720018684],[85.33385933710424,41.17374530535482],[85.35985480214532,41.190180033324445],[85.3701021536741,41.21052911568665],[85.37361458270932,41.31147013699157],[85.34047331861662,41.31404785146723],[85.30242142004755,41.30856140440128],[85.25816817685161,41.300609581219184],[85.24581397271172,41.31219767561243],[85.23669779872792,41.342626167250764],[85.23814562879139,41.38229965307981],[85.26049995771135,41.50285414882417],[85.27017373384632,41.62558287591561],[85.26623370593586,41.657810778248454],[85.19251378607922,41.82193827961362],[85.18399442705152,41.871290570542584],[85.18563215705194,41.91666685114011],[85.19784880554302,41.96940098580372],[85.24495852577178,42.05741922556039],[85.28852668085369,42.117107094447704],[85.29182537630936,42.13596842429918],[85.28304709202648,42.177783119105904],[85.29492507618876,42.197239997854076],[85.24658831318968,42.21417346393451],[85.20154961454722,42.24005884214574],[85.16308876904964,42.25141079645871],[85.12710547561765,42.25635698616207],[85.07049588997596,42.25353218237533],[85.03450258997026,42.25844498954563],[84.98223798857428,42.280697603624496],[84.93543252641716,42.30823124566389],[84.90578808416461,42.313766601458724],[84.88828544245297,42.310087125876606],[84.83610784414815,42.28387857481675],[84.81225075275783,42.27953579474098],[84.7849787990001,42.28623107573097],[84.72280148078292,42.31877651480982],[84.55873156201517,42.36635784224681],[84.42931874606734,42.395558862886055],[84.38118128918298,42.401890656925474],[84.30391308325125,42.390865032656706],[84.26443075838901,42.37336007536153],[84.2285437507878,42.37048272910879],[84.20684426195714,42.374824668225266],[84.15989214141615,42.39450853376358],[84.14268198728128,42.40881968217438],[84.10703311237152,42.42400174307062],[83.98358697996119,42.46891599905076],[83.97257425840728,42.47602841496975],[83.90800355578968,42.49182799498683],[83.85170849622529,42.49900022621785],[83.73298251163756,42.50498363344017],[83.68733613032039,42.50469398757708],[83.61174480848169,42.49154725074007],[83.49006631292956,42.449405939139055],[83.47260589129648,42.44554267676241],[83.43709974207316,42.452968418577555],[83.3952816464893,42.47775558859092],[83.30011314037161,42.513621121015554],[83.24042439053953,42.542057265136805],[83.18541466821804,42.5910020756689],[83.15317027045339,42.61302692015997],[83.11385612583624,42.631373698658145],[83.07249950291342,42.640908589370056],[83.04426436546035,42.64432749682386],[82.99383406317327,42.641357172102865],[82.90448485432299,42.61287908754165],[82.83954725243998,42.580867398744815],[82.8118237851047,42.58776053966256],[82.76179373470836,42.62570895116649],[82.75808877064777,42.65293117618938],[82.74354300497686,42.6712316130422],[82.73771627826346,42.69151719292378],[82.70443061608636,42.746706085823334],[82.70121417878968,42.77873476702942],[82.68114986028081,42.809744548379555],[82.6448771798084,42.842655858734105],[82.6136981209977,42.88415455545227],[82.64309245161768,42.90920286322728],[82.66663540730549,42.92151792924774],[82.71347980428865,42.935606564637226],[82.74015571816021,42.933963329332435],[82.82077685176706,42.950071736583126],[82.94563636856778,42.98649409121024],[83.17335150944201,42.99833296121585],[83.32817017133335,43.018725570499065],[83.37451387749113,43.02965634296826],[83.39340524693405,43.03986711659135],[83.37010429112517,43.07073902733803],[83.34259689036429,43.07709591597846],[83.31729519604677,43.0881905486803],[83.32249477595933,43.089243234324535],[83.34054408102449,43.100145725708934],[83.38970474912294,43.1012620427011],[83.551170886181,43.1151158643051],[83.59175571721048,43.11008094159857],[83.62141985350033,43.09430686130782],[83.63862600031973,43.08762619028324],[83.66534601299816,43.08581375971897],[83.69891323871857,43.09521297140875],[83.71389769857456,43.10543119225307],[83.7498560665282,43.116038210644575],[83.80779709701233,43.12235856462706],[83.92588662764805,43.11803408458968],[84.13984672196895,43.12097934144448],[84.231699883401,43.128824869271114],[84.25487317400335,43.13793349705708],[84.26399812300505,43.15793314963691],[84.26770568560231,43.19829875543287],[84.32700118598471,43.21785671453298],[84.35479869787679,43.23695766461002],[84.45470694086866,43.28448897823907],[84.5497608197887,43.370459561377075],[84.56284322711298,43.39716074315604],[84.6129894874179,43.40456022771664],[84.67381772877395,43.40412304275546],[84.80723192105577,43.38341780480497],[84.85104232549142,43.38212599435447],[84.86548631842149,43.389293897626615],[84.88129530331558,43.40990618728846],[84.9133776264799,43.42835207262912],[84.93071082619308,43.43009192343453],[85.03903670070416,43.3857202958699],[85.10377501221659,43.3436323223728],[85.14296573986482,43.32468489596411],[85.16984373572012,43.314970988869355],[85.2062102823578,43.311196447628085],[85.28364206653835,43.29756102077064],[85.32544276234212,43.29103485175826],[85.39109780941007,43.28969675259614],[85.4281598463624,43.296516464719105],[85.46816617790647,43.310848313017516],[85.5292130919617,43.32472370523387],[85.62985705043242,43.34147905901399],[85.72596486733126,43.37344857798178],[85.76030786001141,43.37644995094073],[85.78922348000901,43.3757729060737],[85.97005996105169,43.36001573092714],[85.98191404291398,43.36440639796185],[86.00657906447682,43.353410895766444],[86.03294647334319,43.35463962955753],[86.08521878986404,43.34761501388534],[86.10633826375816,43.34896987467483],[86.1703531666007,43.36627611753085],[86.24862525858921,43.40404537894484],[86.27238737730238,43.40530447923043],[86.27978400775322,43.39561183238638],[86.27383396252897,43.38248593183515],[86.25717706112589,43.36585921909405],[86.23380718229954,43.320946080150286],[86.22592999787116,43.269925485675884],[86.23282697859683,43.25076908973883],[86.25263893193208,43.22747429295079],[86.27788737623551,43.20781789695153],[86.31409315022863,43.19734797327843],[86.34212952075715,43.181393155263365],[86.40530828903823,43.1360014604425],[86.44136303656629,43.123604577790296],[86.45959151682948,43.121184970152484],[86.47523582521991,43.12513514853479],[86.50390086621672,43.11612108655106],[86.56139791558702,43.11255339405683],[86.61050516273788,43.09972237659329],[86.67355166002508,43.101637210707025],[86.73876879603478,43.09586037545647],[86.76907218539394,43.09941867297303],[86.82913681378925,43.07219731499594],[86.86269584215438,43.06355228197737],[86.99555363910142,43.00808460439169],[87.01884579121472,43.003527228307775],[87.03749584879509,43.0086117107061],[87.05924107213777,43.02117325803572],[87.0898001714279,43.048619262900424],[87.14496420112219,43.05056579250194],[87.20446772285997,43.078909836528915],[87.22177114558839,43.1029855329748],[87.23535325256752,43.110111039267075],[87.26950300574822,43.110836864692466],[87.30130965062138,43.11977711395257]]]}},{"type":"Feature","id":"hartwell-1391-country-v5_1391_chin_chn_1391_s-24","properties":{"id":"hartwell-1391-country-v5_1391_chin_chn_1391_s-24","name":"亦力把里","level":"country","sourceId":"hartwell-chgis-v5","year":1391,"approximate":true,"color":"#839b7a","recordId":"24","sourceLayer":"v5_1391_chin_chn_1391_s","sourceRecordIndex":23,"sourceCode":"M520000000000","sourceName":"亦力把里","sourceAdminType":"Independent State","sourceContainerLevel":"province","sourceHierarchy":{"polity":"明代","province":"","prefecture":"","dependentPrefecture":""},"labelCoordinates":[83.8743990513609,45.062846691678544]},"geometry":{"type":"MultiPolygon","coordinates":[[[[86.99438407297735,47.08029191123921],[87.00477147620462,47.06833604727151],[87.00854063958977,46.99097359199764],[87.02020699776551,46.90462199359178],[87.02979437755009,46.881528791502696],[87.056643684585,46.8509121037321],[87.09228123674816,46.8264649406112],[87.11695340936875,46.80233947141102],[87.1621389099332,46.742505926348976],[87.17541323839721,46.69883753409644],[87.17452667204009,46.67139207927126],[87.16012476890211,46.6431870227459],[87.10183820428917,46.57188316276609],[87.07925052650705,46.53282716180739],[87.04940062399734,46.49807116998051],[87.02899424102925,46.45252775278719],[87.03222977608989,46.43666431038383],[87.11005903977254,46.351432582883696],[87.21027752670318,46.19954327685032],[87.28834815401986,46.060592412823155],[87.31333469368057,45.995057861221696],[87.3279647044219,45.93744765793148],[87.328700213373,45.87153594710858],[87.31360887137332,45.77933164403346],[87.31392219858189,45.693652675633686],[87.30453190421787,45.59899225645481],[87.30745050085493,45.50221919362111],[87.29549825985171,45.4187528671113],[87.29890827321991,45.32958902080087],[87.31313879889545,45.284196085975005],[87.35025770790752,45.25761608373027],[87.35395180536317,45.23268673922271],[87.34615228202145,45.15857188416932],[87.34932127472892,45.12604646398959],[87.34240329968067,45.02523032100543],[87.35192805642684,44.96771868537012],[87.362020773117,44.95783500959728],[87.38876348317028,44.955012223093966],[87.45875500667259,44.954471040492564],[87.51222045188825,44.948771212954135],[87.55561027971021,44.95293914062697],[87.591658993132,44.94878509190859],[87.60961848972298,44.95481190705272],[87.73319377132368,44.95027959909085],[87.83598258184836,44.95595534259925],[87.92462936148416,44.95257394153791],[87.96267748332704,44.95682333988126],[87.97581821260898,44.95151728497118],[88.00594708627128,44.95894564913667],[88.15144615301132,44.95890116724552],[88.21667719401302,44.96580491092158],[88.46489138825471,44.96885369777591],[88.68132629835151,44.96220935014786],[88.93815407589753,44.9556058624255],[88.99808581188397,44.96238003428047],[89.0412197453661,44.962285330349296],[89.14215624711737,44.97472177244684],[89.1937093594672,44.97800031805502],[89.26232886524113,44.97760678196949],[89.29572911972332,44.97309655095962],[89.41134361823688,44.96935599782624],[89.52483284544923,44.97135794987793],[89.56489613246099,44.967432715753276],[89.67301649632402,44.969580412236105],[89.80360218678466,44.980019470563974],[89.9152034480164,44.96993694144545],[89.9565588581404,44.97196689538176],[90.09998726324798,44.97571755103989],[90.17676627631153,44.986806888587886],[90.19411876590353,44.99731592336524],[90.19763432042137,45.00475945228221],[90.1976911702417,45.054412452701825],[90.2194498231362,45.104790510974844],[90.25822886449919,45.161880345927536],[90.34213464358851,45.25850378531477],[90.51809616941202,45.44552268918717],[90.64363111896714,45.48760395579107],[90.66368801664328,45.46712786284561],[90.69304901971915,45.449067599244415],[90.71202207215954,45.437387715913154],[90.72741090725376,45.42551877401506],[90.74639509885056,45.405019363673325],[90.75866954411833,45.38382958343514],[90.77498238124087,45.36241978442149],[90.78286142806704,45.3480510867522],[90.78421686799875,45.34337341154574],[90.78654567782365,45.33461519432424],[90.78617676987109,45.288412120646],[90.78815630040773,45.27634838733564],[90.79213081531482,45.270214609564576],[90.80793852760335,45.27229270325963],[90.81966060107008,45.277311804319545],[90.82939888505013,45.277583407589134],[90.83719559633907,45.276019958798436],[90.8546785975979,45.26808814187664],[90.85755423661887,45.26538414796024],[90.86681256087215,45.25670068198162],[90.87434252138256,45.24638686989562],[90.87532190057189,45.23158838454885],[90.86990069725557,45.21786207772356],[90.85639200381272,45.19840285568182],[90.85156873933461,45.185555247407926],[90.85161541710454,45.1821991855617],[90.85777619088894,45.17601782764303],[90.86743853940095,45.17282885317237],[90.88948134917875,45.172630648513994],[90.896346269208,45.171152144327465],[90.91737194166726,45.16648630187238],[90.92520472404973,45.166558328486786],[90.94430348702835,45.17004751173961],[90.963664502843,45.17982692037976],[90.97858817213316,45.18488458554446],[91.0014943504748,45.18929661989335],[91.03332459044528,45.18588929396218],[91.06554749839556,45.187508942276146],[91.09087301446031,45.18888071629447],[91.1119642395176,45.186371783231515],[91.13116095089043,45.181762921378166],[91.137641524901,45.178327629360176],[91.1556834160245,45.16025403751089],[91.1638138663592,45.15435068538236],[91.18932074952147,45.141289644473744],[91.20927264241901,45.127035228538034],[91.21227369114635,45.12488414991033],[91.22067042089992,45.12145630089985],[91.23596014366134,45.11889700120822],[91.27047994891157,45.10236708375299],[91.28472242740708,45.1005157821015],[91.2989027206277,45.09638813382893],[91.35426050309812,45.08925827771607],[91.36359645466403,45.08945502426892],[91.37223392627837,45.09448219424345],[91.37948403730661,45.098736699846285],[91.39285026422627,45.11820344140934],[91.41034239706502,45.12591525584847],[91.4249341112,45.12880236579796],[91.44073557529305,45.12881213848741],[91.45049387421722,45.12623104108619],[91.46206808261805,45.12028863025813],[91.47434575589376,45.108789016818044],[91.49363860783455,45.08309668582746],[91.49834768158003,45.07675325198162],[91.50667909144303,45.06894969508948],[91.52471569949911,45.058102633633425],[91.55174453939577,45.004520826885646],[91.56321918162435,44.97485166847784],[91.56223683737751,44.95193990146172],[91.54545667101608,44.91497288129351],[91.50455884700536,44.845473731256746],[91.47062115527821,44.80223365347542],[91.45156517060326,44.76737154681443],[91.4461541694761,44.733338537455765],[91.45371398453264,44.679125185234646],[91.44083605310689,44.61507621177026],[91.42181120731345,44.56300900244223],[91.38717143303552,44.51410945004298],[91.3277848292605,44.44422533078416],[91.32216728697092,44.40833314194641],[91.32210551938346,44.32227004084302],[91.32706188871337,44.25112210085019],[91.31020818871347,44.057486461316024],[91.3169357746515,44.01490853084595],[91.34267137185377,43.95743776110288],[91.41080553946712,43.898466866511],[91.47856317332213,43.85478126057232],[91.51588463599708,43.82117646354013],[91.52921161331419,43.78761543416136],[91.52000791225569,43.74633421036525],[91.50711194513508,43.732111195726276],[91.44602706694012,43.69887689957761],[91.42147213857137,43.67794934775575],[91.42397578112514,43.66370301513207],[91.41530255610513,43.65553322002129],[91.40966251971382,43.602523912317224],[91.39885105010565,43.5843032682386],[91.38339262471375,43.57028219855115],[91.3519168203985,43.55563635644005],[91.2770755144498,43.534915782373055],[91.22353276640085,43.51437550642714],[91.14456981774573,43.477873347573556],[91.10809978584766,43.47007974011983],[91.07378468025635,43.47087673070574],[91.008249848037,43.49317264207304],[90.96719181611962,43.50209137631778],[90.88357216459411,43.499092880557946],[90.72314341151453,43.52569164322407],[90.66534850741027,43.529133090048425],[90.62223973735692,43.52216863136169],[90.58310268046637,43.503541048656146],[90.55641252456427,43.50129752665075],[90.32000754514507,43.51493303469372],[90.23273090494604,43.53889211311535],[90.1773321018109,43.54009015686658],[90.14922773901351,43.53612964726095],[90.13628348345568,43.52715049872379],[90.11324787282,43.459937918749624],[90.09871055943755,43.447424706795765],[90.0769048034939,43.44102132822059],[90.0666086374332,43.44348717249418],[90.02580263290838,43.45713631484141],[89.99608115310664,43.4758789162776],[89.97789216148732,43.47877189293534],[89.94315438770879,43.47494592429317],[89.86444175800804,43.454451267454814],[89.83011387582519,43.454384229987134],[89.8004527068612,43.448349340910006],[89.72854331505849,43.41600971601118],[89.70191106717027,43.4136027249147],[89.6702378271762,43.39297264142799],[89.61660114920926,43.404727276079804],[89.5277324548333,43.413096306874415],[89.46076522334572,43.42980397062096],[89.36469386418403,43.44602943732976],[89.33163680397206,43.45908085052408],[89.30227077191883,43.48334545338349],[89.26636861538636,43.494622401377896],[89.1950373466432,43.494297746552306],[89.1665897923861,43.50733329970805],[89.15631346507442,43.50377487516252],[89.1288063522945,43.520310892432384],[89.11091773451723,43.52687041715836],[89.07444020257392,43.53241618818303],[89.0397274967984,43.5283607049153],[89.0188569484789,43.53124901832378],[89.00147655260172,43.543474230205824],[88.98947342295787,43.58586510681866],[88.97487901482178,43.59986387175385],[88.95449681175083,43.60841572004418],[88.93055361354504,43.606457047735894],[88.9256090761147,43.58124412678718],[88.94961136392536,43.52499533897629],[88.94637037811898,43.48903037793556],[88.93016250130826,43.455569409473135],[88.9062633008583,43.42436889940885],[88.88306138336135,43.40074148823052],[88.84937753974424,43.37759580811788],[88.82491138995945,43.36921546111429],[88.71647034627034,43.36464572713399],[88.68432664451002,43.358488980432796],[88.62137297937736,43.33090185727621],[88.5890887755791,43.32283294750611],[88.54400883722587,43.319115880332525],[88.5251706274363,43.31423794062843],[88.49767426645074,43.30024194665001],[88.48020452200106,43.28010957334167],[88.46469156882941,43.21999952941514],[88.45479220487302,43.19574501635288],[88.43940314161757,43.18242420080655],[88.41410962926709,43.18040617108848],[88.27171722434157,43.239612427792025],[88.22267384986907,43.2511526310773],[88.13894126810759,43.25649736370532],[88.00435907534415,43.25053641230146],[87.66073528745234,43.261906323027134],[87.50678099491643,43.27895488378641],[87.45681127394707,43.278855726000145],[87.42231506864977,43.274390950555265],[87.39505340444543,43.260175018188185],[87.3834093506826,43.243502586354715],[87.37457687185933,43.19066480368941],[87.36819189475327,43.173812068414875],[87.30130965062138,43.11977711395257],[87.26950300574822,43.110836864692466],[87.23535325256752,43.110111039267075],[87.22177114558839,43.1029855329748],[87.20446772285997,43.078909836528915],[87.14496420112219,43.05056579250194],[87.0898001714279,43.048619262900424],[87.05924107213777,43.02117325803572],[87.03749584879509,43.0086117107061],[87.01884579121472,43.003527228307775],[86.99555363910142,43.00808460439169],[86.86269584215438,43.06355228197737],[86.82913681378925,43.07219731499594],[86.76907218539394,43.09941867297303],[86.73876879603478,43.09586037545647],[86.67355166002508,43.101637210707025],[86.61050516273788,43.09972237659329],[86.56139791558702,43.11255339405683],[86.50390086621672,43.11612108655106],[86.47523582521991,43.12513514853479],[86.45959151682948,43.121184970152484],[86.44136303656629,43.123604577790296],[86.40530828903823,43.1360014604425],[86.34212952075715,43.181393155263365],[86.31409315022863,43.19734797327843],[86.27788737623551,43.20781789695153],[86.25263893193208,43.22747429295079],[86.23282697859683,43.25076908973883],[86.22592999787116,43.269925485675884],[86.23380718229954,43.320946080150286],[86.25717706112589,43.36585921909405],[86.27383396252897,43.38248593183515],[86.27978400775322,43.39561183238638],[86.27238737730238,43.40530447923043],[86.24862525858921,43.40404537894484],[86.1703531666007,43.36627611753085],[86.10633826375816,43.34896987467483],[86.08521878986404,43.34761501388534],[86.03294647334319,43.35463962955753],[86.00657906447682,43.353410895766444],[85.98191404291398,43.36440639796185],[85.97005996105169,43.36001573092714],[85.78922348000901,43.3757729060737],[85.76030786001141,43.37644995094073],[85.72596486733126,43.37344857798178],[85.62985705043242,43.34147905901399],[85.5292130919617,43.32472370523387],[85.46816617790647,43.310848313017516],[85.4281598463624,43.296516464719105],[85.39109780941007,43.28969675259614],[85.32544276234212,43.29103485175826],[85.28364206653835,43.29756102077064],[85.2062102823578,43.311196447628085],[85.16984373572012,43.314970988869355],[85.14296573986482,43.32468489596411],[85.10377501221659,43.3436323223728],[85.03903670070416,43.3857202958699],[84.93071082619308,43.43009192343453],[84.9133776264799,43.42835207262912],[84.88129530331558,43.40990618728846],[84.86548631842149,43.389293897626615],[84.85104232549142,43.38212599435447],[84.80723192105577,43.38341780480497],[84.67381772877395,43.40412304275546],[84.6129894874179,43.40456022771664],[84.56284322711298,43.39716074315604],[84.5497608197887,43.370459561377075],[84.45470694086866,43.28448897823907],[84.35479869787679,43.23695766461002],[84.32700118598471,43.21785671453298],[84.26770568560231,43.19829875543287],[84.26399812300505,43.15793314963691],[84.25487317400335,43.13793349705708],[84.231699883401,43.128824869271114],[84.13984672196895,43.12097934144448],[83.92588662764805,43.11803408458968],[83.80779709701233,43.12235856462706],[83.7498560665282,43.116038210644575],[83.71389769857456,43.10543119225307],[83.69891323871857,43.09521297140875],[83.66534601299816,43.08581375971897],[83.63862600031973,43.08762619028324],[83.62141985350033,43.09430686130782],[83.59175571721048,43.11008094159857],[83.551170886181,43.1151158643051],[83.38970474912294,43.1012620427011],[83.34054408102449,43.100145725708934],[83.32249477595933,43.089243234324535],[83.31729519604677,43.0881905486803],[83.34259689036429,43.07709591597846],[83.37010429112517,43.07073902733803],[83.39340524693405,43.03986711659135],[83.37451387749113,43.02965634296826],[83.32817017133335,43.018725570499065],[83.17335150944201,42.99833296121585],[82.94563636856778,42.98649409121024],[82.82077685176706,42.950071736583126],[82.74015571816021,42.933963329332435],[82.71347980428865,42.935606564637226],[82.66663540730549,42.92151792924774],[82.64309245161768,42.90920286322728],[82.6136981209977,42.88415455545227],[82.6448771798084,42.842655858734105],[82.68114986028081,42.809744548379555],[82.70121417878968,42.77873476702942],[82.70443061608636,42.746706085823334],[82.73771627826346,42.69151719292378],[82.74354300497686,42.6712316130422],[82.75808877064777,42.65293117618938],[82.76179373470836,42.62570895116649],[82.7264537494665,42.59488225605718],[82.70769494970686,42.58504348636951],[82.68087649075183,42.57615874705502],[82.61944410158902,42.56983697323139],[82.58859955823637,42.56140580279683],[82.55971712701644,42.5617838447299],[82.47660040478944,42.54136440167466],[82.4105512718126,42.532477711597096],[82.36870820915028,42.520759649948005],[82.34067363332451,42.50593606998637],[82.3217745997803,42.485530803349526],[82.27424041589063,42.47595190855474],[82.14503095812407,42.480220123483434],[82.11788546445314,42.47880329528247],[82.09287156477414,42.46810467813694],[82.0738697844702,42.43715430227183],[82.07985850062194,42.41690342444892],[82.09792916805172,42.39528414261885],[82.09541369150048,42.38352952456969],[82.08037613481173,42.380728872173044],[82.00465474049338,42.40286095456979],[81.89820086820795,42.41637356710665],[81.88738614044682,42.4265513339425],[81.87634768396286,42.42032881875608],[81.83836573097088,42.42608837161783],[81.76456272336249,42.42830177300997],[81.73512391290969,42.425556097277564],[81.7044403728873,42.416932409893185],[81.62554587803831,42.37452192157148],[81.53084035084942,42.35486145147123],[81.49951745441642,42.33273138745311],[81.48794814289066,42.32648520478546],[81.46660095748821,42.32280535526733],[81.3521015153023,42.33674970151765],[81.24105531705663,42.3577494867937],[81.20762950777413,42.35532701163566],[81.1752708656737,42.33774860678623],[81.1642125346729,42.31338185450353],[81.15827195887243,42.2734493495232],[81.14776522949685,42.241516733574244],[81.11603083413091,42.216363221878474],[81.06603220935658,42.22318862906486],[81.03558086499922,42.235434624681],[81.01606795190919,42.25102323571552],[80.86537873594364,42.33146561518813],[80.80893982516947,42.34786996671193],[80.72826806435474,42.35624447786201],[80.6868074419525,42.344011508755514],[80.60215342075143,42.33693211943628],[80.48930683887998,42.32510201301847],[80.33819317565458,42.28049477726861],[80.25924350776715,42.25010087465354],[80.254470089357,42.2564869291811],[80.23611108606674,42.26990517808283],[80.23472380700768,42.275269131911266],[80.2465580232368,42.29575630761533],[80.2467924801074,42.30511451382373],[80.24304800375215,42.30892862980453],[80.2258218352311,42.31730583976431],[80.221211765083,42.31855882986656],[80.21014618016757,42.32163901589852],[80.20274302444585,42.326146706089595],[80.19964839029758,42.329898405510626],[80.20100862032163,42.3842988911213],[80.19240768636588,42.397530122620225],[80.17984683459137,42.40586412355278],[80.18225275252384,42.427996963185336],[80.18205710907019,42.42962068782854],[80.18135748573435,42.43945249823687],[80.18774540484053,42.461782574247074],[80.19662797061072,42.467790788889964],[80.22961063764704,42.47759141817269],[80.24043203349754,42.4834989266224],[80.24865428392793,42.49389878604142],[80.24466051233372,42.50089802063494],[80.23800596197825,42.503246338210104],[80.21596673110915,42.50362616072095],[80.21054026572476,42.50500480512884],[80.20793994723398,42.506268857805125],[80.19233220970703,42.51422051476239],[80.18084922002417,42.5255310528651],[80.16216052977481,42.547850021221954],[80.14850113515291,42.57453143777223],[80.14188111172315,42.5913732302118],[80.13813620833695,42.61438735846564],[80.13852928903542,42.61649189747359],[80.14240398544769,42.63734227486966],[80.15368511756935,42.65700190995124],[80.16489483208551,42.66474015777084],[80.18466649748326,42.67482392612863],[80.18932502692884,42.68243630194973],[80.19379432593522,42.70238061510659],[80.20114780293345,42.712067223188626],[80.20699754845938,42.725993823616854],[80.20725878621049,42.726688900319694],[80.21077846592705,42.738240090871464],[80.20918045397738,42.745601429316956],[80.21648165406808,42.78774479769664],[80.22449255503766,42.80547621853978],[80.22776531854997,42.8073885517909],[80.23742051162189,42.806359812358274],[80.23889555890885,42.80620196334317],[80.25254355065907,42.81291470201864],[80.257515780907,42.81269142626045],[80.25898555604225,42.80781673798723],[80.26139351412131,42.80679559244115],[80.27574292275527,42.81438888927428],[80.2934921565723,42.814039785404155],[80.29768930579101,42.812018361171276],[80.29666923160265,42.80359382218142],[80.29974005522921,42.80299578883473],[80.32411660131311,42.811042880113995],[80.32908877551289,42.81081610960447],[80.32996994714556,42.80276350429802],[80.33396505747469,42.80212016450038],[80.34794162434689,42.80514658866459],[80.35409161204386,42.811503597597564],[80.36552720674757,42.81029081118026],[80.37047767392406,42.80617013551631],[80.37782061416065,42.80812204769713],[80.38123478813864,42.81162664024801],[80.39166338905588,42.81686873654908],[80.39020897035277,42.82540929954107],[80.39319780996826,42.827561050112266],[80.40339638942504,42.83006388407371],[80.41615890519118,42.837031428203],[80.42408244706476,42.83483078274855],[80.42808626901798,42.83418422102531],[80.43282744311952,42.838543970272305],[80.43853789458856,42.83965106932472],[80.44658873100671,42.846144341815716],[80.45335059985442,42.84857944427414],[80.46377926653223,42.846484492161],[80.46817770206057,42.85040173595712],[80.46801411838675,42.85567808461591],[80.4701538186104,42.85878113186699],[80.47446195893005,42.85812384035945],[80.47968062560342,42.85352407058367],[80.48560730340839,42.85347696577818],[80.51221323292656,42.86504291447917],[80.51897583074418,42.85670809919952],[80.52868890511948,42.864265874897995],[80.53815682851909,42.865415409871794],[80.54599952588462,42.869394065060185],[80.56093908773734,42.86891245419501],[80.56711143761427,42.871593715356966],[80.56315273834696,42.87979895349113],[80.55776304415991,42.8860137373244],[80.5517469446075,42.88858930451834],[80.5407804506944,42.90239478033911],[80.50362501094789,42.9133165214327],[80.4644962679729,42.918033778662426],[80.46312166366596,42.91820012851717],[80.44671198509445,42.92354876058448],[80.40717652807392,42.943477109678945],[80.3788976326237,42.96012731300016],[80.36322675601059,42.96703062348255],[80.35735186909771,42.9714239438459],[80.3511927449368,42.97994682852884],[80.34838049211496,42.99839679613063],[80.34106466687513,43.01178278207035],[80.36482679748313,43.02450972144453],[80.37978121955804,43.03485397488605],[80.41760020585747,43.045462225657836],[80.44159111094233,43.04685590182806],[80.44470329561202,43.04743148681956],[80.45748365175139,43.04951743431652],[80.47222395646675,43.05436368360479],[80.51452382784106,43.07619649785324],[80.51881099570053,43.08104722149761],[80.52697132723814,43.08504239821187],[80.55010662242515,43.10268263899794],[80.5632049230057,43.109336705954945],[80.5857592692351,43.11486572506574],[80.61775525863652,43.122583824481374],[80.6388905935209,43.12525893089956],[80.65365320295624,43.124272588488985],[80.66683228271937,43.121611026039496],[80.67719502251092,43.11787962426617],[80.68679176056332,43.110132981431555],[80.69272928732966,43.1102962781762],[80.70285130170845,43.11454511326942],[80.71035575073013,43.12154350491431],[80.71634513281576,43.124482475756636],[80.73416494972719,43.12386141923943],[80.74165945263071,43.125413373288666],[80.74750553930807,43.12657198686336],[80.76972586450991,43.15322088936628],[80.7701350351062,43.15753847938942],[80.7579921283945,43.17552787772546],[80.7524941200448,43.18799447259829],[80.75040047025588,43.195823393426444],[80.7533134529214,43.20650196972372],[80.75137280284731,43.21315982886354],[80.74741536222737,43.22120331828191],[80.7334013668414,43.236456204962295],[80.73094723627088,43.24311336225377],[80.73087651459534,43.26598306610316],[80.72878739044211,43.270861877482886],[80.72092976216825,43.27468949105592],[80.71476474616085,43.27550346040949],[80.67319520565465,43.27446996695095],[80.65469078073525,43.27145807126628],[80.64470799788553,43.27221707548953],[80.63931434284856,43.27519926659784],[80.63245531193871,43.28308188869546],[80.63055880259073,43.29030340548365],[80.6344725748403,43.29591116475839],[80.64496254531747,43.31084337352934],[80.64996286596049,43.323202417433194],[80.66404344455654,43.33740403720033],[80.66859828044302,43.34958851428398],[80.67975452029859,43.36740760630997],[80.68527247843514,43.3728443615756],[80.7005426369162,43.378950393714995],[80.70500267313476,43.38631618835129],[80.70343202130715,43.405044384058364],[80.7033990305978,43.405869115711134],[80.71558973992455,43.4259032544347],[80.71531459353551,43.43619152151519],[80.7116578248758,43.44844943956779],[80.70208531030102,43.47135544420643],[80.6861736948561,43.48636936634811],[80.67569621411339,43.5136373735993],[80.67020542846478,43.52159384061396],[80.65506160736305,43.54348990102247],[80.63770870090691,43.578190905750326],[80.62938080096869,43.59052649721502],[80.6263521385669,43.599118068888416],[80.60950788155257,43.62283291761132],[80.60212847412767,43.63682088369354],[80.55895425881457,43.7181898743561],[80.53403997833259,43.75217450749764],[80.5310190989105,43.75633585674567],[80.52587112456766,43.766855227475865],[80.52544410350487,43.77241489580938],[80.51424891905924,43.78617377297582],[80.5070708344988,43.80094459681172],[80.49189829609782,43.80556523468831],[80.4882603233261,43.81072342772389],[80.48167379848704,43.840117274100244],[80.4752965808864,43.851154036195055],[80.47217689613363,43.86426632820326],[80.47186536542206,43.865503703814724],[80.47562505748209,43.87885770516093],[80.47490219601016,43.89610770864907],[80.46587680855123,43.912025452374],[80.46496195802398,43.917128758237325],[80.44817422418534,43.93162759675721],[80.44406545008842,43.94604201115149],[80.43395321322524,43.955196806410996],[80.4277959005725,43.9709947124971],[80.42226677107324,43.97960155808686],[80.4244851896671,44.00775576553438],[80.41028927866824,44.02106766610562],[80.40863200226221,44.03112480039739],[80.41725822344671,44.04352664052507],[80.41534161531243,44.051779199618124],[80.39593232076116,44.08106998243302],[80.38515247863259,44.105743609982056],[80.37960473217481,44.1259175997169],[80.37057705232212,44.17275621149453],[80.37032468618732,44.17382058224822],[80.36891124712778,44.23048247889241],[80.37024740914953,44.253127055545775],[80.36749584958024,44.265120431121154],[80.35441068497018,44.28383375738466],[80.35028409474371,44.29566950657173],[80.34680557392696,44.327715423307716],[80.3414238154786,44.357101493259066],[80.33437568856509,44.380999828297426],[80.33311247350377,44.389195868121384],[80.33019295205283,44.40848026146608],[80.31664004306307,44.430915397828926],[80.31421258507774,44.44918114024991],[80.30968112058942,44.45668874529025],[80.32503132414789,44.47329661134832],[80.33092945084131,44.48400761044595],[80.33213870478046,44.49941992125443],[80.33604537472331,44.507358679984755],[80.35490568928849,44.54498271486758],[80.35768253228845,44.564016984769026],[80.37080102603497,44.5843801931047],[80.33474415165034,44.620336135528035],[80.32666968498641,44.628963830041165],[80.32759749066972,44.631449689087624],[80.34496910321437,44.642585830487924],[80.35459527817731,44.65314262885159],[80.36841870610901,44.66075596297329],[80.39632744456917,44.66731496839749],[80.40560114433337,44.6694636729835],[80.41623989027097,44.673620019277884],[80.43185627100634,44.67664047580239],[80.44641878144891,44.677151604197064],[80.45393046452665,44.681663794593604],[80.45619546729934,44.686614163236726],[80.44877302515852,44.70796825330612],[80.4308106188645,44.72231612326876],[80.41330271696113,44.73248321352288],[80.39462165269303,44.739007186176494],[80.38924104350774,44.74016130910082],[80.3692539192576,44.744499133390335],[80.3653940570859,44.747226590003606],[80.34150430090908,44.755115229414166],[80.3306079996411,44.7617521928871],[80.32061225619192,44.773836849494465],[80.31574981697712,44.78509550153893],[80.30665888943052,44.795027995482066],[80.2960540379134,44.79578404710251],[80.27515074342575,44.78779974973109],[80.26371006654433,44.78617538810044],[80.2552913543477,44.7895525382618],[80.25500709793113,44.79033513513945],[80.25428063483784,44.79233510925265],[80.26088238117464,44.80188555116476],[80.25672180813508,44.80937864778945],[80.24545587874128,44.81446173866841],[80.23381530046053,44.81697199008798],[80.2201748871936,44.81670466088413],[80.21254923528596,44.814290183631904],[80.20004611347822,44.80263616767688],[80.18443599064055,44.79736718480497],[80.15453119892673,44.79865760135596],[80.13204281601462,44.80399304551416],[80.12336493708479,44.80518289060397],[80.12253392007668,44.805308598604526],[80.10932762245868,44.80492404958643],[80.09047317252814,44.79171883439322],[80.07701724808847,44.78451292409711],[80.07168771294668,44.783346699440614],[80.04854706990636,44.784373837678665],[80.02122984173404,44.77609154912402],[80.00595156382454,44.774942750967995],[79.99595919269214,44.77578886119153],[79.97922944758312,44.779657868206094],[79.96563089001098,44.78568154266611],[79.96389961449606,44.78647502777568],[79.95501364192549,44.79142056588784],[79.9453209552325,44.818118083230004],[79.93637497595415,44.83103441531266],[79.93034113324352,44.84848110341503],[79.92584443657844,44.853218331944554],[79.90158439583253,44.85541108685531],[79.89927509540647,44.85563319431328],[79.88743219589675,44.860030161717766],[79.87490587878331,44.86875585817851],[79.8663472271282,44.87134679978423],[79.84408856348644,44.87093120686848],[79.82439028210916,44.858638904298076],[79.81718185840094,44.85757807941752],[79.80689535014018,44.86235128331454],[79.80597000742232,44.86626473541731],[79.81076608596372,44.87384160441184],[79.81723217832887,44.879035798416844],[79.83650787523914,44.88150129269827],[79.84316678083154,44.88440848760853],[79.85022626925473,44.891196335522615],[79.85371124914393,44.89453535012932],[79.8591129755128,44.89730119786244],[79.87186287257562,44.9004074545888],[79.89099762345882,44.90859411560311],[79.92322578485602,44.92857560774843],[79.9367476404329,44.932095787240016],[79.96056590726239,44.943270805013036],[79.96534580683719,44.94703065786502],[79.96526656074067,44.972174861966735],[79.96520827634137,44.97411376242051],[79.99970160299439,44.974158397285265],[80.00305313850674,44.97681793617957],[80.00876001841691,44.97842569802868],[80.0182096234679,44.98805558909539],[80.0250092406801,44.99097752380423],[80.03336542178391,44.990379292145825],[80.03524917839283,44.992506116554445],[80.03799883556059,44.99812000593104],[80.04143465540709,45.00699390946879],[80.03881931240417,45.01375411372976],[80.04272617863124,45.021341761493886],[80.04710229777167,45.02372395267326],[80.08049645622714,45.01750848171946],[80.0856027399641,45.01825955885014],[80.10354912303367,45.01781411798625],[80.12129308297104,45.010424982557346],[80.14019744900943,45.00357443257465],[80.14849478760004,45.00277278231749],[80.18402121998425,45.005370700136346],[80.19743647444554,45.00707854933934],[80.20738033145457,45.01074960871303],[80.21750000312458,45.01537977060948],[80.22182279338624,45.02043656272852],[80.22713744787823,45.022055227249844],[80.24107240254527,45.03062636857385],[80.24526941238283,45.03315397284109],[80.25318793863174,45.037917044670294],[80.273202666542,45.0424108620434],[80.27898910517989,45.04303853187708],[80.28904796705143,45.040186985611555],[80.29897776297855,45.025113498087315],[80.30707772751221,45.019071221677265],[80.31665411646549,45.016543841742504],[80.32861122686357,45.01648900826849],[80.34667734359431,45.01911851317397],[80.36836549088066,45.02731801126352],[80.37521295024862,45.03412415722545],[80.38878563139401,45.040478030641346],[80.39271676613065,45.04230275191253],[80.39953362623598,45.04956552124024],[80.4053423850192,45.067590749723664],[80.4106645505996,45.07717972749029],[80.43565860169812,45.09227043808161],[80.4472950285619,45.09566980603292],[80.45864679065717,45.09586307989094],[80.46721598251168,45.09249290743854],[80.47063722718084,45.088472441601105],[80.47877738448823,45.08446806260888],[80.48911254910229,45.08419767193065],[80.50953637944217,45.089011292113256],[80.5188512071891,45.09153823098886],[80.52960449031835,45.09007037295224],[80.548424466834,45.08494895557951],[80.5635455596368,45.08377139192298],[80.57177474323231,45.08497108937043],[80.59236337637853,45.09413662192759],[80.6132436917084,45.09519161628508],[80.62982149970884,45.09945950841423],[80.64453030619015,45.10821158868608],[80.66182505152834,45.111954250287575],[80.67629088895588,45.121400303184075],[80.68183216197279,45.12498607148884],[80.68449946742722,45.12963430476166],[80.68464262198854,45.14059948894523],[80.68739869997253,45.14646882580974],[80.69470843129292,45.148422685870635],[80.71720741223149,45.13250525731746],[80.74000581603833,45.12637275526942],[80.78286178758567,45.11954304495235],[80.80043445091418,45.11367781713614],[80.8097332352609,45.10856519491399],[80.82185489040961,45.10850922331038],[80.83076284406633,45.10881672898701],[80.84179100358979,45.10992335288343],[80.85663568175801,45.11213209423401],[80.86511576807004,45.11533488640412],[80.87302855617855,45.120136841848435],[80.88673531236218,45.12481806476577],[80.917621368651,45.14205006663276],[80.96374254036068,45.141116230039515],[80.98420222554007,45.14403249528645],[81.0061613579032,45.14433229293813],[81.01372951069052,45.14927763098606],[81.02070814733409,45.15032071934816],[81.04133139446112,45.149502310467504],[81.04778819118498,45.152397375592635],[81.05193389722177,45.15812789517999],[81.05178987262785,45.16523499993751],[81.0545466732628,45.1708140424888],[81.06530473158385,45.17714985098816],[81.06963716611831,45.18198622237597],[81.06819862572362,45.18979260582388],[81.07151173843492,45.19417209231104],[81.07877304727086,45.19479791107325],[81.09251600697385,45.19229914735918],[81.10048352705515,45.190917278185466],[81.11983651308664,45.18402748023549],[81.13083827621115,45.1859541104499],[81.13427387869913,45.18850049918176],[81.1409536462359,45.20235812007873],[81.14470009494175,45.205143787623854],[81.18270332606957,45.213545626719814],[81.18989760649599,45.220728857780124],[81.20956824292246,45.21628929665531],[81.22339956035421,45.2206456098129],[81.2411378936532,45.22021733308553],[81.24830707548598,45.21998418013017],[81.2592265470952,45.22216270776408],[81.26650597947813,45.22574418332377],[81.27955279191467,45.23949492599353],[81.28472745623691,45.24196848387814],[81.28961538571346,45.24263267564444],[81.30071184871592,45.236041775276846],[81.30881164401877,45.23615204701986],[81.3319991133528,45.23100994617442],[81.33977623162423,45.234302864216865],[81.35535208071757,45.24950083140547],[81.37366557534536,45.25609749604099],[81.37989338786801,45.263100327124405],[81.38128594592885,45.26324868616176],[81.3861762993823,45.26390952812709],[81.39402324224942,45.24814030285818],[81.4017617775431,45.24475733221162],[81.4191943501538,45.24406747402132],[81.45145662032583,45.25056264297999],[81.46728608249947,45.25866062796306],[81.47835083244837,45.26195569122971],[81.49321411603087,45.27626995276535],[81.50177465844584,45.279224124543894],[81.5218471106954,45.27888166023817],[81.52460940682154,45.28000435892529],[81.53044560597598,45.28248820247606],[81.53960241805176,45.2897994294019],[81.53862485148463,45.29490692689935],[81.54459790848925,45.302318726074155],[81.59280970068744,45.32928143694276],[81.60064613594768,45.329790443843805],[81.62581661160483,45.32382539490592],[81.6394738093866,45.327641090893856],[81.64613368728428,45.331185188019305],[81.64790757182939,45.33518975474847],[81.6561814821326,45.34206270171301],[81.65664387054383,45.34186404931811],[81.6982979797631,45.325745980895086],[81.70852235713782,45.31814404789417],[81.71778594513104,45.30223702748382],[81.72377032840157,45.29779834780648],[81.74782826842085,45.288481024059756],[81.75496802630714,45.282573350133575],[81.76467041229986,45.252683619836155],[81.76515742752495,45.25202656197252],[81.76689616651349,45.25001014512756],[81.76732422740002,45.23648760488404],[81.77851561162531,45.22100500351083],[81.7810226135069,45.21098168087492],[81.78072317709776,45.19114196048274],[81.78544845883818,45.180757336591554],[81.79496502417892,45.175903424160545],[81.81144993365292,45.17519202419142],[81.8322461311797,45.17835406864041],[81.85309729026895,45.185589828509265],[81.8539344178562,45.18582423450287],[81.86489256179527,45.185185840744026],[81.87460720858692,45.181655054958775],[81.89245689864863,45.14493043120911],[81.90053512393212,45.139643438939366],[81.92192729270978,45.13291216861617],[81.92980840709404,45.133598133397754],[81.94812248272369,45.13207286940407],[81.95423849541369,45.13449228792022],[81.97566326396037,45.13459772346657],[81.98598389383685,45.13735534161847],[81.98765788630102,45.137822483078786],[81.98839143039491,45.14145768509367],[81.99780215950948,45.14110378347253],[82.0341344416479,45.16256152605754],[82.05726714221807,45.17430544047384],[82.08185830594896,45.18407181204359],[82.13528180369059,45.19921736555897],[82.13934911882562,45.20036014923375],[82.2083659790661,45.211615838642274],[82.22046117961264,45.21224746123017],[82.253762040999,45.2081892616825],[82.27399477716534,45.20287419461414],[82.29443020393727,45.192233930775394],[82.30152779549147,45.18704120611773],[82.32183720790742,45.1720378438397],[82.40103419279905,45.12340135590396],[82.42827725405215,45.109816492946415],[82.4359836667303,45.10509107077762],[82.44603150170384,45.09881417035053],[82.45433212016056,45.097416710250585],[82.53888126365659,45.18130828015683],[82.54387538701033,45.18757461642584],[82.56051075291892,45.20812050701703],[82.56031621546677,45.21704170451405],[82.56524182166488,45.23741845717079],[82.58649596827617,45.304783088920836],[82.58765567691356,45.30801958130614],[82.59869311510603,45.336138456500784],[82.59648779961537,45.35276594844752],[82.57130338983045,45.40801930426465],[82.56545941028484,45.416574877296654],[82.55764885353422,45.421945481334006],[82.55131473682252,45.42284743824335],[82.39692623904291,45.444672918055566],[82.38427256975136,45.447574718261],[82.37764324971437,45.45091583897427],[82.37193542588471,45.453854505070744],[82.3465973787835,45.47073859583784],[82.30090634562761,45.486747689730066],[82.25864778669215,45.508122840103205],[82.24269079392094,45.52119187941598],[82.24041948646055,45.527564205323785],[82.23850074555592,45.53288569272792],[82.23884508138971,45.54634973897018],[82.24513223597283,45.56366672856177],[82.25585145337607,45.608165924113294],[82.26576751552254,45.62451266187025],[82.27478171743687,45.64709080875169],[82.27616073595799,45.64926118825552],[82.30099854957862,45.68518365161504],[82.3214014855982,45.72536449948042],[82.3389603365581,45.74537215542603],[82.34923301149186,45.76352974317876],[82.35249395131525,45.769154405374124],[82.36302610115389,45.79049907997757],[82.3762854482431,45.825798442281275],[82.3851935784279,45.84178730072028],[82.41578097823167,45.87946719462879],[82.43934754973331,45.90858796668831],[82.47073781661868,45.958692184948966],[82.47533835884818,45.98017173415344],[82.47406160603774,45.995880068187994],[82.47299050007038,46.00819863565371],[82.47876186674338,46.04838300524264],[82.47914630972997,46.08250880159321],[82.48554392762466,46.12085910649094],[82.48642309606414,46.12655716807659],[82.49495105220105,46.15896238591211],[82.51434568810666,46.19739691320849],[82.51677745467471,46.206403946203544],[82.5356372141833,46.2409537342093],[82.54412401488449,46.25650060638336],[82.55972377714316,46.279405935416705],[82.57416939813436,46.29425043173692],[82.59696334113205,46.32952349466932],[82.61576118749258,46.353310557565855],[82.62604201250399,46.36636440763919],[82.64609636445573,46.395629879036605],[82.67976343269129,46.45126327478043],[82.68842952043154,46.46164407427757],[82.69137252226822,46.46721283213084],[82.70448088473633,46.49229647521183],[82.94115005773935,46.467370267402195],[83.04980954049323,46.48228979616055],[83.08761288566735,46.48564009324347],[83.15567028100114,46.48525428727585],[83.1815970950311,46.474617672106625],[83.26529718019356,46.42218433368391],[83.32628060129173,46.40283829591073],[83.37539106474642,46.39837490401963],[83.39610111801102,46.45350977395229],[83.40955698105691,46.46699205421242],[83.42086976687425,46.47918441252094],[83.42736768792604,46.49496305740198],[83.44013859502712,46.50708801222065],[83.44446225667448,46.511194286217155],[83.44740236664165,46.518949340686966],[83.4422834054636,46.52961766423464],[83.4385807417457,46.5470224213242],[83.43629157037788,46.54916773727987],[83.43208377086773,46.5628717342846],[83.43267192680295,46.57322583108337],[83.40879903684252,46.60879970183718],[83.41134004475441,46.624318426571065],[83.41972944561797,46.63860932615652],[83.43714173034725,46.65279941085062],[83.44722658973623,46.66696647413525],[83.44879594180856,46.67256982422496],[83.44422046210804,46.68647858403232],[83.4394421284484,46.69212750511443],[83.43739268608738,46.70712015615646],[83.4398433663206,46.72583384669604],[83.4485660057127,46.737851625827],[83.45958537433263,46.794234954036796],[83.46267346231195,46.804857019818414],[83.47453922705587,46.82932580069069],[83.48431021396213,46.85835692627008],[83.49934244033052,46.87099852912421],[83.50074101039723,46.87795941738778],[83.49790858124238,46.88396179867115],[83.47928342782886,46.90499450682356],[83.47471914807458,46.91386472617412],[83.47733341258734,46.9198226307823],[83.4800867252257,46.92611506605525],[83.49104055743156,46.934373635101494],[83.50559631525816,46.940797047652794],[83.51361723459584,46.94840828209946],[83.52410008283438,46.96258717427791],[83.53004393533313,46.98059831853691],[83.54589405141043,47.03288325282277],[83.5475969931655,47.032588805075925],[83.60924705296932,47.02128841869501],[83.66733375601619,47.00469753589651],[83.68564412547049,47.00313923794781],[83.72434558065717,47.00440729155278],[83.72672902225833,47.00449237289425],[83.8173276352824,46.98946093028416],[83.84110851400594,46.982418152428124],[83.85410891857867,46.97559238294136],[83.87542755966723,46.97122728630877],[83.89559125063145,46.968813758583266],[83.89814987825072,46.970033224731615],[83.90225736417128,46.9718567457541],[83.93128371423848,46.96975820205241],[83.94298496655297,46.970411597789074],[83.95634368843648,46.9662238116624],[83.98295678522865,46.94922428690079],[84.00456862689228,46.94044571458818],[84.0247583041674,46.93959289229844],[84.06490754600127,46.94672542020062],[84.09554024927051,46.95223707778646],[84.11705966612188,46.95739743800959],[84.12659022709377,46.961133973274556],[84.13287983898066,46.965403436208454],[84.14806225335622,46.96988956062388],[84.16370495680525,46.97333243521929],[84.18128773306334,46.974842385559825],[84.23996911566891,46.97533787497617],[84.27919398176239,46.975608409569524],[84.3027887389143,46.97928840340628],[84.33960842346266,46.97262068631524],[84.35583749630871,46.97677478263379],[84.36858216294398,46.98226196704061],[84.3872534037218,46.986310000545444],[84.3959554141294,46.98583570308495],[84.40278526409335,46.985362521634094],[84.41159909226472,46.981482942890004],[84.41397737036472,46.978967027593214],[84.42859682896288,46.962721431241214],[84.47394963330954,46.95339551736244],[84.52687087971152,46.968179054132044],[84.53074888449362,46.97253625151809],[84.53647952298779,46.97171124977933],[84.56701530896142,46.97497451216286],[84.5722554947709,46.972690147824174],[84.57320483968797,46.97264397241218],[84.58014010724683,46.97180838581562],[84.60060041478549,46.97174450927867],[84.63105843166213,46.980526752199495],[84.65316422863903,46.98032489243308],[84.6719993741919,46.971975126958455],[84.68835599491183,46.95153024046302],[84.70244086449577,46.94295096640889],[84.7104566363977,46.931920110229846],[84.71073305955234,46.926602371718594],[84.71134144014603,46.9175456145363],[84.71829784587231,46.91264329213663],[84.72847456861292,46.91208730649328],[84.73711439305166,46.909552915736626],[84.74061411337006,46.90239403578318],[84.73885837032904,46.89364238846913],[84.74166433471136,46.890539520248765],[84.75342108878047,46.88430065593459],[84.74768849549929,46.878113568393225],[84.72392638176525,46.86672525639789],[84.71750352680941,46.8588665880632],[84.70879198669903,46.84051687295397],[84.70476187295164,46.835775747601765],[84.69907431355448,46.83254816610754],[84.6971449534194,46.83143659198807],[84.66622718047506,46.82130506337588],[84.66279870528001,46.815911311556306],[84.6660007884787,46.81194502661537],[84.67093658134014,46.8101704428392],[84.70837108947148,46.81284539284525],[84.73310880359017,46.81255991985457],[84.75315025834998,46.815467146079676],[84.75770106284445,46.81363399194103],[84.7655533895296,46.80350832383021],[84.77361780470753,46.80283027607901],[84.78557257209188,46.80603854584137],[84.79441699160019,46.80851872011405],[84.82719819200149,46.826643715475974],[84.83909583175736,46.83094634287162],[84.85089866304119,46.83246464707895],[84.8753963579377,46.82898018724836],[84.8852307365561,46.830396586921545],[84.93051663977744,46.84780130788118],[84.93395547454871,46.85189510493901],[84.93479238190719,46.86023067640258],[84.9363686901985,46.879011731719025],[84.94344755757476,46.89055163745222],[84.94995797650394,46.89508587366221],[84.96779291405592,46.89921173249058],[84.97016960147472,46.89973685482279],[84.98145367882667,46.90079897008851],[85.01029645672209,46.90021744268703],[85.02113660411864,46.90232051908552],[85.03785154847459,46.909322857373674],[85.04556233602598,46.91522316775936],[85.05191753924242,46.93016054724125],[85.05295979901834,46.93113996694478],[85.05832587920854,46.935966693437216],[85.10925758235446,46.96075538508571],[85.13275286581487,46.96926201481084],[85.15099672162556,46.97794269716154],[85.15814036761655,46.9831093172619],[85.1798476828074,47.01618514467099],[85.1873172884059,47.02748918820619],[85.19104883847265,47.02977102841219],[85.22436790703213,47.03180200441205],[85.2406620231263,47.0363168508702],[85.25961593034546,47.0381582409503],[85.26655654355324,47.03590536088883],[85.29079277989403,47.022980208308816],[85.30173067344865,47.0266415781158],[85.3168518296944,47.03605833866207],[85.32215916948553,47.0370807734608],[85.32980687839057,47.03695488904332],[85.33543477046292,47.03506843728526],[85.35100648933103,47.02977780869927],[85.35977954508182,47.03036197810803],[85.37931094448697,47.03614398810591],[85.39703180656569,47.039454919218954],[85.41401502604668,47.04118386780853],[85.44291592609189,47.039591626241325],[85.47695327069493,47.03548009805504],[85.49809738017292,47.035748675026184],[85.4991032741104,47.04696023324458],[85.5011427279558,47.06883482482092],[85.5042348474477,47.07701583382793],[85.52376688546643,47.099846531807074],[85.53063382136018,47.112058188190844],[85.53568223656761,47.14155216524413],[85.54462244906662,47.16688094693037],[85.55697818582954,47.17819225623667],[85.56589764268057,47.182473361471324],[85.59428782399809,47.18464728187237],[85.61118436127653,47.1835671196047],[85.63566719233918,47.18491598489617],[85.64582653102363,47.18770121736441],[85.65884366671972,47.194478507640014],[85.66316770953446,47.1994115629165],[85.66510163679514,47.20706097346904],[85.6636494793935,47.23104219848961],[85.66341969653084,47.23414874770717],[85.6716708734436,47.256052409822104],[85.67093449644558,47.2706282427064],[85.66136568007748,47.28888282162664],[85.65887344103878,47.30072646305037],[85.66592356734411,47.32819459517894],[85.6751419203978,47.3514377521864],[85.67478228146872,47.3531428053208],[85.67344573714266,47.35868435855727],[85.66615841899879,47.373658896346576],[85.65448201495532,47.38710742344568],[85.63402927181308,47.40165793153241],[85.60768082715765,47.42999111390207],[85.58936453502848,47.46248228587969],[85.57095289757021,47.4952418213552],[85.570790975518,47.50409121355847],[85.58863089394173,47.58308040203854],[85.58834557920571,47.584520187295304],[85.58414138726786,47.60723791814432],[85.57358608750489,47.63786746517455],[85.56854400612015,47.66158513393134],[85.56925370687696,47.68082586044297],[85.56207848883274,47.70813918491674],[85.55945140585732,47.71804447740196],[85.55980804726009,47.72466101448598],[85.53226384433506,47.8108889810925],[85.52823789530706,47.83106395967036],[85.51949967765667,47.87373180689869],[85.50818052233822,47.914108463844045],[85.58845177864485,47.913996761601],[85.67363796283237,47.900629140380865],[85.73782474913303,47.89818748334365],[85.79906565104208,47.88698575107043],[85.88709756492192,47.86228043082551],[86.17016652649355,47.798562234060945],[86.48605151939864,47.74886989277578],[86.43155661451573,47.608704706223556],[86.43239378478657,47.55942408935137],[86.44367375944451,47.51458519535275],[86.4694326852669,47.48580349148782],[86.50883759044554,47.457846529807306],[86.54320704908555,47.4475963868551],[86.6081210689525,47.43536956257667],[86.66660110259659,47.43031228611958],[86.80447664190184,47.42894115014656],[86.86592528863838,47.420471624770485],[86.93094907433286,47.4078350110058],[86.97103817459848,47.394966454317434],[87.01645424438772,47.371975925174134],[87.0318028329398,47.35863762933886],[87.02951652681634,47.34378950706171],[86.98463038839272,47.28207166478801],[86.97335742543525,47.2501815708485],[86.97004021375308,47.20927145275318],[86.99653681772602,47.11423733896093],[86.99438407297735,47.08029191123921]]],[[[93.67141901330733,43.30698460132074],[93.66967918485572,43.32015908958244],[93.68138465087681,43.3400598884193],[93.69095036075568,43.39079601924118],[93.68603804901477,43.51952821619072],[93.68923221908591,43.53644356843767],[93.72164866556781,43.581137970374726],[93.86067332697517,43.65361480075522],[93.97045282865427,43.725076366114365],[94.0207443976409,43.7641259203128],[94.084085077087,43.82868563180383],[94.10685338622231,43.849397801241864],[94.13451057909697,43.86770688020775],[94.22174507825586,43.889551102300786],[94.28205430198871,43.91027551117523],[94.33564168073144,43.9374036744387],[94.36414815995614,43.9594244422824],[94.38441629393242,43.98036818500591],[94.44758231747318,44.08132372634305],[94.47205876949614,44.10951237095978],[94.51496622626837,44.13578903050739],[94.65700043006471,44.199758632958094],[94.70228633837121,44.22383114320694],[94.74008424248898,44.250598438671574],[94.816719193095,44.30377577948542],[94.84824140083752,44.29655558609646],[94.86850981646323,44.28930923228966],[94.87456057376001,44.28768257078419],[94.91659345010748,44.276716282284504],[94.93885109023472,44.26609155999961],[94.95006474420275,44.257539310036286],[94.9762401810475,44.242419907161036],[94.98570442826718,44.24248073720714],[94.99441870970703,44.24248617404092],[95.02125840432024,44.25264456919308],[95.0266979612118,44.252589734862696],[95.0793046658881,44.25217053888339],[95.12479189443698,44.254733433487615],[95.14068720825082,44.253083604664745],[95.17553704806332,44.253151981673774],[95.20154571211509,44.255914271941386],[95.25645812065018,44.26153934379369],[95.30266310952838,44.268058390710344],[95.31212235008398,44.270889528342806],[95.34268511725189,44.27457675472287],[95.35639325020352,44.27409954372536],[95.37421924869433,44.27490117930662],[95.37810976744888,44.27508404698643],[95.39594087782763,44.27768525621967],[95.40430875579685,44.27552096014569],[95.40956848568993,44.26781668291741],[95.40262816067415,44.238324441658],[95.3967967533329,44.23314835830987],[95.35115970188188,44.19262582286561],[95.3494188978496,44.16468486891743],[95.35012234518605,44.13401753402257],[95.33496036653075,44.07043976432868],[95.33012537975425,44.04983439740871],[95.3314951823027,44.03354083608678],[95.34077227194348,44.02104857563086],[95.35136413173342,44.01360175582415],[95.36123797429843,44.00952558269665],[95.43548511688363,43.994750282556645],[95.45489451622468,43.99079466153517],[95.522079435568,43.987906319890314],[95.53244212751825,43.981962354951136],[95.53748999819676,43.97718041773369],[95.54698286872501,43.95902261084864],[95.55120791930584,43.93888080757197],[95.55478458274092,43.9319269534108],[95.56006198263378,43.92167027183133],[95.57428895975352,43.89997075791009],[95.58319136067779,43.89167452288521],[95.61007941055367,43.85689728509375],[95.62131630663724,43.8216744456479],[95.62359297807404,43.81778163057987],[95.64926555960847,43.772935382287514],[95.66255492626935,43.72202566570925],[95.66353627450992,43.69672479683969],[95.6637020450031,43.69547678507696],[95.67675277848993,43.66884536694255],[95.73519691464027,43.58253829058128],[95.74482549404772,43.56826616916786],[95.75968156778228,43.54841471248106],[95.77666749160478,43.531314993177126],[95.7877053090185,43.515699545050275],[95.7949898048465,43.50009968592007],[95.81460252635136,43.47130968466168],[95.86873783926859,43.39163408064661],[95.87335806828825,43.37037475078364],[95.8738454770172,43.35503951962912],[95.87629399397926,43.27729349791358],[95.88181405171309,43.25574080636504],[95.90046408298649,43.23363382044071],[95.90191521630445,43.23202420422738],[95.90429459687492,43.22319958915779],[95.9239944027341,43.20538473301699],[95.93456077397592,43.19764761704304],[95.94671152716967,43.19208202155453],[95.96856356942833,43.1874322395851],[95.99368898673599,43.17266681973057],[96.02107590049341,43.14978444215468],[96.06206721505502,43.11540392063892],[96.08549557891754,43.080219069666505],[96.09741401886419,43.05451351325911],[96.10590316210657,43.04223154348013],[96.11061062286443,43.03535775225937],[96.1427183260227,43.000742519528444],[96.17543866329801,42.972897161659134],[96.21067097934967,42.946557081803704],[96.21323709060759,42.94483893292447],[96.2444901332521,42.92442775136163],[96.27600734310273,42.900707500006675],[96.28513629724418,42.89591193769222],[96.31308136210666,42.8728528026696],[96.32115605532142,42.85739786244754],[96.3228992937533,42.85122803627541],[96.33077590407677,42.824184630073994],[96.33879954902521,42.76951560279886],[96.34730926184626,42.726995576002686],[96.35025179091213,42.71193265676306],[96.35253255091665,42.70840077358052],[96.35538921547275,42.707238421251176],[96.26730759200385,42.71346413602672],[96.21322346270249,42.73136850443033],[96.09501847564881,42.78170550334455],[95.96292503519743,42.8297045279393],[95.82304329054737,42.86694149926634],[95.7081669399112,42.88583186418656],[95.61267834969895,42.89667345855676],[95.50602439989161,42.90486579722254],[95.41643829147223,42.91873719184824],[95.37372011035997,42.92924492859602],[95.24530592605495,42.94730973007179],[95.13689008268673,42.97264082938767],[95.04417122129864,42.98467781110028],[94.93952387887995,42.99026921702815],[94.8806735400147,42.98702765836672],[94.79884017284088,42.974733918215655],[94.75074428138267,42.97220733995619],[94.657087889221,42.95342544233662],[94.59052457552674,42.95088935660069],[94.5335963303399,42.95687383861399],[94.50070084852972,42.964149631350345],[94.46116091999538,42.977857256414524],[94.41087659481737,43.00415388140757],[94.37647604324495,43.03069804746576],[94.35500900623754,43.055889071621735],[94.3487173626816,43.07760099010007],[94.35130983146244,43.10413806914068],[94.3464967000863,43.11994999162287],[94.31720271943678,43.14594996081011],[94.1965270002775,43.23300348703757],[94.07523411748029,43.30467468332285],[94.03021186013704,43.31879007302394],[93.99601167963884,43.32031410372313],[93.97150071597814,43.317027986419184],[93.90505847431703,43.30262019807087],[93.87570615428609,43.30171721634505],[93.79169572368725,43.30622586206665],[93.70625265562333,43.30317129006224],[93.67141901330733,43.30698460132074]]],[[[84.12886611605423,41.07063495209607],[84.04443084418041,41.17393720713509],[84.03234065735585,41.28555244561978],[84.03744954088484,41.349702358754044],[84.03116024762943,41.40027984346195],[84.02322697086123,41.42693395227491],[83.98754533980107,41.48283601978494],[83.9118256652509,41.57705908370617],[83.89425816170623,41.606462669048966],[83.888848808788,41.62675970474519],[83.89877944646213,41.685795925670334],[83.99124793266152,41.841271724179315],[84.00248184494708,41.86244733386321],[84.00644605601231,41.887579395277044],[83.96439728463926,41.96089250572288],[83.93965039692159,42.03800543048979],[83.93549372465642,42.1411449758166],[83.93867830254325,42.21468771997846],[83.9823349019744,42.396261517198006],[83.98358697996119,42.46891599905076],[84.10703311237152,42.42400174307062],[84.14268198728128,42.40881968217438],[84.15989214141615,42.39450853376358],[84.20684426195714,42.374824668225266],[84.2285437507878,42.37048272910879],[84.26443075838901,42.37336007536153],[84.30391308325125,42.390865032656706],[84.38118128918298,42.401890656925474],[84.42931874606734,42.395558862886055],[84.55873156201517,42.36635784224681],[84.72280148078292,42.31877651480982],[84.7849787990001,42.28623107573097],[84.81225075275783,42.27953579474098],[84.83610784414815,42.28387857481675],[84.88828544245297,42.310087125876606],[84.90578808416461,42.313766601458724],[84.93543252641716,42.30823124566389],[84.98223798857428,42.280697603624496],[85.03450258997026,42.25844498954563],[85.07049588997596,42.25353218237533],[85.12710547561765,42.25635698616207],[85.16308876904964,42.25141079645871],[85.20154961454722,42.24005884214574],[85.24658831318968,42.21417346393451],[85.29492507618876,42.197239997854076],[85.28304709202648,42.177783119105904],[85.29182537630936,42.13596842429918],[85.28852668085369,42.117107094447704],[85.24495852577178,42.05741922556039],[85.19784880554302,41.96940098580372],[85.18563215705194,41.91666685114011],[85.18399442705152,41.871290570542584],[85.19251378607922,41.82193827961362],[85.26623370593586,41.657810778248454],[85.27017373384632,41.62558287591561],[85.26049995771135,41.50285414882417],[85.23814562879139,41.38229965307981],[85.23669779872792,41.342626167250764],[85.24581397271172,41.31219767561243],[85.25816817685161,41.300609581219184],[85.30242142004755,41.30856140440128],[85.34047331861662,41.31404785146723],[85.37361458270932,41.31147013699157],[85.3701021536741,41.21052911568665],[85.35985480214532,41.190180033324445],[85.33385933710424,41.17374530535482],[85.26867639823595,41.168551720018684],[85.22884855046658,41.17384484705034],[85.03458132894649,41.16990381079391],[84.76148212262086,41.18491573204771],[84.72188950139346,41.193033181066106],[84.65358554095674,41.1966816944527],[84.53478958715147,41.17901213948458],[84.49404687735044,41.175151978746285],[84.4437774247439,41.19868411042986],[84.41620352546707,41.20607749563209],[84.37171812998912,41.205355172845785],[84.33444183503661,41.19530430660545],[84.12886611605423,41.07063495209607]]]]}},{"type":"Feature","id":"hartwell-1391-country-v5_1391_chin_chn_1391_s-26","properties":{"id":"hartwell-1391-country-v5_1391_chin_chn_1391_s-26","name":"小琉球","level":"country","sourceId":"hartwell-chgis-v5","year":1391,"approximate":true,"color":"#78a19c","recordId":"26","sourceLayer":"v5_1391_chin_chn_1391_s","sourceRecordIndex":25,"sourceCode":"M007200000000","sourceName":"小琉球","sourceAdminType":"Independent state","sourceContainerLevel":"province","sourceHierarchy":{"polity":"","province":"","prefecture":"","dependentPrefecture":""},"labelCoordinates":[120.82361551771879,23.597189447976994]},"geometry":{"type":"MultiPolygon","coordinates":[[[[121.4873233230209,23.430055206487307],[121.47710648452497,23.409290895772234],[121.47398006211363,23.39572243486988],[121.47179166303304,23.392832563510783],[121.46541814950625,23.384132028506098],[121.46374161245824,23.35292924332545],[121.45938499686332,23.341776477912035],[121.46079782755506,23.334885859440952],[121.45365929826276,23.311493978945343],[121.45136203466241,23.30852806979633],[121.44517576320632,23.307941946750933],[121.43888327175652,23.302928749453937],[121.42376619505347,23.283121322332562],[121.42170955205492,23.2803941028521],[121.41811651518378,23.265783329119994],[121.4131120408329,23.25917432997895],[121.40807825043753,23.23099585469942],[121.41189116858126,23.223813478193524],[121.41140758211995,23.220557057031165],[121.40686862984685,23.21489153745824],[121.39361931984385,23.205428465431364],[121.38931765608484,23.19833532125631],[121.38922456303779,23.191219660374916],[121.39569231145059,23.169814776819372],[121.39931324730468,23.16266170367794],[121.39143128715645,23.142060834074105],[121.39288366608413,23.138124329199314],[121.39231879084916,23.13330538812183],[121.39813583598924,23.122003168927613],[121.40181430506222,23.120675037848375],[121.40350670836983,23.118089115154262],[121.39455813332808,23.110161643095452],[121.3878828500031,23.112245560775698],[121.38001985185356,23.09830795077455],[121.37547375022018,23.093104220961024],[121.36262590589536,23.093484267723937],[121.34931761134325,23.083005450894223],[121.34583484862254,23.076612264274402],[121.34771499447587,23.07177381508654],[121.3402519758184,23.064994881966033],[121.33845372392747,23.060371209634294],[121.33814019564176,23.051434975157136],[121.3309272926472,23.02784657452801],[121.32762485367553,23.02355431627107],[121.32538113007281,23.01640663062953],[121.32062266161766,23.013272259266856],[121.31928578003117,23.008481685384538],[121.31630355405143,23.005991104146528],[121.3128075584606,22.997281630717758],[121.3131779983104,22.988327647858984],[121.30330459144061,22.970068301401604],[121.2945673390884,22.960430152833702],[121.28703664551296,22.95208221124615],[121.27986090232433,22.950719980192385],[121.27378924801252,22.94232472733126],[121.25986669732002,22.90820731154207],[121.23847032405718,22.87814403392334],[121.22827758982686,22.87290113527129],[121.22598176024523,22.86538680987072],[121.22325974693551,22.862666809144457],[121.21943060566794,22.86308803718589],[121.21533244117416,22.863644401323352],[121.20534815367661,22.860683507108927],[121.19666198114132,22.85733102222983],[121.18500342752729,22.848701425597405],[121.18220447279671,22.844416975331136],[121.17966136218158,22.83267702478837],[121.18849473804404,22.803471929965646],[121.18814907615577,22.794256549910706],[121.18639530600409,22.78924999604231],[121.18242696070236,22.788858111407272],[121.176642399965,22.78309841679935],[121.17331152751515,22.77073907354009],[121.17105251932405,22.767295280383387],[121.16429363709696,22.75427201662574],[121.16227229681137,22.751068507037655],[121.15682113186325,22.74887058781027],[121.12388304132378,22.718098239072408],[121.10174795600109,22.70564098578572],[121.09579483733724,22.703890097211048],[121.07915423978335,22.697794707037044],[121.06497072070711,22.687323650897508],[121.06132730992536,22.684280518989187],[121.05528707907482,22.67920330827494],[121.03138750983211,22.66598954433809],[121.02095203909897,22.657427856963086],[121.01118515055805,22.63976607484095],[121.00682725792757,22.625798511936623],[121.00211963829443,22.592317655800095],[120.99632183035447,22.58181970959351],[120.9757167598755,22.56381063813265],[120.96712787579035,22.54892502234517],[120.95600368146226,22.516440657504262],[120.94592439226106,22.490560892205483],[120.93853698626323,22.4565571116255],[120.93699612763827,22.455499402794526],[120.92239714989786,22.417887893593363],[120.91517201206607,22.406862846976637],[120.89572262856706,22.35608221903419],[120.89050481757728,22.349380618709464],[120.88399439714397,22.32998039806029],[120.8829865237964,22.321228014933315],[120.881004120116,22.303345985402014],[120.88414588260225,22.259226599032967],[120.88593631638412,22.248461669793635],[120.88931438874192,22.2281522706222],[120.88526705923472,22.216901388303715],[120.8862219111888,22.204309964779267],[120.88428547716123,22.19634911732551],[120.88238210262229,22.18801144548759],[120.88545968094436,22.17025742425432],[120.88117472359222,22.160434680751813],[120.8835434790099,22.152169872683967],[120.88305503591442,22.14360934106428],[120.88599453714428,22.142684444312962],[120.88694291553733,22.140864108216014],[120.87722520380672,22.13152008568176],[120.87553507630982,22.12556203514085],[120.87665505573221,22.119628114667407],[120.88180985313251,22.108974931363353],[120.8873712109025,22.10299443970974],[120.88879788729493,22.098869430725884],[120.88078815634795,22.08247593541736],[120.88005576633542,22.081011558012843],[120.8811162599834,22.05594855265448],[120.88449521812188,22.045106105854085],[120.88911865220727,22.037040811654453],[120.88911468261568,22.033603730434166],[120.87818390473366,22.024448218690306],[120.8744270628323,22.013701962722685],[120.86798980667729,22.011645280175042],[120.86644979799748,22.00826301007603],[120.86745542427192,22.003366527102635],[120.86269699304188,21.99695783623682],[120.84585911497693,21.98881763301247],[120.83824444012708,21.987779935499226],[120.8355086153246,21.98588521512914],[120.83519385085143,21.978314969569976],[120.8308997447174,21.95863654367621],[120.83131195344947,21.949650735787035],[120.83617392283138,21.936714945712765],[120.84372058809531,21.925959677633376],[120.850257458456,21.916662773406138],[120.84947369611189,21.90860634465159],[120.8533391179307,21.901214616698116],[120.85234602845836,21.8987677715933],[120.84912493010974,21.897414048593774],[120.84298484125914,21.897633404124022],[120.83912319148561,21.899911945591374],[120.83359631926598,21.915184843379624],[120.82638767491923,21.91594216900394],[120.81590406930466,21.928178244340252],[120.81026150734603,21.932499507514528],[120.80096659727522,21.933488070156077],[120.7939020922484,21.940260713736237],[120.79161826953272,21.93587805095613],[120.78942906497255,21.93491895930424],[120.78653358685331,21.941225629669816],[120.78130335614706,21.943993564566846],[120.77075342813848,21.944989125503337],[120.75264279918612,21.957289798234537],[120.74966752497147,21.956824015445335],[120.73601969470053,21.94398891253504],[120.73379311042297,21.931884040335465],[120.72948913949085,21.921774610543387],[120.72504815977523,21.917168794549767],[120.72063873005017,21.91562445157209],[120.71525608622215,21.91748363924996],[120.70541946120598,21.92904792943964],[120.70075189883464,21.928843723620467],[120.69910112880278,21.93569719690403],[120.7009316600258,21.94489026563332],[120.70441453841765,21.961630855288895],[120.7037474173999,21.972047000212854],[120.70134007372967,21.979574165811016],[120.69427398140948,21.990424824790516],[120.68281763043244,22.00102580331026],[120.67667937246605,22.01628144058376],[120.67506449886095,22.024519465667453],[120.67681030218651,22.029171855766094],[120.68717210682601,22.038526823788473],[120.68524791566873,22.046069322149545],[120.68658434354083,22.051156211508555],[120.69293213283377,22.05500230584898],[120.69625662707148,22.060988296279497],[120.69581587286012,22.0698793287938],[120.6906787416815,22.079590341236617],[120.69390064017978,22.08438463374956],[120.70324834956094,22.08822965435338],[120.7060545587604,22.091695022135212],[120.69659080761886,22.123432532098278],[120.69045046357971,22.129489726167495],[120.68831445945662,22.140961750494863],[120.68911393176673,22.14687286125408],[120.68007492486008,22.17370778725934],[120.67416172058948,22.19151607699508],[120.67174653457145,22.209989156759065],[120.6676479321474,22.21498420506442],[120.65884063878185,22.232306568401963],[120.64246221841883,22.245503230928737],[120.64042235077146,22.2500861891054],[120.64046448736121,22.250914894034363],[120.63980843673573,22.26317231736842],[120.63349395492497,22.28270232237102],[120.63108192281172,22.2862281023979],[120.63111109498634,22.2968009908971],[120.61522436297503,22.319375186740572],[120.60815939313443,22.326953843584896],[120.59956483515545,22.330035230135096],[120.59096691143101,22.338311018020615],[120.58680291338234,22.35165725041274],[120.58291689474595,22.358559956167664],[120.57753663432683,22.36522728261264],[120.56478848277528,22.37654565243294],[120.549988268333,22.383723523846964],[120.53446955925763,22.394161383902592],[120.51353423482935,22.4041232962459],[120.50811951534024,22.405968229932],[120.5027672999566,22.409935991248656],[120.49877093693728,22.411564349960074],[120.49584510180527,22.41321505823935],[120.48975448419004,22.416830654445533],[120.48252814016485,22.42061844732455],[120.45787624507915,22.43103848189917],[120.44686676145305,22.44068153051825],[120.45206689878594,22.440449116056993],[120.47419107395827,22.429395520590273],[120.47768310886032,22.429977481794825],[120.47962459385843,22.43348369498854],[120.47846743519771,22.43644092459898],[120.46988356271285,22.44432729368942],[120.46118076431063,22.44917129373729],[120.45434420518976,22.447149313589374],[120.44981214417537,22.448485622645613],[120.44343726176173,22.44398264128509],[120.43950761559832,22.44485637697802],[120.4356149080323,22.448876220012863],[120.43116436889214,22.453629187629655],[120.42841245709648,22.45868081818873],[120.43296262054591,22.460958089499893],[120.43440556358735,22.465559761954747],[120.43021986105049,22.464895889199347],[120.42748722093029,22.469480846614346],[120.42412090168506,22.48194747418959],[120.42162651384302,22.47685622976243],[120.41812366656502,22.4773861613534],[120.41622412316721,22.485829988017827],[120.4120376444462,22.48516542261628],[120.41048326410333,22.486327271013817],[120.40834769459146,22.488620557132098],[120.40636346815857,22.490750014400945],[120.40780968274021,22.48015071690052],[120.40553075274215,22.475768124502032],[120.40253655786863,22.477610944702526],[120.39276338364141,22.494194529296852],[120.39130854441015,22.496545790733002],[120.38365329866315,22.499554658190014],[120.38294038099409,22.498179388196],[120.38556997954507,22.48415867354119],[120.39917748298132,22.476079377592317],[120.40130892558213,22.471957124546133],[120.39912085822742,22.4698778398861],[120.37914100859318,22.480494691033613],[120.36860603412465,22.490146627080282],[120.35383230245587,22.499415778111164],[120.34715394668746,22.49717766477483],[120.34567271102728,22.500551428593482],[120.34614993729387,22.50520577975499],[120.3414424844519,22.511381468467263],[120.3386950258025,22.513555377443648],[120.31911540107286,22.52845121181424],[120.2966634775649,22.554241370392404],[120.29101894603177,22.55888567259776],[120.26894026746115,22.589981372710042],[120.26177668138718,22.59781411980505],[120.2536623765465,22.602824045472786],[120.25954284492781,22.60490951989476],[120.25689259326273,22.60947345719532],[120.2536525211754,22.61458839289983],[120.2535200538375,22.616738406043332],[120.25320136557076,22.62012023449598],[120.24530267176384,22.63000507120203],[120.24213306279925,22.637331199320286],[120.23948922726439,22.650227529995327],[120.24024409730218,22.656597261637],[120.24273340454569,22.661689609074656],[120.25315499411951,22.67245097485069],[120.25342186106495,22.686485988522037],[120.25540226070922,22.684338614230494],[120.2566503878688,22.67655936465718],[120.25956813779483,22.675383100089014],[120.26181176179153,22.678381772167256],[120.25959510034986,22.682046185142777],[120.26261301044431,22.685021828274714],[120.26116115462497,22.68801643133116],[120.26289517407527,22.691461433451344],[120.25768690123914,22.698812792319696],[120.2570216529213,22.70363417851864],[120.25502600872879,22.70569106488501],[120.25252120491012,22.703472141119597],[120.2550094503644,22.694952987962196],[120.25197884831155,22.690127238515274],[120.24510158144486,22.71217049558963],[120.23827392271073,22.725582764169918],[120.22495196724326,22.75173889597054],[120.20562795449386,22.798206661267702],[120.19385100754249,22.822535518662832],[120.18714388964166,22.84277768711384],[120.18468574420609,22.84619552007489],[120.1752169105108,22.881092085584026],[120.16537280459227,22.90364171055586],[120.16662769109135,22.90891428120919],[120.16336833095573,22.91577914798606],[120.16520983976754,22.925220030757874],[120.15810657495375,22.94846936088782],[120.15064624041176,22.96658916886982],[120.1412702692457,22.98018025928317],[120.12526255315673,22.995578521734718],[120.11383818628605,23.0008665760647],[120.11064725561013,23.00938088677647],[120.10789788858193,23.008675611872107],[120.10474614562449,23.008491768748918],[120.09258255252793,23.017029279675427],[120.07826641697258,23.030318612106758],[120.0609583539998,23.039050815292597],[120.05108451260674,23.041329164184233],[120.04779312487666,23.042088401078114],[120.04385780311227,23.04488316549431],[120.05057245377445,23.05314497621762],[120.06295334624014,23.057248287958277],[120.08054401627992,23.063359619934783],[120.08750225449107,23.068902534915015],[120.08847026306145,23.068852941442135],[120.08947327729436,23.073790255624804],[120.07366734615563,23.065477331230017],[120.05525017295992,23.062074339129506],[120.05632564189925,23.07763184271742],[120.05678257999502,23.080430527679436],[120.05534328066572,23.087758825481572],[120.05860166914978,23.098743641748698],[120.06060130110023,23.10381194600672],[120.06062789506498,23.10935384220093],[120.06504858040637,23.113697814676282],[120.07053022091117,23.114373942346212],[120.07672384830215,23.11522275634006],[120.08369146922907,23.112445388817655],[120.08416393015422,23.121896400438082],[120.0772036023113,23.125319522333033],[120.07449090345087,23.127842701972593],[120.07331803856023,23.13679471192774],[120.07030505906236,23.140470635822226],[120.06689223610832,23.14050814612456],[120.06671042304319,23.14238314875121],[120.06520188533146,23.163027792827386],[120.06616723761175,23.167137489985613],[120.08012473116138,23.168236395111727],[120.08234363199661,23.16985208851442],[120.08181793474927,23.172609035733384],[120.07933182268313,23.18249130580643],[120.07521774946362,23.187806299305176],[120.07960776393209,23.19372448431304],[120.0816959135775,23.210051196326145],[120.08442124433381,23.217136552798028],[120.08617072996901,23.218266401292556],[120.11443447929915,23.221886193098616],[120.10798301288396,23.226066208150204],[120.08696408707861,23.22489521074403],[120.08267785238381,23.228571625264255],[120.08273153698505,23.23068881999832],[120.08848529643299,23.244906507107295],[120.09171904228289,23.245541807240816],[120.09813336374387,23.251254610733746],[120.09524566161075,23.25749788444096],[120.09744990274834,23.2631802200703],[120.10241499719355,23.26661043874869],[120.1051568192035,23.272583329496683],[120.11281413053987,23.27691204899775],[120.11358176682339,23.279201501402422],[120.11038618707624,23.285951631077214],[120.11119172906555,23.289066888402733],[120.11385557395107,23.29098606435209],[120.1092015878475,23.296009592362473],[120.10701842692026,23.30177945196493],[120.10871035428558,23.307905443295663],[120.11322014574293,23.309738999590564],[120.11642213419184,23.317306267131826],[120.11871113601785,23.318725956380575],[120.12510452020311,23.315941587772794],[120.12737042157701,23.316625515805747],[120.13730387899894,23.311566113660906],[120.14076754858885,23.31179689675819],[120.13329136753902,23.31751239399908],[120.12293450705332,23.330115087254423],[120.1213261411466,23.331643887508935],[120.11700009490653,23.33569512988132],[120.11624877006975,23.34005390794615],[120.12254000216642,23.35150895604192],[120.12676719305937,23.364097021135787],[120.12908954626143,23.385921748364606],[120.13153553311012,23.387687504398496],[120.13378448303665,23.385880398643657],[120.12995700231791,23.362059579406836],[120.13840513942169,23.3634073372499],[120.14140984684803,23.36084247708454],[120.14365569910203,23.361990865182133],[120.1436342510623,23.36661198839237],[120.14562095812596,23.370938521012583],[120.14513852910386,23.372764067641498],[120.15067693978344,23.38792916024538],[120.14996710959853,23.390157388830414],[120.1465194822739,23.400729153674387],[120.14078643545234,23.40101546347545],[120.13808869566199,23.403073048384975],[120.13705925211777,23.408118196485336],[120.13853643793243,23.411133821505196],[120.13754955161447,23.415249166473796],[120.14231782322167,23.42276895718428],[120.13758682779303,23.424385472145953],[120.13387138000687,23.430377585231923],[120.14017093799488,23.441828020168238],[120.14482614637804,23.442715764854217],[120.14686135581202,23.44435659516449],[120.14957077636,23.444144219059964],[120.15161263667015,23.449385029714822],[120.1444089724112,23.452656544772477],[120.14289682145638,23.45121607461768],[120.13524444479954,23.45058238344569],[120.13219395683853,23.45407582208601],[120.13424346585403,23.4599618597237],[120.13253855982435,23.46685890730734],[120.1372158118056,23.47143687700414],[120.14050793194525,23.484249478133968],[120.15245886255488,23.485361347983208],[120.15397172066216,23.48680151152137],[120.14554176828996,23.489790317094315],[120.1375384842127,23.497147128886116],[120.13433065448473,23.504447780407155],[120.1341702368399,23.510010026796266],[120.13763044524018,23.512550155624343],[120.15574424826865,23.51294489991549],[120.15083656351212,23.51707920095431],[120.13784288525817,23.516211529337788],[120.13661017867149,23.51943808581776],[120.14060051269598,23.525777521164304],[120.13592772003764,23.530153297865116],[120.13566958274029,23.534529399467974],[120.1426562762542,23.534061312992815],[120.145180831888,23.540430219414308],[120.13917101416934,23.53909406731821],[120.13476804746739,23.54213779655344],[120.12922618571223,23.543040199701444],[120.12724308378756,23.547668111117787],[120.12929352950123,23.55770586015376],[120.1290211618284,23.567344328608723],[120.12566391983827,23.589799615038768],[120.12343816563482,23.605443579082962],[120.11969860424524,23.600637064732382],[120.11768053627976,23.602684893947135],[120.12274812125527,23.612557535830135],[120.12585898622324,23.62068529549177],[120.14526262037646,23.671461124029907],[120.15126873569592,23.682208892858437],[120.16472551202048,23.696387900278165],[120.16872835521039,23.696817533436914],[120.16996473325231,23.694791557805733],[120.16994151031842,23.686952781935442],[120.17595396355887,23.69179353944216],[120.18012703564975,23.685554884782057],[120.1865616005894,23.684059365100747],[120.19164464806734,23.679162962387803],[120.19011153620126,23.68353952212674],[120.17569604009202,23.699119834040516],[120.17552531896828,23.70578738751511],[120.17952783756031,23.716272603289497],[120.17951829711292,23.725683794830694],[120.18311857977262,23.74083958791137],[120.18689005136545,23.749328038560122],[120.19087343273303,23.75317301564277],[120.19034765126351,23.75592502346279],[120.18432311535518,23.754592442372374],[120.18239035378664,23.75598200332831],[120.18464540238918,23.760079851585065],[120.20418268749475,23.78526199478332],[120.2091378242039,23.7896095557163],[120.21539015069844,23.79229111842134],[120.21218131168915,23.79488249349856],[120.2134090010371,23.79811538132567],[120.23019252073112,23.816132066308626],[120.2331799977771,23.81633976218121],[120.23536563890433,23.81845330788552],[120.24386305564992,23.82667091355199],[120.2586697472284,23.845157289482934],[120.25715786504671,23.849068217978186],[120.25966099292482,23.857554300950422],[120.26443202489496,23.86487725600819],[120.27491494267777,23.87219103637745],[120.27800635468533,23.87653233077579],[120.28119289257953,23.887314762333542],[120.29077953514879,23.899830465951904],[120.30057906873866,23.92181150655597],[120.30427939066222,23.92799856618822],[120.30985975776973,23.93188034770904],[120.32188252376436,23.95823352722972],[120.330676726199,23.971229938122868],[120.33820528119963,23.98957471559702],[120.33895753918482,23.99637838726429],[120.34349108466829,23.996356033146885],[120.34522099460439,24.00485937853225],[120.34869959602429,24.011445517302523],[120.35513263675644,24.017411741697153],[120.36166221108029,24.028617950489956],[120.36668882940636,24.029167445325395],[120.37042831900638,24.037281362881018],[120.38004703606022,24.040471592393015],[120.39085343537573,24.048924502345518],[120.39559692633011,24.047209966645827],[120.40031903735728,24.05877280905458],[120.40708505238699,24.069572276155842],[120.41487045523397,24.077639496804768],[120.4237806578254,24.08185267103096],[120.42629664742539,24.083877148290057],[120.42711254801142,24.091591499604316],[120.42964997555599,24.09490316705428],[120.42902251608724,24.09702383448259],[120.4242750636673,24.095237291485116],[120.42410065309413,24.100609144303842],[120.43102624973756,24.121613607914007],[120.42896949280556,24.125788753460355],[120.44080072916314,24.141918714395466],[120.44024964524354,24.144488621056333],[120.4447900540385,24.150268153001697],[120.47745117728779,24.181280914994375],[120.48242095214015,24.18607355586224],[120.49132924937363,24.186134787840018],[120.49983776473422,24.179803472554767],[120.50512095143392,24.179479897625136],[120.50730090708826,24.177773742738992],[120.51236653651154,24.168081361625106],[120.51509649261159,24.16786001905907],[120.50879254441689,24.184187792897884],[120.50320095176177,24.189073058839615],[120.49140643004107,24.194693807366594],[120.48212460487503,24.19708379799345],[120.4812696936938,24.19960646191626],[120.49389166897048,24.21966666307833],[120.49874582853155,24.223185461369056],[120.50782636322388,24.241004360127153],[120.51293513967609,24.24715684972958],[120.51927531970478,24.260497428885206],[120.51710196474038,24.26745394535946],[120.51690475239955,24.26803603313802],[120.52236578094045,24.283164666735658],[120.52805748118959,24.28056907433368],[120.53276012270803,24.2877941089466],[120.53797468912896,24.291073284680802],[120.5379394143217,24.302410595139378],[120.53997065276694,24.312519268191735],[120.54442697948657,24.325215316143044],[120.55236573756612,24.334537587593935],[120.5531596705854,24.342618306389298],[120.55671242347773,24.349459752241714],[120.5635655276938,24.353599521622776],[120.57391209394632,24.368825813059576],[120.57423679611384,24.379923176136924],[120.57940422015074,24.38633910460727],[120.58251629451311,24.394626443882608],[120.5859643129803,24.396231844219628],[120.59662506608747,24.397131691848394],[120.59420288413965,24.403203091161092],[120.59386808352517,24.409884594356427],[120.59557782396008,24.41405109172135],[120.59791347945101,24.416098054437406],[120.60317164175243,24.416696572077747],[120.60985594674105,24.425555939178],[120.61093753765716,24.432394557760382],[120.6141512469276,24.433205126256116],[120.61853087863481,24.4378942791211],[120.62240602172614,24.438513931284156],[120.63102177594415,24.450491594789856],[120.64536357084437,24.46115343887616],[120.65199361689267,24.474807041199867],[120.66458096953066,24.489043617115673],[120.66611094396859,24.4944326590045],[120.6694239124327,24.506093563026138],[120.6788621497725,24.525586808809326],[120.68264158137083,24.546200666209337],[120.69821927828659,24.57582213638083],[120.69998076117487,24.583660997715924],[120.70728056639254,24.595919268820186],[120.7161034331148,24.6072124355179],[120.71906204271686,24.60879512351247],[120.72749637879097,24.60872933446552],[120.7376123279543,24.6108967493788],[120.74513552139655,24.61243920469339],[120.75767403019215,24.610835014702854],[120.76274810584964,24.6120071133577],[120.7541990366149,24.618813913145342],[120.75221588801189,24.62509566781525],[120.74950695131943,24.624949440778508],[120.74817841505856,24.629291519068907],[120.75534907692298,24.64359092404015],[120.7620191614579,24.64535244332128],[120.76634355790091,24.648478216651142],[120.77340359578213,24.65984690729988],[120.79115692754448,24.665834652473894],[120.8214747431212,24.666338703159497],[120.8358151622986,24.65966765923463],[120.83831576297736,24.659751169676518],[120.85540105221908,24.66021316976645],[120.85801511342018,24.664330230806023],[120.85093897609993,24.666502527037473],[120.84698503432132,24.666638429004657],[120.8372859996481,24.66690349864212],[120.83442667529019,24.671569321543153],[120.82931682997591,24.670221494557712],[120.82650894168911,24.67405066685174],[120.82346049601583,24.673681046006024],[120.83536083981899,24.687631612345758],[120.8490834232699,24.698912611900244],[120.8519531137886,24.703911496007674],[120.8557246884977,24.721938206430487],[120.85896528610658,24.72734105488283],[120.86983238886137,24.735919972030256],[120.8758961107463,24.73813484391116],[120.87950504080032,24.73602527621865],[120.88594690981559,24.74094411829095],[120.89075683827333,24.74169057190205],[120.89332926994851,24.744984114793354],[120.89921433486793,24.76195284987215],[120.9024645809773,24.765695980568083],[120.90876732011819,24.794013684490764],[120.91134188927673,24.797306249226764],[120.91516728929015,24.79866092751225],[120.91162767209892,24.813553747028376],[120.91200615759244,24.821319482960018],[120.90881629531431,24.822997766737465],[120.90775371500165,24.826563422830514],[120.91158834257705,24.83527930773677],[120.91813070446098,24.841837326166747],[120.92197748579206,24.84217632420002],[120.92673991616927,24.839247753431668],[120.93272166432571,24.8392635650427],[120.93371379310318,24.842610688354895],[120.93240678198617,24.847041712947004],[120.93838572554873,24.84816206418335],[120.94138130769775,24.852126281849987],[120.9374136553921,24.859536491964434],[120.9410282096468,24.86754814264124],[120.94094978999497,24.872161188694253],[120.94357835864689,24.880229645652616],[120.95003080065395,24.891860291102315],[120.95238674908195,24.893896316274272],[120.9600363481545,24.900468147092017],[120.96801357712042,24.89990444520922],[120.97053247377941,24.901731394250145],[120.96811626709557,24.90384569566246],[120.95937312364985,24.906273584744472],[120.96310001322541,24.9160151586935],[120.96543496222979,24.920170367184657],[120.97403879006565,24.928160895140614],[120.98124606006941,24.932221832482902],[120.97927744014902,24.93629252722527],[120.98094957835679,24.940639728153705],[120.99348816523964,24.949412733731425],[120.99731080460789,24.95518179871516],[121.0035151327788,24.960313493735246],[121.01360284422903,24.981600581443768],[121.01231857616503,24.983911466703763],[121.01329441740201,24.989375515562305],[121.01205317422578,24.994163782103286],[121.01256754496748,24.995925742589158],[121.01425598789345,25.001465519375333],[121.02604588780518,25.017707989431287],[121.03794464741696,25.03006877782264],[121.04116526887513,25.03187952196842],[121.04838381926302,25.03593460708313],[121.06572504359941,25.042957873402948],[121.08693146753569,25.057577521103227],[121.09961534349829,25.061993108260317],[121.1106941106375,25.06803195538632],[121.12544140802406,25.070014245490952],[121.14901911727742,25.077729251651697],[121.15900111178962,25.08319519710014],[121.16264805770176,25.084017482593495],[121.1646751677292,25.082511490907933],[121.17819067715727,25.09369111970554],[121.19994698957265,25.10066270668805],[121.20871850993099,25.10548198299527],[121.23815106633856,25.115593140097985],[121.25506562671885,25.117317948100663],[121.27223676571917,25.11384840630551],[121.28208011922558,25.114080965479005],[121.29008046864432,25.120669108921813],[121.2972173298541,25.121961418335648],[121.31502358575301,25.121423365337407],[121.33156715257762,25.12273359775092],[121.34995601849079,25.131945204502028],[121.37072904743323,25.13885260999187],[121.38584856559402,25.1481966885534],[121.40552988407241,25.16492852608867],[121.40874436037204,25.173171023625713],[121.39907220546507,25.180467238112342],[121.41067710625079,25.18860466684245],[121.41752779657071,25.203550884701638],[121.42829660341171,25.213104258998758],[121.43549085015528,25.227167644506707],[121.43517815326467,25.23200011417163],[121.44294860195919,25.24808904038119],[121.45383804495901,25.24520167732579],[121.46489295743432,25.25516704920466],[121.4664985460364,25.260069182281534],[121.46813730824942,25.265150075002108],[121.50041309577165,25.280366244468365],[121.50330064664368,25.28405622194964],[121.51217593509722,25.28055739205811],[121.51952726081417,25.28290721141864],[121.52657399142869,25.28631605478057],[121.52590163299824,25.2891808356954],[121.5273913269342,25.29235232115827],[121.53015462117378,25.292657217777318],[121.54425573656245,25.287604311532913],[121.54819427922443,25.28938120065721],[121.55532314637969,25.288359473532832],[121.56535302769369,25.29378384425192],[121.57107042485677,25.293257789169363],[121.57691707508039,25.288571011704565],[121.58127015707971,25.288257810045764],[121.58971025227754,25.286200412416264],[121.5981880100287,25.277879684855016],[121.60689989613522,25.275133969614473],[121.62163798952423,25.261687972959688],[121.62631022546121,25.25340876085011],[121.62973756795951,25.23952691278025],[121.63184085364664,25.230913935503565],[121.63594732311255,25.2271395648516],[121.64423501102189,25.228597582152773],[121.64649666852328,25.226217182869043],[121.64446259870502,25.2185301261495],[121.65326052584567,25.204996944807696],[121.66501662857956,25.199280133565086],[121.67189517932145,25.198564588478945],[121.67546016076743,25.203709528512732],[121.68097944980762,25.203759945278705],[121.68872778431333,25.210914177060207],[121.6927297193663,25.21249198954025],[121.69383857297069,25.210384111217497],[121.68500201804108,25.200088134771608],[121.68652189069405,25.195890379264167],[121.67987008453376,25.187090201047827],[121.68134565012295,25.18372780060133],[121.69036441025276,25.176781849309663],[121.70238959871685,25.170924953939465],[121.70356182766068,25.162730658792082],[121.70577617836457,25.161184040799405],[121.7156851557402,25.163300485875954],[121.7246992317178,25.156351200037047],[121.72861251991463,25.15692894677992],[121.73245648958617,25.153926918552834],[121.740675797728,25.15290193031762],[121.73938626670424,25.146016746327227],[121.74360859143152,25.141296862331295],[121.7426232124136,25.13924319622665],[121.73839570057498,25.137518852809137],[121.73386876573996,25.14007708309607],[121.73264844515239,25.128208703860913],[121.73965707154154,25.13409651014348],[121.75150493578364,25.1380200918227],[121.75469642116649,25.145432639000884],[121.75869324323102,25.149126514696118],[121.75433738303586,25.15046146924543],[121.75418306332467,25.1517749304406],[121.7600379561084,25.156831532889942],[121.76603727558096,25.15624858206592],[121.76751593608442,25.15398847332547],[121.76605023899252,25.150445926347256],[121.77330290406543,25.14800633043621],[121.7829776252029,25.138736101134235],[121.78613221166103,25.137406408444708],[121.78848946511287,25.138229048340992],[121.78922839286993,25.14216321270183],[121.79469000856373,25.14138760833466],[121.79751336830257,25.134032751042064],[121.80088479567571,25.13119472217398],[121.81205862718139,25.130983164702656],[121.81498892006537,25.120479266502585],[121.82208831640641,25.119901767126358],[121.8256587465067,25.125042928193256],[121.83034728271113,25.127611533061046],[121.83419265318119,25.12782782242799],[121.83540964317693,25.127910212060442],[121.84930592958288,25.125142719283645],[121.85697391847218,25.12014372166672],[121.86436371516541,25.121635288059334],[121.87580684673165,25.1207291515909],[121.88393749772558,25.117127589748584],[121.90631939320676,25.119535067022834],[121.91006352215726,25.123449017256657],[121.9132369091305,25.122756852575158],[121.9126785224344,25.117688291806555],[121.90789084153215,25.113020337544178],[121.90992711058281,25.11002326488055],[121.91545770235356,25.110150980502453],[121.91499182466664,25.102396186530147],[121.91190729368586,25.097731858385956],[121.91265883914637,25.094295441758597],[121.90951491752311,25.081902803947706],[121.90934589528496,25.081008704116364],[121.91075598715857,25.074703097884836],[121.91724965647914,25.063529431781937],[121.92291558509437,25.0585677796075],[121.92116223383337,25.05405832968048],[121.92386675269246,25.045609573930854],[121.92475491147646,25.034964221800948],[121.9288301895398,25.025834120482227],[121.9349196725973,25.02153990791374],[121.93064259568239,25.017435222911004],[121.93544094953957,25.015835763666022],[121.94531895071405,25.019409349060037],[121.95082711672252,25.019445844915058],[121.9649186919424,25.023077767307573],[121.97113120053007,25.02207854675035],[121.978535810369,25.018399153143942],[121.98268218285006,25.010728470768836],[121.98545533770675,25.011111273330112],[121.9894678548003,25.01433531361131],[121.99732976582499,25.009382673619758],[121.99816956940442,25.005376935685412],[121.99641091362945,25.002435010449613],[121.99226027314329,25.00006279511317],[121.98620769754714,24.99873402536411],[121.98263030856565,24.995163303924162],[121.97423487296157,24.986746779178947],[121.96910292685186,24.984992497371188],[121.95908180791383,24.977481593517858],[121.95400146198828,24.975994827472913],[121.94267254239722,24.972655457845917],[121.92270811862936,24.96434308455895],[121.91682282274212,24.95911352619901],[121.91025003707628,24.946529474834698],[121.9035907027002,24.943542971833285],[121.89553627440488,24.93580338894301],[121.88448865894479,24.932321305053485],[121.8806774896567,24.929061415102925],[121.87602579912486,24.91708896845932],[121.87611120108906,24.913296781071775],[121.86383265834611,24.8979371075474],[121.85919760983845,24.894531881744943],[121.84491971713418,24.883913923330734],[121.83834027058546,24.872800661184677],[121.82845955720646,24.861108640174436],[121.82506893623537,24.85473808180377],[121.81798406240755,24.830246991451368],[121.81205230490377,24.806030771322675],[121.80992386360965,24.787197045299546],[121.80974028513036,24.781418691298988],[121.80901131991168,24.7615301480388],[121.81295505985632,24.73997099821291],[121.82128880131351,24.71844479843455],[121.82161636026693,24.714335229585107],[121.81382315059665,24.712632173108968],[121.81558736095926,24.71087447119294],[121.81845675648613,24.71023070447802],[121.82285753345045,24.709249411441753],[121.82481128230255,24.706907880752215],[121.82402037954643,24.702147365272328],[121.82727617936213,24.69664630302353],[121.8323583312499,24.65617695776513],[121.83575060801674,24.6450265951221],[121.8430788773828,24.62936999090142],[121.85022177257888,24.617523371899985],[121.85801263376362,24.608615477144532],[121.86387540083685,24.605366905360203],[121.87166578368365,24.60337607095129],[121.87470788652604,24.60260992146486],[121.87561584167842,24.60108008990774],[121.87485612479522,24.598619327906505],[121.8548354842664,24.601746430653115],[121.8512800648223,24.596044968610716],[121.85229351199543,24.586564981881903],[121.85433657761303,24.583653587300546],[121.85815214754763,24.58064164157439],[121.86139379981904,24.58307249587433],[121.86503178456732,24.582302908486913],[121.86652022170713,24.578557821502294],[121.8628083340998,24.575741449880756],[121.86173071969652,24.571578751577245],[121.86384735135702,24.531842216627087],[121.86162823355029,24.527955005614366],[121.84860755645627,24.52534401397784],[121.83293732262906,24.51918979435793],[121.8298470962831,24.51488838495389],[121.82892180978524,24.50673284211509],[121.83004816508785,24.499446980055822],[121.83695153865528,24.49381596979326],[121.84193164213758,24.482680076963668],[121.84892705189203,24.48127779962273],[121.8498432029671,24.47873105515047],[121.84747801460499,24.47671234275425],[121.83941894178943,24.475609539074927],[121.83066568131783,24.471849339619524],[121.81229907399651,24.45809773911979],[121.80932211902692,24.448517036159036],[121.80341584200565,24.441344454725353],[121.79359701103691,24.43129263839415],[121.79187977143133,24.429537924451854],[121.78512578290702,24.415117235212804],[121.7814863813151,24.39927317415555],[121.77987594220629,24.380979940262165],[121.77387776406297,24.36043610846376],[121.7629900539663,24.336521493649034],[121.7633548247759,24.319754429460975],[121.76112840642908,24.310418465978564],[121.76191571956444,24.307707236504974],[121.75994555312568,24.30082248020716],[121.75869648573067,24.29889953701089],[121.7568628474615,24.295962516445233],[121.74235869016688,24.283517307134613],[121.74000469854337,24.279370887055208],[121.73553998444943,24.257374425185365],[121.72566243468319,24.24630845515122],[121.71992060990154,24.242057917090314],[121.70940746847576,24.240417746031024],[121.7053756866931,24.237369986093366],[121.69776661405282,24.222983760103148],[121.67370836218393,24.20965735392638],[121.67095528814203,24.208158331907285],[121.66002944764531,24.196700063094262],[121.64662924259889,24.170676792835625],[121.6542600437473,24.152374406045865],[121.65588800477151,24.14398756964057],[121.64868621458324,24.12094178499444],[121.6453928463959,24.11648071384464],[121.62789210708503,24.10200451901685],[121.61635155008253,24.09248594841554],[121.60593595495327,24.07558258730832],[121.6044350353153,24.069541187235966],[121.60539989863744,24.05534752598968],[121.60733087848104,24.049682016329466],[121.62103687097873,24.02513905484753],[121.63409171616955,24.01381443718922],[121.6371562259746,24.007873537314655],[121.63766613346762,24.000400786462293],[121.63644117169495,23.995330384256523],[121.63179591510605,23.99533414249702],[121.62819326593586,23.9886111743667],[121.61947630588975,23.98418376657992],[121.6119167923015,23.976891397339102],[121.60559267283527,23.96986318627582],[121.59918519284625,23.958043241803246],[121.59802388267666,23.940857399169754],[121.60189127485879,23.935527088104266],[121.60066688368681,23.93368975492734],[121.60254895404388,23.932095413244777],[121.60228907627959,23.931212865683694],[121.59815978109135,23.91995189377986],[121.59453346812751,23.883288117002174],[121.58866874392507,23.853817729581706],[121.57763440681887,23.830069771149834],[121.57272394214655,23.813383777919118],[121.57000839937625,23.809842669157632],[121.56587938461571,23.804493531965743],[121.56306998646163,23.797177128192963],[121.56218525983628,23.770601627846084],[121.56500209275221,23.755174330617603],[121.5631706280818,23.74834788319559],[121.55456241069062,23.731878673418116],[121.54341859507231,23.71553583574999],[121.5410801532491,23.709159290361466],[121.54104596603675,23.704079109271365],[121.54461969564473,23.694446439797822],[121.54354025486062,23.691752259506508],[121.5394816886071,23.681858625333685],[121.53436220362507,23.651418739484026],[121.52937154560408,23.643429904217825],[121.52727035045623,23.63562676745112],[121.52299084956611,23.615777649305954],[121.5225494490629,23.59374183122161],[121.5158821639479,23.56936885744944],[121.51392993782798,23.56237271237052],[121.50332068011839,23.545010147933127],[121.50014641896028,23.529049662843313],[121.49477794577692,23.519452411900062],[121.49415598359022,23.50891202304337],[121.49677063311285,23.49396837031556],[121.50017991333098,23.488889969817276],[121.50412391102917,23.486779337232598],[121.50430263139864,23.482864524977412],[121.50725504088868,23.479616699537186],[121.50043226854599,23.472841887357262],[121.49079419155245,23.45643000982962],[121.4873233230209,23.430055206487307]]],[[[119.53194579149839,23.542967772210886],[119.53196430905332,23.54370289833471],[119.53550188274959,23.54993823238957],[119.53951971615156,23.54992767768307],[119.54067645367095,23.542388049674024],[119.54772328134192,23.529963269470162],[119.55039487312084,23.527651266526874],[119.55462535434248,23.53083792184149],[119.55840321886966,23.529938013806788],[119.56555939081001,23.52192258483829],[119.56711208232153,23.522441979360156],[119.56909839854487,23.52815724174046],[119.57380524557391,23.528786100415555],[119.58171580988927,23.524905678330125],[119.58551669693217,23.525384889777733],[119.58452350940681,23.528383847083578],[119.58547130325971,23.532492801628894],[119.59021546248886,23.538280362361693],[119.59291741149515,23.546015444954257],[119.59215911260179,23.549257842720216],[119.58920538019369,23.55041166650432],[119.5852604847201,23.547186118848202],[119.58095830666495,23.551572841410973],[119.57798093653885,23.551346346232858],[119.57435276587283,23.548260311918675],[119.56929183538637,23.54417682531683],[119.5623643923262,23.543767688303035],[119.56033414972127,23.54764962845966],[119.55268351700478,23.54577377780878],[119.54790468067962,23.55087141856391],[119.55114410239642,23.553367334989154],[119.55569452005136,23.553004721242598],[119.56430141216244,23.552256110524194],[119.56678748301108,23.556794053127884],[119.57103508102118,23.558225483699438],[119.57274085644525,23.56093647532789],[119.56583885991148,23.564396832320902],[119.56080608714018,23.56049355557699],[119.55060473416432,23.556762812931538],[119.54564046238049,23.558843108070302],[119.55168767301527,23.56481764940016],[119.55532769012993,23.57168324889002],[119.55485563695456,23.574884671664783],[119.55010406336186,23.580162299376497],[119.552582706241,23.58156620025361],[119.56127830413976,23.58135907849341],[119.57051898180177,23.584578517329017],[119.57151340214963,23.591446446029188],[119.57574238732428,23.584120655496562],[119.57451283634767,23.57700900091988],[119.57799027427463,23.576058804981834],[119.58120536438223,23.570995806920706],[119.58245293561546,23.56897595538585],[119.58547913537639,23.56827336608576],[119.58640326062502,23.572846220951806],[119.58944752859233,23.576567261469858],[119.58918746554083,23.580476800084018],[119.59290404021667,23.582258818173973],[119.59441904169589,23.584996249411798],[119.59019051729541,23.59601122264935],[119.59089500056511,23.59858605852645],[119.60085319791354,23.601978636236577],[119.60836111515302,23.59861564239895],[119.61157971863541,23.605262036743373],[119.61453972301285,23.604752574001285],[119.61628114153467,23.602755093997082],[119.61526886592401,23.593953454444815],[119.61228536274928,23.589394682053584],[119.61426162529158,23.576574836015],[119.61775790435803,23.57820267388398],[119.62128806965772,23.5824998914876],[119.62220971012835,23.591960156703262],[119.62478570090276,23.593348752682935],[119.62695849742391,23.592212220754565],[119.62852140248403,23.58664319161367],[119.62894803556834,23.58501530101061],[119.63171053119946,23.58388757574981],[119.63937188063856,23.590090730758398],[119.63741051358501,23.59193541844758],[119.63268068331732,23.590574574711194],[119.63147714020282,23.59286541862438],[119.64116100778877,23.606805307459428],[119.64488785578915,23.60434242135591],[119.64559023047745,23.595851740350472],[119.65033714792027,23.590570049888623],[119.65536864168398,23.590135334127126],[119.65856657093795,23.59724491320956],[119.66399874620947,23.59195782842655],[119.66972810975253,23.579342633647684],[119.66947822693254,23.570432187695378],[119.67328079885857,23.562331006814397],[119.6822067526828,23.55866831657381],[119.68149736086762,23.552404802506285],[119.66674228290826,23.549053416521428],[119.66101254251883,23.557980866273578],[119.65583431638301,23.558713596929177],[119.63617914629151,23.55660444976931],[119.62279552828718,23.54401504244674],[119.61507201454157,23.541692757921478],[119.60528791735622,23.53504915903445],[119.59838570435922,23.5304886482824],[119.59468201733608,23.522617804842785],[119.59618750725221,23.52037650496377],[119.60095657808932,23.520165263716777],[119.601642238274,23.518316148024514],[119.59739167521698,23.5143960791725],[119.59722541430598,23.506579548783513],[119.5952176399197,23.50566356963691],[119.58721398741858,23.507714016502533],[119.56437502742658,23.50521120659623],[119.56015202379369,23.507004242137562],[119.55689042160088,23.519175914598353],[119.55469421392449,23.52077580939418],[119.54245706932198,23.52148066188389],[119.53976388580926,23.526746650039613],[119.53704488970146,23.52814280002157],[119.53503670434796,23.533404546088434],[119.5315646429532,23.53499838452641],[119.53194579149839,23.542967772210886]]],[[[121.49745825153431,22.079712119559257],[121.503448812737,22.078549629440513],[121.52498176836707,22.079872330530435],[121.54818505027963,22.07859253631598],[121.55506219671098,22.08407098466729],[121.56184278669143,22.080264770845613],[121.56098504241353,22.073243897071162],[121.56248917554804,22.064255212146477],[121.5663691378283,22.057202469068265],[121.56239595059353,22.056085699094904],[121.55833821771381,22.04902992303157],[121.55903967649918,22.039334705861755],[121.56654272403705,22.032525156493513],[121.57358737776822,22.02913860883121],[121.58604677832876,22.023003103732474],[121.588810639238,22.020038075663525],[121.58212692022276,21.999272362859617],[121.57812175382232,21.997417317730303],[121.57134777309399,22.001225778723512],[121.5625739201496,21.998663184228366],[121.55900353039749,21.999806197938966],[121.55823009401361,22.00690994153842],[121.53797764793894,22.022037834120642],[121.52563118559254,22.02061432745355],[121.5227977078321,22.022100441495414],[121.51613543773972,22.032582846705253],[121.51081165723826,22.03531211906987],[121.4982054962633,22.041740047896017],[121.49788391111747,22.0443036037947],[121.50107085557448,22.050294116044547],[121.49793723758602,22.05666413398416],[121.49970248625743,22.06446719714944],[121.49019242005275,22.074200635242065],[121.4898259324236,22.07760804089608],[121.49063159136853,22.07942960150701],[121.49745825153431,22.079712119559257]]],[[[119.53145462032363,23.63569870206083],[119.51977924340176,23.625810509187218],[119.5087635426906,23.624402236682133],[119.5072995012175,23.62073518837526],[119.51009743918223,23.611770083554788],[119.50902764194187,23.607494594706694],[119.51039578065817,23.602509079985495],[119.51109408451538,23.600106478932908],[119.5093507461915,23.593435820899337],[119.50162647336869,23.58677220236859],[119.50460737538089,23.580823156971707],[119.5004008853588,23.57717057791687],[119.50657604913641,23.566625048463997],[119.50689049573057,23.564275899216085],[119.50509470305565,23.562222168195678],[119.48748645875054,23.562472759030033],[119.47974285524637,23.558760629601775],[119.47160762747228,23.56063481718309],[119.465332092305,23.556901048715076],[119.45942029133091,23.55671203021968],[119.45761942386298,23.55834634554151],[119.45991536631331,23.56171396325616],[119.47079358438219,23.569138725010415],[119.47675447437689,23.565908941958597],[119.48022981132152,23.5668063672352],[119.4848861660578,23.570212428197998],[119.48743486154741,23.572068956655],[119.49120912551251,23.5791938233604],[119.49067918972091,23.584523184207132],[119.48268434456122,23.594122448930865],[119.48396156289927,23.596617583521905],[119.49119330495138,23.594592792271335],[119.49261347609932,23.59798979871756],[119.49336354020053,23.603969614000256],[119.4963844670587,23.608802137397102],[119.49583482796969,23.610907155243783],[119.48966547570522,23.614074164614596],[119.48840882322344,23.61729192211894],[119.49117052350802,23.6223449903226],[119.49114389235328,23.63147489311655],[119.49754776481576,23.637217080747558],[119.50108659866771,23.643451605410366],[119.50557827403561,23.64392977111016],[119.51223112760216,23.638851048616125],[119.5276274833709,23.638170722844887],[119.53145462032363,23.63569870206083]]],[[[121.45807468522915,22.671939794449635],[121.47121863839702,22.67408819121594],[121.48104046872783,22.673987694096642],[121.48772887879043,22.671608661281162],[121.49368723530606,22.673337105481863],[121.49859553070877,22.672451194434334],[121.49957874494665,22.653362085500167],[121.49706109377014,22.645788356426497],[121.4919675033743,22.64234284989114],[121.49168617639658,22.638026653085745],[121.49851760166773,22.62662090785524],[121.49689829550996,22.623541707235763],[121.4793475309915,22.628883925921624],[121.46943603857606,22.640506667195005],[121.4675601768865,22.64145898474776],[121.46272032938369,22.64381742149033],[121.46336452795316,22.648538828993736],[121.4547891980978,22.665510449362365],[121.45457936420004,22.66981244265351],[121.45807468522915,22.671939794449635]]],[[[119.58844287683978,23.61829381925862],[119.5829577894705,23.62081717582482],[119.57846756500896,23.618498232312106],[119.57746860870569,23.620851430749468],[119.58264773579921,23.62934290852949],[119.58288608776476,23.63391914421487],[119.5712568917788,23.64716964243528],[119.56671047539533,23.658686128649325],[119.55626063522337,23.658401299083618],[119.55226739194866,23.65057277540205],[119.54961357202716,23.649930983181726],[119.5437974103667,23.654710417399638],[119.54109612751256,23.659329401635045],[119.54162201702937,23.662021102521898],[119.54384764224268,23.664290187861084],[119.54627975676821,23.66662245525103],[119.5530417933726,23.669637997015656],[119.56245647500855,23.668962428741764],[119.56992817760316,23.675195842936663],[119.58268193713306,23.66897960651526],[119.58933082400617,23.669427722310804],[119.59107543063078,23.66189974542652],[119.59559333382353,23.658222060413852],[119.60129274582994,23.647186844145654],[119.5990948858537,23.64509918846165],[119.5955905844822,23.648358109323233],[119.59187593320006,23.647221273145167],[119.58766512595996,23.636197275651345],[119.58844328308135,23.633690757507473],[119.59634207622251,23.634607672627386],[119.59861718422086,23.632259116467313],[119.59238958234475,23.627050577082162],[119.58844287683978,23.61829381925862]]],[[[119.4197552588128,23.187230994233282],[119.4168069741842,23.190228147696917],[119.41285112540714,23.18865820961013],[119.4128040663084,23.192726455883047],[119.40963936511422,23.196215093434752],[119.41252957889617,23.20033414607868],[119.41181759849,23.20264904889629],[119.40338137345486,23.20927396121392],[119.4043178729267,23.213389060720733],[119.40784582530738,23.216588238724324],[119.41455021421221,23.215743536167388],[119.42071574974631,23.218942786056544],[119.43460583488964,23.22032227659042],[119.43712619671953,23.218954086850317],[119.43809958265913,23.214571732508254],[119.43316948663711,23.19993883051204],[119.42895806469592,23.19923603679967],[119.42348381683237,23.1948327517422],[119.42247633892745,23.187773402395795],[119.4197552588128,23.187230994233282]]],[[[119.48184075164427,23.350474262787827],[119.478626765062,23.353046941020903],[119.480305300144,23.356871458393876],[119.48727157862818,23.36382979546435],[119.48599366969202,23.36751503817991],[119.48679312840814,23.37072446299277],[119.48351255805886,23.3759819614504],[119.48546340799359,23.384011968877505],[119.48296246914701,23.389252127732867],[119.4832690464347,23.392438153774425],[119.49071759308862,23.388165173781115],[119.49812998736219,23.389247659782114],[119.49891311392943,23.383048623425616],[119.50160044282781,23.377135820026822],[119.49818967088017,23.372263085314867],[119.49946087932663,23.369778090626085],[119.50238547509205,23.36909086616631],[119.50615910731523,23.370683292608],[119.50863165733985,23.36775267209493],[119.50635300315611,23.364474163345857],[119.50092400420883,23.36292955198825],[119.49867024797383,23.359186037342013],[119.50220798710147,23.353706910068496],[119.49989913487751,23.35209330935396],[119.49372111795775,23.35323707821771],[119.48184075164427,23.350474262787827]]],[[[120.34638984879597,22.318470604301393],[120.34272130232871,22.325607943413072],[120.34220229689443,22.33069355088072],[120.34836108821648,22.33338083709532],[120.35207201663108,22.337086312134808],[120.35389168357999,22.34460064406995],[120.35979285899873,22.348067965804823],[120.3696806054612,22.351025577124993],[120.3782794198251,22.34499720537662],[120.37726393511214,22.338845143923795],[120.36859634261634,22.333292978938672],[120.35824389877253,22.32280157511108],[120.35058843758733,22.3186715648864],[120.34638984879597,22.318470604301393]]],[[[120.00839252804815,23.429470012266947],[120.00772095152658,23.4517232631393],[120.01025455808598,23.47858643025837],[120.02099753749334,23.50407129051315],[120.02626941245633,23.511704884252268],[120.03600429119628,23.525611879851056],[120.03842190017599,23.525998986934663],[120.04169874457718,23.52146186950988],[120.04093087739385,23.519173787560867],[120.03099973858738,23.510648716687633],[120.02169460841016,23.496955388161766],[120.01773252301957,23.481746992534564],[120.01871738928412,23.4757887752692],[120.01393292888427,23.463929612070974],[120.01287826024374,23.43592714382321],[120.011418810629,23.430599983780887],[120.00839252804815,23.429470012266947]]],[[[119.59185159971128,23.725853571220973],[119.59094694787659,23.73187930427441],[119.58555986740605,23.7375206643326],[119.59406188595882,23.744621014242128],[119.60045537058772,23.754505371752227],[119.60601558056372,23.748101938392203],[119.61043616251548,23.745637003594744],[119.61017687899084,23.742171241067346],[119.59381929229555,23.733872010896636],[119.59185159971128,23.725853571220973]]],[[[121.9513448384807,24.831431895278936],[121.94526341713154,24.833056868444977],[121.93654847089813,24.83289277672199],[121.93013113372506,24.839088202455848],[121.93035931496699,24.841356219077397],[121.93748675613539,24.841038955077703],[121.9399194425719,24.845994375606907],[121.94424201908916,24.846681321775407],[121.951027329431,24.844021332880615],[121.95433452663335,24.837219419460006],[121.95883230520435,24.83566483603272],[121.95505179278663,24.83203312806491],[121.9513448384807,24.831431895278936]]],[[[119.66362131389671,23.241370154655783],[119.65815636910723,23.24510158163551],[119.65918152123608,23.250310831422677],[119.65366924385974,23.256818243251313],[119.65438223464557,23.25884038055646],[119.6658839111139,23.262929784524093],[119.66959408504428,23.25677043141138],[119.66563322502176,23.250316901795852],[119.6653609834675,23.241861408376913],[119.66362131389671,23.241370154655783]]],[[[119.50627590768394,23.479244129561906],[119.50025262048385,23.480180458626542],[119.49782121456616,23.485870405835065],[119.506510088837,23.48382287084969],[119.51144462035086,23.488388260370442],[119.51612049318915,23.488839350620896],[119.51868597294856,23.49143088930186],[119.52834242730931,23.494871948373465],[119.53179287296932,23.49438760206687],[119.53160871443765,23.491369823431803],[119.5271218916992,23.488402615451946],[119.50627590768394,23.479244129561906]]],[[[122.07019397578557,25.637304262098464],[122.07270558561171,25.637269253221454],[122.07579939125819,25.635024995070417],[122.0777228690075,25.629840762894315],[122.07778208147357,25.627531459865743],[122.07593341246432,25.625252414463127],[122.07525316202214,25.620669952729877],[122.07157220379834,25.617764980431758],[122.06836010056196,25.617820458990057],[122.06646815733436,25.61950390322615],[122.06581054637668,25.62236916544193],[122.06710425968734,25.62804905466168],[122.06701823743376,25.63441012750025],[122.07019397578557,25.637304262098464]]],[[[120.02433965514291,23.0772256242072],[120.0204059299473,23.08963142530195],[120.01986694196582,23.099507471112894],[120.02237175019113,23.107090328343283],[120.02759006109429,23.11094950598693],[120.03007749439622,23.111233155859747],[120.02656703148268,23.104074647298898],[120.02536760302245,23.096116265204667],[120.02579212092274,23.077752900629356],[120.02433965514291,23.0772256242072]]],[[[120.07903510851067,23.2510934018587],[120.07801648546453,23.253829180218172],[120.08059489928934,23.260011360531013],[120.08158391123065,23.277973343294946],[120.08409443611302,23.288506636403326],[120.08639029795636,23.290572621121903],[120.08783433743588,23.2868511451457],[120.08227831578031,23.253575343566165],[120.07903510851067,23.2510934018587]]],[[[120.04380441062658,23.132517606629502],[120.0403259375816,23.13274871737775],[120.03932148590567,23.13437418037836],[120.04432488955719,23.142884701818417],[120.04538631649082,23.16075012127987],[120.04906869328488,23.16714271353362],[120.05181448939398,23.167203439099467],[120.04851805902474,23.156596003029666],[120.05001099868491,23.150186094575208],[120.04380441062658,23.132517606629502]]],[[[119.5146045839053,23.357871333569587],[119.51161323310808,23.358752908730214],[119.5093894458828,23.362017880325464],[119.50981295524443,23.364080596690023],[119.51530738549083,23.367276416666726],[119.52148421271801,23.367977074528405],[119.5247165187661,23.37047537135966],[119.52768793903796,23.37070352590956],[119.53266428334422,23.365667013025643],[119.53150312640194,23.36389262363225],[119.51927419076178,23.362659192789174],[119.5146045839053,23.357871333569587]]],[[[119.31164618242985,23.393095240494596],[119.30467667818583,23.39608886582673],[119.30460020723024,23.397482896701728],[119.30785315566688,23.399522995443128],[119.30807731227155,23.404103421728287],[119.31379222491704,23.408753930675168],[119.31605542601206,23.403183591192974],[119.3204895103716,23.402754032614226],[119.32174050347383,23.40073614692006],[119.31578596936066,23.397687074604885],[119.31384024406353,23.393990509489225],[119.31164618242985,23.393095240494596]]],[[[119.60374893348308,23.617061155807175],[119.60007007078471,23.60937317452473],[119.59385281688583,23.60729802576548],[119.59115590072726,23.61007492397733],[119.5889396540319,23.609095975085452],[119.58638216080872,23.610285653133822],[119.58612704371662,23.61299539603255],[119.58990284384578,23.61329394442945],[119.5938553792459,23.617163346540398],[119.5996272278863,23.618287020145523],[119.60374893348308,23.617061155807175]]],[[[119.60654128107251,23.240699624983208],[119.60254155520693,23.241358357196894],[119.60086860336739,23.24436482616451],[119.60009346849576,23.250567588956137],[119.60256405259177,23.251971886982524],[119.6102680328025,23.251250201786156],[119.61294923789141,23.244130984017268],[119.60654128107251,23.240699624983208]]],[[[120.07178510909841,23.23071949641066],[120.07398590587324,23.22744107789092],[120.06975971261402,23.209395308644062],[120.06672986669945,23.205218492777746],[120.06633065292905,23.210543564043792],[120.07178510909841,23.23071949641066]]],[[[122.09312858704013,25.484928510721375],[122.0962555380858,25.48497724848541],[122.10064591931497,25.482705591533605],[122.10382576165541,25.479892440694975],[122.10316162120021,25.476962204545735],[122.09942164177735,25.475815970366384],[122.09631760501448,25.476407943055285],[122.09442373984014,25.47754124756699],[122.09250990085727,25.48327946723481],[122.09312858704013,25.484928510721375]]],[[[120.02449800957262,23.053630837604537],[120.02301297441187,23.06189013317342],[120.02359563183579,23.069662199264258],[120.02804632855221,23.067625310243244],[120.02855125134401,23.065333003500903],[120.02774644083213,23.053803160758573],[120.02449800957262,23.053630837604537]]],[[[120.10605377169011,23.317346732936493],[120.10732871111409,23.330460945142885],[120.10958815953185,23.337057509549545],[120.11133197324766,23.337541130604645],[120.10972022863469,23.320597054130857],[120.1080542717484,23.317608070182345],[120.10605377169011,23.317346732936493]]],[[[120.05557092639961,23.183010349782364],[120.05402994085972,23.18434444050125],[120.05510430435218,23.18732912948912],[120.06277416690814,23.200160540476954],[120.06427098999326,23.198555669609387],[120.0630712137337,23.19540466357971],[120.05824533446982,23.18502190262866],[120.05557092639961,23.183010349782364]]],[[[120.16763456132186,23.737014999167524],[120.16737345888272,23.743141334723767],[120.17289441797737,23.74796143273721],[120.1758496249721,23.74799069763524],[120.17412019268059,23.74409250028822],[120.17564510755918,23.742024676795648],[120.16763456132186,23.737014999167524]]],[[[120.10479522996714,23.310880341938603],[120.10355168534328,23.30450399436781],[120.09797708026288,23.297375862742555],[120.09657480275648,23.298966687171774],[120.09953131316074,23.30564670512147],[120.10479522996714,23.310880341938603]]]]}}]}
