{"type":"FeatureCollection","name":"Hartwell 741 country","features":[{"type":"Feature","id":"hartwell-741-country-v5_0741_chin_chn_0741_p-335","properties":{"id":"hartwell-741-country-v5_0741_chin_chn_0741_p-335","name":"劍南諸部","level":"country","sourceId":"hartwell-chgis-v5","year":741,"approximate":true,"color":"#bb8068","recordId":"335","sourceLayer":"v5_0741_chin_chn_0741_p","sourceRecordIndex":334,"sourceCode":"T210000000000","sourceName":"劍南諸部","sourceAdminType":"Independent Tribes","sourceContainerLevel":"prefecture","sourceHierarchy":{"polity":"劍南諸部","province":"","prefecture":"","dependentPrefecture":""},"labelCoordinates":[100.3713231218233,23.236915947903395]},"geometry":{"type":"Polygon","coordinates":[[[98.89100728697639,23.47645809012796],[98.86397645339181,23.477343091686045],[98.85242496842456,23.477916591232905],[98.83992593097099,23.476569700762017],[98.82797157761149,23.47970673116111],[98.82327094244037,23.49925997667738],[98.80877591631621,23.522893657222482],[98.8068940215253,23.542336081288298],[98.81027858252149,23.551307322529663],[98.82066459960333,23.557310657553007],[98.83497839471684,23.568568641052973],[98.85186731091741,23.57769117753235],[98.88219080708745,23.590975088375533],[98.89026841034746,23.59820575012097],[98.89339734521354,23.608253288895426],[98.89089660610526,23.618155387019257],[98.88296083138603,23.62052458117766],[98.8753037734337,23.624553578145164],[98.86641719883876,23.62951487252636],[98.8595334364618,23.632126464141397],[98.85416962991673,23.63820612994776],[98.85286291669995,23.64762852991526],[98.84876483858666,23.66830336840697],[98.84791758606963,23.678117038572744],[98.84460419541522,23.68550279773285],[98.83826686680995,23.692984898131005],[98.83083840205093,23.694923177189946],[98.8251544137062,23.69842464517894],[98.82299062542002,23.701676264628443],[98.82329888752041,23.70580375471893],[98.83436859445297,23.728095598464677],[98.83604114714856,23.735133283921307],[98.83350645540439,23.746854532478064],[98.82377963638375,23.76125726480057],[98.81280192676778,23.77102005449625],[98.80286723751274,23.77536512127212],[98.7902163457266,23.776627315042795],[98.79025223338083,23.777542424654236],[98.77530998166158,23.77665890951754],[98.76290049068746,23.778662540125108],[98.75594123165453,23.78217540648599],[98.75271680720485,23.786982504425737],[98.742258062987,23.791339148987195],[98.73521529841744,23.793628644276453],[98.72204655591301,23.794509560583638],[98.70915531572658,23.794572801318893],[98.69942968756914,23.79797760945723],[98.69425689310553,23.800954324264328],[98.69249906797023,23.815273591395034],[98.69960276639488,23.819716117690763],[98.70211593571418,23.822879187188672],[98.70551920614946,23.831572708492562],[98.70326466109871,23.84604350162013],[98.70039437936082,23.853813302520827],[98.70149999348415,23.873321718860055],[98.69640255706481,23.88369571858747],[98.69142127639161,23.896631685100402],[98.689911510323,23.910140020992497],[98.69203883542319,23.92039765301038],[98.7024791450303,23.928961823473525],[98.70890342687213,23.93920129734469],[98.70569779254863,23.946127721837414],[98.7019771396367,23.947730520040178],[98.69737699447684,23.952200675593463],[98.68495843527444,23.955381218738346],[98.6778045932425,23.960062469321013],[98.67892606341393,23.965057221568514],[98.68366364988009,23.969994836838577],[98.69175113202054,23.9744938863428],[98.6980252937676,23.976967712849984],[98.70674113109045,23.976575838683427],[98.71823094076225,23.974158696241027],[98.72393661860004,23.974954694426394],[98.72912882173102,23.973256265605016],[98.73288990591237,23.97393610740394],[98.7441642618057,23.978985249253135],[98.75263271731465,23.98943238574847],[98.75762192331439,23.990731427850047],[98.76450722094438,24.000079783394785],[98.76616445491291,24.003005971434003],[98.76423664126365,24.018492466865233],[98.76808751233177,24.02364627327349],[98.79076619497683,24.02772002290394],[98.7955994625339,24.029920012682087],[98.80303075145953,24.044313420039114],[98.81273650406852,24.048166653036603],[98.81958518872999,24.04802059018581],[98.82966963827388,24.04769842774577],[98.83895110244354,24.050612178370017],[98.84856270231504,24.06613143954993],[98.87499062578898,24.08600002866875],[98.88716939870729,24.104215754161597],[98.88892680966036,24.11307210377784],[98.88530670087185,24.141040148191763],[98.88443502221635,24.144366286258286],[98.87391260484634,24.148334397464122],[98.85540712208586,24.135690492615936],[98.85117990072746,24.133290743981537],[98.8463132188176,24.13217855435888],[98.82080892437249,24.132348189449587],[98.80827405404105,24.135272201311455],[98.8013615142659,24.134977317856013],[98.75882033783694,24.12815806928349],[98.7436767872857,24.128836600200355],[98.7192101280821,24.12600074227972],[98.69748789335907,24.11564360553113],[98.67595990766618,24.105371439175176],[98.67036734399242,24.1057725154033],[98.64020103273242,24.10792816659145],[98.63299930470166,24.10582153329345],[98.61928166023903,24.094627431445684],[98.59846309655292,24.09459168916192],[98.58323717425382,24.101238579216805],[98.53518656856117,24.129685866522312],[98.51319746940845,24.128064522035167],[98.50765322912704,24.12763277450407],[98.49987678144716,24.128340391832122],[98.49440330961649,24.126908965932365],[98.42637807194689,24.12625573037819],[98.41053905258381,24.124812923444598],[98.38738688387964,24.11898771004091],[98.37833459023247,24.114315645475497],[98.34718562560563,24.099729710048376],[98.33657340199149,24.09833718309285],[98.31994918979626,24.10280638885284],[98.30869564133297,24.103115761024657],[98.29475750514581,24.098224788314035],[98.2869748628994,24.099281308935286],[98.25791531431469,24.11020001785649],[98.2501259635413,24.110832868239456],[98.21316999362098,24.112040962137485],[98.20410711660107,24.108697419170834],[98.20124618314657,24.10560648858066],[98.17350723911588,24.102826195537457],[98.15659073538028,24.104103548029844],[98.13729667903175,24.101847798080584],[98.11618206715195,24.095181269305098],[98.08915333677596,24.086571979294796],[98.07262334661772,24.084028601958128],[98.02899764092113,24.071301084417367],[98.01357459179404,24.06453191494119],[98.0103995381495,24.06514303678634],[98.00904326248641,24.062406610913143],[97.99907714742181,24.055905053239755],[97.98982860747097,24.05154914328864],[97.98189406572202,24.047918593685612],[97.9776548159945,24.039092755041334],[97.9751231061208,24.03382117770555],[97.96992711202373,24.028886686670386],[97.9441556960998,24.018981010464703],[97.9339938259343,24.016911384904457],[97.91334844242651,24.0174202070684],[97.90362161076929,24.014495027469227],[97.88931686830199,24.004086097458934],[97.8850823788787,23.999593878865202],[97.88755474615067,23.99651718047055],[97.8873112813402,23.987909351464474],[97.88254057023005,23.98137938273067],[97.88166592896158,23.981320319731058],[97.87101111968649,23.980143759049962],[97.8587285920874,23.976025611467392],[97.85616015127741,23.97009972459541],[97.85710283436563,23.95920746592036],[97.85372956699602,23.953591810981067],[97.85162749552497,23.95299269345428],[97.83839520502129,23.952389942590383],[97.82667643702504,23.93700789080223],[97.82038707935129,23.931995505880597],[97.80694166707018,23.930245373536472],[97.79487957446658,23.92504503370935],[97.78822627196296,23.913337257129164],[97.78481861650785,23.90851944563997],[97.77363988489952,23.906294386493077],[97.75865327667465,23.895886358897],[97.74489077593604,23.8841023253106],[97.74033091772138,23.879828595997388],[97.73369070789424,23.8793703691356],[97.7218772641255,23.86834163372062],[97.70540155100976,23.868451267158726],[97.69870522478753,23.865902454141022],[97.69214937675324,23.858778398153284],[97.6813482420916,23.854692604930364],[97.66265857998268,23.84630397179691],[97.65423699149646,23.84395132740473],[97.64627960501201,23.84539867993976],[97.64756887806573,23.84928441882585],[97.64498283009019,23.862600348820376],[97.64280805491363,23.868808688075834],[97.64389153329662,23.876131615711568],[97.64094669535157,23.880512918207202],[97.62811429562619,23.890944733141602],[97.59365252168125,23.906385072445584],[97.58352924452794,23.91426716973257],[97.57608267015502,23.91708434250768],[97.56712643144199,23.91831025261986],[97.55921432166159,23.924111076945486],[97.5406225118163,23.932752053356243],[97.53519015789927,23.937383117539014],[97.5342446697691,23.94220321624676],[97.53881383923066,23.95041319591627],[97.54661876879258,23.95767631680864],[97.5681408781189,23.966422061008963],[97.5736800271795,23.9711849745889],[97.58235373209229,23.989896402677054],[97.58538291648696,23.993076255981016],[97.59240246852518,23.996450626376998],[97.60594395104465,23.999594550735345],[97.62948773046212,23.999594242830803],[97.63241751955142,24.00208533612318],[97.63389757320627,24.00606008121657],[97.63021969124833,24.014579122554537],[97.63165438906914,24.01665606545032],[97.63810899220276,24.017566139853876],[97.64178608172176,24.035202202011295],[97.64060365825986,24.042612205616642],[97.64226627509744,24.04468367329384],[97.65048329255174,24.042810770313956],[97.65284792144729,24.045288823107235],[97.65472526769693,24.055582830077643],[97.67711687864347,24.068364572409063],[97.6870044342795,24.07742159117915],[97.69538157462063,24.09009773158634],[97.71025040032663,24.096295288873073],[97.71458469360769,24.1035794472533],[97.73242183381132,24.117302206012074],[97.73636623212404,24.12712515182882],[97.74157698237747,24.149577779626384],[97.74689460494987,24.159158578722373],[97.75710634464899,24.16999131411414],[97.75442540818108,24.180392083695015],[97.74202706178046,24.18364745852014],[97.7306854587321,24.189620156448036],[97.72753033996949,24.193600321629795],[97.72778914079207,24.203928349969797],[97.73232719316292,24.214641457295187],[97.740839279814,24.23456739079735],[97.75792167622866,24.250243239825704],[97.76292980875193,24.258795923969274],[97.76462028152719,24.265935455203213],[97.76076192853851,24.27880686236872],[97.75261699030297,24.286367587852677],[97.74324827601943,24.289556719837876],[97.7282232127978,24.28989387267033],[97.71467204031504,24.296350487310416],[97.70969215958131,24.29609888857775],[97.68352567012208,24.294749795711528],[97.6736943923623,24.299998906998912],[97.66860683067348,24.30721751936809],[97.66129126233962,24.33489457709597],[97.66201428036881,24.341785023693443],[97.67340087270225,24.34658605475787],[97.681168989309,24.34757899852915],[97.7013526217805,24.342952219748376],[97.70631699678799,24.34466213196902],[97.71046870507215,24.34795745571554],[97.71453036571533,24.351155173007356],[97.71659771587677,24.35476278743568],[97.71686638788017,24.36371835767431],[97.71301838805564,24.371387591443014],[97.68982300069536,24.392770122494458],[97.68400477906575,24.400484341599626],[97.6813641227283,24.40650264137991],[97.68690867760307,24.415729849218383],[97.68754002818228,24.423797177081113],[97.68132120446664,24.43403595208894],[97.67961835474112,24.445497572258603],[97.67108280135632,24.452715321588],[97.66184427452113,24.45208039576385],[97.64948442932335,24.446660650762254],[97.61957054277684,24.439311852775322],[97.60793526039252,24.44399973529339],[97.59920768169995,24.436176158001473],[97.59459192672217,24.43585582594171],[97.58919087115727,24.44082818714269],[97.5855131450332,24.441120091338213],[97.58062319290798,24.439116863432737],[97.55645416693858,24.44006877694943],[97.54708506332739,24.43436384798564],[97.53742648835512,24.434783502027493],[97.53516790295323,24.436732773407734],[97.5348402738958,24.441805098144442],[97.53735008678248,24.4499802098476],[97.5532190670487,24.48388274202175],[97.55710229545012,24.492177972843738],[97.56421310816702,24.54414866739021],[97.56415218926047,24.568632420066272],[97.57043894679747,24.615136980034382],[97.56860727729854,24.669419103339003],[97.5704843886463,24.706104769100474],[97.5726505771174,24.709433646645937],[97.56522543936661,24.72664221889847],[97.55383045000869,24.73468283811078],[97.55377960482832,24.741329427483794],[97.5571156589111,24.745115320960622],[97.56728259067445,24.750926426713143],[97.5693404160316,24.760725694550054],[97.57514047525657,24.76331615984914],[97.59042831642589,24.760736760327692],[97.6012147141215,24.761395182441316],[97.60451200034524,24.763263653602813],[97.61896184647294,24.7710058091157],[97.62907096312009,24.771523304843413],[97.64145294319121,24.776841947527117],[97.65730583603015,24.791687965462348],[97.66542978708651,24.804633155705673],[97.67330081414197,24.80972780237399],[97.68605174358855,24.82526480689066],[97.69111832497758,24.827251267577292],[97.69809242796737,24.82390428563208],[97.7025925807014,24.825578229343684],[97.70610505257505,24.83219281291821],[97.70692237964434,24.83306824358056],[97.71073678026046,24.837153475722612],[97.71496880801418,24.83726045197067],[97.73070842567634,24.82294508135146],[97.74632418508368,24.826193689059625],[97.75193468381653,24.823843300691788],[97.7620676366845,24.82289234193076],[97.76694954713638,24.823496701439474],[97.78250797431103,24.83866430593356],[97.78719425313545,24.846720699330582],[97.78812932283493,24.856070997122533],[97.78274154762799,24.86927275387547],[97.77480214909188,24.874835589925326],[97.7718817899091,24.876822923081715],[97.75714820067385,24.88219726433058],[97.74998399981357,24.887901853493272],[97.73790589015904,24.90692773912512],[97.73486953009727,24.915278660849985],[97.72932971331667,24.945033223044025],[97.72077172847133,24.963110793213062],[97.7177980334461,24.975560228563285],[97.71668186617921,24.980854321315977],[97.71691120359986,24.98168911453555],[97.72136814272852,25.00001377039894],[97.72761958587843,25.02555764472223],[97.7291813649092,25.06524880152769],[97.73057393485527,25.070075075988765],[97.73291298764124,25.072963697527538],[97.7454156763311,25.07981721064907],[97.75532116539839,25.083308707711026],[97.76005094929577,25.09218139955365],[97.77044384289128,25.111898830194413],[97.7813990923628,25.123373055111617],[97.80436082788496,25.173039292992243],[97.81553755170299,25.20680545572599],[97.82307335941346,25.22913715233617],[97.84426830712316,25.26792792496625],[97.84863739888429,25.270310527887936],[97.85569956207746,25.269962458098938],[97.86598945754815,25.260098932454667],[97.87755681106091,25.259139546325397],[97.88332597680028,25.255066627398122],[97.8899063699423,25.24822821060476],[97.89107869318242,25.24339544031474],[97.89393814702424,25.24103867875816],[97.89446634327369,25.240618984416272],[97.89965048104752,25.22504819688346],[97.90329267434377,25.2190143747127],[97.90966333715556,25.21479771477545],[97.91748772888705,25.214769039040114],[97.92344590019809,25.218345217958568],[97.93042642321329,25.21771426707508],[97.94827710611028,25.22370899234971],[97.95760769123783,25.231051130955922],[97.9909976775481,25.266607766111527],[98.00023860164475,25.276484623060334],[98.01392729489808,25.303195877969635],[98.01891673539595,25.307883989435336],[98.0301657491147,25.308523686791087],[98.04660910170217,25.304771431374245],[98.06181357009983,25.309391011415038],[98.07007035671278,25.316741878709987],[98.07782948540265,25.330604584955392],[98.08456989719399,25.339673892544667],[98.09090933580353,25.33711395363357],[98.09625916509512,25.33207492996053],[98.10174459790314,25.321513100270206],[98.10922252973668,25.295526685364873],[98.11375531915408,25.29083849320202],[98.12306379814363,25.28771785358427],[98.14550874953618,25.288923922989184],[98.1540527809505,25.284312814733056],[98.15695840424735,25.2803235944536],[98.16166870857772,25.268266484534905],[98.16626585166628,25.244425390191868],[98.1718256258313,25.230175121124642],[98.1843018323665,25.212016687366958],[98.18942988483579,25.19885994864742],[98.1887084682691,25.19553072021585],[98.18339451580404,25.18326934935848],[98.18127731773355,25.171436983759165],[98.18469722256049,25.162665383847646],[98.19540689703506,25.150728060539084],[98.22050950917055,25.13981558356751],[98.23854110853854,25.12286362572061],[98.25136987226584,25.105434981902132],[98.26099923984067,25.087572780962752],[98.26040599277961,25.07871920076212],[98.2547482595635,25.063865957958395],[98.22906350497816,25.015812018658522],[98.22384192775945,24.999863206800523],[98.22291390826462,24.98841804510575],[98.22492255707849,24.97113616473933],[98.23041671535663,24.95871478644093],[98.23535107624825,24.952914384205847],[98.24755671193348,24.943944548749723],[98.254275210841,24.932444854537835],[98.27000788651925,24.941440834878343],[98.29139035431514,24.950340269751912],[98.3033400486246,24.952413564407582],[98.30976050230288,24.951436276578736],[98.31702764803754,24.94825868924154],[98.32110854570374,24.944650416364357],[98.3290082797433,24.93116495162621],[98.34375064238374,24.915592673074237],[98.35105765611107,24.91057157267782],[98.36104118876312,24.910762117847376],[98.36818502404154,24.9131085882678],[98.378172931523,24.913295965976193],[98.39027770111885,24.907992687401432],[98.41010879262974,24.896562333224523],[98.42136329924381,24.893448867843784],[98.4445604862625,24.89240018599129],[98.45884791358877,24.89708252621795],[98.47228862089082,24.90395945723159],[98.48381015750549,24.9071142118856],[98.49898471218468,24.90775127598246],[98.51262201069389,24.905410328557515],[98.52149336326706,24.901507600750488],[98.5292848764081,24.891688951810195],[98.54052862953239,24.86939555181477],[98.54915533068915,24.85737763123934],[98.55463735523772,24.84309125334831],[98.5549307814914,24.828347010441806],[98.55001175402748,24.814990823967154],[98.54213874335161,24.809324086877837],[98.53538331932793,24.807730822103835],[98.5030423798771,24.808273451372347],[98.48443235807589,24.800939092926722],[98.44533957697625,24.780692921112436],[98.43632992337064,24.77278445332538],[98.43092584622553,24.764202324995676],[98.43074240305943,24.754238238768433],[98.43492884281906,24.74509572572401],[98.44597731290166,24.73201973450037],[98.44770399345289,24.725779401465047],[98.44701583409754,24.72060495875703],[98.43970346060651,24.708299775219373],[98.43633249130751,24.697909098424695],[98.4388649524797,24.685654639573116],[98.44426016853129,24.67696788817477],[98.45616215797057,24.67367353469336],[98.47787453717693,24.660386556286312],[98.48917369450879,24.65984986561618],[98.50289853887034,24.66283374718006],[98.51002486303143,24.66178239213926],[98.5173108342182,24.658828089302446],[98.55472427892761,24.63240645421838],[98.56052997850496,24.630082525098967],[98.56269644982602,24.629216471243332],[98.60283456073363,24.62845542307285],[98.61495702354459,24.63168492874271],[98.61861928245865,24.637277041722754],[98.62457737070146,24.64258759884299],[98.64196413526682,24.650936517667766],[98.64374210047629,24.655527893733176],[98.64197951145027,24.664446557248183],[98.64280336884916,24.668221427128014],[98.64722073332908,24.668934864276054],[98.64889209785221,24.67057326004071],[98.64835786586676,24.675023565005926],[98.65011265656862,24.678771817637692],[98.65703256380577,24.678564230879886],[98.65993961596085,24.68237268885471],[98.66155603429122,24.701650896681677],[98.66927692994936,24.730133353572704],[98.66777403219177,24.733345635686703],[98.65852004567768,24.7395350035644],[98.65065462190618,24.752227076718277],[98.64983796502794,24.761753001125644],[98.6453438795294,24.765476449605888],[98.64405475187677,24.774593370324226],[98.63596840319615,24.781380549092134],[98.63542657688062,24.79588218176222],[98.63514390047413,24.80357481750554],[98.63694509610984,24.808799689724967],[98.6410033669037,24.81226787630304],[98.64686263392807,24.814627279736115],[98.65001423841969,24.818544286118833],[98.65624664389354,24.81835808285078],[98.65955805862832,24.82037043948373],[98.6654479598686,24.829905066629433],[98.68206894236047,24.840770013007365],[98.6892163127562,24.843098310440766],[98.70118874285136,24.843287765590294],[98.70833416857742,24.84561006086855],[98.71832022108747,24.845766002956275],[98.75729991595377,24.852398468295448],[98.76519936423183,24.836900444482293],[98.77212247994322,24.829265415066843],[98.77495314863313,24.8270947487839],[98.800900385676,24.827481422816483],[98.82594693450565,24.833748637711686],[98.83789123718293,24.835764646106938],[98.85228058760242,24.834866594336294],[98.86596088931864,24.828795956972325],[98.87323033846826,24.823734175098583],[98.89453430083775,24.790480591180874],[98.90379244878872,24.785444680671905],[98.91506659975343,24.78479630638252],[98.92348938921567,24.78581794367166],[98.93262289901865,24.788250654700317],[98.92712241499919,24.795607655849388],[98.9195848260776,24.816329431477932],[98.91543772017043,24.83059008387887],[98.92047581585338,24.840246715144616],[98.93734299741332,24.85927810316054],[98.96175821111588,24.881354068006896],[98.9696624439796,24.886989431776612],[98.97601341707976,24.889653788622592],[98.99482216576901,24.887685551765202],[99.00480634326196,24.88781522930269],[99.01235159285888,24.890862754053],[99.01545975302172,24.896800299419162],[99.01229661800264,24.921087178879777],[99.01656995505193,24.929251302574624],[99.07151698668162,24.97158604035368],[99.08924698741974,24.990228598383684],[99.09519275442725,24.99398413482419],[99.09838488651062,24.994389424271805],[99.10282871626076,24.9914937650332],[99.10734546989416,24.983074198101512],[99.12427166821067,24.973691758514324],[99.14207391432966,24.958423685796063],[99.1581894595473,24.949395885928332],[99.16828195858332,24.942137000046355],[99.18049082356626,24.92568977502542],[99.19622923821375,24.914071553041133],[99.20916392871882,24.902787298487358],[99.22705584282826,24.878285468829176],[99.25434353398451,24.863152921169924],[99.27624185388794,24.83541443982032],[99.31878818498325,24.848452320916433],[99.33871746833388,24.857277619819932],[99.35111694982137,24.86511683289393],[99.36399548258998,24.877329652778325],[99.38883853739404,24.91599433429211],[99.41261017909669,24.959776023428404],[99.41950365261664,24.96842431000572],[99.43393951299896,24.978043729767737],[99.446025926843,24.988794323734577],[99.46279873608232,25.01661426260007],[99.47278670654794,25.041261777405136],[99.48079976734581,25.054483995458504],[99.49091578546731,25.068694770280906],[99.49578329260609,25.079292450763443],[99.49317428417208,25.110017012293596],[99.48958815510977,25.118173267404707],[99.48192884162778,25.12880128411919],[99.48276064013342,25.131939190425214],[99.4875819155847,25.136201868476416],[99.49948307560454,25.12710908160041],[99.51358978267788,25.131458643443654],[99.52797836351039,25.131568873834258],[99.53582874651653,25.13614104705102],[99.54001755598989,25.136409884244074],[99.54361874626247,25.12846416976804],[99.5476233621725,25.124725103852697],[99.55955631602278,25.121753863992282],[99.56784187532075,25.114901702677514],[99.59160681545151,25.11212430189807],[99.60168414264353,25.109217421650314],[99.6077882144264,25.10614883321223],[99.61257210326823,25.10374505264063],[99.63723648525385,25.084872717780854],[99.6463310521453,25.07566186983552],[99.6571414154799,25.073567937588162],[99.67193474043117,25.06752158632435],[99.68150879377325,25.058712178402487],[99.68786417584512,25.05572768893055],[99.70220697736377,25.054975877275],[99.70666266714393,25.056074109645603],[99.72115114612515,25.068835144755084],[99.7272766658175,25.08127950154308],[99.73329619051758,25.086120089169786],[99.75961736318624,25.095729690351263],[99.76159357705566,25.096450572419627],[99.81007684859203,25.09046364933467],[99.81948532986372,25.093912038545636],[99.82763458263295,25.10060981349715],[99.83449966519686,25.111647056433437],[99.83655711637358,25.125858139152513],[99.8465526851362,25.156582339457348],[99.8511484233284,25.163207654896222],[99.8674703959693,25.176591452198643],[99.89923178663291,25.1891673739241],[99.90852493086736,25.19762749396471],[99.91964789426987,25.20695427235481],[99.9197246423452,25.183921918542556],[99.92197466880953,25.172633849217796],[99.93373178398554,25.161185293647367],[99.94183405403058,25.149302158624074],[99.94632024262229,25.142729382105816],[99.94934887093427,25.12845188321823],[99.95169053180918,25.123923381499413],[99.96612508555124,25.11046290394156],[99.96970378205253,25.102714779883385],[99.974036931788,25.081838108789658],[99.98477886399813,25.054155405070897],[99.98855530115434,25.033404664326707],[99.98899819818264,25.030959077040293],[99.994048903157,25.025054023962998],[100.00010569934629,25.020523360825663],[100.01132133364483,24.99858766895543],[100.01581491596197,24.990802066608225],[100.01594419821438,24.969459647523117],[100.01801187445261,24.959447039772922],[100.02245211449616,24.950608028315276],[100.0307911219735,24.945835693878056],[100.04028925341744,24.945875761361894],[100.04755928204415,24.94283772924512],[100.04795654998607,24.94155358660754],[100.05853856241902,24.954434649020392],[100.0668694071346,24.973324225743795],[100.07100440006246,24.97738108906696],[100.0754678561326,24.978678148831097],[100.08627767989537,24.97697300899809],[100.09165708909207,24.97802243653617],[100.09610427936084,24.983755682441924],[100.10231441254015,24.987517234149383],[100.11077613773564,24.989918997893476],[100.11580288717259,24.988446365057282],[100.12025076319259,24.984673267875095],[100.1241497867142,24.98387948897852],[100.13258701147004,24.98585765411961],[100.13811837220445,24.985209405502566],[100.14509149605057,24.98090838312123],[100.15049368591016,24.98237660966388],[100.15391880972268,24.98193561283028],[100.15532301402779,24.981754732576967],[100.15990784372286,24.985369288210972],[100.1763640246863,24.985535279799045],[100.17883564400171,24.9839554212352],[100.18318423599423,24.973422912735597],[100.19507828139949,24.975041935630745],[100.19851164095847,24.974266364779453],[100.2005873016691,24.969321969808597],[100.20551533039244,24.965947649934034],[100.20617134424545,24.960427733755072],[100.20288310661005,24.954859960674035],[100.20074718845737,24.93994764759671],[100.19468916839537,24.929847518883292],[100.19970151733945,24.9142160863388],[100.19850376368655,24.913420576422087],[100.18935638961497,24.90175872410932],[100.18036900084753,24.893257152475133],[100.17930837714482,24.876401708459188],[100.17402180160853,24.85845084290211],[100.16804790627539,24.85003660444666],[100.16337149333945,24.839666678916252],[100.15133990483098,24.825585524220006],[100.14838789353888,24.817257251237983],[100.14759438774738,24.808001127784557],[100.1473045103221,24.80462901803652],[100.14875356010594,24.801189527864558],[100.16085361099657,24.797945203564716],[100.16308942140452,24.791724972830206],[100.15783988338232,24.77440923039715],[100.15434572355831,24.769060712808354],[100.14760129744195,24.763636018812463],[100.14401595625621,24.75660125115352],[100.14012482675754,24.738594932807032],[100.13788243385008,24.735306758819103],[100.13112232733968,24.73410698623599],[100.11002805764083,24.718706427009995],[100.10226066532628,24.715854914517394],[100.10196344283294,24.695589979891817],[100.10439738611782,24.6838728412013],[100.10957713536739,24.671620893355474],[100.11461295171756,24.665923452967313],[100.1259730982629,24.661868929707783],[100.13248789711771,24.662868208292384],[100.13900300496319,24.66851380223886],[100.14173443634853,24.67706105737839],[100.14184124224802,24.684027483356452],[100.14726574135578,24.69563219739694],[100.14783803152378,24.7025802747469],[100.15246186119788,24.70724850871302],[100.15874768983709,24.709884504134486],[100.16850553619511,24.71397725709639],[100.1787897611144,24.72094509721129],[100.19141627251464,24.73309596109305],[100.19883946082052,24.73828065513127],[100.2070183137054,24.740052776430474],[100.24771237550475,24.740042384484845],[100.27860344669044,24.752051771173456],[100.28268486533695,24.75298259976906],[100.31533804604027,24.760427106049914],[100.32247905656678,24.759913871490827],[100.32925336496794,24.756667883493208],[100.33695944049563,24.74915817175491],[100.34194137478212,24.747045144724773],[100.36250945156522,24.746800187508434],[100.36544653905118,24.745406484968825],[100.36853666659971,24.742527973309794],[100.37314453865683,24.733246722969497],[100.37735618844329,24.729687190960068],[100.38760234515843,24.726499625089964],[100.39528490894429,24.71856505541091],[100.40401957066007,24.71311883977598],[100.41818043592379,24.709762321939124],[100.42033152446713,24.70670987929351],[100.42886587145976,24.706540523944863],[100.4462792411521,24.725327711072044],[100.45913068694253,24.734229267664244],[100.46618084519856,24.736504351211778],[100.49218111580869,24.73465481611342],[100.51712743253852,24.72405127622163],[100.54452484507276,24.706921166202868],[100.55638316303315,24.70269815440592],[100.57290329474962,24.702898096573872],[100.59286060949289,24.710778218644],[100.60102943303865,24.717421074726083],[100.6126267214098,24.732838153350208],[100.61718311643342,24.744897071741693],[100.62023931232912,24.780956461944584],[100.62815848746294,24.807243839556826],[100.6328102146746,24.812751408827697],[100.65776785355423,24.82277433641639],[100.69671520082915,24.804731298879144],[100.71696312876789,24.79184767650652],[100.72763358636082,24.788685323086455],[100.73470349650476,24.789849001676167],[100.75117233817534,24.807418877943476],[100.77324703545413,24.770709397360598],[100.78822236161534,24.75713258320351],[100.80710057426971,24.747008928118483],[100.81566221137894,24.745057617468337],[100.84242641340013,24.74448672775493],[100.89124827201543,24.746080235593574],[100.89843320611847,24.750682436940448],[100.90561030424864,24.746649731035514],[100.927594595779,24.746160298080486],[100.93995495279637,24.74323128656601],[100.9465063533643,24.737777373435872],[100.94981422042844,24.7182465635379],[100.94951241793278,24.70675705678789],[100.9443223221088,24.69095403791861],[100.94420625902619,24.68653409498695],[100.95252032390893,24.675734724126784],[100.97224671609504,24.62663310833887],[100.97955571894005,24.614081172405648],[100.99716865057371,24.59421616260521],[101.03211289063927,24.544742570050715],[101.04395491591787,24.524113306948394],[101.05543934729718,24.510105085287037],[101.05860777545112,24.50164618063262],[101.11091489796411,24.427818853661876],[101.13761644663444,24.394415753633794],[101.15242508227402,24.37900259485927],[101.17471378734163,24.35897744298184],[101.22376272080534,24.3332956131895],[101.25517568997888,24.31782701543913],[101.29980339546701,24.2579767677217],[101.31514203854462,24.242037326253314],[101.32273908747916,24.224710257701602],[101.32709962817299,24.19760859427454],[101.33760616472667,24.173616833693124],[101.35965138148843,24.13846219799639],[101.39693654580921,24.09509245193484],[101.40333599528591,24.080419586622646],[101.40169300340803,24.06891635272938],[101.40348838738062,24.05715807761296],[101.40930825464999,24.043816263657988],[101.4189800833886,24.031167297043684],[101.43785345156728,24.012678123030216],[101.4504917985899,24.006598628510268],[101.47185616868641,24.001491030657384],[101.47845577635212,23.997778160489457],[101.48839356603756,23.988333845341135],[101.49245330518202,23.9789911357976],[101.49423244324274,23.967227792643207],[101.49924449310505,23.915478536914563],[101.49462349060815,23.89739927890128],[101.4898080348372,23.889346230723095],[101.47716612075975,23.874425143027096],[101.46379574873039,23.863120553612013],[101.45211590659069,23.855565162238847],[101.4264582517973,23.845793895016477],[101.40696889886706,23.83136574446741],[101.40418854827261,23.82414551183781],[101.40838572861844,23.810898212527974],[101.39903898207874,23.77698593917047],[101.40067345444581,23.76748888985802],[101.40736334119897,23.748255112956294],[101.41427173667067,23.739992067192592],[101.4262949865107,23.735239902628305],[101.4351535695951,23.7339528953442],[101.44527872951343,23.735478322271323],[101.45667332427618,23.739817662522814],[101.46759902575494,23.75098613474637],[101.50185995950376,23.777260830817852],[101.51384172032478,23.780264173913924],[101.52027982833131,23.778821505893443],[101.54077622024488,23.76405563504782],[101.55140262739621,23.75098825284646],[101.5544478474116,23.742028089057964],[101.55421187583457,23.731056153872498],[101.54351460134683,23.702088043727144],[101.54440027754603,23.696200257860838],[101.54870935841605,23.690063658760018],[101.55371177779827,23.68807637073965],[101.57253101142601,23.69056585739685],[101.57853690078258,23.688182396828854],[101.59661658178828,23.6654944382286],[101.61692366211388,23.652982598606968],[101.62692419573662,23.64900270853713],[101.64131688961776,23.65213535028822],[101.64828381885052,23.657110680219674],[101.66007320626187,23.670142568288657],[101.6661918249461,23.673239813522894],[101.6754680859496,23.672867901191406],[101.68346625242134,23.66968231305776],[101.69086510010435,23.662371249336882],[101.68809199982834,23.651215134383026],[101.67730691332275,23.63779143127922],[101.67264260487198,23.627466157394128],[101.66954594956304,23.615403957348494],[101.67472334003463,23.603370925482256],[101.6996546990276,23.564603173879245],[101.75556415275882,23.490137893636863],[101.77698158587884,23.467145610289244],[101.77941394923194,23.459516051126236],[101.77446738716696,23.445971593164998],[101.76426359693488,23.431208849770183],[101.76301125679574,23.420618869576906],[101.76445594586201,23.41338602029384],[101.77003162857534,23.402276028801825],[101.78343194615194,23.390242221481945],[101.80422065079492,23.376348083500424],[101.84025730970893,23.34410981377737],[101.85647983669072,23.33314155837518],[101.88155227771885,23.32052288928779],[101.87996507396885,23.3070363348216],[101.88285006141545,23.277011396348353],[101.87945260498819,23.26949774351769],[101.87321210829171,23.26090880676242],[101.84241833743607,23.250000066977233],[101.8356118754045,23.242749121066133],[101.83152123252313,23.231082774740656],[101.83182676950697,23.218741831245925],[101.83570062252346,23.196088345213134],[101.83246610822297,23.178512118458325],[101.83347458195097,23.170331278470226],[101.83974920027934,23.15558979558985],[101.84699349782767,23.148227301538093],[101.85735740733139,23.145154307153682],[101.88359847700409,23.14345204742851],[101.90671130488542,23.145215256324146],[101.92287763845812,23.14978885135493],[101.96230527134871,23.169396248829965],[101.97578365438336,23.170613504473486],[101.9817409568388,23.16819902513288],[101.9949430581893,23.158408368892363],[102.02273878851973,23.131582638897395],[102.04910652625831,23.111994308239087],[102.05576841935327,23.09817268487528],[102.05809067264279,23.086129078249556],[102.05277633187896,23.068256024607567],[102.05545875859671,23.04826481442839],[102.05432083523756,23.035384801230357],[102.05006301828362,23.025991988761305],[102.05020215602893,23.015930028285844],[102.04509928095013,23.00465704239344],[102.03107325488016,22.981448822035514],[102.02271583673584,22.97594509543822],[102.01082098637349,22.972992601681938],[101.99340759599563,22.973394990507106],[101.94440976595695,22.992165143510988],[101.91055711745135,23.000325468766324],[101.8877530551467,23.001776818197644],[101.87826809578266,22.99894359111402],[101.86964303235935,22.990207651075238],[101.8614583907372,22.974632724889492],[101.86248864941177,22.95088201425066],[101.86745105076805,22.941087722705753],[101.8703025422196,22.926593171208513],[101.8694683254736,22.916927847723816],[101.86566146016861,22.908470045053495],[101.85902893922862,22.89892618761861],[101.8083219043294,22.86165279328563],[101.7939145065788,22.84724354194502],[101.83572057137042,22.802755184983713],[101.84732333597485,22.794717820620654],[101.86457076901678,22.78883094039533],[101.89537693784114,22.789675575644843],[101.91925515300608,22.793322281005885],[101.95415774497519,22.790264637661597],[101.97478603057284,22.784092866993156],[101.99259476110579,22.77684464222387],[102.00418185444434,22.76878814348333],[102.02522876477458,22.747970893625652],[102.03538952817306,22.731576420868],[102.04668401672383,22.720293681883575],[102.05359697808763,22.709679975520007],[102.06205498999242,22.689522342936968],[102.06486609263506,22.66722274670653],[102.07176805689956,22.64881373044601],[102.10391382261179,22.626748674014223],[102.11928324454755,22.619345324005202],[102.13648133076356,22.61341146363679],[102.19105574273614,22.609968043131495],[102.2305252698163,22.601561802181042],[102.25363057406152,22.593179833114892],[102.26701089852482,22.586561686508823],[102.32316021700781,22.555979520485494],[102.30840848491006,22.53375960040929],[102.30365137490708,22.52896704929384],[102.29733557207716,22.514978865429406],[102.2907546601222,22.50693343135738],[102.28376323762467,22.50317949319169],[102.27202087691627,22.471374642002836],[102.26507800223521,22.46606357001947],[102.25388239853072,22.461920888290297],[102.25233347054034,22.459132717076685],[102.25988730021295,22.449993391935532],[102.27003053686114,22.43084859442067],[102.27113114103716,22.422635762230538],[102.26857118945397,22.418355444305547],[102.25850374158416,22.41845495887383],[102.24934296194078,22.423614511317965],[102.23939144957552,22.426279457060186],[102.2233789855469,22.426399627236407],[102.20671853622234,22.42897240290456],[102.20387279932267,22.43118483111597],[102.18770905310062,22.433126942219847],[102.16582783265459,22.430697216053286],[102.16361917717032,22.4308197361394],[102.15944657861829,22.426126087293337],[102.15101651793722,22.40373053794514],[102.14891917766892,22.40019228201227],[102.14197193487729,22.40174035472906],[102.13526012142293,22.408148620772426],[102.12570843503507,22.43535785243186],[102.11762611583434,22.439436742166897],[102.1070944242653,22.442072747907265],[102.08980548112702,22.443052290482758],[102.0658279803858,22.44942528798451],[102.05235785628292,22.457008738992972],[102.03995208078142,22.458119193766677],[102.02377993963678,22.457013544218928],[102.00846479996243,22.45006934446957],[101.99933937422362,22.432496136150327],[101.99471917580605,22.445091468221577],[101.98055661036351,22.43222342064814],[101.97260473255213,22.429059934905563],[101.95973164348783,22.429872335147884],[101.94586580891394,22.43468346717522],[101.9242303141487,22.436605702711084],[101.91864465462493,22.434424357920875],[101.91190136493398,22.423690546491905],[101.90885811568135,22.417096674412587],[101.90734477670522,22.407709016239817],[101.90779803121724,22.393891698662774],[101.90454052220365,22.38802333744786],[101.89655039114939,22.383294941849424],[101.88780942047994,22.381016458054965],[101.87228761989311,22.383844858717413],[101.86296773667237,22.39034045727275],[101.85129768830159,22.40977009361414],[101.83890138167277,22.42212260816193],[101.83522319623165,22.428879139916308],[101.8307335921749,22.448340689875575],[101.80624822275425,22.48604873533868],[101.80406534328014,22.488178938444467],[101.79054370478445,22.496458964051186],[101.77883698898496,22.499299655826928],[101.76919892348805,22.500555493520313],[101.7621785278537,22.49822977309537],[101.74627239158157,22.500385761240675],[101.73917890919888,22.497415177649753],[101.71866703739498,22.477535743013238],[101.71393653453995,22.475645463487396],[101.7060600232801,22.475944132964344],[101.69460326523378,22.474387766566995],[101.68836928042677,22.471623958565225],[101.68829161877325,22.462921349042272],[101.68336607269984,22.45571144584781],[101.67439862814774,22.44892055864306],[101.67172201341775,22.443247495752367],[101.67165325727747,22.439764892774296],[101.6724852972658,22.435212182459367],[101.67496155891214,22.430254388550402],[101.67123641139008,22.421707698539343],[101.6626903081053,22.416668781275582],[101.66361650151843,22.409462419723074],[101.67284883100254,22.397760602012266],[101.67889273119252,22.381282979440268],[101.67908060717055,22.37322734896874],[101.6654205274477,22.369305501008206],[101.66022920112927,22.364373654202073],[101.65595975938395,22.355073703077863],[101.65366023708762,22.338873883188914],[101.65032835530752,22.3274957951975],[101.63366017649217,22.30340358414091],[101.63442983934637,22.297930524519938],[101.6322525032906,22.286496114625713],[101.62789127309811,22.279938515465453],[101.61803482423558,22.27448336616965],[101.60721405130083,22.274585839583317],[101.59013825464604,22.28089554236139],[101.56965255966695,22.280857094232623],[101.56536064856729,22.27778145465192],[101.55539058677496,22.262418149795035],[101.55118554558312,22.2596195347451],[101.54635805197394,22.25029234320164],[101.54633609582227,22.248275166876677],[101.54713334021015,22.236936242122695],[101.54808907517481,22.236968284828333],[101.55168070523848,22.2250808741382],[101.55690559927496,22.22085583147543],[101.56975690124553,22.220001513257042],[101.5744505277835,22.2145661685929],[101.57808381613891,22.204053458182013],[101.58909254839364,22.18791780446644],[101.60330473193581,22.15969224053955],[101.60274421340485,22.143353454760405],[101.59416477633583,22.129407527605593],[101.58461524322657,22.126523287571995],[101.58035631950506,22.12271385690585],[101.57940611828991,22.117272054497942],[101.57628659290894,22.11368361599111],[101.58137386255571,22.10248187123546],[101.59142898386509,22.088601417610295],[101.59647031630281,22.07858873502367],[101.60264570395262,22.07154783743639],[101.60977981148555,22.056375243566364],[101.61607426742019,22.04291004244431],[101.61733367139185,22.036895936404285],[101.62540495531152,22.02193942335449],[101.6337821673316,22.01547135547],[101.63517081712646,22.01289977600128],[101.62839606042672,22.00277753119426],[101.62174283443316,21.975649404321143],[101.62345919051334,21.968931368308358],[101.62840356968596,21.962574363807136],[101.63652084921979,21.955882520396084],[101.65658555033268,21.95248955859707],[101.66191080540645,21.950021476442636],[101.66984499121791,21.938280722410262],[101.6750714415194,21.933290838262838],[101.68170151135433,21.932848633957125],[101.69618902829174,21.94524828339659],[101.70186560863645,21.945527340583677],[101.70523754640912,21.94358137967057],[101.71092117179073,21.937655758748367],[101.71378179395596,21.92837179083344],[101.71369865491722,21.9196455415292],[101.70670969745466,21.897124174735044],[101.70802186204013,21.892717343461033],[101.7151099961766,21.884678029022872],[101.72524133551464,21.879296773973422],[101.73449600118727,21.8767012592095],[101.73741785436579,21.87591697728869],[101.74336108108683,21.87044074505556],[101.74598499108086,21.861624395493077],[101.74499349588211,21.854763481103014],[101.74694613097458,21.847806863308417],[101.76135805455984,21.838609650235014],[101.77649409813971,21.83559016338913],[101.78152993384815,21.831978840718254],[101.77818026229622,21.827954086900714],[101.78109439600291,21.820506015863046],[101.7775628615516,21.81809274423478],[101.77518999364315,21.800708882498597],[101.769826810924,21.78893419469882],[101.76592813671706,21.77296893699513],[101.76169402580936,21.755652347015168],[101.75212671692762,21.736431569959553],[101.74799131319944,21.73105060748001],[101.7521109351181,21.72381443737545],[101.76518788920504,21.717066550862956],[101.76972821657995,21.701047921240818],[101.76697953174542,21.681124218969426],[101.76529408545852,21.674733807395985],[101.76584548840891,21.669699875962518],[101.7715845278191,21.660329458218587],[101.78025989184871,21.654082083731065],[101.80010346222788,21.646531098756217],[101.8161782745019,21.64069576376552],[101.82278388989901,21.63364506921462],[101.8231238786178,21.632002254937465],[101.8257669744866,21.621153451058916],[101.82608096421103,21.60315822616153],[101.81428363110922,21.589286051753422],[101.81168688901117,21.587367530099616],[101.79826285805052,21.58244543260511],[101.78003732002662,21.581871865332854],[101.76509384104591,21.582593519509963],[101.76175303301957,21.577434405053456],[101.76085259060773,21.567574897952895],[101.76609745189317,21.5501917986669],[101.7672934709697,21.534516881266253],[101.76977867376102,21.528438910356883],[101.77261373254744,21.526047588337406],[101.77759509714538,21.513523604522213],[101.7664408958618,21.498006749162908],[101.7595553214965,21.491078985353674],[101.74775855319791,21.483442438867446],[101.74950481958332,21.47118210413709],[101.75748619484813,21.4541563228738],[101.76006956016539,21.4451384460269],[101.753236525613,21.42561647971114],[101.7554068086134,21.411987957994796],[101.75383842687533,21.40789284559391],[101.74690300451255,21.399856797961977],[101.74579325030444,21.396235713499845],[101.74628303308278,21.3706910710272],[101.73813003600628,21.353970691118047],[101.73879456714899,21.3261284651721],[101.73964652621935,21.315027952153905],[101.74245013131,21.310611403160973],[101.75611389485734,21.301667487284952],[101.76933746294597,21.288844561807043],[101.80133661682339,21.286637871586166],[101.80733858256191,21.282779707754198],[101.81820557772548,21.263620927079202],[101.82859077504176,21.258886637459113],[101.84152988175575,21.25708223680472],[101.846420390919,21.2523589902069],[101.84596992254446,21.245905884344175],[101.84303906774286,21.24001945788208],[101.84198434888167,21.231799359407226],[101.84281592021655,21.226673535502666],[101.84598056175422,21.219688184570995],[101.84108894209707,21.213004138203928],[101.8291280867056,21.208307093675447],[101.81767164283158,21.20840851103531],[101.8101258073713,21.204767488891],[101.80354967687411,21.20612463473557],[101.79493174745951,21.21192502375248],[101.78981330621309,21.212131263613294],[101.78479655055338,21.20930438062428],[101.78168147095339,21.203409373066158],[101.78234649130727,21.19487382848565],[101.78961945837356,21.186823353087224],[101.7911789133972,21.182640154767125],[101.78990889074,21.16686538566455],[101.78865995025149,21.15329885892278],[101.78933938094043,21.144301993276677],[101.78720392440414,21.140277204149893],[101.77167578150423,21.143557072991214],[101.75087677441873,21.146021611642436],[101.74205386191889,21.143989988922165],[101.73406543077252,21.139683734572827],[101.72720922685733,21.141027139298654],[101.71479721819584,21.149920526390755],[101.70497297295847,21.149509732506182],[101.70243688866395,21.154488710705284],[101.70261217690059,21.165905255157274],[101.70062998057719,21.171269976294052],[101.69072885085885,21.18125340882364],[101.6876899736335,21.18704319143172],[101.6789458110262,21.19632664483672],[101.67393096472631,21.199014713244612],[101.66410186928589,21.198600038388477],[101.65713947675397,21.194690439483615],[101.65026078012995,21.19381948795282],[101.63465501897531,21.190818689024635],[101.62797151348076,21.1871001967968],[101.62122836189826,21.177029932462673],[101.61202728719685,21.174974649100125],[101.60470728852911,21.175926159749523],[101.59832252064517,21.182521692732877],[101.59816279948326,21.184356698862427],[101.60036642746122,21.196944672735153],[101.60715130323321,21.208489126666787],[101.61151533308322,21.221607856666825],[101.6098469671397,21.23130442442457],[101.60755798906474,21.234447972800513],[101.60039643090774,21.233472400991324],[101.59611786996737,21.231305009606885],[101.59182624286517,21.232173031893726],[101.57924229416338,21.245181681549052],[101.5627343296645,21.24867204321663],[101.54338569611623,21.24948716261924],[101.52585257728119,21.247232822502205],[101.50575653447567,21.24516323616919],[101.48674888946664,21.24183928206944],[101.45914803221437,21.230207913760037],[101.4548796116246,21.227850769841528],[101.44809757059517,21.229453822838224],[101.44002551817665,21.230091121103936],[101.4131110372078,21.225647306561555],[101.39577228015891,21.225953202940996],[101.38551292271413,21.221815932980068],[101.36717036210268,21.208647051061433],[101.35296788389229,21.20123619979051],[101.33716820070961,21.188612072310587],[101.3279374421968,21.18496542965739],[101.31863257431179,21.18573249684553],[101.28977071121116,21.178238931070087],[101.2843517225993,21.17886883855908],[101.27614176011049,21.190439439859258],[101.26482462862896,21.20152651093855],[101.26192782469879,21.202984218420386],[101.2593481154119,21.206017899718365],[101.25811944248078,21.213242206716654],[101.25801670856687,21.218299420717294],[101.23742015716776,21.25093843092768],[101.24333272743881,21.264405941212623],[101.25088760668318,21.277105017265274],[101.25257121219838,21.28250291313285],[101.25360583422304,21.292384357240376],[101.24975234997747,21.301257220863253],[101.24453530945686,21.306215854624174],[101.23423553946921,21.307858389980662],[101.2302584910234,21.31258619557229],[101.23483577499513,21.319102785155344],[101.24038460910376,21.322619553737965],[101.2518942980499,21.336105614918615],[101.25375035495694,21.341968473385755],[101.25674415147701,21.357529946636518],[101.25922783556337,21.364334966301275],[101.2678508358393,21.374216056865986],[101.26399107035583,21.37591360521419],[101.25032270975207,21.37862932279624],[101.23612952427254,21.394657824894914],[101.2285132193415,21.40016900319118],[101.21353637639386,21.40706106493722],[101.19878740289656,21.408166346814628],[101.19693246787685,21.411867098164343],[101.19644367132568,21.416998092988496],[101.20025122933517,21.421461938348603],[101.20093591998352,21.428107708042564],[101.20452544678685,21.433298599466585],[101.20603058272225,21.44080208379163],[101.20357713259988,21.457167688571328],[101.20467783945965,21.46768921644655],[101.20918800341182,21.47842917540037],[101.2199644332533,21.491607330947026],[101.21973945200949,21.499688135642252],[101.21346795025646,21.51894182681891],[101.21280832292578,21.528384333417247],[101.21846091477687,21.541553303443575],[101.21912954991636,21.548654797269254],[101.21765609199286,21.55466574519641],[101.2129199725043,21.56147443608809],[101.20140977055675,21.561781562203073],[101.19420255294162,21.559031535580854],[101.18736378062566,21.558959889513496],[101.17788163342995,21.56320000238664],[101.16470641738995,21.56472719122552],[101.15278136308925,21.565311004278488],[101.14882969297898,21.571861343571392],[101.14853111588967,21.577842702255893],[101.15067543647726,21.583066113529174],[101.16079943196604,21.592191202149316],[101.17614951502297,21.595879966860707],[101.17631727653287,21.60805119102443],[101.1687646574744,21.62458702069205],[101.17103775964219,21.63371035193906],[101.16818448214225,21.643674616138487],[101.15684710778062,21.642625593690703],[101.14236697934774,21.650400467447557],[101.12686490755604,21.649700630138454],[101.12151690451905,21.651234023083187],[101.11656533071454,21.661774481225894],[101.11808141148651,21.673591061652093],[101.12241324435337,21.67935927496889],[101.12473016647911,21.683213532080128],[101.1273304926309,21.69311169936333],[101.12945864147241,21.705226337729876],[101.12530037107527,21.72786404099301],[101.12388180293533,21.751798449786154],[101.12662036500512,21.774922193196932],[101.11779377994883,21.775637198453335],[101.10959264638862,21.772886590931652],[101.09946837472623,21.771570764304034],[101.0896263464354,21.76381337785344],[101.07816020121898,21.75908649423569],[101.06517470499688,21.74544447267445],[101.04179074771302,21.729571007253774],[101.0298052162351,21.723707263758985],[101.02287028336568,21.714484771408447],[101.0181028128043,21.71163350184341],[101.0158902548774,21.711077886688297],[100.97945290152282,21.70192642950639],[100.96268373379284,21.70009858687323],[100.94708920042237,21.696400130775007],[100.92636111349441,21.685950979882808],[100.91872404862933,21.685474359213952],[100.91442828274918,21.681688519253893],[100.91076608226584,21.682478131371692],[100.90068814827902,21.682298360510767],[100.89190676481053,21.684378298743216],[100.89014470606688,21.68304880419215],[100.88401867669421,21.675866763543322],[100.87954749570272,21.674152204362663],[100.86921749945151,21.67374780761773],[100.86966913495645,21.6684465112977],[100.86783745291025,21.66294616798121],[100.85926825599047,21.656535032713652],[100.8523406862147,21.653956847873616],[100.84267856552958,21.653012615477934],[100.83427649036173,21.64936237469392],[100.82739577749945,21.643568300576273],[100.81325398117026,21.621211269446093],[100.80484353352729,21.60487574249402],[100.80009662053604,21.58528876356986],[100.79130694043018,21.57766568730229],[100.7800452681447,21.57223714087987],[100.77037350621195,21.560990541196254],[100.73727008722335,21.529736877119262],[100.72373152709059,21.511702580748402],[100.7179805904773,21.508611044552822],[100.70032467355774,21.510441767332754],[100.68986771783091,21.504299789544127],[100.68552082871614,21.497496067152177],[100.68026126713416,21.485688208742236],[100.67799542380591,21.483293421477594],[100.67103539700382,21.481802526164348],[100.6573853833802,21.483336262588292],[100.63960530537804,21.479634254713027],[100.62006145777012,21.46886474163238],[100.60349874229466,21.463553188576515],[100.5910447660046,21.455657967966882],[100.5771389163028,21.45045672752913],[100.56854343197715,21.451554340485238],[100.55548328486842,21.45677864017646],[100.54403205351541,21.460048520735587],[100.53432468664478,21.464589082857866],[100.52453008914908,21.466917836887262],[100.51301641447422,21.467422690907522],[100.5021579731833,21.464092852330275],[100.49142592570442,21.458100445016388],[100.48414159232746,21.46154811172959],[100.47076209284153,21.47336860512589],[100.46409868988293,21.487693204465103],[100.46322155127555,21.492159879494363],[100.45682521259839,21.50281703021878],[100.44616557176543,21.51319101942807],[100.43936745758721,21.52621893956843],[100.43674861898683,21.529319676940947],[100.42567907276916,21.530294496312063],[100.41660270237801,21.529335056245145],[100.40883934584906,21.528679444504533],[100.40439884066866,21.527870636721648],[100.39980590526271,21.530283797274507],[100.39582364564704,21.53681479717616],[100.39244394105995,21.538966096552976],[100.3814273213613,21.539929347966737],[100.36494830460593,21.53669244848375],[100.36168260412903,21.53605383110156],[100.35467893917249,21.531401562491816],[100.34581357488521,21.52173992216395],[100.33199684424417,21.50163152309097],[100.30807147110616,21.479931369501063],[100.30161714199245,21.477102002861745],[100.28520710604685,21.478191150327564],[100.28025525639295,21.47647283214507],[100.26744581765765,21.465754373562568],[100.24999067186886,21.464568125455127],[100.24351351807749,21.460818586983486],[100.23068096479733,21.44940826886889],[100.22199067137292,21.436521684913753],[100.20267421369499,21.438819522517328],[100.19809603268003,21.4419159185634],[100.19652491291767,21.447008376272407],[100.1858205580556,21.450479891568],[100.16910519716039,21.467187660573618],[100.16725917036622,21.471366734098318],[100.17044003166589,21.480022283898172],[100.16094961983943,21.49196361081005],[100.15058124583116,21.498641052937263],[100.13760399134884,21.499634543796844],[100.1356895579857,21.50151762233231],[100.12487865585697,21.537610502207883],[100.12804473373532,21.554766093743453],[100.12744982455862,21.560064983864592],[100.12444374498867,21.566795890782622],[100.11512890132992,21.576432314589816],[100.11397604499086,21.579446008403433],[100.11489179195148,21.586088227371846],[100.1258475723434,21.600763684297],[100.13250052419568,21.60720568561699],[100.13441548506617,21.609062967841712],[100.141410834625,21.61349442876144],[100.14353196704309,21.61918810485709],[100.14300563675083,21.627012292706056],[100.14514190299268,21.633163186523294],[100.1516879843776,21.639211857439562],[100.15764640918488,21.6416005104826],[100.17091311407917,21.641747419220195],[100.17732966172241,21.642973615627046],[100.17811587553865,21.644791125011345],[100.17749733170925,21.64917094485664],[100.17262285922551,21.659395334402742],[100.16260484256665,21.67042700140991],[100.15678432797671,21.6730920500596],[100.15126024730078,21.677816603884864],[100.14196804250057,21.688601698372125],[100.14131218467193,21.691845793666857],[100.14013732227386,21.69346980553548],[100.12548860078356,21.696797847227913],[100.12070552456827,21.69254431440835],[100.10356213967276,21.694550766468534],[100.0957804153555,21.688300358474535],[100.07587572211526,21.688071420046857],[100.06878109877901,21.689383376428864],[100.06244822115929,21.691367638340697],[100.05457533251779,21.691597891834007],[100.02685783175156,21.692412706930966],[100.0132021518965,21.69639722194582],[100.002284820615,21.7017003809659],[100.00010301116481,21.703937102450528],[99.98625527280849,21.718142431527255],[99.97794747600484,21.738773545427517],[99.9724776243382,21.764853923320345],[99.97284306110514,21.769439296482197],[99.96110167134898,21.800022797080548],[99.95013871309844,21.81335985323821],[99.94788083945329,21.82122044023421],[99.95184734888109,21.841574914656398],[99.94813998501108,21.859802255456806],[99.9497650560448,21.865507305699193],[99.9651078198022,21.8787172067993],[99.9619872679579,21.90037757515828],[99.96361213091318,21.906311972116665],[99.97133263530061,21.910042225799398],[99.9828833118364,21.918969685391794],[99.98543962508637,21.922587970352616],[99.98427927933147,21.9347862433779],[99.99441906314946,21.955456586836686],[100.000102520304,21.97508068633003],[99.99168771276723,21.99203626547453],[99.96657266123137,22.020161071814883],[99.96244507498656,22.031737535987173],[99.96438340761621,22.040191114152304],[99.96886733569846,22.04808077616733],[99.96863103695576,22.050477657629866],[99.96721047972922,22.05260719885675],[99.89072172432046,22.067262265069616],[99.88130856701517,22.06633450492439],[99.87112578934865,22.061971353940635],[99.86848325700687,22.056056696241225],[99.86912143230542,22.049571535677718],[99.87779886991775,22.03403296091317],[99.86687123262219,22.027611960374553],[99.85589120973536,22.023940955771653],[99.84852920319912,22.024030625569388],[99.84219155528154,22.02811865344289],[99.83509775270053,22.039052975857793],[99.82592991423161,22.045934821756333],[99.81956979396591,22.050387289134132],[99.81280270512471,22.053533671012985],[99.79466220609915,22.056654280995847],[99.78974019063077,22.059250133849872],[99.77360465451835,22.062376996665726],[99.76774289922626,22.06639258700408],[99.76375092217815,22.072889678409574],[99.75725017625794,22.078065213988097],[99.74661195206309,22.0785311828754],[99.73637437432296,22.073509299237188],[99.72885439365243,22.066055639744825],[99.72293694871233,22.05216604960041],[99.72074473116268,22.046912642096622],[99.71524620782957,22.042682289742245],[99.70220879020084,22.04338716810476],[99.69441861407218,22.047666595004873],[99.69089894726605,22.05418592767567],[99.69583506440722,22.066741698378802],[99.69475658349491,22.07063306783282],[99.69181247808324,22.07369361639544],[99.6822827761621,22.078249027931726],[99.6742904875597,22.084351892664],[99.67070623947797,22.088571780859255],[99.66240079217525,22.091720165836662],[99.65719195467378,22.097598995292845],[99.65523782851996,22.10171941499483],[99.65189452642626,22.10503316841494],[99.64252144135813,22.10335155916368],[99.62587044605428,22.096791027284375],[99.6155155293474,22.097258363222178],[99.60796134294884,22.102277491280116],[99.5971000910804,22.113271652030463],[99.59168528542135,22.112619602418828],[99.58175506324568,22.1089756706595],[99.57052100029102,22.113063559141093],[99.55999563202468,22.116453470227142],[99.54374426325533,22.104669040856937],[99.53850491132263,22.102646607466344],[99.53092466566002,22.103069385481277],[99.52792639299355,22.101991799715776],[99.51885221744678,22.105087791077022],[99.50739806539012,22.112920533925784],[99.49658781490804,22.12280564779041],[99.48346095671246,22.12971978394601],[99.47572613974565,22.137656426579344],[99.46325470572307,22.133313943127998],[99.44010863962544,22.121784091133996],[99.43050008710023,22.119244299027706],[99.42283886051818,22.11937942195836],[99.41747536899102,22.116242603080945],[99.40800577245857,22.10827948196523],[99.40221496478351,22.102650935780858],[99.38182177354933,22.104880718767195],[99.37826151737559,22.104832793060076],[99.37260078751079,22.10351303605128],[99.36689936011739,22.101272732053722],[99.35093852778841,22.100415369273218],[99.33810678281563,22.09928282545256],[99.32931030207747,22.10243374810591],[99.32689914353058,22.10477369263479],[99.3173545269787,22.10748017324113],[99.30699411550913,22.10675590673995],[99.30044084674807,22.11124226024541],[99.29184250489008,22.112319884963373],[99.27947574405815,22.110025408932707],[99.26297365883713,22.11010199845082],[99.25423772796674,22.116003046984062],[99.24785980780972,22.117268214087233],[99.2362940283374,22.117939104827382],[99.22564340527825,22.115150585456995],[99.21905976848879,22.11825589672033],[99.20612838177537,22.135710918803202],[99.19886552319917,22.14158452995129],[99.18958775643785,22.14565648872278],[99.1812416545877,22.146955874736786],[99.17271243511621,22.15146981851618],[99.16908076058073,22.15474918870836],[99.16651706282134,22.16145589077602],[99.16365649932352,22.16632904981578],[99.17258204526738,22.168923585494532],[99.19347168232022,22.16625155147447],[99.2026720098533,22.170447750291576],[99.20053633658688,22.174159279152097],[99.19340238595666,22.174748778000826],[99.18800148752462,22.175534902064534],[99.1836373642809,22.1790576413062],[99.18103533460621,22.184153921093902],[99.18797069949962,22.197576910920297],[99.19926966798984,22.207705203633576],[99.20414447855218,22.21680008923523],[99.21037744211975,22.220130791784996],[99.21205599538654,22.229514726418415],[99.21408561311257,22.23200281652868],[99.2200970970344,22.236484678266354],[99.22704731041931,22.239112891494724],[99.23283061250456,22.244288493323392],[99.23695858340308,22.25293843336916],[99.23623379669289,22.272951202417712],[99.2361876005936,22.27430374342559],[99.23763685998428,22.28461002947208],[99.24477083230454,22.306978176809817],[99.25440574280032,22.319199381258677],[99.25737395053406,22.330853206796785],[99.2641948442051,22.33830435963302],[99.27673687148494,22.347944724870626],[99.2780799450073,22.353199700350274],[99.27384533935425,22.362690397147222],[99.25716074518745,22.38019520907007],[99.25358218327844,22.383955041016556],[99.25217081500226,22.38719539617213],[99.25571881609986,22.391493426162405],[99.27006909188785,22.393294113949914],[99.28087207469197,22.402275621982184],[99.28976746451349,22.402800568094957],[99.3007840019576,22.410171006202077],[99.30757473904586,22.41601304387998],[99.31222882764571,22.425796042784178],[99.33177420020014,22.438974848477667],[99.33912154809771,22.44778952469784],[99.34765063363119,22.454055078732242],[99.34838297394695,22.45532189819241],[99.35407438169467,22.465183751664878],[99.37032543126298,22.474516475168105],[99.37700118451725,22.485865438608418],[99.38756698027215,22.494617102071533],[99.38963459002429,22.498938790276664],[99.38373765849333,22.511217644012014],[99.37096557663136,22.514444757142474],[99.36432086585327,22.526508953917613],[99.36641089394816,22.531749347918755],[99.37681781668616,22.544174411890754],[99.38427895113504,22.557576010301133],[99.38773477356034,22.568528384468827],[99.38839106116053,22.575631492573386],[99.38685774987151,22.584611483685308],[99.3836992923552,22.58673829472113],[99.3801436081879,22.593461920546144],[99.37828967617457,22.59900774275153],[99.37991573703,22.605403231933604],[99.37710757414774,22.61257105725482],[99.37104961607302,22.61796572785957],[99.36800574244756,22.62559759706852],[99.36549587373923,22.646073448186083],[99.35978982759957,22.667066347799974],[99.34768123782295,22.689789594705044],[99.34218887916428,22.70963156866713],[99.33206463287979,22.721297509308783],[99.32332199465999,22.728805214244165],[99.31909485731558,22.73875242060306],[99.32082033763666,22.74378011364101],[99.32470858286251,22.751171873860944],[99.32754085090565,22.753708184603383],[99.33673150526016,22.756225602025193],[99.34427324272694,22.76213241356104],[99.35447225416851,22.7623219677008],[99.36585902677622,22.7667878318534],[99.37894707943497,22.765391870104366],[99.38507924919084,22.770761025121562],[99.38582616543428,22.77437301765458],[99.38622441825278,22.790237055553316],[99.391708344495,22.80646683367838],[99.3986298800708,22.8148069605372],[99.412401221734,22.823057590274487],[99.42110795508476,22.83707662233016],[99.42844759192019,22.8433303628531],[99.43514571886067,22.845795394336886],[99.4471596560476,22.851290956756714],[99.450320602244,22.858143029411412],[99.4450312112546,22.887153934282736],[99.44003236845472,22.898237034135867],[99.43733878854894,22.911090551372357],[99.43803156683131,22.918907684047653],[99.43752773282057,22.93224359696954],[99.43948209404019,22.939944601629804],[99.44504515091609,22.947014580055086],[99.45072919744432,22.943931952783192],[99.4581749355614,22.935543177093933],[99.46813634489351,22.927013065954934],[99.48847356292063,22.915920814619025],[99.50840470062171,22.90837257972017],[99.5298823268606,22.907308943253394],[99.52992513069503,22.908226471895972],[99.53730328534549,22.90742481708462],[99.54434527476451,22.90907621082601],[99.55382000071813,22.915339355208502],[99.55760399339555,22.918283314473143],[99.56352760727854,22.92591508729779],[99.56277954059709,22.93877998508382],[99.55798082406952,22.954909792300036],[99.54902460340219,22.964506699354065],[99.52587214036434,22.992297587225213],[99.51793573653926,23.00414054563276],[99.51568259105764,23.02277820797766],[99.51680006043665,23.03006484620026],[99.5159265916894,23.048224651041743],[99.52525319216457,23.065456478007754],[99.5193711086465,23.078411078325622],[99.51499247145907,23.082205402201897],[99.51054418292166,23.083891975516135],[99.4992280084855,23.08567323143801],[99.49475236583126,23.087815052364505],[99.48589209325627,23.090547900670394],[99.46817995709951,23.097082001865004],[99.45547575279471,23.100995683794405],[99.4339075379844,23.100954153740414],[99.42069377213537,23.108549202774384],[99.41256158237879,23.110769675073797],[99.39821111779963,23.111962040854756],[99.3857289598321,23.119082464004727],[99.37361361021426,23.12045958747315],[99.36625995803911,23.124270718910807],[99.36339883177642,23.12937077540892],[99.34762368339153,23.12943376342822],[99.32881964574185,23.119161820317487],[99.32153759272322,23.116478421304496],[99.31311621443896,23.113457864222116],[99.29987321309858,23.111819430797777],[99.28484998656694,23.115570170973218],[99.27569621261038,23.116622732289745],[99.2548011377852,23.11519821761013],[99.24160826636736,23.109621553215327],[99.2232121212026,23.09597855790857],[99.21671695917439,23.093148029912633],[99.20297107185438,23.09333166167898],[99.19736299107461,23.0977912721772],[99.18628560345611,23.10143312331174],[99.18068940411963,23.100381437211293],[99.17221038567966,23.101462647109095],[99.15851331549173,23.110209833048597],[99.15065618076363,23.112147535189933],[99.13593871466682,23.107843737271967],[99.1231579256699,23.100444931729204],[99.11548350769901,23.10101802834663],[99.1090749777327,23.09379403512139],[99.09975989334072,23.09738384486425],[99.09192598950693,23.103527055743818],[99.08306209683664,23.10759837606228],[99.07278259931617,23.11415003728637],[99.0566802865944,23.124028031493335],[99.04965702078344,23.134056286986315],[99.04854663604223,23.143872751284096],[99.05230976477807,23.159181129844487],[99.05686532443428,23.17270429110912],[99.04907832901489,23.1688757350426],[99.03978758400756,23.16587527683376],[99.03166326641757,23.16733141890496],[99.00909508926837,23.16768353172904],[98.99819779875357,23.16861182147565],[98.9817351989894,23.174797769997372],[98.96731277613846,23.171860384266427],[98.95938740054744,23.17469459178596],[98.95054539960324,23.182455725407323],[98.9500437077976,23.18277421344099],[98.94549147776827,23.1842717524785],[98.9407615920501,23.183201210746898],[98.9360691728513,23.184425845328875],[98.92430500300135,23.19150247505981],[98.91760705855823,23.19138188247729],[98.91004699011383,23.185083672793336],[98.89340755844087,23.184208444852356],[98.88990565685579,23.18266136251427],[98.88486194354074,23.19122958157373],[98.89428421375491,23.203922556507994],[98.89825179673315,23.21647344056422],[98.89755749818967,23.219237120874254],[98.91545539712693,23.24669837767475],[98.92020112620526,23.260839922313743],[98.93087411162294,23.273737712861767],[98.93201100740194,23.28128936711654],[98.92851646049118,23.29304304261889],[98.93844849746998,23.2942024287933],[98.94085699742003,23.312263468471507],[98.93080005350625,23.326765741740168],[98.91127437115378,23.331846910386222],[98.88435020616197,23.331463165699525],[98.88731231185578,23.34096213848485],[98.90064691934023,23.351980714614374],[98.90688460889328,23.354447216065676],[98.91953133607713,23.35381234414409],[98.92280026113748,23.357202148872776],[98.92473287951415,23.36471935759782],[98.91940835408138,23.3868062160357],[98.91944707754234,23.40399313941283],[98.92120534973282,23.41862838086873],[98.92236318777593,23.423174237518666],[98.91484931947078,23.432699901480294],[98.90550287124559,23.442026715713435],[98.9014966774359,23.451298226276716],[98.89608117502104,23.47017426636662],[98.89100728697639,23.47645809012796]]]}},{"type":"Feature","id":"hartwell-741-country-v5_0741_chin_chn_0741_p-336","properties":{"id":"hartwell-741-country-v5_0741_chin_chn_0741_p-336","name":"吐蕃諸部","level":"country","sourceId":"hartwell-chgis-v5","year":741,"approximate":true,"color":"#72928d","recordId":"336","sourceLayer":"v5_0741_chin_chn_0741_p","sourceRecordIndex":335,"sourceCode":"T310000000000","sourceName":"吐蕃諸部","sourceAdminType":"Independent state","sourceContainerLevel":"prefecture","sourceHierarchy":{"polity":"隄蕃諸部","province":"","prefecture":"","dependentPrefecture":""},"labelCoordinates":[90.69591584797105,31.97054656452515]},"geometry":{"type":"Polygon","coordinates":[[[96.25777335283763,38.63880925868273],[96.28617254608822,38.647443503668114],[96.3009974075651,38.64433636770255],[96.32742006582465,38.61948555857148],[96.341369359828,38.61479560557146],[96.36193450917109,38.6134098199175],[96.40145955529852,38.61650958202454],[96.42545185520842,38.60855033411961],[96.44089722413612,38.58544903234345],[96.44889390089357,38.58276446423973],[96.47126001246704,38.55913852466686],[96.4825072571324,38.54102810793537],[96.49877148243371,38.532097431409554],[96.52954070457913,38.523587489082196],[96.53617260868924,38.514284339207194],[96.53690590576672,38.49422544879388],[96.525218746873,38.46038826070235],[96.52933996892372,38.44645179085175],[96.54718875930425,38.41894518302305],[96.5725733023025,38.40506917708497],[96.59143068843201,38.400679066205875],[96.65592283465877,38.39354916875253],[96.70052721968739,38.38322394577139],[96.74291596177181,38.37497480725191],[96.80043911084361,38.36419818444654],[96.88528977841706,38.35620404769862],[96.90434603788933,38.350710631082215],[96.92367714334806,38.350234409174206],[96.96385981535023,38.359016107855],[96.9730003962589,38.37030878769531],[96.97416082611133,38.38127949238302],[96.96880197391738,38.46464551557974],[96.95129268116831,38.53188792864472],[96.9521660080181,38.54882714382567],[96.98461720639214,38.567831407255944],[96.99063219014573,38.58250031535268],[96.97816899239083,38.60441358106723],[96.94761693495677,38.620994801547035],[96.9325504757138,38.68124862539949],[96.95216246852567,38.6964152481516],[96.97709946860348,38.705478246617574],[96.98121799648524,38.71502658771471],[96.98776908495853,38.750010043715925],[96.9951092677045,38.777627017673844],[96.99080340418969,38.787365654583816],[96.96946991178602,38.80229751944019],[96.96756613825052,38.81138146528698],[96.98544237980657,38.820179039753725],[97.00420639820292,38.83715945055294],[96.99870942227044,38.843787107688534],[96.97909598971738,38.85561219456641],[96.95626600345447,38.87339921354779],[96.99905074873479,38.88785649796034],[97.00288706914466,38.8957785250721],[96.996228307424,38.90778481628056],[96.9931588315279,38.91903104718245],[97.00167775537729,38.92804799220983],[97.01292871117151,38.95653320974293],[97.02074085546697,38.970061838897244],[97.03706384817025,38.97955846722613],[97.04749482781385,39.02040955490675],[97.04321478434623,39.02541765834372],[97.01958929496621,39.026104149877604],[97.01670414628666,39.0378099960988],[97.03530248599805,39.06576473366279],[97.05099554384404,39.080313175741836],[97.06140606622186,39.098288025017524],[97.07895496448158,39.140914961105956],[97.07795938223624,39.168107997088164],[97.08385425875205,39.182319398167444],[97.09557120169629,39.19813730431995],[97.10602547402323,39.20369012938885],[97.1273723584637,39.20731368101582],[97.14054929288002,39.201502168031524],[97.17604082809389,39.191143189920524],[97.26291873107135,39.177603787314766],[97.30541068390758,39.17763604803437],[97.33615079298471,39.172045157321435],[97.35480523242163,39.138753733727064],[97.36748958070417,39.12824664257997],[97.39186600643852,39.116908435077775],[97.45657204347343,39.110248103594785],[97.48009711972288,39.10134599829637],[97.49682814526106,39.07239464084243],[97.50093510262728,39.065308580559964],[97.50240430075367,39.06467925665765],[97.60578549687634,39.03473151099436],[97.64766352856626,39.00898917159571],[97.6575066332679,39.000529068711714],[97.67469341398349,38.97435615452147],[97.69035304593793,38.96256268581242],[97.70628389092266,38.959981140403684],[97.74836647348958,38.96404913421525],[97.83344825912246,38.93076197914158],[97.87289369368388,38.908213745925885],[97.90338533320431,38.887394773447824],[97.91931084086347,38.868449110506965],[97.95309467293438,38.8445871902541],[98.00293023861826,38.83373212293752],[98.02179111899814,38.826809276205935],[98.04985367550913,38.79984791509634],[98.08771557033201,38.78795903596997],[98.10773431636872,38.793673687382544],[98.11479980475303,38.81726118842691],[98.12794572418449,38.82929998314549],[98.15930509179536,38.833735586402305],[98.17676827838457,38.83948161686949],[98.22100372100437,38.87609298274915],[98.24961888081185,38.890537217714645],[98.24956575302224,38.909369193931006],[98.26382858125113,38.95242629724329],[98.29199794500836,38.99718703563283],[98.30902364784357,39.01494147816811],[98.32353062746209,39.022922557259456],[98.3415715032087,39.0280490074265],[98.37224492891201,39.0280192156898],[98.40167025262714,39.02086675900102],[98.41935288068271,39.01275329308305],[98.44841516651356,38.99218370307214],[98.45972439500152,38.957679473388666],[98.46748172673554,38.94780803201861],[98.47803573134611,38.946110360368735],[98.52926492023445,38.963593211294736],[98.5383154811912,38.963064707173686],[98.54305503989708,38.95553709444038],[98.55023266882786,38.9345654936564],[98.56074331139561,38.92786127056446],[98.5793186605042,38.92798348927044],[98.59372753119908,38.93173383054635],[98.64164209919244,38.95953736649062],[98.67803163582194,38.99264835603727],[98.69055376568225,39.01628540125603],[98.72244349805081,39.05478534746162],[98.73267886979735,39.06822236102168],[98.75788741478073,39.08050795922923],[98.78383059300202,39.08684438450641],[98.8276374240687,39.08680062980378],[98.84439286588876,39.082423290179015],[98.85976690177665,39.07199937941832],[98.87185738078867,39.0458020628252],[98.92060342040365,39.01187552804993],[98.96262976511234,38.96494937815882],[98.98026699469162,38.956404098138194],[98.99593982511263,38.96070270949449],[99.00530211224542,38.96791863183253],[99.0214274092876,38.968041530152306],[99.07539803148092,38.95081103061627],[99.08516293843144,38.94554872370747],[99.08797419430938,38.939521446643795],[99.07035959720086,38.928721207165744],[99.05918196933573,38.92820728928641],[99.05228336095469,38.925302276581355],[99.04413006761304,38.91020523549393],[99.05243795355314,38.89229876469356],[99.11216222046417,38.86042313326451],[99.16261627669202,38.839075988223904],[99.17998342563499,38.827282789006446],[99.20162671033289,38.793200425344146],[99.22771821826277,38.773855165253245],[99.27441274945589,38.75319287429708],[99.34987377463517,38.705952175999386],[99.39513106673046,38.670649407917615],[99.4547769741402,38.6210607084366],[99.47450228762456,38.61067280282472],[99.49807091665303,38.59215297254601],[99.50367848022564,38.57901599520895],[99.50340692309459,38.55876093124954],[99.51524310300734,38.54143128201384],[99.53782810700858,38.52482595988844],[99.54352424853646,38.50223952921248],[99.55030833147401,38.49191603230442],[99.5673449564172,38.48434501571749],[99.59393038937968,38.4779769022179],[99.60031392783716,38.47476794039253],[99.6071268292431,38.45900392536203],[99.67114147863076,38.43029155891874],[99.71199530607328,38.416913403507465],[99.74698984357543,38.41086166867293],[99.76592535643314,38.402095691067814],[99.7960972709042,38.376576333930025],[99.829462617903,38.35661821420605],[99.87663789169923,38.337829153725295],[99.92315274610068,38.340660764902175],[99.94614594958172,38.33301127417743],[99.97041037414499,38.313105614088585],[100.02727833475963,38.28679958674549],[100.06046707312123,38.2768520420066],[100.08183879963481,38.2668886688108],[100.11493044358114,38.236600735462886],[100.13978473611884,38.22435477232973],[100.1603077856366,38.2254889961003],[100.1700041002821,38.23494694275852],[100.171616119154,38.240534078393296],[100.17560641858124,38.25423293789015],[100.17277918598617,38.27685582162331],[100.15264592266671,38.296378450651495],[100.15375212060506,38.30000271946879],[100.15044877634648,38.307472220777576],[100.14989149231356,38.312312690198446],[100.153363765552,38.31652836085983],[100.16112992286112,38.31965286683142],[100.16231244430976,38.324417343367585],[100.15652239590216,38.324882329153695],[100.15473657926596,38.32842669354799],[100.15368403628388,38.33050214326381],[100.14655744422943,38.33285135098712],[100.13035342083377,38.33419865978007],[100.12103792232419,38.343285190568814],[100.10952559838861,38.34535311549777],[100.11178396884767,38.34870269418158],[100.10670298800997,38.35120089979129],[100.11096088251686,38.35859357549581],[100.1059252677652,38.36177901372279],[100.1006691692284,38.370701933462904],[100.10062984248752,38.379185869228984],[100.08550210882278,38.39309101005132],[100.08418167727683,38.39978947529824],[100.08975152070296,38.40484419684033],[100.08811130465502,38.4065116851803],[100.07569027160166,38.40815534713859],[100.0792909966735,38.409845513622386],[100.07924541277943,38.41374472555602],[100.08685987686279,38.41894394125933],[100.09580150876924,38.4220263147394],[100.10134000795847,38.4266157419922],[100.10247702232999,38.435282946006446],[100.11679636244197,38.43585446130296],[100.12280082482786,38.43859396607701],[100.13465710058699,38.4372014001631],[100.14908410647278,38.430426278533936],[100.16900308410943,38.42755410615991],[100.17471789582018,38.4303042902867],[100.18976770862784,38.42514917561918],[100.19394794101072,38.421557481832],[100.19369500134594,38.414645929954226],[100.20751426181279,38.394215322611856],[100.22130665105516,38.38144844885399],[100.24595969452155,38.37657083607398],[100.28798448155354,38.37749787774852],[100.30129186474429,38.372281594738276],[100.30591807922684,38.3649638579863],[100.29962523197837,38.33933056347178],[100.30074359833283,38.32314959094362],[100.309334716196,38.31348165642313],[100.33013487314889,38.30675445933966],[100.34566571578134,38.310349936939666],[100.357198070997,38.30738141914014],[100.35589790720542,38.28888475915308],[100.36095818200535,38.27997709730754],[100.4083367684921,38.275712833099],[100.46895796856462,38.262809931528146],[100.52894593389934,38.26028402368267],[100.5530508624279,38.253815589796986],[100.58826184530992,38.23934894081941],[100.60116122079084,38.22838593995616],[100.60963262921067,38.20791294051292],[100.6060305105119,38.196204407433385],[100.60774951626817,38.12844811420752],[100.60955849792947,38.1031133410633],[100.6179241210857,38.08620201335338],[100.66036926643322,38.0647495710859],[100.68901993526634,38.05618514261802],[100.72218620517252,38.04518179297933],[100.81243084713311,38.03044120679485],[100.86388920884865,38.01340739070871],[100.89201797354053,38.007276807761244],[100.94786307665501,38.00683416812259],[100.97519320631285,38.002531210485174],[100.99442574805289,37.99645407502618],[101.0103960359713,37.988757639952354],[101.04710935492564,37.9811689275094],[101.08525941304408,37.98136482478701],[101.10752186204557,37.976611289758175],[101.11816053969059,37.953326841501614],[101.11860698101546,37.942293488130574],[101.13073523941699,37.90310723355522],[101.13975262055274,37.88877042342123],[101.16291810990198,37.86773306314544],[101.15967210531481,37.866540437644375],[101.15546728827655,37.86566890885993],[101.14970712718694,37.86576226545552],[101.1467682351532,37.86469350130897],[101.13942565199606,37.859660662044924],[101.13717878036537,37.856296409405026],[101.13246255228275,37.842612362470284],[101.13140380350828,37.831711819298775],[101.12748936372057,37.822684363761766],[101.11768297476384,37.809646637801116],[101.11222363874262,37.79487011586376],[101.10771064459335,37.79090156987318],[101.10264358929426,37.78878668376539],[101.08886472571463,37.78613698638016],[101.08383041784958,37.783398733136785],[101.08072912403178,37.778848996349936],[101.08125521486579,37.77307461784151],[101.08915347191923,37.74735811036201],[101.09280787127533,37.74403972062425],[101.10029937966924,37.73242755836874],[101.11523002956777,37.716092093916316],[101.11601546350661,37.711236092823185],[101.12671926443747,37.700154560889175],[101.13035126175974,37.69102548974677],[101.14167350130937,37.67302402116289],[101.15502368433343,37.64023156609549],[101.15667194863265,37.63165575007869],[101.15864078662582,37.61595073114228],[101.16250837024765,37.610022650041266],[101.16515627556471,37.606905539930416],[101.16304943938283,37.60586381534243],[101.16323267717632,37.59322980620062],[101.15946587863708,37.58945654504663],[101.14396972923966,37.57375421076716],[101.13267050861137,37.55906857220251],[101.11133841541407,37.54113514181833],[101.09950205117353,37.52821144345858],[101.09359610944111,37.524911907871065],[101.08648387417735,37.525049061999084],[101.07647531060911,37.52803599295614],[101.07154138333662,37.52815057636237],[101.0649775237407,37.524294805504105],[101.06042789231077,37.51916500052402],[101.0477802570742,37.50220222718342],[101.04190608505347,37.498366659494884],[101.03614632597136,37.49676145533495],[101.02837720634574,37.49856732818012],[101.0121028305102,37.50749958262394],[101.0056506146912,37.50818741511828],[100.99989087784742,37.50658056427747],[100.99625999681446,37.50370438909031],[100.99248428642348,37.499220001385765],[100.9909192615737,37.494092712964495],[100.98678590839317,37.4727268588989],[100.96776061809636,37.45230890464252],[100.93106880663483,37.427209577248156],[100.91441539528974,37.41039757377587],[100.90888705497804,37.40012919107068],[100.91738441591168,37.336294243225225],[100.94875694097908,37.299771845122464],[101.01983860452705,37.26939923330665],[101.05349672306929,37.227098638199884],[101.09606774804726,37.194640259709516],[101.12918353254774,37.18516675406227],[101.16730365309503,37.18327373892751],[101.19666921670107,37.15510765706731],[101.21183506015483,37.125931104987956],[101.2291145743902,37.10742674917941],[101.29669976168353,37.060892072080605],[101.392538901629,36.96435473166852],[101.39378815008006,36.953265846432885],[101.37246202513131,36.93403441231849],[101.36763083683137,36.91003253615888],[101.39180632983799,36.87424252809566],[101.39485304754717,36.854737376949764],[101.36872066177462,36.81150024627326],[101.34690618340525,36.78959814025449],[101.32831309761168,36.78369690767145],[101.30452203011303,36.78663195473694],[101.26226060618353,36.81916073017885],[101.24292171630717,36.82700363331399],[101.22145311172785,36.82416553011023],[101.19786530498523,36.81066318249772],[101.18343006830696,36.79056569841486],[101.13916474845024,36.760452097450056],[101.12451517706026,36.756774599944336],[101.10072942371632,36.75966766996426],[101.05969111499233,36.78105033416347],[101.01601944517347,36.78906621188784],[100.96736792174296,36.78947343677164],[100.93589833687429,36.78030657006576],[100.94098467091298,36.7434853254859],[101.0013536019225,36.607812537599735],[101.06050118340752,36.50228313979102],[101.14270749399398,36.42667048353038],[101.19929322281727,36.36233458598052],[101.22623148743936,36.32348473227562],[101.23910919017531,36.28363668043602],[101.21684434161925,36.22352392724257],[101.20105346533501,36.14348696676707],[101.20559170062309,36.09646605140597],[101.23282473745904,36.030476059750285],[101.27397209744885,36.00599974856912],[101.30517010140242,35.97205165769284],[101.33460271619275,35.8945697927363],[101.33304495823562,35.83462131341208],[101.34845456613941,35.75614537404935],[101.36046215886523,35.73003317457954],[101.39380447028836,35.690301697710446],[101.49249493359552,35.6340926865343],[101.53910631257499,35.592622210705336],[101.62662877101694,35.54070038696156],[101.71218472472282,35.55616593263045],[101.72382419411205,35.538901000463824],[101.71724794549066,35.523329999774035],[101.69342313758132,35.507243905986655],[101.68632132244444,35.48900889224277],[101.6964512352941,35.47129310722598],[101.72262813339162,35.46518626697425],[101.75872027224321,35.474208415053276],[101.78652070431953,35.47608743264541],[101.81657431062463,35.47219265404866],[101.85283849044926,35.44832993579757],[101.87798284607611,35.42042994896821],[101.88976264561249,35.394263781189586],[101.87990234109267,35.3627043601528],[101.81418370689765,35.291898443554],[101.80319365313126,35.27143299563684],[101.79950060398144,35.23633852274887],[101.81011478885607,35.22127509936308],[101.82514000417078,35.21110844253888],[101.84565423060114,35.211176827993356],[101.876603474816,35.22903197049675],[101.92077662963865,35.277998225492276],[101.96838236031992,35.310079707380524],[102.00388785150064,35.316367974209356],[102.03386526698483,35.31242349537928],[102.08330752721238,35.286733402665114],[102.10553800497485,35.26188884739581],[102.12390602467177,35.218385930785395],[102.13616474769275,35.16199173427467],[102.11241769653597,35.11312369905602],[102.10911785368366,35.09713127641416],[102.12242200947163,35.0789311298461],[102.16450188858921,35.05142381687748],[102.1874904971666,35.03966255451777],[102.19942768751449,35.04412295443512],[102.26402859901123,35.053240903186236],[102.28016661774782,35.064825407663065],[102.2929324958226,35.084262911868336],[102.30390975727099,35.10749057491068],[102.31187307144532,35.12806728500854],[102.3233065340094,35.148005953816785],[102.33306497533096,35.15846332871738],[102.34298751492824,35.16411249041182],[102.34549041266244,35.162384700606765],[102.3741662503744,35.158901797031426],[102.38618195397244,35.161830289971306],[102.39782067799553,35.1762420397004],[102.39648103208431,35.18654792303586],[102.3837079272917,35.20302559849031],[102.37328759543769,35.23220238188707],[102.3592475028015,35.2429488561662],[102.34695142700356,35.24802982424652],[102.33296202133565,35.260377983514104],[102.29569320157131,35.27969913842725],[102.28157370488769,35.295423940984485],[102.27204549453262,35.30055858206264],[102.26957168798197,35.31092677397236],[102.27316065265059,35.31661852866571],[102.29050513960748,35.32386032059732],[102.3028758663977,35.336603133067804],[102.30416634209159,35.3444706148221],[102.28913104019531,35.360621363674404],[102.27739624688824,35.37782303841092],[102.27234137071866,35.39187535579096],[102.27017158073053,35.40625847731767],[102.27643131488705,35.42189664923219],[102.28482715029317,35.43063315330167],[102.28526365349632,35.4309099863755],[102.30991529737254,35.4437422084493],[102.3240718321993,35.44396063537901],[102.35789874486422,35.43961146318733],[102.37931524549282,35.43276346691191],[102.41099673675387,35.42897788413402],[102.42192979048056,35.43562005157806],[102.44023640688991,35.45221242231391],[102.44712082127018,35.46348912648968],[102.45604668419331,35.48416003355075],[102.46546879233772,35.5103625992858],[102.4841953981098,35.53559571663369],[102.49466731043887,35.546852899044765],[102.51181081767562,35.55913412821727],[102.52278215765804,35.56184821199637],[102.55871522646264,35.562829706621386],[102.58790323942308,35.55796917299282],[102.60125289308169,35.5523503659493],[102.62255512127523,35.54955523797963],[102.64076087700441,35.54197694976385],[102.69123173251943,35.53429004660636],[102.72526148777894,35.53117992941829],[102.7328976650979,35.529627925997865],[102.74315783492125,35.50892722168218],[102.75342303818833,35.49411824802866],[102.77685807566212,35.46740629509036],[102.78587815329938,35.46195707844599],[102.80447813560549,35.45600626345155],[102.83251996525696,35.443813958333344],[102.84328344670573,35.4371629610259],[102.85375691094235,35.42803351157808],[102.86586971420266,35.413890338399995],[102.87480495695387,35.397563474225905],[102.8832811462983,35.38906866287493],[102.88731160308558,35.3896970554518],[102.89641392971264,35.38805601700762],[102.90610121317529,35.39135410670596],[102.91973672474958,35.40043252519061],[102.93754580907887,35.40688577871954],[102.94670313476657,35.407145282873316],[102.95201507214189,35.405435272380345],[102.96010429883823,35.399628510744705],[102.96549269604965,35.39276406047697],[102.96864737986421,35.38597663243153],[102.97164219504334,35.373470190999456],[102.97423834770686,35.35467514889296],[102.97404079470147,35.33998640231477],[102.97268324877645,35.33144827106869],[102.97338619292103,35.3010818531539],[102.97120384392532,35.28703163145407],[102.96746356421748,35.272845122437246],[102.96613618335732,35.257244559483304],[102.96748481289114,35.24975177534365],[102.97219616285749,35.24310085628434],[102.97881535297178,35.24096588176896],[102.98861760132624,35.24100338429939],[102.99378490136922,35.242541300289616],[103.010827221903,35.25436401485144],[103.0291276271752,35.270901919346265],[103.03007943123275,35.273157254734066],[103.03849172905505,35.27878258376835],[103.04883009806075,35.281853007915295],[103.0546042672118,35.281270015240686],[103.07290380285816,35.274708921394186],[103.09964145008084,35.25963846460958],[103.12467499569044,35.240716990146794],[103.13594066724886,35.22991004730576],[103.14942222142592,35.219117556048936],[103.16601886584584,35.20859535938541],[103.17551601458645,35.20615604097099],[103.18777642449545,35.20666307378991],[103.19607092123609,35.20846205478065],[103.25587848500885,35.22336357327284],[103.26873836911271,35.225270251566805],[103.28196287866201,35.22096814018508],[103.28953087622489,35.214008545564006],[103.2930731720668,35.20643339055782],[103.29828896276211,35.18867742915483],[103.30350535774436,35.17798440527682],[103.30974815552857,35.17144967370497],[103.32109220964448,35.164540734066854],[103.33772451309105,35.1558994937748],[103.35770069547401,35.14102116138171],[103.36936858098798,35.134847820586565],[103.37351682686804,35.1190728703348],[103.37754009691822,35.05498208522056],[103.3831875138849,35.023839691486884],[103.38216964676785,35.01056976480852],[103.3764198304542,34.99936801295355],[103.36970327071937,34.996064181581026],[103.33543346311073,34.99481788827568],[103.31909470204411,34.990728378764565],[103.30686996416344,34.98359969269211],[103.29112991259728,34.95930825681258],[103.2541104164268,34.925600934015584],[103.22834981760732,34.88574953963097],[103.2171926311291,34.87317254945635],[103.20387302432329,34.869004793961764],[103.18178632322477,34.87240314446486],[103.16346202128288,34.88162690585411],[103.12309749813164,34.89669089099116],[103.10879676494604,34.900411591239866],[103.09555423789897,34.89869751611404],[103.08642748523458,34.89394420229525],[103.07903987977157,34.88719242395847],[103.07403452915256,34.87941118233301],[103.07106225023719,34.85829533128624],[103.07477763456268,34.840501474284245],[103.07763920544791,34.83552156836257],[103.09415824510995,34.82585108985662],[103.12328806632246,34.79574878484005],[103.13248826088335,34.78178394521429],[103.1500326196664,34.76666528273226],[103.16270021029074,34.76986656857765],[103.17739167959702,34.78090046121999],[103.19430480115281,34.785982588727556],[103.20446968199408,34.78528832787628],[103.21393088921937,34.781157313267705],[103.21977267820424,34.77611502993313],[103.2248520051938,34.76517761724581],[103.22464190658673,34.75780197817907],[103.22087799093443,34.75196950890174],[103.21175846176845,34.747221466203996],[103.18302255063847,34.747307009868905],[103.16289946110817,34.75607487113481],[103.15205609920163,34.7533323222939],[103.12960268750771,34.69960614041746],[103.09536841758609,34.65102233757338],[103.08126806436505,34.63848759344151],[103.03467978598357,34.617693054359314],[102.97984484976236,34.60049188248708],[102.95216907469124,34.58626622927903],[102.93852453655416,34.57365200823559],[102.93105979504439,34.56196969598535],[102.92533963400706,34.548284661721354],[102.92192055049915,34.53110588129313],[102.90794681225933,34.49737193704918],[102.89559287347035,34.48035177011683],[102.87733949113952,34.4658984157319],[102.82042019062402,34.43092529867414],[102.81118470339172,34.41876724350009],[102.8028537654316,34.3937904854282],[102.78281803529896,34.3527537466677],[102.77045193414239,34.33325785963762],[102.76399124186374,34.31120209060559],[102.76395229103106,34.286677923678745],[102.80157325277546,34.28941370885829],[102.8307984508444,34.28164890415322],[102.84557653681439,34.283783346433964],[102.85531680718964,34.289392584858284],[102.86910639897275,34.308085219095666],[102.88122627625337,34.315338186557334],[102.89377657867459,34.318853859494126],[102.91031639551727,34.31699986497895],[102.94202506597773,34.302388138691384],[102.95194006449523,34.29292934426459],[102.96618983379405,34.26847899080167],[102.97837991591632,34.2295526173216],[102.98417839845735,34.20424521473576],[102.99971156488606,34.18890292003857],[103.00902964486691,34.18495564823579],[103.01728449268931,34.1840209999928],[103.04400617274224,34.18641518689772],[103.0694083066364,34.18441481650681],[103.0834291831073,34.180982218687525],[103.09702664937363,34.18146338848444],[103.1058644503691,34.17901655297367],[103.11681454920766,34.17071882271212],[103.12707371641385,34.15902220624138],[103.13431324161746,34.144960694741286],[103.14170982260441,34.13821044091096],[103.14620045879275,34.1290086128578],[103.15152444312707,34.11215317621428],[103.15161734333829,34.09860511731838],[103.14411395065518,34.08173178900125],[103.13668178539015,34.07136633707383],[103.12926969859777,34.064922994195996],[103.12266495466547,34.047437557810824],[103.13171444469577,34.021100610146725],[103.13565945070545,33.983272750378205],[103.12966205148349,33.954027474857206],[103.1332604068145,33.9451675988922],[103.13975335953114,33.938848394821335],[103.17405365982371,33.9220744461165],[103.18054309708175,33.91084936289032],[103.18095884608601,33.89730377570254],[103.17778385014205,33.88780528525796],[103.16663573059897,33.868378510726366],[103.16211278401924,33.83665758821111],[103.16542134926011,33.825740764393245],[103.1716271166133,33.81709671202549],[103.18621726615311,33.80474429738466],[103.20165821322827,33.79810930272502],[103.26674554059231,33.78336718846617],[103.29265944398355,33.77152041131153],[103.29888690784085,33.771340752526505],[103.32543778902273,33.75994173178388],[103.34094298395377,33.759798998980756],[103.35094584447899,33.75645847030596],[103.38727563028304,33.7575731094037],[103.4071632836712,33.76211691213908],[103.4175185895763,33.76849453244589],[103.43855332144712,33.787314189517105],[103.48067601320726,33.8121028571389],[103.4987456013923,33.81553833979469],[103.50828225216513,33.81378404136206],[103.51174701175503,33.80954708830295],[103.51541755295722,33.8000520990859],[103.51753312539294,33.78599062823802],[103.51295635225428,33.77363001771071],[103.49623524789723,33.73936227296732],[103.49615301319946,33.720368745006255],[103.49803677198955,33.70710615256534],[103.51090546072946,33.68372483427962],[103.52151870194594,33.675919131162146],[103.50936573523865,33.65685355549241],[103.48977619141873,33.6327549227354],[103.4731494867072,33.60142728917649],[103.47101056279314,33.58906228212013],[103.47396845982924,33.58184143099425],[103.48888518780198,33.570941597068575],[103.5147829585454,33.55876486026502],[103.52675836766946,33.54704980148109],[103.5373614867192,33.52747398141169],[103.54500591972905,33.523137692869874],[103.55617956037212,33.52298946201212],[103.58086118491929,33.53616180972105],[103.59321408784774,33.534718378618464],[103.59830238644751,33.531825752972274],[103.6124147309592,33.516415959603954],[103.6192742613291,33.49955415555217],[103.61692270134864,33.48606985191197],[103.60438777215832,33.470334256147424],[103.57718123169312,33.450580323570534],[103.56347996972828,33.43611832325027],[103.5343555673224,33.39708246667323],[103.5206871252312,33.374592492416284],[103.50722844218124,33.34519430575688],[103.51682992972212,33.328018700259804],[103.51801013694454,33.31870080012835],[103.51529304107181,33.30296364137526],[103.50343220125718,33.25846227314027],[103.49856258603216,33.25444140009652],[103.47532802865763,33.24911513483658],[103.46596272139053,33.243327249365855],[103.4554742787249,33.21472464533856],[103.45589210889922,33.200909636756315],[103.46138320239172,33.18421455894893],[103.49704343921222,33.14147490357347],[103.471628305023,33.130261094969754],[103.4618961712701,33.122214361823495],[103.4572328832126,33.11128235980827],[103.44692449048921,33.099865606337325],[103.43622096007722,33.0942263499356],[103.39997785761614,33.0858142243905],[103.37565308364611,33.07372172891097],[103.36883281752378,33.07450700782205],[103.34928997166173,33.09053066950912],[103.33551863589173,33.09017314769828],[103.33449024007486,33.085353841333436],[103.33026569781548,33.06864099634568],[103.33073131688501,33.04679622175411],[103.3076188711766,32.97604515900788],[103.29101144001527,32.89422918228563],[103.28619616704736,32.882158591958394],[103.27185662685017,32.87119340374312],[103.2584653210318,32.86585510770663],[103.23165000403569,32.863200041161456],[103.21807995776983,32.856730732049634],[103.20802532654422,32.84640855870833],[103.19426572032373,32.83881152570201],[103.18201888468616,32.84021167068635],[103.16291506726623,32.85042736843099],[103.1361523220764,32.872977126974995],[103.09424424209287,32.92132705723601],[103.08799342538465,32.925472812809744],[103.08099400306695,32.92512852492395],[103.06456423496071,32.909780834315484],[103.01171995041688,32.87562415776997],[103.00453251173083,32.8741439501879],[102.99265261774592,32.877775694346745],[102.97357771464937,32.87992763962991],[102.95847418190851,32.872455596271315],[102.95345927959775,32.8672855504545],[102.95118138986491,32.861804335059304],[102.95377704961737,32.85233910190411],[102.95074672164826,32.84236037473704],[102.93782531501382,32.83120310145139],[102.93826174014701,32.82542191287189],[102.95608631203184,32.807357145441806],[102.95949936495005,32.794363117423316],[102.95171213724785,32.77230270071463],[102.9501081425959,32.75413362850063],[102.94387571462524,32.733042758676184],[102.93695948589836,32.724650155152204],[102.91997295552835,32.713941668512525],[102.90137809890871,32.71030422764541],[102.87635801601505,32.70966523995777],[102.84560314142377,32.69934581896027],[102.81801925231768,32.68293556276887],[102.80756478335049,32.6611646755661],[102.80527812426399,32.638482374906566],[102.8087004751504,32.62549249967722],[102.82622233917041,32.597161822074106],[102.82783718235275,32.59008997267589],[102.82711272424467,32.58559605488988],[102.81958825377886,32.58184017067835],[102.80854723144158,32.58192917559876],[102.79949073154125,32.577205253768156],[102.79231827763361,32.55851228522836],[102.77085695712978,32.53681953758065],[102.7678563137238,32.52683128704392],[102.7736290236481,32.51127796632053],[102.77262267235868,32.49648304056048],[102.7509946430693,32.459351760512135],[102.71825332646182,32.41458809605253],[102.71262220783056,32.41044530303174],[102.67623172910498,32.36663918353001],[102.66486415212758,32.350414639218],[102.66401622632472,32.34921350442151],[102.66317023065346,32.34451358962087],[102.6648710609769,32.33617027286424],[102.66233043223507,32.32798799621814],[102.6601589833534,32.30976083027206],[102.6662485430211,32.29811011062052],[102.67618510427717,32.28492920739746],[102.67837550284474,32.274382828895526],[102.67452123612625,32.25319771586042],[102.66280717796741,32.24897283110177],[102.64140003277653,32.251676732724576],[102.61643984122406,32.242267196027214],[102.61060913876057,32.232734298165525],[102.6060451450607,32.21506536160552],[102.60669547747176,32.20357401720741],[102.61488329747102,32.15805918992781],[102.62161426514207,32.14238012913123],[102.65495150588983,32.0925482377056],[102.68190026556078,32.037793696050855],[102.68739925985508,32.015418864336006],[102.69127095049141,31.98411656311767],[102.6900980245294,31.962584216078284],[102.68541824606285,31.957958652606013],[102.68941089915552,31.951263493342807],[102.68213593479499,31.911103116867235],[102.68221411492654,31.881418215267033],[102.68806409684757,31.868159865648146],[102.68278032617442,31.861946658211778],[102.68169483172201,31.848387984708598],[102.67447136100552,31.831039442118374],[102.6615321160476,31.812144464750695],[102.65565302563336,31.794630899634942],[102.65102987697668,31.768960991550674],[102.6523996426062,31.75395255887922],[102.63604773497913,31.6555747335762],[102.62640343414002,31.639675590394155],[102.620085153555,31.634772012027973],[102.6156238522736,31.62506119970537],[102.61667730874443,31.61579481741561],[102.6129191521777,31.604648383194974],[102.58684911730089,31.59331842664212],[102.56727331939994,31.590085696498818],[102.55532623340633,31.591598070324547],[102.5483582587091,31.598185266941904],[102.54636600904703,31.609851528775565],[102.53999533018006,31.619785026846543],[102.53621366570592,31.621405553276634],[102.51297838986181,31.61291683382109],[102.50102272165209,31.614425322944676],[102.49007104602809,31.621509767700207],[102.48235457410472,31.631609847905782],[102.47923023566095,31.644552221804283],[102.47058466986174,31.657051785545185],[102.4645398873933,31.661234815997233],[102.44513651186996,31.659101033458033],[102.43982781903065,31.659768687798486],[102.41847718195143,31.677269243588484],[102.39101810005641,31.690974065703074],[102.32689925847801,31.712638611697052],[102.32005156163005,31.712347618491897],[102.29829224492474,31.69679119753151],[102.28382521154052,31.691737364174102],[102.22868225527272,31.687144479184283],[102.21535424715927,31.6808033626974],[102.21453560099049,31.66835731359564],[102.21786678199223,31.657841681863637],[102.23916802830327,31.653908294787897],[102.24675399034248,31.650694669567674],[102.25374522071672,31.644118664071787],[102.26011678017493,31.62622005313039],[102.26691803931195,31.61853424918687],[102.27808351181966,31.612589390450587],[102.28581665897553,31.602503213039046],[102.28096125385834,31.582559903598884],[102.29195950743919,31.54467756775725],[102.30174884677147,31.530911028666434],[102.31895737654652,31.520787202190913],[102.33045995616051,31.509079337022886],[102.3332583425201,31.501892180966315],[102.33071159886224,31.48736527563921],[102.32231495201829,31.478141675809407],[102.29874494247004,31.467374201221876],[102.26964976030565,31.44816585873573],[102.25685923276801,31.429210098565637],[102.24029576572242,31.411858498587783],[102.23853712670538,31.401803325104776],[102.25275870150833,31.366941507922217],[102.25871856727314,31.346796658815673],[102.25384887202287,31.318862947442696],[102.2675511888558,31.29661551298225],[102.26996144865224,31.287186995959587],[102.26019206577591,31.262142641413497],[102.25695530384218,31.220303229177674],[102.24898762665855,31.174483428455485],[102.24440153749343,31.16363281943789],[102.23247731796938,31.157126340530933],[102.22396733625251,31.15475477849743],[102.19828003709537,31.154521679517515],[102.17481468112115,31.144961336543112],[102.17933193774795,31.091789320920583],[102.18416223835807,31.07292591978212],[102.17640574219172,31.020213895051928],[102.17746567472996,31.002956976011564],[102.18490037690628,30.975763371861753],[102.19817102917746,30.951279148571086],[102.20167860133006,30.93256879609593],[102.19993473136067,30.922503375754346],[102.19388932638687,30.918685152208234],[102.13608578663,30.91900412413097],[102.11554920137294,30.916979660095894],[102.0916177188241,30.910800093790087],[102.07822664798167,30.903312301393374],[102.07293645390388,30.89597254128418],[102.0661647929404,30.824855997379682],[102.0629087888393,30.805846864268673],[102.0508190070108,30.78220946318993],[102.05118464102681,30.776452403614943],[102.0680708891918,30.76523027589725],[102.07369506154643,30.75882399649026],[102.07311609534102,30.755469829165094],[102.051101640879,30.74448041983367],[102.04972516546482,30.72065893557293],[102.06520204023208,30.66574712962234],[102.03494153131938,30.657398646493984],[101.96635336000755,30.653451981161098],[101.93394822047924,30.658078865962985],[101.92349540522682,30.656043293782293],[101.91732413536383,30.65171834804873],[101.91274379572545,30.641458770647716],[101.91832565445202,30.620681469346444],[101.90663861186229,30.602786225523257],[101.88774253055357,30.59128909863269],[101.88103360668909,30.582171098858673],[101.8803430357164,30.57110063387162],[101.87175195734864,30.55537000568193],[101.85004694124872,30.533937214826626],[101.84280189144118,30.5200237505662],[101.84516953088553,30.49080446553874],[101.83645209686621,30.468795206588666],[101.81515665907392,30.425547101145757],[101.79978295301675,30.414720024673443],[101.76985955432556,30.41039314614577],[101.75963853171886,30.414099235734167],[101.74755774930514,30.398192187227053],[101.74074069083242,30.362459549373334],[101.72832985456364,30.34750647683316],[101.70790683351382,30.34191389018007],[101.69203035646326,30.346588359430747],[101.6805417998725,30.355260044856507],[101.67172306511753,30.367582048486334],[101.64822280099375,30.380127387019257],[101.63018715217618,30.385935186164513],[101.61284326147222,30.382496451221993],[101.59495965793408,30.3742564027666],[101.57999301945189,30.38223273907404],[101.56902071655163,30.395685770509445],[101.55190949401427,30.404790197636856],[101.53253598898118,30.408755677917966],[101.48846238825233,30.4093608872235],[101.4745787443777,30.406587534441492],[101.4622022829035,30.39160869406315],[101.4558491935207,30.37469689346616],[101.44533324759352,30.366345447752643],[101.42839818270565,30.361394151018725],[101.36324070488489,30.36554408987132],[101.32432865536067,30.361575604660892],[101.31938646893083,30.32544233793942],[101.30338325196816,30.297184938384333],[101.28178536672283,30.269360788034884],[101.28036254924916,30.26124995118051],[101.26275431837475,30.238913339218897],[101.26215143924904,30.227839774915942],[101.26755136015049,30.214840123459993],[101.27813964102225,30.202894713218566],[101.29483151761978,30.195305615593803],[101.30388807747296,30.19556907472291],[101.32638288776919,30.200109330331184],[101.35090620874148,30.197215844555835],[101.36626727392623,30.1877881199457],[101.37925682391909,30.140326371062038],[101.4047566076395,30.120411723876295],[101.40626608971421,30.108197746870744],[101.37990978139628,30.07785602772807],[101.38304197081479,30.059701980954188],[101.37103382581601,30.036934845473382],[101.37386711998485,30.026555029223164],[101.38412643736439,30.022357879346945],[101.41418312486311,30.019016725803002],[101.43123140647805,30.00992258850396],[101.43181629266732,29.99439230309289],[101.41408003375939,29.93916544125739],[101.41518022833297,29.928430857696775],[101.41983854721647,29.924673012214157],[101.44497713379278,29.912512340217102],[101.45895569077096,29.901235427225142],[101.4592453628954,29.89346595438392],[101.45051296792936,29.885447754222078],[101.42057544037529,29.868461722996415],[101.37817939507838,29.850517325445374],[101.36773829245301,29.842145197434462],[101.36022955195997,29.829661254047828],[101.35859096572706,29.808979412754198],[101.36586709019498,29.782260704595025],[101.37496842837793,29.76217723991445],[101.36493520999097,29.752312744457047],[101.34903875390854,29.750663950581124],[101.28403813892088,29.762544156266568],[101.27543820663406,29.760797103459968],[101.27108268326191,29.756778118398547],[101.26228054787067,29.742456741880623],[101.26076909147729,29.72805064050362],[101.26391378587813,29.709888396818222],[101.26938763344228,29.70316579740853],[101.2909364638085,29.684053022537945],[101.2933656084395,29.6751441221424],[101.2942711292726,29.651828723509663],[101.29144624736254,29.635584346191262],[101.28033554089951,29.609821281882436],[101.25619496519651,29.571998697609676],[101.25450155655076,29.545012476495675],[101.24965865552372,29.53617449326144],[101.25330116459389,29.522823177394873],[101.27238725008128,29.5126137679184],[101.28036521648758,29.50327020387979],[101.28561745506266,29.483967746082964],[101.27643917941748,29.47112344514051],[101.26695285516261,29.46605272547047],[101.24122922650778,29.460801229148842],[101.19031796288102,29.428432756900435],[101.1597879628325,29.414339466989297],[101.1485109665823,29.402616650508357],[101.12020914575488,29.39366073540502],[101.10208848976853,29.38052322327069],[101.09073206125859,29.362507463914447],[101.08429406962668,29.35961101463743],[101.06766530252139,29.360886911786675],[101.04751868252093,29.355165485775622],[101.03929159331081,29.345622346885246],[101.04858352595947,29.33812848177446],[101.06854633130018,29.331267358314207],[101.07018313876772,29.325328504973907],[101.06910129132837,29.276475896856706],[101.07738879295155,29.226413039483703],[101.08092992846466,29.166751592189392],[101.10753152161209,29.15575879189986],[101.12192182995669,29.140896489190435],[101.13257699654534,29.149943992185207],[101.20092414274947,29.164012862814417],[101.21689569777759,29.178272244065713],[101.24914717187042,29.225665089499902],[101.26292372931782,29.234762360269972],[101.27017156761812,29.234677205509232],[101.27993303924444,29.231971476684866],[101.29684101596149,29.22288209153024],[101.32540998402936,29.197359619059338],[101.34622355197664,29.19376823735185],[101.35648604922709,29.195860956459732],[101.36725452516949,29.202761326169302],[101.37511052022712,29.213771360176256],[101.38267453889385,29.232552320627377],[101.38470229499019,29.251782916066823],[101.39125592811,29.260953251754223],[101.40637022838264,29.27186461605297],[101.4395128790329,29.289571228324267],[101.46696444830263,29.32177800089685],[101.48249876766455,29.33119390765094],[101.49832083640963,29.33282648054203],[101.51099690623114,29.325991181601093],[101.51858128568072,29.297748768528972],[101.54009504153507,29.28485846950456],[101.55116759573102,29.283963530453736],[101.60677486964764,29.292041722449678],[101.65409610627563,29.290596394764307],[101.69021567417064,29.283752502801427],[101.7084064345804,29.276432300386396],[101.72053466818022,29.264768380494996],[101.72435279361108,29.243606198585834],[101.72184995944502,29.225865604066332],[101.72540699462664,29.212482735530795],[101.7350221491016,29.2034430342744],[101.74436853146919,29.20218786691099],[101.76979108533979,29.21510878348231],[101.83143576608101,29.227420262028488],[101.85476927213182,29.24146803096964],[101.88525601864214,29.26946153221531],[101.96570943766294,29.32146750749987],[101.98076187096798,29.304060449531097],[102.00025248939822,29.29852782379413],[102.032682282483,29.298673945648506],[102.05559850147402,29.293805013706763],[102.10415642402485,29.273633979286075],[102.13569856065021,29.25636694410657],[102.14605292708434,29.24431675095203],[102.15164366269165,29.229769458074603],[102.14196936046729,29.218472432352897],[102.13378645879229,29.21529942498253],[102.09173109637122,29.20388699066112],[102.08206927717843,29.19259596978368],[102.09070913413827,29.180207784114284],[102.09911321639815,29.17560089667623],[102.1084573664078,29.174315856042057],[102.14519367310768,29.178415912286333],[102.15740883101824,29.17299600740163],[102.16486938787102,29.1650693166124],[102.17947163630598,29.136634992011334],[102.19437858712445,29.072264119409315],[102.19085904019464,29.051215299225785],[102.17854693656268,29.036275128029168],[102.11928763146175,28.980747624308528],[102.09085092457477,28.965738442010995],[102.08199652760226,28.95145639892852],[102.0771708560471,28.9285772807765],[102.06584536305111,28.916932358766868],[102.03666298745502,28.904880452316693],[102.01982801023027,28.89370844976076],[102.00664871578465,28.875418641569247],[101.992005068699,28.849008635418333],[101.991856424722,28.842711072998846],[101.99768676424488,28.820366391010904],[102.00940469508103,28.79606283583534],[102.04730975883108,28.7330867107592],[102.0479304527967,28.723810878135737],[102.03530689957032,28.710327127948172],[101.98902899589822,28.688574605733365],[101.97588641460302,28.67027559362476],[101.96361763276865,28.634903394523466],[101.95180320467738,28.618423770242455],[101.94159416139196,28.616378705620257],[101.92890943496317,28.61697969955561],[101.90718781908969,28.61106052260972],[101.8534134594982,28.590864045795456],[101.82515781273955,28.57576545768473],[101.80448501029954,28.55905292481314],[101.78839985937367,28.538556117841413],[101.77989120936623,28.516445798083115],[101.77465277487525,28.488720469601272],[101.77213628218628,28.430159512186826],[101.76364559403258,28.408039892555404],[101.75320439721528,28.393377452307313],[101.72359636594496,28.370106076014366],[101.68265872691346,28.34923591588105],[101.659828600424,28.368141645991862],[101.64769058613246,28.373522738819485],[101.63413764905386,28.370757235876187],[101.64715511176097,28.334013231551847],[101.64723623993311,28.32036818621042],[101.64445519728368,28.30627793196568],[101.64530816417277,28.28294291905556],[101.64418579395496,28.268421204115437],[101.64093023637618,28.246163814795],[101.62343159377379,28.198594252386123],[101.61549003750378,28.181115245312814],[101.60429029397872,28.16391153330668],[101.5874100876234,28.1458213417949],[101.57748651282057,28.13835004789395],[101.56984176150901,28.135619609565293],[101.55034276296712,28.133623222095054],[101.54226583252313,28.13159614394439],[101.53468726740437,28.12706502598826],[101.51826625320008,28.10825861149095],[101.51452764387405,28.099158424746793],[101.51479272508611,28.091978682617636],[101.52013121316676,28.07990324168932],[101.51756312546803,28.07228186044678],[101.51319013239429,28.06927770484141],[101.49407756853621,28.06836449650911],[101.476105245447,28.05885145479228],[101.47137030766854,28.05475770116058],[101.46917226765473,28.048221787943927],[101.47231342551747,28.0296137335576],[101.47758835969273,28.01933809769823],[101.48345201723889,28.014835036260948],[101.49009279978087,28.000645007763627],[101.49246074642997,27.99172163899578],[101.49003111428947,27.980505865080104],[101.48093488519447,27.973402298358845],[101.4645790685325,27.964655401284308],[101.4536900174516,27.962178251855242],[101.43939409233735,27.96354922554883],[101.43126704022329,27.963310330545518],[101.42204191639149,27.95980120238636],[101.4186107538095,27.95358345761942],[101.41742689276667,27.94203892421691],[101.41334104451553,27.93184421302017],[101.40535107007621,27.928004498390724],[101.38510493337623,27.925599403919122],[101.36979677857775,27.921901625052325],[101.3655081160372,27.917096214229428],[101.36492148821999,27.91132190250093],[101.37207401021178,27.894630372127036],[101.37620111826364,27.892957860162888],[101.38548954954146,27.894678666977892],[101.39491153635319,27.89280486260542],[101.40816792700302,27.886367155572817],[101.41293855893473,27.878598027995654],[101.41480801114264,27.872179835267563],[101.41227973556504,27.842599029652135],[101.41412554478038,27.82610365200147],[101.4189599785427,27.81653457024396],[101.4227202100159,27.813767738183625],[101.42705278456306,27.806702867750662],[101.426524112838,27.79913029665513],[101.42397255182331,27.791498927009773],[101.41772792857708,27.78483827676417],[101.40626816560268,27.776576605683577],[101.39546928894549,27.77229199726008],[101.38098021941526,27.768977001383867],[101.37569153781266,27.76917716344905],[101.36990525795987,27.771881133562317],[101.357981691999,27.786272342637382],[101.34828847396523,27.795328850754434],[101.34169874659024,27.797647078509122],[101.33358836944387,27.797401907335576],[101.32880188895172,27.795095356831933],[101.31524003410178,27.778485659346828],[101.31342351239786,27.77303243698731],[101.31551405426508,27.761222798764912],[101.30920038362214,27.746272171085295],[101.30180601048787,27.73812877362198],[101.28869618537156,27.7308822312998],[101.28066660237626,27.728834430941752],[101.25468006622091,27.729101004637325],[101.24903557861495,27.728206695835453],[101.24425620580047,27.725894355402648],[101.23108160263266,27.710364763832423],[101.22558357637357,27.70587233195041],[101.20322673887793,27.696881307131168],[101.1951231667783,27.69662318590746],[101.18325596092166,27.69912499984755],[101.17826054637172,27.702204597481575],[101.17348174920143,27.709967099323364],[101.17058091177064,27.72139123574119],[101.15927923953976,27.73974205279257],[101.16173321772413,27.749181830875706],[101.16114688188199,27.753480712070804],[101.15738211538385,27.75623644505196],[101.13739779028714,27.758468014538547],[101.12834927104399,27.76141423960563],[101.11668434733302,27.768592885942937],[101.10768448905199,27.77981642291251],[101.0936267444999,27.78583063876096],[101.07196499416895,27.789081573092503],[101.06000613332698,27.793359090412864],[101.04833129893224,27.80053091656324],[101.02146258196245,27.830583530637718],[101.01216484883584,27.838906918222133],[101.0025843042997,27.84433944475494],[100.9763335260096,27.849933701027403],[100.96182150752536,27.85663926235787],[100.93966456924731,27.870641181791264],[100.92992077707648,27.87965852837956],[100.92164137256658,27.882972799436217],[100.91149579012955,27.882623603306115],[100.90118862674714,27.88586737112805],[100.89653289846731,27.890022313627536],[100.89112199563284,27.902070582482914],[100.88761782802672,27.90770319184246],[100.87810340925715,27.911336316765293],[100.82873665395698,27.90565264945784],[100.78513840265829,27.907353943826873],[100.77216318678076,27.906529142972335],[100.75687977730047,27.902742477363127],[100.74823413355784,27.90495389813897],[100.7404162762615,27.915827257954835],[100.73531013960834,27.92068205058493],[100.7274625751823,27.923278385957627],[100.72343394132102,27.90478400362959],[100.72022684922864,27.89495342318816],[100.71296023666824,27.884975419026578],[100.69421415672284,27.876073423688815],[100.69543246951041,27.861697718674613],[100.70005227973488,27.850608005410887],[100.69985079487019,27.838159869971776],[100.70949200086402,27.815993982820025],[100.71734910613391,27.801060349625534],[100.72535883692508,27.79127063036365],[100.75357262166911,27.765573183758484],[100.766128795099,27.754875047263486],[100.77375077444343,27.744759789450594],[100.77301934172296,27.723012115364877],[100.77432033808303,27.702523649586492],[100.77683197468666,27.68664867599831],[100.78161084076281,27.681353556069975],[100.78903373338429,27.680905508695076],[100.80449037144436,27.684410092980816],[100.82636962493214,27.679360568821945],[100.83552360887367,27.674534011246116],[100.83564762621036,27.665520601494695],[100.83262782142677,27.656389108312695],[100.82588521899073,27.64865063599232],[100.82624840867008,27.643162918183524],[100.83010750050224,27.634649840364077],[100.83658320758451,27.62875992800377],[100.85036028526909,27.625217043841158],[100.8651310859543,27.628563864447905],[100.87637252211277,27.624923356113047],[100.88795532902,27.616153524086073],[100.89485192284056,27.60116627447275],[100.89547632543297,27.590005200133316],[100.89256635126864,27.55462927760054],[100.88817281098162,27.54661867211007],[100.88738429634445,27.5288184368298],[100.88107356582233,27.514150304315457],[100.87739376862012,27.493173602447843],[100.87853082581226,27.475442446446717],[100.8889890240091,27.464282314476787],[100.89399805970855,27.46338535223253],[100.92287928798977,27.461384232066923],[100.92809111253219,27.462658574805197],[100.93734441957683,27.459840421981905],[100.95600369804035,27.446448004870707],[100.96575516420944,27.432728100394527],[100.98557071510182,27.38715843879637],[101.00392277715628,27.36219418144443],[101.00543305818199,27.351238859397792],[101.00198717583459,27.346872795260417],[101.00305095011313,27.339059663968094],[100.99902970411955,27.32510594273011],[101.00067244475429,27.309009901433964],[101.0140398525269,27.29983517748673],[101.04053004526155,27.293476263465237],[101.04900266347131,27.28728081374068],[101.05630256178085,27.277883700985182],[101.056294384664,27.271294306577413],[101.05037353910167,27.26124409759563],[101.05036176366677,27.254744544922502],[101.04322789142647,27.240226879210237],[101.03931542988575,27.217067071785685],[101.04147214980553,27.209561192054018],[101.0471640022013,27.20209148596836],[101.06107555029574,27.19608860647999],[101.07631040390275,27.196631133588728],[101.09633755421926,27.200771662031684],[101.12334046740384,27.209486786013056],[101.13504611755437,27.209897136944274],[101.14417321930836,27.20687610303402],[101.14970802462874,27.200479197383757],[101.14993555128218,27.190646988687686],[101.14579786266786,27.16973813672608],[101.13836872599201,27.15945688162838],[101.13470191462265,27.141722419663814],[101.13877833329649,27.136267193399014],[101.13904207712123,27.121016993543364],[101.14210529217418,27.115616211215904],[101.14855967238998,27.099588358297378],[101.14834996509697,27.076644418842978],[101.14209638414445,27.053487649817157],[101.13061147560673,27.023190977558635],[101.12990084817787,27.016392133509353],[101.1341138554586,27.007688755597073],[101.14611309245294,26.99844497511298],[101.16896453007794,26.99228767616203],[101.19599299772506,26.994399136819514],[101.21450311394509,26.981217781613992],[101.22242096119933,26.96577309203427],[101.22723555997894,26.947420653806702],[101.2349569052375,26.93883255966066],[101.24290383176874,26.936755586082572],[101.25429125815118,26.922419288706646],[101.2598189423157,26.90842428177905],[101.26720920028892,26.90036405485649],[101.27593937770371,26.896323690973066],[101.2929203588305,26.894819708061963],[101.31167779513451,26.90141307090189],[101.32451035967614,26.897958176284792],[101.34112247258945,26.89074297222154],[101.35442474861746,26.880705199109507],[101.37453509158867,26.86167512884832],[101.38267530506168,26.847216541813406],[101.38262050421523,26.83131271910868],[101.37218395042619,26.81587899134549],[101.36259911579265,26.79938739078115],[101.35351258734451,26.783091400990834],[101.35602167960795,26.766095024265564],[101.35993343062847,26.761435164757046],[101.38869287607872,26.749010264356624],[101.39191410763584,26.743964903284652],[101.39084900835931,26.74049560546481],[101.39488988369567,26.732584948635477],[101.39881053738472,26.730092776033015],[101.40366150275892,26.729438525671032],[101.41041394990421,26.731467256357092],[101.4211645804249,26.744019212656614],[101.42689640802878,26.746465371404202],[101.43553397331726,26.739154932595042],[101.44126847762848,26.744040543601916],[101.44449084900093,26.756435566518896],[101.44091604350311,26.772857086214607],[101.44111845490966,26.777833766087934],[101.4439122341753,26.7884065104991],[101.45203153294037,26.79662100253956],[101.4629769083491,26.799594579259363],[101.47228719602698,26.798177279191577],[101.48990127110294,26.78771789011694],[101.49563163138669,26.777599670183122],[101.49414463406372,26.766889144263818],[101.48860105675834,26.74692118443382],[101.46347260747497,26.726683605141343],[101.45148563351536,26.712287734106457],[101.44619918335157,26.701270691700802],[101.44550672135765,26.693475186097366],[101.44891495748044,26.68111226205587],[101.457976626859,26.66296585866657],[101.46019698436488,26.64758020338083],[101.45845683280311,26.62826910569423],[101.45484337333049,26.615676680810182],[101.44915329458304,26.607355875151818],[101.43086680057377,26.600342432861794],[101.41410482531404,26.6028686596954],[101.40653504417055,26.59647265075284],[101.38876416678292,26.5769011572484],[101.38324876091974,26.557098293130508],[101.38596615048188,26.551943646452038],[101.39577919903466,26.544943119260893],[101.42452385112553,26.533498243329863],[101.43809152252362,26.525260007922366],[101.43883241138096,26.524813009750265],[101.43783599831974,26.520673357512777],[101.44030005957326,26.51379782156906],[101.45475029419585,26.501914439536442],[101.45926622793824,26.49617814110753],[101.45982335225544,26.48985948337563],[101.45840460478313,26.485361407385355],[101.45143103186274,26.474715976741237],[101.45196579546734,26.4641663392629],[101.45477285565399,26.459630440406375],[101.45985373086612,26.456665847937344],[101.47367059962704,26.452578695207812],[101.47461682210505,26.443104416734528],[101.47333479747252,26.435861682747863],[101.46867311692829,26.42594713486124],[101.46443128569247,26.42175591093881],[101.45665762974168,26.417634457212333],[101.44435154668996,26.415227349575733],[101.43979630050953,26.412503719741142],[101.4316026886997,26.393560536652718],[101.42479764856417,26.389050999769015],[101.42034949052383,26.388868149304734],[101.39637899989198,26.394434422094697],[101.38232565264653,26.394063740309637],[101.37001214935897,26.391861174064193],[101.3598504551235,26.388689538573413],[101.33153072992337,26.37397536359383],[101.2897293596789,26.366088314121534],[101.27782775885531,26.360510741723935],[101.271320225897,26.359391083728884],[101.26021265355607,26.36103486421325],[101.24898164346875,26.360558007748395],[101.22631564952306,26.354519898395832],[101.21854177521392,26.355244190147307],[101.19798060672771,26.36282270939421],[101.1777749538964,26.36781497510597],[101.15625296433278,26.366780397682025],[101.13704848020457,26.363397032501553],[101.11233485950562,26.337559217478614],[101.09934178495547,26.32620987676538],[101.08933995786143,26.32048753604597],[101.07106781440211,26.315880860769383],[101.06129554936871,26.310167570383857],[101.05493234723673,26.30650420265096],[101.04603631580675,26.297655463314598],[101.02496506518077,26.27135347770359],[101.00158154353714,26.261860135222705],[101.00008608487617,26.260889313472372],[100.97938819909515,26.24853502095815],[100.96534215719433,26.24073215193005],[100.9392125937505,26.218262297294817],[100.92877509330606,26.211981415949875],[100.9208558642128,26.200504362514927],[100.90494936668668,26.167827682897208],[100.89470331060623,26.160686731310275],[100.88615050647942,26.15854480095629],[100.87630924613488,26.15857515614571],[100.86940494362473,26.15656677220409],[100.86291239115629,26.157710769534212],[100.85729730901416,26.161987829289874],[100.84871380554239,26.171898622823612],[100.84350392846166,26.175097559388],[100.82645252975753,26.180107956697945],[100.82409451782661,26.184021834853844],[100.82690986085089,26.192565631673222],[100.82621517426892,26.196826542012765],[100.81686234483938,26.201482920075676],[100.81007200276069,26.201580293252704],[100.80457195319232,26.199504457601545],[100.79974973037808,26.196556406871093],[100.78880193315157,26.18985952094286],[100.78286645868627,26.188438296474654],[100.7684472146864,26.1903602359073],[100.76297676016456,26.188915254885508],[100.75859804506672,26.177483790659963],[100.75508067049522,26.173201794242523],[100.74571973232975,26.169182045463625],[100.71655763444818,26.155543900458742],[100.70111169561484,26.14450996587863],[100.66199022934748,26.110389755925734],[100.64788967137335,26.089576563155788],[100.64333093089971,26.07213003953219],[100.6423351381896,26.056896785613393],[100.65105618652134,26.03198460044439],[100.65018793851773,26.0069590418739],[100.64069930243524,26.000329771308515],[100.62873123427875,26.000197272348988],[100.59757920366602,26.002020225511114],[100.58213804102053,25.993137378678117],[100.56903375978746,25.98863343255084],[100.55944507865027,25.98960770907931],[100.55457926220039,25.994989981674475],[100.54963341515065,26.00580504725803],[100.53991278483774,26.01547512035683],[100.53027178432258,26.01970951076292],[100.51111185992318,26.019477129246468],[100.49487017063325,26.023792252469832],[100.47313474338259,25.9972498128789],[100.46265137382025,25.978628112623447],[100.45693576754252,25.96115535019108],[100.44864352395851,25.955606981066026],[100.44144971925515,25.956604236528456],[100.41250946150544,25.970364298891703],[100.3897034294835,25.97441358068476],[100.36457564368955,25.9740724141859],[100.35028555209777,25.969525922977134],[100.34412435217217,25.970633516292327],[100.33931432921862,25.981337859823576],[100.33962121132872,26.034631954490425],[100.32868989405208,26.04318244513658],[100.31426764683938,26.046242774243677],[100.29391019656238,26.04595327544166],[100.2427633181838,26.025634889128582],[100.22241073803892,26.02533288602459],[100.21279321158464,26.02736361683479],[100.19948346435267,26.034774053607347],[100.18849977707272,26.045483912959938],[100.17980015164206,26.062749437766175],[100.17955271823442,26.075792448431418],[100.18134521333342,26.10844048701724],[100.1775650608986,26.118169483773364],[100.16771384065738,26.132152699706236],[100.15676032710523,26.14068110310291],[100.14346896978377,26.145914000278427],[100.12905969593695,26.146769500250773],[100.12058414612095,26.15098431759452],[100.11566282572777,26.157430370985566],[100.11297145479476,26.172605602509528],[100.11217033109084,26.21390273869133],[100.10570320867757,26.23771118290711],[100.09969411134507,26.299567941934612],[100.08392986577998,26.36777029731361],[100.08335037218487,26.397095581923413],[100.07933610959182,26.417672075412753],[100.07301744162233,26.43277931111187],[100.06447276386426,26.439159429373543],[100.05064070061661,26.4418991893725],[100.03685071907944,26.436531870157044],[100.02853921228838,26.430963320387512],[100.00424889047159,26.38383881291906],[99.99007577721828,26.371645777794523],[99.97572101051722,26.36814139398364],[99.94926077846057,26.368771682207992],[99.94091290618903,26.365366743596397],[99.92679388873717,26.35099321950888],[99.92116350484106,26.333508196718682],[99.92290456611427,26.30854554743308],[99.91963051902641,26.293272269752837],[99.91385972540172,26.28230226095917],[99.89272765419032,26.260188877601333],[99.88088640170857,26.252368587897994],[99.86420106155492,26.246626771863973],[99.8342291422805,26.244994541844072],[99.81188970896063,26.223926688474567],[99.80479672552124,26.219444013003706],[99.79282027340413,26.2181345490108],[99.73819040655673,26.244266184072494],[99.73213476771622,26.24632269434846],[99.7201366132535,26.24609030754543],[99.69391867147203,26.237963499970057],[99.66783474066261,26.224401188120382],[99.65474223617674,26.2197891673055],[99.61632639096297,26.220098823494993],[99.60438150821348,26.217678596755746],[99.5888879794582,26.20886765090058],[99.55918170972667,26.20151670556653],[99.54238610215039,26.201165745420973],[99.49649766567794,26.21214479298597],[99.48432302950022,26.218405788086248],[99.47938371956528,26.223729982959075],[99.47675343109248,26.232371369050377],[99.47562966722555,26.274737924850978],[99.48891459400788,26.31741518102095],[99.48748267514935,26.32607903130093],[99.48104610511716,26.342242802172542],[99.47683496220358,26.36497090694002],[99.46913611180285,26.38327787380303],[99.45927398157349,26.394578960306806],[99.43932001844657,26.37393159826641],[99.42156420240411,26.363759799277613],[99.35121689561501,26.342612935291992],[99.31929808054605,26.323400206971797],[99.30291678300235,26.307803037632397],[99.29852184279773,26.29357036421696],[99.30107678681242,26.288197871899097],[99.31591135427261,26.27332181090699],[99.31742427069172,26.26248837517656],[99.31517678610446,26.257001268518817],[99.30815975594194,26.250313648132636],[99.2927145400002,26.244517385228498],[99.27477842655745,26.241923328380388],[99.25933671152517,26.236124006725444],[99.2451580323793,26.228174932056746],[99.2181735171218,26.206867301765705],[99.16637754970002,26.172987380027667],[99.15707667913765,26.16297076415958],[99.15610637204836,26.15533663547647],[99.15863504100324,26.151049386527568],[99.16595587753363,26.146880643578463],[99.18419716138807,26.138627342054516],[99.19527402186705,26.129113195551515],[99.19669669349234,26.12153232676862],[99.19209624484772,26.114897436193765],[99.18490625546562,26.114719575961708],[99.15093145613103,26.128022971144873],[99.1111539528412,26.13464152655017],[99.0783582694519,26.14795104064712],[99.05640953185093,26.15935109303126],[99.04439076649592,26.160128958326933],[99.03846612589754,26.157800597890173],[99.02603249055356,26.1483645657679],[99.01541335253721,26.127843541865026],[99.00546152640015,26.101479753084167],[99.00255622070867,26.079651947454916],[99.00452244739617,26.017699514072557],[99.0026831482922,26.00024469028181],[99.00378689923892,25.96546258809147],[99.00648875789007,25.955739073277368],[99.01516934813172,25.94617227525928],[99.02350795984441,25.947476506206574],[99.03509057957145,25.95974823261512],[99.04800918781964,25.967696577493854],[99.05512266978175,25.97005706058881],[99.06711971811342,25.96927961916207],[99.0805747059838,25.959827005286478],[99.08815521483008,25.946964067055312],[99.11110668669784,25.86157875393667],[99.11687369354176,25.82906956760942],[99.1149503302681,25.81378523565859],[99.10914406326313,25.808199078746757],[99.0960431256818,25.806776599509014],[99.08035528461346,25.81181756357578],[99.019112385544,25.82112255414371],[98.9725728713595,25.818808997719508],[98.95950474030887,25.81628505965331],[98.9500936085441,25.81167881969725],[98.94313861073665,25.804959304267825],[98.94338699938946,25.797350784170632],[98.95321559155038,25.788900861406297],[98.96771678139241,25.78384701718652],[98.99268095803353,25.787772970235626],[99.00226687262797,25.78693681677046],[99.0155696354692,25.781840184753662],[99.04247428003482,25.761855688045394],[99.04400561221156,25.751010091788313],[99.03837958183652,25.739980170335965],[99.02910943993835,25.731025735373763],[99.01731359192841,25.726364727975902],[98.99103189945177,25.726762295205425],[98.96100055322584,25.7324990948772],[98.9404017096146,25.74174394955595],[98.91207159461679,25.768199415533463],[98.895009040368,25.77862157417591],[98.88412388881225,25.78267556090127],[98.87104369171412,25.78078103907276],[98.85893414274643,25.763082394009448],[98.86141365879818,25.755133968479324],[98.86392288831995,25.74707903573559],[98.8626566156273,25.732117257675597],[98.86934761848035,25.717962270950345],[98.87136151776525,25.70965958650535],[98.86573857423961,25.684268993309285],[98.87050739678064,25.680950301413578],[98.8735821692032,25.67599513741119],[98.87376508082951,25.66859411160765],[98.88137093233665,25.65398885155562],[98.88285930445582,25.64422248316015],[98.8814624847191,25.638139988829447],[98.8786013682514,25.636327601429915],[98.86814264927683,25.637079142877166],[98.8640981789688,25.63488232874016],[98.86296983583837,25.62963518559631],[98.8655097405861,25.622794687591973],[98.87977628267414,25.605868370798287],[98.87961606527594,25.60164722829892],[98.87490138013945,25.594189060881657],[98.8737952967099,25.589576331261096],[98.8734364507548,25.573953041209304],[98.86459436989111,25.56789330245713],[98.86199301514512,25.560789953386593],[98.84764139981385,25.55960247236569],[98.80259989721826,25.557477718616994],[98.76859368935544,25.56549228136086],[98.75928535382917,25.436878214859746],[98.75428850497303,25.37975112200853],[98.74925116076926,25.347283463066145],[98.74104644098237,25.312549736808947],[98.72796232975642,25.281790298803568],[98.72199456601139,25.257027821552768],[98.72025775561023,25.24227073610788],[98.72162578243663,25.23345500743844],[98.72622468614884,25.22321472650839],[98.72907177065967,25.22104713875802],[98.73324777747413,25.211904955483092],[98.73496253841981,25.205673601208616],[98.73374919382364,25.18429232960683],[98.72936967332045,25.160650971543976],[98.72896694040344,25.138911325916492],[98.72326026480076,25.12224737952721],[98.72184682841672,25.111911827893067],[98.72443932558248,25.1016361007009],[98.74082114110057,25.08162585030253],[98.7469903739274,25.072507118383903],[98.75199575871063,25.061162157059073],[98.7534577306709,25.046818245907367],[98.75124440021557,25.013987225535775],[98.75277949870309,24.973103187845044],[98.75598072656179,24.950671607506802],[98.75603850828662,24.880267935998376],[98.75878563287827,24.860768826152484],[98.75729991595377,24.852398468295448],[98.71832022108747,24.845766002956275],[98.70833416857742,24.84561006086855],[98.70118874285136,24.843287765590294],[98.6892163127562,24.843098310440766],[98.68206894236047,24.840770013007365],[98.6654479598686,24.829905066629433],[98.65955805862832,24.82037043948373],[98.65624664389354,24.81835808285078],[98.65001423841969,24.818544286118833],[98.64686263392807,24.814627279736115],[98.6410033669037,24.81226787630304],[98.63694509610984,24.808799689724967],[98.63514390047413,24.80357481750554],[98.63542657688062,24.79588218176222],[98.63596840319615,24.781380549092134],[98.64405475187677,24.774593370324226],[98.6453438795294,24.765476449605888],[98.64983796502794,24.761753001125644],[98.65065462190618,24.752227076718277],[98.65852004567768,24.7395350035644],[98.66777403219177,24.733345635686703],[98.66927692994936,24.730133353572704],[98.66155603429122,24.701650896681677],[98.65993961596085,24.68237268885471],[98.65703256380577,24.678564230879886],[98.65011265656862,24.678771817637692],[98.64835786586676,24.675023565005926],[98.64889209785221,24.67057326004071],[98.64722073332908,24.668934864276054],[98.64280336884916,24.668221427128014],[98.64197951145027,24.664446557248183],[98.64374210047629,24.655527893733176],[98.64196413526682,24.650936517667766],[98.62457737070146,24.64258759884299],[98.61861928245865,24.637277041722754],[98.61495702354459,24.63168492874271],[98.60283456073363,24.62845542307285],[98.56269644982602,24.629216471243332],[98.56052997850496,24.630082525098967],[98.55472427892761,24.63240645421838],[98.5173108342182,24.658828089302446],[98.51002486303143,24.66178239213926],[98.50289853887034,24.66283374718006],[98.48917369450879,24.65984986561618],[98.47787453717693,24.660386556286312],[98.45616215797057,24.67367353469336],[98.44426016853129,24.67696788817477],[98.4388649524797,24.685654639573116],[98.43633249130751,24.697909098424695],[98.43970346060651,24.708299775219373],[98.44701583409754,24.72060495875703],[98.44770399345289,24.725779401465047],[98.44597731290166,24.73201973450037],[98.43492884281906,24.74509572572401],[98.43074240305943,24.754238238768433],[98.43092584622553,24.764202324995676],[98.43632992337064,24.77278445332538],[98.44533957697625,24.780692921112436],[98.48443235807589,24.800939092926722],[98.5030423798771,24.808273451372347],[98.53538331932793,24.807730822103835],[98.54213874335161,24.809324086877837],[98.55001175402748,24.814990823967154],[98.5549307814914,24.828347010441806],[98.55463735523772,24.84309125334831],[98.54915533068915,24.85737763123934],[98.54052862953239,24.86939555181477],[98.5292848764081,24.891688951810195],[98.52149336326706,24.901507600750488],[98.51262201069389,24.905410328557515],[98.49898471218468,24.90775127598246],[98.48381015750549,24.9071142118856],[98.47228862089082,24.90395945723159],[98.45884791358877,24.89708252621795],[98.4445604862625,24.89240018599129],[98.42136329924381,24.893448867843784],[98.41010879262974,24.896562333224523],[98.39027770111885,24.907992687401432],[98.378172931523,24.913295965976193],[98.36818502404154,24.9131085882678],[98.36104118876312,24.910762117847376],[98.35105765611107,24.91057157267782],[98.34375064238374,24.915592673074237],[98.3290082797433,24.93116495162621],[98.32110854570374,24.944650416364357],[98.31702764803754,24.94825868924154],[98.30976050230288,24.951436276578736],[98.3033400486246,24.952413564407582],[98.29139035431514,24.950340269751912],[98.27000788651925,24.941440834878343],[98.254275210841,24.932444854537835],[98.24755671193348,24.943944548749723],[98.23535107624825,24.952914384205847],[98.23041671535663,24.95871478644093],[98.22492255707849,24.97113616473933],[98.22291390826462,24.98841804510575],[98.22384192775945,24.999863206800523],[98.22906350497816,25.015812018658522],[98.2547482595635,25.063865957958395],[98.26040599277961,25.07871920076212],[98.26099923984067,25.087572780962752],[98.25136987226584,25.105434981902132],[98.23854110853854,25.12286362572061],[98.22050950917055,25.13981558356751],[98.19540689703506,25.150728060539084],[98.18469722256049,25.162665383847646],[98.18127731773355,25.171436983759165],[98.18339451580404,25.18326934935848],[98.1887084682691,25.19553072021585],[98.18942988483579,25.19885994864742],[98.1843018323665,25.212016687366958],[98.1718256258313,25.230175121124642],[98.16626585166628,25.244425390191868],[98.16166870857772,25.268266484534905],[98.15695840424735,25.2803235944536],[98.1540527809505,25.284312814733056],[98.14550874953618,25.288923922989184],[98.12306379814363,25.28771785358427],[98.11375531915408,25.29083849320202],[98.10922252973668,25.295526685364873],[98.10174459790314,25.321513100270206],[98.09625916509512,25.33207492996053],[98.09090933580353,25.33711395363357],[98.08456989719399,25.339673892544667],[98.09597890730919,25.355132239786176],[98.09998986304855,25.3792023698491],[98.10709355492732,25.391381851929268],[98.11281610855782,25.394384042781788],[98.1327768317281,25.387572359511385],[98.13816702581484,25.38973406162603],[98.14062665634171,25.396525085196675],[98.14114212392589,25.404100674463525],[98.1388347315128,25.42140109169156],[98.13923520839526,25.427878377087364],[98.13941016041609,25.430797321206057],[98.14443762119954,25.454742525686104],[98.14433911129736,25.47954046457504],[98.14155309828134,25.487449009798556],[98.12591686174287,25.50498561215817],[98.12437204304337,25.513517559373746],[98.12758573010365,25.518264944751053],[98.13547804100487,25.521584338261555],[98.15172749298007,25.523436118910723],[98.15688319034123,25.5274882356602],[98.1615655984833,25.531237469904788],[98.16612436655495,25.54578819683376],[98.17558216274091,25.549475906007757],[98.17976517942532,25.553283199545714],[98.1758136749471,25.58182592497832],[98.16358624455545,25.614564612054576],[98.16918259750605,25.623365024749],[98.17686412193322,25.62566739846617],[98.18186069830254,25.625347589296418],[98.18666668519268,25.622291106670556],[98.21371135912663,25.60519714529915],[98.25359944654048,25.592987301572272],[98.26978230418246,25.585279989462325],[98.2834082503979,25.574504754731382],[98.30011781905228,25.554292063966127],[98.30219194490923,25.55178704527356],[98.31189319778606,25.545577552945375],[98.31949463900779,25.54623066154232],[98.33383322157705,25.56056027586101],[98.33923855621336,25.562710815104207],[98.35359145871489,25.55941899236546],[98.35995967632702,25.561991116505276],[98.3683931949178,25.572954211372643],[98.38636801932061,25.60829354750998],[98.39238104702703,25.618468805637292],[98.39034881974638,25.632599977047196],[98.39177466764993,25.647033146733826],[98.4051138282665,25.673996579923617],[98.41576922178247,25.683362210902867],[98.43864466623586,25.69301559516465],[98.44315639066832,25.700733416478982],[98.4445977678652,25.710987797039987],[98.44442616855788,25.711975901915082],[98.44201019395229,25.725989789949804],[98.44597534985402,25.733038088924403],[98.45328442722302,25.7392902458462],[98.45321465535929,25.751176233850078],[98.45799464408306,25.758000520117402],[98.47218042032883,25.76421288564716],[98.47438457747913,25.770880517606734],[98.47318267771892,25.787416120293823],[98.47502559704034,25.797691472612364],[98.48222539668646,25.808289352165822],[98.49572080095768,25.81590747067909],[98.50002790801005,25.81834416274589],[98.51049105842408,25.826594512793818],[98.51816738930981,25.837580256983443],[98.5267184943212,25.841993704302546],[98.55126950061523,25.848449588717124],[98.55857528862626,25.8452553132681],[98.56883659379967,25.832799875459866],[98.57842709649668,25.832462037947376],[98.59559989488498,25.81524178887587],[98.60560837003729,25.81320236672659],[98.6082392532654,25.812631922628373],[98.6231543877876,25.80461972093363],[98.6368280875301,25.804245275554933],[98.65533038664739,25.825747255060083],[98.69352575921606,25.843675672238344],[98.7028204183778,25.8546499334106],[98.70728889619818,25.866249727155065],[98.70735216552512,25.869609962328404],[98.70752501953716,25.882773776774197],[98.71193431550353,25.89808801014515],[98.71184569034567,25.903616116140693],[98.70789205040678,25.9073777113936],[98.68457937620624,25.908470372406757],[98.68008176338962,25.917097467372123],[98.67857577550923,25.932792244438936],[98.67443014044149,25.94488575065506],[98.66151903344641,25.95392707199891],[98.65192561124198,25.955542494382346],[98.65184268652554,25.959528347530867],[98.65171246326724,25.97122049530013],[98.64805478094941,25.976357237356474],[98.64049146090856,25.97745574003445],[98.62465034034794,25.97425820839578],[98.61666923665824,25.97841413273832],[98.60996731414514,25.98980959530634],[98.59866468734506,26.047363179107965],[98.59589213944335,26.054000439643062],[98.59260482278904,26.06223929782242],[98.57882648760993,26.087210659376858],[98.57846071618276,26.09651875956122],[98.57598919562462,26.106100134215986],[98.57021353419177,26.11471964037053],[98.57009112883583,26.117893732373105],[98.57640121870696,26.12426054053215],[98.57899433981902,26.131581277206433],[98.58782934703244,26.141379756685804],[98.59420834003484,26.14166524892024],[98.59921804724031,26.137337008669675],[98.60669315191865,26.134876033809302],[98.61482886261399,26.13435712517951],[98.61661093942479,26.13600293996315],[98.62007571818124,26.139288615263506],[98.63955610797018,26.147954385344107],[98.64838658150748,26.14611383373083],[98.65712214309949,26.135745847995306],[98.66009765764693,26.126219582946874],[98.65733834392336,26.103122238835365],[98.65956193628364,26.095727168994614],[98.66608429378793,26.09112126752881],[98.67189205273108,26.09236641340129],[98.6795125790208,26.106137130769543],[98.68713015758094,26.11573635246371],[98.68988712659642,26.11916007009468],[98.69646969119182,26.12362153411073],[98.7114268542554,26.129836543221792],[98.71711514053231,26.134244770006863],[98.71720705549721,26.144311969358036],[98.71097590750318,26.153288127916664],[98.7094947100854,26.161541630136256],[98.72395918526563,26.16917557300064],[98.73380618619701,26.187055086183864],[98.73204909929235,26.187860187513913],[98.72533496268713,26.20795596755799],[98.72197714997922,26.213018760178123],[98.71494230376724,26.22339732946927],[98.70665003028869,26.240227431841642],[98.70313101179255,26.243286317641758],[98.68198014998634,26.2408825639795],[98.67493002347686,26.245729283229064],[98.67203074743131,26.24991067194606],[98.67605949911474,26.298986759353966],[98.67595383188858,26.30894756393517],[98.67587270151805,26.315738337150464],[98.68149172409288,26.322678448327938],[98.71123292698252,26.341340949279683],[98.72704841469076,26.364357025764672],[98.73239157549425,26.378161964645745],[98.73645937738584,26.384464910294692],[98.74154496295016,26.413380437139146],[98.74182397920639,26.415117407807557],[98.74516435831926,26.473182887988703],[98.748882324072,26.484534755790342],[98.7476612831222,26.49904464666036],[98.75199529927949,26.514505634948968],[98.75372826697371,26.538419039469797],[98.75554181240497,26.564055668373673],[98.76024897225848,26.57998732633002],[98.78026240099173,26.619873790481332],[98.7820046588363,26.653827324509077],[98.78096759663659,26.660013972552274],[98.77802530826361,26.67758727492681],[98.76106421721305,26.73137785331884],[98.76212089287262,26.769264390541643],[98.76371291290468,26.783832917895353],[98.76670661329777,26.809971509388056],[98.7608285605694,26.826194796720326],[98.74222230023635,26.851372763569255],[98.73834523777536,26.86200804127261],[98.73859813017123,26.87125011788748],[98.74206260447788,26.882122432205648],[98.75357822141022,26.896075746739715],[98.75474874034823,26.899489278083536],[98.75675191661145,26.905392429590187],[98.75700822281273,26.91318620709766],[98.75236908893051,26.918892520817042],[98.74922022371341,26.946300960860757],[98.73284385389212,27.005060031615372],[98.73735516064689,27.01689235882168],[98.74095948008977,27.02017209990821],[98.75195607374641,27.03029206753276],[98.75921545253597,27.039023167842164],[98.76383773990787,27.052215685015177],[98.76014164193761,27.064484284064207],[98.75131216800435,27.076461264555295],[98.74159689478964,27.08522244993833],[98.7112762271971,27.098052231711538],[98.70432849173817,27.103351439858848],[98.7003935081138,27.10891290914283],[98.7001618263193,27.112154486310263],[98.69962991740087,27.118181590697986],[98.70732999501875,27.144839476754292],[98.70800669389403,27.163681542223078],[98.70526277903984,27.175186232352274],[98.69151774847352,27.200434337704664],[98.68611531967193,27.213683775229743],[98.69001236272058,27.22990512885605],[98.69236473439055,27.232389598492347],[98.70522897441879,27.246410178547723],[98.70994631744323,27.256891854616935],[98.71427716449664,27.28271435613861],[98.72487118052778,27.30030606034417],[98.73137068983705,27.317121329067163],[98.72888100805316,27.34065425976476],[98.7289259683989,27.34996345727377],[98.72905171121832,27.36524024236829],[98.71967158774457,27.3716648612191],[98.70489767315294,27.3755229920791],[98.6989632519553,27.380515652327148],[98.69567651076022,27.390989454988258],[98.69766691132936,27.432479727160974],[98.69193820210559,27.4514852290088],[98.68792858330038,27.45785099663895],[98.68632586823843,27.460379242180064],[98.68525313657965,27.466821921320435],[98.68583783892745,27.475617242524006],[98.692698004882,27.48043426189741],[98.6938189925543,27.49025330792431],[98.68725690774902,27.502434506973383],[98.68501694836092,27.51097771629409],[98.68742240343612,27.51987579972406],[98.70334586177331,27.556907184983956],[98.70288872803368,27.56609266605049],[98.6996537348661,27.575752280501554],[98.69875117412018,27.578410147265917],[98.69215322815654,27.58959393223434],[98.68081399837723,27.597436871339756],[98.67122158466441,27.61061567128975],[98.66545519015587,27.614440323198863],[98.65521681809335,27.6168351459439],[98.64946777517406,27.60639260001198],[98.64080084063771,27.60255491586065],[98.59662624718578,27.600555431571696],[98.59006059924945,27.604149662932738],[98.58019792603633,27.609720068252695],[98.56876397916233,27.6297372332873],[98.56076569956664,27.652751099010814],[98.55548682121042,27.658133388431906],[98.54532349409497,27.662147967720976],[98.53912306612929,27.660703731349926],[98.53523779232799,27.65271199812152],[98.53895692433053,27.64091879094355],[98.53515044279244,27.636001464520046],[98.52789952985908,27.635037001372556],[98.51650641684951,27.64331183778475],[98.49692614147455,27.65769796895137],[98.46683893137693,27.690063662134676],[98.42754136176931,27.68891864488461],[98.42491449898323,27.680546076742665],[98.42502351707789,27.66691725695271],[98.42554374605561,27.66270388298405],[98.4293122081697,27.632855332165825],[98.42552003749354,27.611588177563373],[98.42399002165841,27.588647456789605],[98.41771057556225,27.57752676054962],[98.40211130467823,27.566031668417118],[98.38933820089163,27.548108362169888],[98.38584757275854,27.543202895421263],[98.3720798398215,27.530456277802113],[98.3636893111746,27.52588892448157],[98.33916323884961,27.525139841384107],[98.33247257880686,27.527628227277432],[98.32123443720177,27.537791896100465],[98.3180186047515,27.54265685756863],[98.3018806167242,27.58495167121706],[98.30179118833254,27.586120521394474],[98.29995474770843,27.614100327942786],[98.29454996059654,27.639514478894476],[98.28976215700293,27.648888739028745],[98.27608626444358,27.666665407084913],[98.25665042608759,27.68779289243704],[98.24625594595794,27.697185200547825],[98.2418698766725,27.70125303661206],[98.23273849785163,27.715326265175474],[98.22593335354355,27.721684138778006],[98.2205432681291,27.732101117589227],[98.2226806938591,27.74261582154502],[98.23300311290848,27.75660854703959],[98.23292509661361,27.764188372157548],[98.2175085469107,27.773812870934503],[98.21207551479428,27.780794768744833],[98.21023664771549,27.788718172218676],[98.21581279128343,27.803504250307764],[98.22807201617577,27.816258886058577],[98.2282009487716,27.827732208540457],[98.19637548551698,27.843665590860887],[98.17946928524155,27.847325036197578],[98.1680789183547,27.85475123091854],[98.16478074423111,27.857798644238624],[98.1633473870505,27.861772986861233],[98.16274610141186,27.874645141792502],[98.165373596646,27.88536814880634],[98.16890775267599,27.88973740194686],[98.17020249019129,27.891441651195432],[98.17804785551208,27.894179261472104],[98.19490310455343,27.89521060312344],[98.20119841570715,27.898212816263268],[98.20658379491796,27.905040431335376],[98.20619164550855,27.910071183852107],[98.1958763673291,27.928486400335608],[98.18339637297304,27.94189391864787],[98.1542746543964,27.95265424279481],[98.1418548690022,27.961277180991193],[98.1407917974516,27.963107102557547],[98.13769685477918,27.968692832372614],[98.14140049107581,28.040936359933827],[98.14540642867442,28.07050854493622],[98.14819949972912,28.075281760234787],[98.14936688692913,28.087714663103952],[98.15047528720581,28.099602203919293],[98.15006966514663,28.11383251416193],[98.14321652542468,28.125501541247456],[98.12958310948942,28.155608267967672],[98.12909763194885,28.15657077020643],[98.10992641296777,28.166035662056746],[98.10186614048945,28.16571891487849],[98.10247722822729,28.165756628792554],[98.09631313805167,28.168623734961766],[98.08936438568952,28.177486216117053],[98.08712352121734,28.187631676475014],[98.08661058643519,28.190216030170387],[98.0763321092048,28.203562288691238],[98.06692124643257,28.20857205143053],[98.05371349596817,28.20982721487921],[98.03276863895498,28.20157817444483],[98.02442856000826,28.20087778807243],[98.01408930663486,28.203389706669192],[98.00257476758651,28.21538943483638],[98.00663717761363,28.232331841522402],[98.01600696594076,28.245726063327083],[98.02106460822584,28.252896904424663],[98.02250969962604,28.257857793283044],[98.02063541568414,28.264595989192472],[98.0144775566928,28.269804048156708],[97.99803614666024,28.277976797341456],[97.98865119046557,28.29010693599505],[97.96872859538136,28.300672965452286],[97.96320621698779,28.306819955977797],[97.95373916786171,28.32994482029876],[97.94136218344258,28.338364767779286],[97.92474642131917,28.349672265351018],[97.91694048050803,28.361083550825434],[97.90424753972337,28.37200446345804],[97.89684467820402,28.374691938996058],[97.88984552976116,28.37370704516255],[97.87729902554575,28.364072238244134],[97.86682626442148,28.360429915801326],[97.8452830004322,28.360409292331813],[97.84079042729239,28.35642456715663],[97.84216690241124,28.352183358162062],[97.841305421498,28.342748341566942],[97.84114020698325,28.341024112243534],[97.83597543618608,28.33401954756926],[97.82640737488083,28.33313660937744],[97.80730908429743,28.330919682899854],[97.79970775878968,28.334760799014635],[97.78981370112132,28.343955864246723],[97.78195269482487,28.35950439121992],[97.77288262852431,28.36983311789324],[97.7611824697932,28.390723729898223],[97.74852071105155,28.405868609296824],[97.74077255266462,28.41501710366228],[97.73392019540881,28.448932560354688],[97.71718344744446,28.50375509713577],[97.7104113508953,28.512152039205002],[97.70445199407574,28.51456016994648],[97.69688712947826,28.51406840612377],[97.69609205315712,28.51374618881472],[97.68772513256953,28.51058673942141],[97.67063697487254,28.495135271232037],[97.670534771713,28.495128598065165],[97.64976194281893,28.480784979897944],[97.6422894952144,28.471998888707635],[97.63430188856097,28.470482896914522],[97.63009274043581,28.4716494242957],[97.62013178069091,28.480012834905057],[97.61732225775192,28.488845943236658],[97.6145708914919,28.495788959331595],[97.6045944934664,28.51388867001074],[97.60308906842226,28.515863498302316],[97.5885092701745,28.53483020595295],[97.57679102264446,28.543163527848424],[97.56713306840706,28.543065861815112],[97.55768194099461,28.539374215593586],[97.55152482484942,28.534457428540534],[97.5478721880895,28.520779069847595],[97.54777351338733,28.495702817210784],[97.54548610259765,28.490049822420243],[97.53632835256093,28.477085921028205],[97.5329368065272,28.473523394986415],[97.52672873979469,28.466887137147484],[97.5259812446181,28.466025647725683],[97.52350425900606,28.450708580372808],[97.5192713971888,28.437889428693282],[97.50577357206335,28.418227081732073],[97.49773853239239,28.398386332305066],[97.48166616743461,28.386033557646705],[97.47889128367156,28.38016418351632],[97.47633364268857,28.369437782111174],[97.47809512642671,28.36215857895361],[97.4831356636977,28.341927740779674],[97.4876188884572,28.335191519382057],[97.48686530483941,28.323773253638066],[97.47603651242125,28.30554274016931],[97.47093389408101,28.296989027115373],[97.46888280245521,28.28873044864094],[97.47213662337138,28.273700295089736],[97.46682635481417,28.268741017663373],[97.46002111881876,28.268011940971398],[97.45245723092411,28.27246489030869],[97.45007426786502,28.273928350624242],[97.44472109220152,28.2812369126019],[97.44052728005653,28.286999292835716],[97.43288252537907,28.2935207668609],[97.42177036407618,28.293941972089193],[97.41787303184294,28.291602684482857],[97.4149169287647,28.289056326292172],[97.4113893480927,28.281327732603213],[97.40764643327174,28.254994970232325],[97.40401899152927,28.247258617054694],[97.3968885512779,28.2409082927294],[97.38932662223478,28.238318332231888],[97.38277489511253,28.238233284410857],[97.36706928897344,28.238516205793125],[97.3644757784867,28.237707437093015],[97.35918702759088,28.23608275536206],[97.35474695856418,28.23180834304563],[97.35229615596491,28.229384510326106],[97.3484947401698,28.221362832295057],[97.34702648679524,28.2159374165079],[97.34638107285836,28.210477980759645],[97.35992005175838,28.198678088236253],[97.36083652217638,28.19874072555914],[97.3608794394927,28.193599019647657],[97.36218449182208,28.18691886084989],[97.35409930253209,28.179867288018052],[97.33602381330114,28.164186860235425],[97.33133161313386,28.151227490800203],[97.3328839070587,28.14176550083783],[97.33478501190022,28.13530621704679],[97.33421103161541,28.130211578109403],[97.32854065423909,28.119079535544977],[97.31702749624942,28.106912899661594],[97.31690486402786,28.104828039795375],[97.31665168369669,28.100748023321525],[97.32112089802457,28.09302057752688],[97.32260357834507,28.07623960981955],[97.3263500378801,28.069725903259183],[97.33171765817112,28.068018354167314],[97.34550608338019,28.06941657029652],[97.34889508536692,28.06694046678725],[97.35434986166945,28.063070989947203],[97.36406733752294,28.046762614118094],[97.37531747442685,28.03741987889853],[97.38885467169929,28.031121377107386],[97.39801983091294,28.0245233082717],[97.40111702089612,28.019497526008124],[97.40254818134392,28.01715717152265],[97.39675203178071,28.0039403399914],[97.39011076174371,27.998069394682762],[97.37606080800184,27.97995230807397],[97.37521218383127,27.97447609274417],[97.37356244358119,27.962984822561193],[97.36927008064687,27.956008213157393],[97.36390165680233,27.947331940295324],[97.36476626686924,27.916504118076045],[97.37308057252474,27.905513375589482],[97.37491656133687,27.903200547955585],[97.37550256427318,27.902337498215026],[97.3773795902529,27.89605336846093],[97.37663060737432,27.895279514213847],[97.37186401203071,27.890256256261797],[97.35332372734999,27.892145328865336],[97.34601885281334,27.89046902997934],[97.32981530963242,27.882037164653966],[97.32492952185612,27.88188096797932],[97.32416396269905,27.88246045461213],[97.3210187661818,27.88224347554321],[97.3164905348821,27.889608686879328],[97.31675314407951,27.89820767318684],[97.3169128754895,27.907973561621414],[97.31507729314968,27.91489191351104],[97.30971414298254,27.92012144934742],[97.30349720005576,27.921137004098124],[97.29028190764133,27.918145346377713],[97.28898016354404,27.91670037411306],[97.28784965626197,27.915628529295585],[97.25845221770713,27.907446143300188],[97.24853486018762,27.90070407556253],[97.22959599242297,27.876077814689708],[97.19279083805493,27.855072050141878],[97.18771501247991,27.847939928952403],[97.18022733540033,27.84154130041679],[97.16319428875708,27.826699641706618],[97.15669707828515,27.813863231655457],[97.15035007886755,27.80844573399733],[97.1482656781685,27.80667212000694],[97.13813400659933,27.804781362797172],[97.12869951196586,27.795168129845965],[97.1230973687187,27.789439922546617],[97.11429782058009,27.786376072985636],[97.10422181167294,27.785028053232402],[97.0915279479703,27.78331208252342],[97.08626912612289,27.77832900111518],[97.0910648580215,27.763669364175044],[97.0913406887692,27.76287567376001],[97.08543750443792,27.751520289793675],[97.0861502708411,27.74253370244292],[97.08615574951908,27.739099838551464],[97.07736139213478,27.73829202431788],[97.07373413869921,27.741196355931336],[97.05729853451098,27.741468104713636],[97.05342067570334,27.742636723802576],[97.05020573320554,27.745479451244243],[97.04954397531458,27.747149235365562],[97.04951693202355,27.755281096813622],[97.04746393195236,27.76326778026758],[97.04222803557707,27.777081217876702],[97.04210203644614,27.78628986842879],[97.0465115137112,27.796094085322654],[97.04711562954628,27.800655582314857],[97.0463788933206,27.808735622119553],[97.04512537276437,27.820578209466838],[97.03585574652497,27.820316659209173],[97.02499177957922,27.812475987577592],[97.01976519726162,27.812355720836855],[97.01391399102717,27.816260342961826],[97.00085290212847,27.816694816636186],[96.99569550067534,27.819741183237035],[96.9877912066117,27.82790458426661],[96.9799559997413,27.839449166996168],[96.96960357239938,27.855471116373316],[96.95349858045523,27.869688853350702],[96.92824555009287,27.878139375557446],[96.91270456200841,27.885156469324784],[96.89006115702412,27.88235805709448],[96.87327676152225,27.875235486924954],[96.86495354714692,27.87494794571298],[96.84350722025047,27.884166915975104],[96.82892760925326,27.89221646629007],[96.81992553312439,27.89362523325234],[96.81359337523247,27.898375221844518],[96.80162340870196,27.918000255416942],[96.792734771797,27.9257466585125],[96.76361391395369,27.93232536341725],[96.75796125941386,27.93536952554991],[96.74814186609196,27.944182057261102],[96.74318337085612,27.94594868947747],[96.72928230248701,27.947573511906153],[96.72656634449304,27.947890396729697],[96.70628001475362,27.956859118049483],[96.698193722465,27.95697855730091],[96.68909236892861,27.953522994945054],[96.68148526754275,27.953635399833676],[96.65611036045746,27.970911206458684],[96.64581108458866,27.98035677654478],[96.63335297590963,28.001877661137005],[96.61011404486418,28.033556565570308],[96.60640594721838,28.038603392373535],[96.60169961607754,28.041628823235865],[96.58432696403817,28.041874576213818],[96.56355287505262,28.065404652698863],[96.55593143565821,28.06551175373177],[96.54472450201858,28.06439792063222],[96.5404673481851,28.06593529358661],[96.53370740782579,28.074478549782697],[96.529000311957,28.077924656249994],[96.5135988550271,28.080854669907747],[96.5023914641898,28.088674539085435],[96.4963929879273,28.091379495068516],[96.48085418101883,28.1036551970773],[96.45110328577886,28.132276614932866],[96.44814622679614,28.136296010330568],[96.43350331542071,28.14971763030856],[96.42342558374541,28.155267479112055],[96.41681457065742,28.156837195642737],[96.40836863347278,28.157271652399],[96.39993642734557,28.15653214764053],[96.3931732515572,28.15239745471236],[96.39023930014064,28.148919004029324],[96.37925463554494,28.132622688224014],[96.37837821831921,28.12803774079507],[96.37446264284223,28.121049545621336],[96.36736991139414,28.114086345256126],[96.36365897851074,28.112263242785417],[96.36038853456485,28.112190765045014],[96.35377072897667,28.11384657708942],[96.35105097359552,28.11544281026973],[96.34249249510805,28.117037891123704],[96.32888490400988,28.123028712196323],[96.3213151296273,28.12804201858337],[96.3113016177283,28.131870757157547],[96.30784483978914,28.13467349787659],[96.29632846535063,28.140190892276475],[96.2882685875555,28.142905072910338],[96.28347345871937,28.146777164645236],[96.2798980771077,28.150744333333453],[96.27692602099621,28.15584269250846],[96.27106137805957,28.17236946602463],[96.26752684976282,28.18609638359742],[96.2672068017943,28.191311173027913],[96.26337175075517,28.199864642209533],[96.26145581983855,28.21073609174761],[96.25852816014138,28.216378982102743],[96.2574636247705,28.223883899031446],[96.25237324139327,28.23468698788396],[96.24693581423064,28.239771588787647],[96.24231248930835,28.240854752877425],[96.23714874887126,28.240179039189794],[96.2275662796094,28.236536656151795],[96.21658169756994,28.234589897624183],[96.2010378395956,28.233096181407586],[96.19793592727504,28.23131616961207],[96.18240121805357,28.216630685036005],[96.17609771383016,28.213061362975708],[96.16906560732309,28.210608511463832],[96.1607490821494,28.208685978146235],[96.15163957347512,28.208506924229415],[96.14265727790004,28.206078514974184],[96.12992809253458,28.20118347608554],[96.12349103422417,28.19994933175169],[96.10521887722642,28.200122138626387],[96.09920908897293,28.20172152679026],[96.0900359691295,28.202164796353998],[96.08668905237056,28.203795199904402],[96.0820837649582,28.203698692657948],[96.07940232732712,28.20483989387532],[96.07352992485485,28.20409971688392],[96.05940866539324,28.19980789764335],[96.0437915824539,28.18915941839513],[96.0298503515288,28.18316096756192],[96.0207259943602,28.181162559955396],[96.02001414364457,28.181105315347004],[96.01725874396459,28.1819680597493],[96.00066878556451,28.18867470301206],[95.99934606608545,28.189562103894996],[95.99184393960475,28.194650122004195],[95.98160405999072,28.199426260745007],[95.97909603284798,28.20184424708139],[95.96885460578842,28.206619140000956],[95.96069109729842,28.213097449448814],[95.94851207216288,28.219701708285335],[95.94351159356586,28.224356696373203],[95.94295355629475,28.22675119955616],[95.9183508970621,28.249061046919163],[95.91277704419284,28.25719194219352],[95.90776308850748,28.261934519095178],[95.90522898680969,28.266517222965362],[95.90021408175032,28.271259358964876],[95.8882390580626,28.280674785674677],[95.87292071204016,28.289635398166585],[95.86072145476315,28.29333740788328],[95.843970449765,28.2954006106674],[95.829000258538,28.2922764336172],[95.81196543476791,28.286360112392053],[95.80350976434801,28.284761359835443],[95.77950296836411,28.283597423915644],[95.7626510083578,28.279856910546698],[95.73580622967467,28.270677268481165],[95.71351558544315,28.260242305852792],[95.69195894830216,28.252574653408306],[95.68086806573068,28.24987349091423],[95.6778541029084,28.24913948116149],[95.67434482625458,28.245502647337606],[95.65396207012944,28.23557484646069],[95.64287897976767,28.231754839080388],[95.60576021744568,28.223848952893263],[95.59471438169085,28.220659647309002],[95.58228564254752,28.215092722168432],[95.57255819331091,28.213006517592945],[95.53124165472408,28.191973232344452],[95.51819158472959,28.18652623968785],[95.51098064400466,28.184919081543523],[95.50583940517512,28.18502439507582],[95.49540564658908,28.182870827199732],[95.48564123178578,28.180230826702633],[95.46802588689896,28.172489529169],[95.44704267621812,28.159031782210082],[95.43054874167953,28.146768061363577],[95.42391633932944,28.139959796907092],[95.4054324943407,28.125350091714804],[95.38046344718306,28.109182258823378],[95.36809629954622,28.104225928896806],[95.36349100731384,28.101386199819526],[95.34374192363464,28.0844833807152],[95.33836723088712,28.07660122045693],[95.33292144371254,28.062923741119192],[95.33260605172434,28.05195197125338],[95.33120841839178,28.047941282224468],[95.33101297578159,28.035894052922043],[95.33221353042921,28.032470523968975],[95.3318883668996,28.021587549414953],[95.32644191680909,27.99967550189453],[95.32554247506486,27.9957978960475],[95.31882037662925,27.98444815211055],[95.31742445964603,27.98043664572308],[95.30667806147885,27.967559221085384],[95.29499531111287,27.95667934538912],[95.27901176889898,27.940355147877327],[95.2724792789504,27.93471715676363],[95.2579491656815,27.924668522522357],[95.23699917126451,27.913511050159812],[95.20770854295127,27.901976529296007],[95.19339595640157,27.898271542702844],[95.18558653401628,27.894957928194337],[95.1713165864466,27.891796627291665],[95.15245074779298,27.8840631577287],[95.12760704050824,27.869550086814264],[95.11511834769875,27.86065584829847],[95.07524069151343,27.841803102762526],[95.05175536926112,27.82902027378644],[95.0453011425325,27.827355589890534],[95.00360899102897,27.81030199910479],[94.9683583833369,27.7924549149237],[94.95854041629438,27.78631562154209],[94.93246060156379,27.772362720537572],[94.91691320663965,27.766332821570725],[94.90512144734512,27.759646197372632],[94.890128027458,27.75239461359816],[94.88165348797793,27.749720153572444],[94.86936131944321,27.74298336431204],[94.85310564685008,27.73696910540576],[94.84391874926771,27.730784747679078],[94.820538697908,27.720217832190475],[94.80296975156215,27.715886087036708],[94.7971319146169,27.71254114783796],[94.79133537470058,27.711464028379748],[94.76918946030041,27.70090785139728],[94.75803223066455,27.69244964782429],[94.74708669252074,27.690893994756113],[94.71864500529169,27.68273290278979],[94.70360620702579,27.67608210772111],[94.69385650837543,27.66874342610489],[94.67296533142564,27.656379056651282],[94.66454400817983,27.654234516502406],[94.6509485576249,27.649250240754153],[94.63725399400606,27.64253331844918],[94.61652855390568,27.636605006199417],[94.58679546568666,27.62665412269024],[94.52901789331901,27.602173144223926],[94.51873186231758,27.599477472709054],[94.50191597312354,27.596795844870556],[94.49097303717991,27.59702590007726],[94.48066012756829,27.59541152547699],[94.46134987904423,27.595658536287317],[94.44459740151379,27.594152266524546],[94.41946573070705,27.589395170080454],[94.40594508308313,27.589007669287692],[94.40346267746325,27.590129531736544],[94.39436811031656,27.590255118674552],[94.38987092275298,27.58864556661344],[94.38275496130278,27.587600295018177],[94.36804922034453,27.587728901409108],[94.3524854808905,27.58568812823165],[94.34230646713503,27.58633956042194],[94.32419004634271,27.584320707865153],[94.30562260471439,27.585156048060064],[94.30106146105673,27.5840804250915],[94.29854289382907,27.58465266313465],[94.29715129414181,27.58352085167577],[94.28942094410819,27.58250064242071],[94.28385836430678,27.58085861578251],[94.28302152463989,27.580611639513887],[94.27976051356498,27.57975169982515],[94.25323982001953,27.568112111230572],[94.24819514613172,27.565173909694217],[94.23634635749744,27.55785610199658],[94.22909252066225,27.552163113673988],[94.22189093520713,27.543573181695365],[94.21087302856726,27.534519343578303],[94.2036292616953,27.525470042386505],[94.18139790170098,27.503255772278933],[94.16692470411496,27.486783763906534],[94.13170989392475,27.45439261481121],[94.1246058591678,27.44924876722213],[94.06979427310023,27.398660543172635],[94.05606271645995,27.38387246235742],[94.03593561458204,27.36572407604189],[94.01905253974569,27.35261172594989],[93.99050755358377,27.335155671292007],[93.9684519055449,27.31634385472727],[93.95993367844252,27.307232512848174],[93.92784444848691,27.263261420960163],[93.91219172450415,27.243895734396986],[93.9030840454505,27.234717647134953],[93.89144462921543,27.226281364108868],[93.87840044988643,27.213707168455965],[93.87515890159192,27.21201771690385],[93.85961284939938,27.198370248976477],[93.85372354519843,27.190329059520817],[93.84650738179681,27.17434466296903],[93.84239606456026,27.161125551664828],[93.84017704054858,27.141015487564008],[93.83550316744433,27.12664794138554],[93.834156679259,27.118066195735224],[93.83394719009587,27.101336127767397],[93.83253740589043,27.095653306952038],[93.8322919158265,27.076012444112106],[93.83472607269756,27.06563433712897],[93.83455758332835,27.05816998096419],[93.8325839108345,27.051339227585764],[93.8325111949199,27.045519147958856],[93.83041735898279,27.03804007823232],[93.8265551889271,27.03410466607638],[93.81756601153415,27.029010857226005],[93.81244275736587,27.030214374197794],[93.79964310645998,27.03036187386996],[93.7881162837835,27.029275475510303],[93.76178548915722,27.022584875875825],[93.75220288003304,27.019786090441347],[93.74252701605525,27.01534169516318],[93.7296455188243,27.01138455957361],[93.71354107687583,27.004096253084743],[93.68711726289122,26.98874554526697],[93.6671677729995,26.975146709418027],[93.6491821642653,26.966017073195125],[93.62984520950914,26.958742765009124],[93.61260623973527,26.95486302484423],[93.59529727186231,26.95388097690269],[93.55875966110207,26.949527172201766],[93.53889037530531,26.94563323870938],[93.52416316320128,26.941183612890548],[93.52033455302076,26.941782238022228],[93.51325138597932,26.94013104925003],[93.50752916006486,26.941257755348946],[93.47614144109235,26.936324845349723],[93.43778232616191,26.92737478030967],[93.42111629393808,26.92461443783138],[93.39103059592335,26.9237022664253],[93.37246091317661,26.92155062477011],[93.34885197442016,26.919950615215047],[93.3251893891774,26.91952153013719],[93.30981588991673,26.92079065865129],[93.29328552979625,26.92084309191051],[93.2682806641644,26.915257956281863],[93.25671797124939,26.91074553649037],[93.23491957213596,26.90395032736861],[93.20871217841118,26.898312176511208],[93.1919873174084,26.89378157859865],[93.1849427121801,26.890384463742024],[93.1714810774505,26.886475372176154],[93.14979341709852,26.88194689324245],[93.10822911433551,26.87752923722533],[93.10625260916957,26.876405011606945],[93.09097146676257,26.874743041321896],[93.07752429666434,26.876007105772764],[93.06225080192193,26.879525911838293],[93.05708423681484,26.87950785531438],[93.0348183177714,26.88598853454931],[93.0252469416774,26.890034788513663],[93.01052704784912,26.892424998822843],[93.00292591490376,26.892410602548352],[92.98823159413995,26.895346434907545],[92.9691022150317,26.90179488174357],[92.9639607929264,26.90232107056472],[92.95316117908908,26.906408271873662],[92.94608463079172,26.906993531036598],[92.93523112796028,26.909981697439317],[92.90465413839115,26.914065761015635],[92.88668943970575,26.91417136231816],[92.88226694425165,26.91240846705321],[92.87782363188386,26.913008017828215],[92.87197824591912,26.911269014647488],[92.86432390864942,26.91014778098904],[92.85735977330101,26.911376624259272],[92.84648554034618,26.910806524282986],[92.83113246882542,26.912557415561928],[92.82218082648549,26.912016704501422],[92.80751319897853,26.91320385513201],[92.79725301308403,26.915517302619147],[92.78389539334792,26.916756457162037],[92.77171147715094,26.91903485284581],[92.74872820865457,26.92601701779544],[92.74174864439128,26.926600280743045],[92.71743741826414,26.933609506203222],[92.70346260857026,26.939955530400553],[92.69069844733407,26.943433877184102],[92.68040543570594,26.94809861791617],[92.67146178407272,26.950367110192623],[92.64535673692181,26.95270153742181],[92.62352458992942,26.952783554119666],[92.58139365371875,26.94710352038995],[92.56280412891515,26.94362860057706],[92.51552002905834,26.929237978149626],[92.49433168905273,26.924089118378845],[92.47523404006367,26.917810046818783],[92.47006121450491,26.914942744189393],[92.45282579525154,26.909145474295677],[92.4483565487911,26.909178954429482],[92.4304686824942,26.905123220204725],[92.41895043102141,26.900522789713605],[92.40618924253005,26.89823536826832],[92.3818807783801,26.896526490299586],[92.32695323203276,26.895365244952],[92.31158411538068,26.893583539600726],[92.27703923681823,26.885474088897887],[92.25595045176756,26.882563479814646],[92.22020063148676,26.875113812348168],[92.19208149544453,26.86754429062258],[92.16910536258867,26.862300675337934],[92.14034255409487,26.857099731409985],[92.11477731391041,26.85363375096114],[92.11165453166355,26.854176212913792],[92.10971317108509,26.857043447435224],[92.10968363078162,26.88982133536924],[92.11344688607649,26.914029432328533],[92.114264342743,26.91676613804018],[92.11876446267385,26.921393222028428],[92.12130061146541,26.93389181107963],[92.11942174745288,26.947418022966602],[92.11440769802851,26.960847896567454],[92.09957063668887,26.988596191634155],[92.09910546689231,26.988996557185423],[92.0941434496122,26.994420056173645],[92.08642493906045,27.024824424709557],[92.07946375206633,27.03483577647801],[92.03584858730405,27.06791509784867],[92.0294936746678,27.074445127252602],[92.02476029628676,27.08926741498665],[92.0236426660069,27.10233261370496],[92.02752444099308,27.120812335520316],[92.02637042598751,27.136875433446544],[92.02805640351642,27.15782372597462],[92.03140434678733,27.168229367411808],[92.04260494253542,27.173737850171552],[92.04965257525328,27.18048406693524],[92.05395416375764,27.192729300010548],[92.05451999599018,27.20062109866732],[92.06797141051777,27.23577838746666],[92.07908097004075,27.255098345467598],[92.09183009765283,27.266784948279266],[92.10049692771327,27.269530634828367],[92.11754062103189,27.270073682246814],[92.12428975609457,27.27477574392888],[92.12368800130409,27.280253969567926],[92.10794183455003,27.303423136871935],[92.10215412773752,27.318480185155217],[92.10037556684647,27.337462824957232],[92.09468967999854,27.348346879634242],[92.06698258053166,27.387385432930245],[92.02086136184928,27.456712814230556],[92.01222660344834,27.474245886814334],[92.00880189938216,27.476661211608],[92.00086157574805,27.475088704293526],[91.98744687052174,27.46568567401741],[91.94727551502291,27.44392927342886],[91.93221299661451,27.441507286308973],[91.92181498040082,27.442729189244954],[91.90626387349737,27.446975905356616],[91.90483187693282,27.446987630944548],[91.89655440877522,27.4470040480934],[91.87182834595397,27.43614763121578],[91.80946390758385,27.420237830688727],[91.79842612073055,27.420279870404997],[91.77047671674336,27.416653119163378],[91.76905079053661,27.417300578693474],[91.76419006027807,27.419718639503433],[91.76739881939258,27.424834796171783],[91.77874639733427,27.432201516140452],[91.7810953038479,27.44030664189676],[91.78043262094577,27.44468447609613],[91.77511628864839,27.4507779148011],[91.75772309115868,27.454965541896527],[91.74540608543778,27.463399967268305],[91.73108212916668,27.470227026092157],[91.69495157877745,27.4806079030774],[91.69095648024879,27.482672682658762],[91.68551991888366,27.485472902581176],[91.67579701320281,27.49357681701682],[91.66789994407559,27.506449058736916],[91.65615317035608,27.520401226390522],[91.63324110210216,27.53709290651034],[91.62742500552959,27.543664979046827],[91.6179519431206,27.584721196950174],[91.6173533014759,27.587286283283465],[91.61156803000847,27.600955272130523],[91.60092617153566,27.65350480634422],[91.60274300547404,27.663001002792637],[91.61123587044955,27.672396617988007],[91.63212793020779,27.68847456579117],[91.64134345854812,27.691861907833474],[91.64169110497336,27.692267630274927],[91.65065723456513,27.700624804074042],[91.65791231085996,27.716138992877745],[91.65894397008222,27.73481067448206],[91.65627592206951,27.760217248535817],[91.65774663288292,27.802756519698544],[91.65611408991987,27.82273927477317],[91.65166341783828,27.843017811357686],[91.65350466261808,27.85641884805067],[91.65837305603759,27.862822044617133],[91.67645941051937,27.886810043245788],[91.68262245898232,27.898183394081816],[91.68638989927013,27.910449625469933],[91.68659716362251,27.918471294858268],[91.67823722303085,27.93209755854626],[91.66729117254287,27.943140555108194],[91.6561947501811,27.951801866834362],[91.63565531915364,27.9616876932833],[91.6252921244153,27.96489153173042],[91.60326670221338,27.965051321419562],[91.58661683716662,27.967674252500515],[91.55944974532875,27.97710924628004],[91.54855937648608,27.979697299069127],[91.52687763732216,27.984882422662245],[91.51080485279782,27.98374779612028],[91.49118142031026,27.97636210279717],[91.47865000910498,27.97956173788293],[91.465831451329,27.99117729677538],[91.44179494673584,28.008056254358312],[91.43301283278231,28.012890660298524],[91.4234267090536,28.015626677900134],[91.39226541896912,28.035168883183218],[91.3898785991516,28.036603142807618],[91.34981709200716,28.048499622640502],[91.33943490605395,28.059492660416925],[91.32157601531235,28.089104233108642],[91.31463556028471,28.08870403264899],[91.30596315162659,28.075820547005392],[91.29962106904671,28.072948186508587],[91.29540373077664,28.067065560304403],[91.29121823258754,28.066185519270157],[91.28355445756323,28.064512267487775],[91.23062136709608,28.068415733589706],[91.22082685037493,28.067837378539014],[91.21317061824666,28.062887686655763],[91.20761850575579,28.057016913935055],[91.19806626970176,28.04201249271729],[91.18852846415186,28.032099119759746],[91.17283733143046,28.02205445677929],[91.16256966647387,28.012228666342896],[91.13770292300053,27.983029846071773],[91.12691186653358,27.973951757580714],[91.11608710409467,27.97023302533531],[91.10041237343809,27.969815585979475],[91.06863489262636,27.973558181452713],[91.05962938441448,27.971971920145556],[91.05713711267974,27.972113328309614],[91.03583034197386,27.974070686518836],[91.01396101420906,27.977590164413886],[90.98369908540568,28.013240152581332],[90.96684470732912,28.02702472934169],[90.94541545158715,28.03913653019651],[90.94280487811399,28.04062476468112],[90.92058164584384,28.046174850455515],[90.89472833059375,28.046166677677522],[90.8720525341527,28.042464279313915],[90.84908617851853,28.04117569667876],[90.83913577644996,28.04218044633303],[90.81615139456302,28.049796464591473],[90.80677446349442,28.051690373823114],[90.80305253165167,28.052396844324495],[90.7721274889353,28.055623042785825],[90.75540297568863,28.059572549331723],[90.74356309378393,28.06451095663829],[90.73055304324158,28.079030741607028],[90.71794205261918,28.08923432221888],[90.71326308400775,28.09072455699886],[90.6959853540055,28.089228091370728],[90.68054127590202,28.08350801032761],[90.67781852685876,28.082520077007757],[90.65898752381604,28.072993711108687],[90.6481205270121,28.074500530905517],[90.63598408186648,28.07247604376778],[90.63090484706687,28.06272105910472],[90.62576603335074,28.057051857084634],[90.61814378418457,28.058884830290385],[90.6090342293104,28.073989480424647],[90.6024044072277,28.076041166268148],[90.58609040403127,28.070011963648074],[90.57703617206907,28.06929081940502],[90.56399307836472,28.070233876246384],[90.53186048407287,28.07251046101031],[90.50201557474826,28.06788836048652],[90.47924610330028,28.06718670370254],[90.4652988461421,28.064906071779408],[90.45392911911566,28.065691499844945],[90.4285139026359,28.0727319231919],[90.42370837426542,28.073101968398834],[90.41577132961245,28.07369741041174],[90.39067477292106,28.071488906866954],[90.37556816824252,28.074231871525416],[90.37051211609744,28.077296970439978],[90.36382199687257,28.0887923045573],[90.36141559846573,28.096301699330926],[90.36094306643373,28.115532504967057],[90.37666744453539,28.150636105828053],[90.39315852008237,28.187380396806365],[90.39635669627138,28.19899132518932],[90.39807849758031,28.213228181365636],[90.3967228675631,28.221238058096727],[90.39018993409091,28.236027770104226],[90.37981680979824,28.24785608480516],[90.3576685693907,28.256588058225088],[90.35291397575821,28.25841856611896],[90.24258588285187,28.282872277133247],[90.21913669895069,28.285765549128975],[90.17051217180183,28.293127805383662],[90.16622649718084,28.295195486179377],[90.15403347258999,28.29693657167039],[90.0518690572946,28.311109341560954],[90.0145333468854,28.321742773710486],[90.00169595684736,28.32356337983174],[89.99905907443254,28.32266204948223],[89.99807902244483,28.32234796797771],[89.98856457558735,28.31578672716421],[89.97016014766453,28.29792130179483],[89.95366137459186,28.28813690625967],[89.95200555075279,28.287548891506745],[89.942172131117,28.284033947266224],[89.93102562118783,28.285073600727227],[89.92324327925184,28.294669508887655],[89.91794844193505,28.298321264593145],[89.90651054654663,28.30396162862064],[89.89825380831486,28.303842797321007],[89.88295380231916,28.290204449478388],[89.86791408258404,28.268040681506577],[89.85681925128308,28.256424961888246],[89.84823165415777,28.24997459864075],[89.84147742432293,28.24486585298201],[89.81764084753898,28.233418731476526],[89.80495908648115,28.225585205162663],[89.80118580976264,28.219423670080843],[89.80755484129516,28.2038125070089],[89.80001352329079,28.194403296455047],[89.7919702180574,28.189022483381496],[89.76477439474728,28.17564246091036],[89.7553647687043,28.172165572184223],[89.75226202334922,28.17101104427162],[89.73838425047981,28.170015712282293],[89.72617596321886,28.17535061868777],[89.71575642205696,28.17582996428728],[89.70686890892078,28.172329502771202],[89.69615322589719,28.17331272026788],[89.67763904972671,28.160011456027046],[89.66574239379509,28.154270009696813],[89.65720745855977,28.153455290621718],[89.64325430394193,28.15753855402448],[89.62531375772679,28.14977194108248],[89.6229194286239,28.148711525382446],[89.61775060382968,28.148724265149173],[89.60779513076675,28.15645457137429],[89.5997862620139,28.156163876030547],[89.59056295820396,28.147049114548874],[89.57868040107688,28.13027488586429],[89.56260130288621,28.11446328475579],[89.55019297808816,28.099523760408985],[89.53412869082649,28.092911231405203],[89.52274641927539,28.097064544337567],[89.52049256649998,28.096385536712127],[89.51490847090065,28.094694846009634],[89.49827192787401,28.07460012432241],[89.49397147450667,28.066343411735772],[89.4856604322754,28.055702263639635],[89.46528870869496,28.038083698205728],[89.4599367152123,28.031682144805995],[89.46674784353719,28.024798238191575],[89.46729908900352,28.018859578326584],[89.45609109904845,28.009448503209438],[89.46094056538215,28.002562972299394],[89.45819941494356,27.999443717472015],[89.45496653613917,27.995617229325898],[89.44844974481353,27.991694149758327],[89.43595322822804,27.98775081898039],[89.39310886771821,27.97989750309532],[89.38819194738485,27.980845450576286],[89.37968842122059,27.97937268437996],[89.36860872254934,27.973888560887875],[89.35662445703102,27.96371630538032],[89.34989287373969,27.95474085569385],[89.34767595259575,27.947041504178394],[89.34893061234017,27.940106511061465],[89.34947339752519,27.936535833171437],[89.36386886351622,27.903098782632107],[89.3767849932946,27.8875063485051],[89.37332790269873,27.875253716570484],[89.35802500572031,27.864699403777383],[89.32448552981894,27.84812966548338],[89.31973886289946,27.847038570060437],[89.30826329710338,27.845409780717297],[89.29462837566956,27.84494691177441],[89.28890271621782,27.841825281757153],[89.28008805056365,27.83201992425682],[89.26041616257994,27.814617801023015],[89.2501489279404,27.805683551597443],[89.23437604275189,27.78482117631544],[89.22711678289808,27.769824676035668],[89.22510327928025,27.765613538810328],[89.21450758584561,27.75086806048137],[89.21080056769341,27.736741533083947],[89.19980164518381,27.714634491745667],[89.18454033106845,27.690544102707538],[89.17780448568793,27.676708909326845],[89.17202111194261,27.66894205402465],[89.16153959882152,27.659312957806954],[89.1582024548962,27.656186291767558],[89.1303452956687,27.617306867167443],[89.12211159993788,27.615115998794938],[89.10950508703564,27.619414502559472],[89.09708533207511,27.620999852645234],[89.08556842246865,27.61933637505192],[89.07180702020928,27.61533846983475],[89.0603320534618,27.607287089964174],[89.05430034841504,27.600387716850786],[89.03284654896203,27.57618558840641],[89.02121282634394,27.567922454491463],[88.99904444474993,27.499675076181887],[88.9968699687253,27.496983823822173],[88.99394118467205,27.492812592189924],[88.98464555181842,27.481959239328123],[88.98001925692934,27.47251598168012],[88.98382548537825,27.45461861273305],[88.98288872566599,27.44799620136801],[88.9753339615587,27.43830732736098],[88.96797890069244,27.422525604091025],[88.96080442310947,27.387947389662198],[88.96141410390791,27.374605157864668],[88.96142725967434,27.373419255350445],[88.96790873071855,27.360477747637237],[88.97812547509673,27.346162389947178],[88.98444897814977,27.32680014883399],[88.99720248038211,27.307553154971096],[88.99603940027795,27.292670736338184],[88.98695530507636,27.279098258267044],[88.9795659036767,27.275276726493935],[88.97093967414466,27.27428965651267],[88.96666427096488,27.278051155199535],[88.95575752201974,27.28723952700014],[88.94329259449916,27.29263443454657],[88.93558207385722,27.292784298639997],[88.92623445400015,27.289586141283365],[88.9251427995407,27.291619564913844],[88.91219693461977,27.298494488166103],[88.90325974541335,27.300290105530863],[88.89459454849947,27.305049729433822],[88.89041531223592,27.309371190856513],[88.88158763772829,27.324982163389485],[88.86841949383422,27.333008068330095],[88.86215694993872,27.345247564458987],[88.85657700873935,27.349361756796814],[88.84054606219101,27.34901211230142],[88.8357599783523,27.351048844462767],[88.8227713110854,27.36247804916021],[88.82238932714388,27.362878701050786],[88.81091167811483,27.374986414658242],[88.79694495677582,27.396047595382047],[88.79315006200055,27.410932263308347],[88.78409667076332,27.428147131064083],[88.78197739067535,27.440628011962424],[88.7835277874859,27.479692797089147],[88.78410684102558,27.493666842864346],[88.77349077371387,27.50708489396779],[88.76743852388871,27.523003172214672],[88.76829181533874,27.527788803523464],[88.78686846128059,27.542771621539227],[88.7904598071519,27.55106635579604],[88.79795296063224,27.559935405379015],[88.80545782586164,27.577574794762548],[88.80550626760758,27.59055318289981],[88.80554132465878,27.592019865550736],[88.81399958263574,27.608426784741706],[88.83204289510972,27.618110917371958],[88.84084745924751,27.627166668871705],[88.84383360143205,27.63765111427019],[88.84044020668985,27.65477950293994],[88.84459339297803,27.663973077069706],[88.83711504777817,27.673743709322487],[88.83742225108813,27.678172189880875],[88.84812215934384,27.688690104721974],[88.85113881685177,27.6957068553661],[88.85440788034632,27.7035821142461],[88.85452699400811,27.714556906886138],[88.84697254623025,27.730799202158035],[88.84535525142437,27.74279736889177],[88.8497191449593,27.755305805840706],[88.8502250255191,27.778022020937964],[88.85353020325628,27.785717978241777],[88.86137893806414,27.7917044391617],[88.87310685332346,27.797891741768975],[88.87619869114653,27.80619408942138],[88.8766395808191,27.809362198352385],[88.87794371210897,27.817859517908335],[88.87539064892965,27.828805764337325],[88.87206083403105,27.862183758196803],[88.86787968430828,27.871339679685644],[88.84800919779231,27.893263393742686],[88.83686211686675,27.902130167096757],[88.83527766088766,27.905640591265012],[88.83999050036263,27.92294036832649],[88.84182566822837,27.92968836849632],[88.8425358464702,27.955162794787157],[88.83780266377039,27.98047951323666],[88.84258212528562,27.99468265306419],[88.84218956702495,28.000647806395786],[88.83031644831098,28.015521379302573],[88.81196802698605,28.028534872288954],[88.80627796887804,28.035185188205258],[88.79616783085753,28.047210886081817],[88.78799383158706,28.053314447498426],[88.77383328004478,28.058814494668923],[88.7603943663564,28.068159853211142],[88.72102948752813,28.078442648372786],[88.69054468941431,28.080529672278484],[88.6843405666917,28.079433730394587],[88.68204408387818,28.076266571799906],[88.67949634678016,28.072788530448324],[88.67357734098992,28.07346779387463],[88.6674509327548,28.088899980571803],[88.64919802384782,28.100079272693755],[88.64386046504028,28.105862146387352],[88.6387666664436,28.121262539789658],[88.63440082157784,28.126275835701684],[88.62961731381768,28.128580956765564],[88.62117881855166,28.127790850600693],[88.61635030513105,28.124339677912157],[88.6258225219342,28.1131458077888],[88.61955894868238,28.10254676946367],[88.61369369124579,28.097481603421762],[88.61324120456922,28.097140903899298],[88.60416910687587,28.095890224600893],[88.59029136109547,28.08890745759488],[88.57095789099822,28.08722883964862],[88.56155896178088,28.08172736413636],[88.5563429401335,28.062423953965546],[88.55586145668622,28.049755710167027],[88.5529794443537,28.039377749574243],[88.54996717355591,28.03673937764373],[88.5446070410515,28.035029947529296],[88.53508736973215,28.035075174687293],[88.51903412449161,28.041724237006527],[88.50749195895753,28.046395850984947],[88.49381377261956,28.04654857228931],[88.47407995658543,28.035661963768938],[88.44561702224499,28.008856517793987],[88.43492826430443,28.003147940351063],[88.4196616364484,27.999217586691564],[88.41541254457093,27.992279928849285],[88.40327219014365,27.986075889053424],[88.39971096937795,27.984171698393542],[88.38910893832126,27.983949903157253],[88.3693139254483,27.991751729108724],[88.35713806653379,27.99110775283844],[88.34346700578752,27.987497420748856],[88.33204946296112,27.97810557989986],[88.3206325909241,27.976749647403135],[88.30956417521571,27.968777425013677],[88.3004437170374,27.967309064881547],[88.29145994906736,27.968874837531853],[88.2825207972523,27.961129646615344],[88.27528660582587,27.96113171128739],[88.27342785817272,27.961124559955234],[88.25848133552405,27.94653001520326],[88.25124551413967,27.947078206838423],[88.24568160148107,27.951259421790482],[88.2370931296528,27.963568904914187],[88.22735115008169,27.96583685556071],[88.21491749469618,27.961209259888808],[88.20488655156832,27.961238883591744],[88.2005360497262,27.943219570045933],[88.18980575769599,27.945790743384176],[88.17137951576504,27.95550362667462],[88.17082577757272,27.955693414130042],[88.16053965678242,27.959151964148344],[88.14418856536827,27.960314565295487],[88.13516605222019,27.954644081246386],[88.13255409837447,27.949494270957207],[88.13596582439234,27.934664408912425],[88.13136201003707,27.92701719970568],[88.12424722094258,27.919534282592686],[88.12321106869771,27.914258751212195],[88.12842486309765,27.900251470759756],[88.13763438957854,27.889047146498605],[88.13818862870231,27.88355736051779],[88.13493875743988,27.879040096183868],[88.13304115587356,27.875003386566398],[88.11300258271856,27.867096535704352],[88.08730330836288,27.870199773669658],[88.07852008714053,27.874977411840327],[88.0700997468088,27.882643364692196],[88.05801636270594,27.898977709160594],[88.04832283601249,27.906264113046486],[88.03844377655857,27.91132784798536],[88.01812337284926,27.915882840285754],[88.01746924990113,27.916056463635165],[88.00587782199445,27.917198458805448],[87.99859073691793,27.915894294653512],[87.99476257902103,27.91119195621884],[87.95541304736268,27.880170694293092],[87.93960370697864,27.83987998088541],[87.92987918858398,27.829507250539773],[87.91722401364729,27.816210461452638],[87.90354853259565,27.810708238638945],[87.88085395837848,27.81166826210262],[87.87333105290686,27.806385234355236],[87.86872073392618,27.80777232785714],[87.85540803481898,27.823900935623506],[87.84615942351495,27.83096722506672],[87.83137388871144,27.83470227203257],[87.81438226430184,27.83653726204484],[87.81153564859416,27.83527071216778],[87.80832368902571,27.83376423639646],[87.80318958626775,27.82894012999944],[87.79847185296178,27.817870314875183],[87.79431679947425,27.812283545118163],[87.78994003045422,27.81196637028735],[87.77447233040176,27.81860555820902],[87.75922594294208,27.829301615415368],[87.75037011458339,27.833312986151327],[87.74071339128842,27.83253399019148],[87.73347436631457,27.826370545019948],[87.73036228334878,27.814541666025484],[87.7248487287033,27.814226802165628],[87.72119464855822,27.81804466927144],[87.71867324386535,27.82963154620049],[87.71784195518583,27.8306903229875],[87.71498812845344,27.834633380060886],[87.70376445914228,27.84220327524745],[87.69478298887562,27.84372145623],[87.66363642847783,27.831604128488244],[87.65011994402313,27.832039795619405],[87.63454099971258,27.82062276053909],[87.61218485348053,27.81005508478782],[87.59880429246368,27.811877824890075],[87.59406534428092,27.816436038342484],[87.59227113533785,27.818165495182395],[87.59143229335808,27.82233295445598],[87.5891419410097,27.839353541052684],[87.59030348842946,27.85975421293928],[87.58622378421873,27.866154161198164],[87.57933055099453,27.867535848885364],[87.55921155854236,27.86325932329329],[87.53851838304143,27.846994369636196],[87.51557987609472,27.837778935835544],[87.51209349276701,27.837134595518602],[87.49350722876898,27.83400235565888],[87.46267437627414,27.821964922871018],[87.43996211517214,27.82237591871532],[87.4242558476361,27.82847522301578],[87.42009945525741,27.833669383013948],[87.43018209493063,27.839486035870213],[87.43047671944896,27.84566409279601],[87.42442557581538,27.85000733723241],[87.41836809328723,27.851329500234385],[87.41643590229633,27.84964879523117],[87.40963959442728,27.850029096627438],[87.4032617449322,27.85038425436919],[87.38411726228368,27.844399129240788],[87.35474896013328,27.830276224889182],[87.34311258859366,27.829053720785474],[87.3118047835329,27.834560526693558],[87.2834688444778,27.842184330654487],[87.2746526533607,27.842323331957843],[87.26956672957273,27.842420867825428],[87.24484787792325,27.828372873928288],[87.24099152606419,27.822991274620456],[87.23301541707423,27.81703683580814],[87.2122393128012,27.82055159066155],[87.18866385257174,27.818574824920397],[87.17726624274502,27.819204070578003],[87.15527606004174,27.824068784301733],[87.14505597117699,27.827998613720073],[87.136919821228,27.823841711773124],[87.13109372573805,27.827017517022274],[87.12702557762935,27.83469004232804],[87.13303866120253,27.841616377137747],[87.14710336668831,27.85012099958165],[87.14991775228242,27.85552064876113],[87.14815431138396,27.861552292142317],[87.13591704002516,27.873211735385837],[87.12669684629255,27.87977436676157],[87.11320740446413,27.885460964482604],[87.09399995452058,27.890767338456257],[87.08718571841442,27.898175545696976],[87.06417093814716,27.92327585958338],[87.05102978066677,27.931209996831633],[87.04353410222446,27.93887130673886],[87.02217557500335,27.952423390764793],[87.00983654412464,27.953983685776954],[86.97577323637022,27.95144799306754],[86.97105072902151,27.949761059004217],[86.97053146341698,27.949767799248274],[86.96027992919852,27.950748048453274],[86.93499899957142,27.958699950640877],[86.92306773436867,27.97707458381214],[86.91757211643325,27.98203485155034],[86.90676548378195,27.988597033348853],[86.88071441308331,27.99815213081375],[86.86631720119522,28.005495316017736],[86.86099942920836,28.018448901049133],[86.85830620135415,28.025331953868367],[86.85160343647514,28.027618976945977],[86.8472264329327,28.027723942351862],[86.83888759302694,28.024979832445336],[86.8187872394663,28.0150799679591],[86.81349543378754,28.014117163489008],[86.80505002354313,28.014832463146206],[86.79717117714071,28.018754190579724],[86.77276243595237,28.04247746652872],[86.76964442880549,28.043977732058817],[86.75555662000193,28.04046172958435],[86.75000930122997,28.04412456273455],[86.7464788792348,28.049036193163026],[86.74412504371004,28.052310519363402],[86.73851972278737,28.093417927442644],[86.73307574344463,28.100485362475375],[86.71981468760073,28.105253239445013],[86.7020770679983,28.107630707459222],[86.6786988346484,28.10577419019192],[86.67153619008577,28.1028470356878],[86.6611584378519,28.089678016527515],[86.66011903427282,28.088223360198395],[86.63476975126713,28.075679503094566],[86.6275022127281,28.075204312717428],[86.60322353002026,28.085363081588486],[86.59183239530999,28.084748830133975],[86.58238242486149,28.08088442612812],[86.56842969180461,28.068481591799046],[86.55551485926392,28.048828632587046],[86.55011828108367,28.043987950082435],[86.54824193669211,28.042575123630105],[86.54084270697896,28.0373991911113],[86.52435597072127,28.032993149805023],[86.51370364917476,28.024613436128398],[86.50559827722395,28.00969496976653],[86.50611946821152,27.995670884296917],[86.49943845618124,27.98089733556157],[86.5001809500952,27.974057248170116],[86.51849378110354,27.959256577588526],[86.52148041385747,27.94967643916885],[86.52544086819717,27.946674176932483],[86.52680694921429,27.945619995309464],[86.52940182292991,27.940281140851425],[86.52711453514752,27.92725120803615],[86.52382254494395,27.922300653902322],[86.51698349862632,27.917946763717726],[86.5105318087835,27.919522894244317],[86.49817057343868,27.928355804032694],[86.4837324805593,27.93381440647433],[86.4728391701563,27.934826037290172],[86.45711284911471,27.92842480302154],[86.4298006738486,27.909895167160553],[86.4265862741786,27.909903611797237],[86.41870027349219,27.909949603181815],[86.41151861523603,27.91249721546767],[86.40505933759796,27.919383052252325],[86.40379068682837,27.926227503610487],[86.40749857447395,27.937394350263894],[86.42196014372041,27.949180970253277],[86.43049815445944,27.96152586074344],[86.42584757550578,27.965783937037116],[86.41968617366223,27.96694610280577],[86.403337496814,27.964374624774692],[86.38756276200303,27.95914753912493],[86.37609743611597,27.953178945627545],[86.36228580386522,27.94607895400516],[86.35339780461008,27.94402641808546],[86.34762664548582,27.946258958550008],[86.3286040683904,27.971366930099812],[86.31915359132945,27.97572560889252],[86.27503076965455,27.979704548336887],[86.263628733021,27.97822697871456],[86.25349691983213,27.978064240577392],[86.23747002682012,27.97781489453893],[86.22360851597458,27.980957538672094],[86.21478957213023,27.987616344909025],[86.20742549896725,27.999015051306635],[86.2028580271984,28.010431259462624],[86.19881502507005,28.05604115834785],[86.19198429413002,28.070187668589927],[86.19160491599892,28.072873262341698],[86.19097430427823,28.07670780208726],[86.19716335525561,28.085461834144986],[86.20887160866596,28.093687333074392],[86.21066039379231,28.099766417620778],[86.17546025261191,28.147123998601074],[86.17720843347381,28.15860395240104],[86.175264367925,28.16368076855811],[86.16589916406028,28.169877007712262],[86.15892886814514,28.164198448286808],[86.15020675672939,28.157028992275464],[86.12840325365313,28.13415086586559],[86.10205439284832,28.112138245751094],[86.0786039698215,28.100148135915365],[86.07530952373315,28.08867279034403],[86.07395536763984,28.07074406411836],[86.07160317728471,28.040355498989815],[86.07826306370885,28.01242734194943],[86.10610809964315,27.988678796811335],[86.11304398360484,27.971249983681137],[86.1119398186514,27.961614679229754],[86.11404743056109,27.957206669318584],[86.11583860612981,27.953294687523982],[86.12380082939264,27.94346923328918],[86.12596230133519,27.93833649289424],[86.11840072409821,27.93071307724601],[86.10075214757254,27.919433233407226],[86.08416995120423,27.911818257169532],[86.06396357358463,27.908439149673818],[86.04429981014982,27.908727149761763],[86.03017875160823,27.91115877749666],[86.01945448327533,27.914173952481615],[86.00298770813274,27.918767013258808],[85.9893977911351,27.923946001075883],[85.97576685203849,27.933061416887696],[85.95976056464035,27.935067791756158],[85.95476679814755,27.93888390982321],[85.95177157098595,27.94304526899823],[85.95247889711122,27.948763897021994],[85.96518743220985,27.965454012052405],[85.9662027956028,27.972601277289215],[85.96291766465359,27.98276715251866],[85.95352090884103,27.9938039525469],[85.93996924019943,28.009993134618053],[85.91098031384215,28.05781852054055],[85.9097453583484,28.08585602264406],[85.90504228152275,28.09907612946734],[85.89921639370179,28.107515836063072],[85.89386649502839,28.11521213168234],[85.84093102716785,28.152547385836108],[85.81429264100139,28.179111450718132],[85.80468292752845,28.18624842802554],[85.79516028500873,28.18973108597785],[85.79374058641991,28.190493406457392],[85.78420282243067,28.195898760532383],[85.7746390217639,28.206526976906037],[85.76883956257521,28.210104662194784],[85.76176616348747,28.20960822661996],[85.74196110380208,28.197171940657334],[85.72976345624564,28.197706973260562],[85.70524289859618,28.21553831385149],[85.67696159315187,28.23151590673638],[85.67564040084959,28.232294162631778],[85.6546707181456,28.252754892316126],[85.62853451910837,28.253594371415257],[85.62146524133047,28.259053263284862],[85.59048810983282,28.300593660490463],[85.57508923464168,28.305965554588937],[85.56449951647717,28.306263784538327],[85.55291028814246,28.307587248583],[85.54872871867504,28.311490098515833],[85.52486344597683,28.319235936044112],[85.50607968290926,28.32981784645879],[85.49777929426665,28.33149128922627],[85.49146922072347,28.32783298717445],[85.46126365020136,28.33148877501627],[85.44239540198268,28.331076587621904],[85.427289293932,28.328673538450296],[85.41930808450745,28.325051003984356],[85.40980148019646,28.318082861530325],[85.39544266169912,28.29981187905618],[85.37096674122563,28.27817526180149],[85.36685490060992,28.284605414820454],[85.36262806729572,28.287024485086604],[85.34794866780747,28.290942160249006],[85.34112461999108,28.30053820011585],[85.3292360546503,28.298701045512605],[85.31631926749466,28.290897104583603],[85.30077324139403,28.28500958660635],[85.27430695453096,28.28442478977763],[85.2519984343489,28.281638307167277],[85.24559305214241,28.284533986564966],[85.22986835989579,28.309724663984316],[85.22159925788263,28.322935039367998],[85.21233000929772,28.33458913062532],[85.20392297299017,28.340246347454926],[85.19825937595833,28.341712052163913],[85.18855861091511,28.338966722492163],[85.17458299635653,28.33169092536286],[85.15108034333214,28.324540899027777],[85.13944217745119,28.3252074665055],[85.12139103366076,28.328761109822796],[85.11370718391899,28.333073422809875],[85.11241387536961,28.335044646814282],[85.1101709267778,28.338406094675097],[85.11928323273345,28.38099005412887],[85.12225656302664,28.384828654077644],[85.12853570975795,28.421205968166493],[85.13876144687195,28.45681738438304],[85.13922035109064,28.457542081382712],[85.15346481690301,28.481293685995876],[85.15464269209733,28.49738162269309],[85.17471878662924,28.553735101671837],[85.18531301165494,28.560397472753685],[85.18614736977537,28.573483601487528],[85.18156084419438,28.588721800539847],[85.18110997519696,28.601027445624744],[85.19042011884044,28.608284170218305],[85.19195328283362,28.617915255838852],[85.14996510379132,28.664644769137137],[85.13410848687428,28.675115690012262],[85.13027004083042,28.677640923205477],[85.11411099744524,28.678605997900867],[85.09553177531404,28.676016265704806],[85.0698813952627,28.670045795021146],[85.05303226879772,28.660968392090904],[85.03757925252104,28.647733664140063],[85.01510967790077,28.62332247801945],[84.99885137165083,28.605528717196197],[84.99751161559324,28.604094321736806],[84.98785261283315,28.600610698209593],[84.97742352315625,28.601301228757674],[84.95741858429675,28.610635503137892],[84.93714802584799,28.61395244554944],[84.92377143124888,28.609791646482122],[84.91591272973292,28.60534170265712],[84.89525798610423,28.589395026117284],[84.8947381435621,28.588933688698937],[84.87898745760329,28.585529866794637],[84.85702816690709,28.56805147899894],[84.82957965080485,28.586664823375383],[84.82012956878822,28.59073224398773],[84.77108500882578,28.59824430131761],[84.769435792178,28.598127489404032],[84.73855779512627,28.596629577829226],[84.70759700767617,28.610444805037243],[84.68946088987346,28.612639484961413],[84.6852156618003,28.620771384025183],[84.69007610500067,28.63029296507775],[84.70025887583122,28.643449716171816],[84.70181244111674,28.655855051696005],[84.69931882562219,28.659715429889918],[84.67642507507153,28.696302524058],[84.67688497978864,28.711078305518875],[84.67159035132352,28.71874176093075],[84.6563811023437,28.726152873612428],[84.61911210153664,28.73797032161956],[84.60730386464915,28.739479182735757],[84.60534551932871,28.739762933269507],[84.57491649201076,28.72784231728625],[84.55610404813405,28.72309956855064],[84.52839757710429,28.72259434540456],[84.51271656981564,28.717501647817617],[84.48057831283664,28.725353311545202],[84.47248209144095,28.731483096058557],[84.45982431821284,28.741271030507733],[84.44756650168749,28.744609777884357],[84.43790252069142,28.741996628024133],[84.4321532116369,28.742311373712685],[84.42290212558261,28.735822924656116],[84.41778732010513,28.73698923038041],[84.41574106386955,28.739366470838583],[84.41482353944885,28.744892357484154],[84.4191790255779,28.759018733194146],[84.41909863515261,28.76846558667788],[84.43234460300427,28.791031634125623],[84.4336339666981,28.80394546882421],[84.43422649899627,28.809749637535],[84.43149792210724,28.819716220843347],[84.42547400877355,28.82852265554797],[84.412149065312,28.84314324197564],[84.39850983289408,28.8521018212547],[84.38573971391438,28.856168276004077],[84.3738471051048,28.857916004000913],[84.34359912797251,28.85855608595164],[84.33498736932074,28.862378129049148],[84.32714620017514,28.867353101777706],[84.31160468377577,28.87714419210392],[84.29772178005005,28.877963812176617],[84.28641053748886,28.88247524822293],[84.27974667733292,28.889503744674556],[84.27143451566347,28.908443039648155],[84.2680774199981,28.9101150717669],[84.26619187453974,28.909213093315675],[84.25922615001471,28.913153035714753],[84.25396584302865,28.910979647446503],[84.24011101289359,28.90950179649331],[84.21884433393728,28.901311456585038],[84.21158005504867,28.900875032677924],[84.19717395791884,28.89993173067549],[84.16146697490267,28.884528962743946],[84.15025654948869,28.884728237754075],[84.14438753215572,28.889326674151835],[84.14375842808104,28.900878861333513],[84.15282567777054,28.94796555690102],[84.15373915479414,28.950249546890365],[84.15686109092898,28.958550787474255],[84.16759132308876,28.975347290041157],[84.1662375799857,28.98685350181683],[84.16189550473534,28.996790794395515],[84.14963815510376,29.00846423154332],[84.12271653525193,29.028693736383957],[84.11636310732192,29.041193195642457],[84.11658838823729,29.049686939615523],[84.11968270997436,29.055961285922994],[84.12115084128776,29.05899172379092],[84.13444632170376,29.072683898629368],[84.15110478652473,29.086450028476612],[84.1564013709862,29.09322503521021],[84.16159714933656,29.10769568964512],[84.16057883362383,29.124680296774482],[84.16459411064565,29.14480680146634],[84.16617991761363,29.168795385552205],[84.16725443526937,29.18543301314721],[84.1723780320344,29.193365981774306],[84.18982346838395,29.205335689367814],[84.19597472134971,29.21125416989843],[84.19446852745294,29.21951303673669],[84.18886084731119,29.22554012412722],[84.17351275795502,29.230764845821014],[84.14663988157454,29.23384102498292],[84.13543989081559,29.23808941765181],[84.12836143212795,29.243197338600154],[84.12399115642383,29.24633077605868],[84.10037106921979,29.272960352691076],[84.09496535954398,29.275991510089725],[84.08683037833732,29.277227205025614],[84.07576851886225,29.272773059508854],[84.066812256605,29.272200884255422],[84.0484121346269,29.284095312347993],[84.04057113075238,29.28584211832531],[84.03345963957874,29.28294959988777],[84.02185150905827,29.273887459985488],[84.01637402545435,29.275065150234514],[84.01295392449093,29.276903799980108],[83.99687854821946,29.285369683430403],[83.99620706591399,29.292315560192716],[84.00068250416503,29.305369487739338],[83.97164678498251,29.315259373789647],[83.96460300895451,29.31421233373321],[83.94799607654896,29.3056732244625],[83.93097906901555,29.310647890923462],[83.91693071567546,29.31305616657924],[83.90504757406056,29.31146159712613],[83.89304180031168,29.309934443789494],[83.8753834502528,29.304767642067883],[83.8314210216907,29.28250001066347],[83.82049129031489,29.26995821334962],[83.81272723721575,29.252408857550705],[83.8016075434504,29.243594735927843],[83.79413845227288,29.24089271353017],[83.78425508032838,29.23727276218256],[83.77561086952396,29.237562774627463],[83.73695179480387,29.2448332040943],[83.71790991983347,29.24479642523467],[83.71107142163682,29.242116533607113],[83.69707948119233,29.232559152348035],[83.67616395314364,29.21230326525369],[83.66713080163638,29.209109264366194],[83.65964676337873,29.20648589601288],[83.64825378752259,29.196312576861445],[83.63810172321266,29.174974559348303],[83.63126521847151,29.16980595828922],[83.61996809785387,29.168472258347023],[83.60464009053226,29.173445246123503],[83.59137253525955,29.178627350895503],[83.57059838030632,29.19211535964266],[83.55719747018081,29.194050418286057],[83.55494621525798,29.19499769979347],[83.54735211724027,29.19822972977206],[83.5319752561825,29.20750682177649],[83.51804462788407,29.219818809976683],[83.50198428837797,29.23714530549633],[83.49477780669343,29.254609791405144],[83.48469151280034,29.265083387908682],[83.47587953075,29.272215434484256],[83.45486026673431,29.27984724566447],[83.45136042570675,29.281104217690782],[83.44114154468457,29.288331029563803],[83.4332909856951,29.314036598796932],[83.42808547470845,29.343468996048692],[83.42261790931938,29.351978035723388],[83.40261625272892,29.370005994509444],[83.40041163099121,29.383556797729597],[83.39760181747913,29.389543136881485],[83.39265571426752,29.399714671020277],[83.38389856442329,29.411909252643984],[83.36662061455314,29.4242059544749],[83.35884914753437,29.432543854292813],[83.34795165062906,29.440645425567308],[83.33148803827893,29.448498092945243],[83.32625345991674,29.45520989579465],[83.3252974963117,29.46550702695092],[83.33126969599839,29.484773895223572],[83.33078279382734,29.487897759020548],[83.33023894492628,29.49165418602605],[83.32330086093431,29.500427168108217],[83.28614909590337,29.514665842634937],[83.26039432729252,29.516850757948415],[83.2533993022881,29.521288148859664],[83.24873374201424,29.530682306160774],[83.25266629397647,29.56187846077314],[83.25054195005966,29.565972160457115],[83.2459312258841,29.57473291421836],[83.2370882115353,29.582581491446913],[83.2111858529014,29.59466082546931],[83.18883758941578,29.601632814474172],[83.15736395740085,29.60112575016478],[83.14717394158411,29.618178526950487],[83.14093228220514,29.622113723989013],[83.13448855257872,29.62233109272983],[83.09922718326916,29.623647122000037],[83.0751203979312,29.62952115607121],[83.04787209501862,29.644525887523116],[83.03738081244161,29.654891968731235],[83.02065403019037,29.663026440969436],[83.01169261280563,29.663480925037014],[83.0055845903105,29.668080210310332],[83.00093524178985,29.67158512556858],[82.99284936355393,29.674785033412554],[82.97682967067568,29.673302978699894],[82.96819883264874,29.674922856940984],[82.93695997219065,29.689952013441342],[82.91786116290115,29.701748034109325],[82.9096407766705,29.70381275485276],[82.89209932468124,29.70524043116178],[82.87276676127084,29.70456510668508],[82.85267883385438,29.703921652517273],[82.84108417445906,29.70945714267354],[82.82415393080777,29.72948812764961],[82.81497226794117,29.73595752991062],[82.80148247406053,29.740564137906954],[82.78390449330938,29.744085953619816],[82.75687291919576,29.7546614300152],[82.7500981133611,29.75967046402903],[82.7484861406071,29.760915839448668],[82.74383644649674,29.769565384125407],[82.72859229491166,29.787527873761647],[82.72495843655062,29.806775098067373],[82.69921517446787,29.839218601961964],[82.6858321729484,29.8497249657384],[82.66834704749476,29.858772870137102],[82.65980206850737,29.863151202153883],[82.62693408617389,29.895274577846443],[82.6043319920611,29.91296080414717],[82.60141745944321,29.91863873640196],[82.60013336584734,29.932185818877176],[82.59461618645354,29.93799051330194],[82.58702044209689,29.94236968981325],[82.57912400584097,29.953037744337074],[82.56731075680725,29.962742355708983],[82.5540987841897,29.968487070885534],[82.52745532603225,29.97560407111658],[82.51588624345871,29.982776774649132],[82.50235530416118,29.999587961704886],[82.49637894421917,30.007046266526235],[82.48898794439485,30.00824060353139],[82.47990788774527,30.004588088926994],[82.46927747730832,30.007067123775023],[82.46130982814893,30.011181596630816],[82.4589538805743,30.012367498542364],[82.4505196920084,30.01463958162006],[82.42984210958662,30.0118856988611],[82.42950127468526,30.01393435657635],[82.41818438055022,30.024463173649938],[82.4048983906677,30.02999508749362],[82.39443163056791,30.03066010044584],[82.3840797621633,30.029322263094052],[82.36984891507988,30.035949947128124],[82.34268821776142,30.041638064607444],[82.32978141903803,30.046134134258395],[82.32743987164132,30.046860451777025],[82.32105779352163,30.055335846244823],[82.3108379679226,30.060186036641813],[82.29659701725693,30.062477768375675],[82.27807382758306,30.063169493744187],[82.2632843820765,30.069029483269098],[82.25064605022547,30.07642619382404],[82.19859295634296,30.09142859799411],[82.19624902572468,30.092152177714926],[82.18677668888255,30.100090679131522],[82.18512543915963,30.106110177391486],[82.18782152546792,30.117795541445613],[82.1959022589513,30.130199273208795],[82.2077626371628,30.15662095192628],[82.2073882455209,30.175601511131042],[82.19728534328107,30.19832727865321],[82.19092081821958,30.204684225767885],[82.18515420105034,30.21042511880708],[82.1636773706301,30.22210847703635],[82.15766122689689,30.229915385188246],[82.14048246249163,30.296592003191268],[82.14389463961612,30.303724352430027],[82.15348209110479,30.311089943666946],[82.15499827464237,30.312224231443004],[82.1576457339061,30.317452514861937],[82.15739244490483,30.32071497725714],[82.15203573197188,30.32570931620041],[82.14681772499506,30.328246295656278],[82.12901685209616,30.333489698203177],[82.11666433904676,30.333019889478496],[82.07938084678524,30.335146885589424],[82.06924162280359,30.33834196211851],[82.05160003638575,30.341029223518277],[82.02958644716227,30.340065427810288],[82.0179951809053,30.33955538972828],[82.00500350731659,30.33516896026303],[81.97935732163617,30.34146835213307],[81.96130709696001,30.351794290650787],[81.95315556383555,30.354003416174354],[81.90608443908548,30.358689595672207],[81.89069948292043,30.36172205398493],[81.85333422122916,30.369012770435837],[81.82798521675403,30.376448534684574],[81.76342224803909,30.38459389294338],[81.74882215627682,30.388230910194082],[81.72357268525535,30.394469337178524],[81.702651738956,30.409055609284707],[81.69202325259671,30.413871722557573],[81.67503296815886,30.41829909885208],[81.65465579139214,30.41981531405644],[81.63950472430946,30.43069820620321],[81.63281323297369,30.433004339368484],[81.62090228174127,30.432022135641677],[81.61766197381478,30.43089290898982],[81.60325024494486,30.426167564555275],[81.59291626900527,30.430668227414014],[81.58392489375643,30.42623035968081],[81.57826062456726,30.412710858543225],[81.57928609153403,30.376704259076504],[81.57488881436548,30.370909986086126],[81.56275369050331,30.37226967995905],[81.53406983572198,30.379140326594342],[81.53013839886377,30.380076792853234],[81.51739885200723,30.38545472037205],[81.50697154140433,30.39407651299591],[81.49352644294574,30.41672741380392],[81.486364804194,30.42104821121823],[81.48103513263706,30.422338466305057],[81.46626432465968,30.422681625651382],[81.43165482032838,30.418804913055187],[81.41260819206254,30.414840198041194],[81.4051733600904,30.41329161433417],[81.39628300125645,30.407013628953028],[81.38947533927349,30.396466590997548],[81.38515048132909,30.380627563462664],[81.38813887236829,30.352389973494102],[81.40257240943183,30.33050436460345],[81.40801171458885,30.31633188757831],[81.40973364525074,30.304611247890236],[81.40954989170189,30.303742999590728],[81.40824841649885,30.295448865870767],[81.38962382257905,30.251536565965417],[81.38743048017747,30.238443000168687],[81.38844288296261,30.215227844187673],[81.38354484431909,30.20332003564359],[81.3666264864406,30.187143459265435],[81.3595093081255,30.18039541715265],[81.34439138008311,30.158685899504952],[81.33684525423142,30.151568528057282],[81.32022908608364,30.149097597019583],[81.2901388101525,30.1527432282133],[81.26271955003493,30.14402519326024],[81.26372866603134,30.12845840802228],[81.2650187233884,30.10852094256625],[81.26353920734502,30.096766615830234],[81.25708706412286,30.083226359516804],[81.25753789189696,30.06735556970923],[81.25429631752266,30.05725895067462],[81.22867455402906,30.035980771717462],[81.21106232405225,30.031431733542462],[81.20361658152886,30.030412702974168],[81.19680393616906,30.029434645172657],[81.17723124731369,30.039604757504726],[81.15552269507025,30.04858173262597],[81.13160389417102,30.063734154391362],[81.11646278413647,30.07114240899944],[81.10271999861449,30.07330629180086],[81.0944821380108,30.07876017983642],[81.0890453061415,30.08942422391839],[81.08888602081888,30.095206808937544],[81.08801177624935,30.123640754294236],[81.09608212241416,30.135598944361575],[81.10094425674554,30.15010696029349],[81.09280909425061,30.16638364452426],[81.08103677736906,30.179950505018834],[81.07144268941683,30.185208972638286],[81.05404860728636,30.20404370154128],[81.04406128609958,30.21586369774398],[81.03906860522504,30.237605069533213],[81.03343024577268,30.24554721862593],[81.02107232662509,30.256216728368834],[81.00620818070252,30.259521867531678],[80.97036775726627,30.27082774270198],[80.96029730310947,30.274685882928143],[80.93510424989313,30.28418602720309],[80.88497629175316,30.29741092100611],[80.86771109252723,30.29741794315116],[80.84011364348125,30.30583296226032],[80.82434478562136,30.315111520869493],[80.8121031200372,30.3222807088317],[80.79548824033336,30.336269848865722],[80.77461397029704,30.36883071602475],[80.74933271662891,30.393518336444206],[80.73018421709754,30.40058590640776],[80.7253257426067,30.403145191175994],[80.70906976505424,30.41138485085841],[80.68638948533882,30.427847824698436],[80.6463746078609,30.446582360117347],[80.60218297965861,30.469856026704626],[80.59000364166732,30.476282970909345],[80.58020916971614,30.47574091421141],[80.57208117666072,30.471031046984297],[80.5608457217499,30.459644472165987],[80.55036969026813,30.45812073948795],[80.5434429781423,30.460319532485276],[80.5339689298566,30.470744315286794],[80.51951306452703,30.4789826507257],[80.49799227476504,30.48402759616634],[80.47809005202646,30.49089806172126],[80.44839608494243,30.50118685687948],[80.43273192588215,30.514514371894897],[80.42216842897864,30.51434729625865],[80.41336426009353,30.51881214460126],[80.39357183264399,30.516176122366623],[80.38737412661992,30.518433267097915],[80.36859141883853,30.531631153546495],[80.35490911335445,30.537896367176923],[80.35132991141883,30.54044458237118],[80.32916172834797,30.555858641755005],[80.28836224994022,30.567577043339572],[80.26739742732217,30.567715950057902],[80.25159927243176,30.564727718084825],[80.23873252902132,30.5725467135229],[80.21846203604166,30.57865296813818],[80.20346695884494,30.584154457006733],[80.1986148452905,30.589101609057394],[80.19386236236625,30.597675982029376],[80.18370922684025,30.61588430096089],[80.17473141705455,30.62658382271961],[80.16158625432223,30.635260564192],[80.1555503945042,30.64410760088424],[80.12904602395075,30.66427637381961],[80.12105136045982,30.66880970231056],[80.11964417643976,30.67238411174419],[80.11098589919008,30.67982243421574],[80.09829207678916,30.68766891112363],[80.09670549767388,30.688245181798465],[80.08629197225285,30.69178346546409],[80.06527605327354,30.691234146708076],[80.06053494527394,30.693613090934765],[80.05365291969481,30.72631181714078],[80.06086981136599,30.746574629864014],[80.06198204476769,30.7590231459709],[80.05489581479648,30.77447823914554],[80.04929915215779,30.78323381830688],[80.04533371376688,30.789481575729162],[80.03557401130668,30.797969249254546],[80.02285522941709,30.805805856773],[79.99819094848222,30.827841113634626],[79.9900194696585,30.835011556624686],[79.98615212261193,30.853761819762017],[79.98069744307577,30.859865593848763],[79.96669820949418,30.86898844680092],[79.9556253769582,30.874224127160993],[79.94519435602432,30.876641584785276],[79.93493154214578,30.88242409957295],[79.92392940061076,30.897382107775357],[79.91771663293788,30.913765628135373],[79.91281004230781,30.91804662196313],[79.8991998243193,30.92049982081656],[79.89568019412903,30.924161666126093],[79.88775096758671,30.956070155746175],[79.88026722107283,30.968381086784962],[79.87808344074237,30.969101199429026],[79.87271266461613,30.9709671419849],[79.8452970611377,30.971107330470804],[79.82946585150307,30.97861227079438],[79.81793025304638,30.982072027783225],[79.8103108006912,30.979183940410532],[79.80386363914266,30.978866811074486],[79.78962614729477,30.985425331545983],[79.7806301099019,30.984172523794072],[79.76638600135416,30.99710908322206],[79.75689098546718,30.996761476248572],[79.75211454617957,30.99385241118837],[79.7481037311634,30.989170509745694],[79.74126766980243,30.981271471524312],[79.7286041680967,30.976702839923643],[79.70533904798225,30.972551694933347],[79.67517428408723,30.9751863466259],[79.66865129782612,30.972994326384967],[79.65811332880172,30.95769492134635],[79.63938874357088,30.951579075927626],[79.62483277812255,30.940467550972855],[79.62245369849036,30.938641239732902],[79.60910535495113,30.941584155415978],[79.58402591241229,30.953842592668654],[79.56740876231164,30.956051030132592],[79.56392132709153,30.959898467237462],[79.55517296409269,30.976451039885117],[79.52844382608411,30.998142125287654],[79.5211251881865,31.01427310122409],[79.51828631678366,31.020578662488784],[79.5087486389752,31.027698100792747],[79.49566719387369,31.030413755634083],[79.47800817607047,31.030991338269683],[79.46183529976872,31.02995595327421],[79.44631515445634,31.02508451587901],[79.43669517356487,31.0244054675548],[79.42947595236006,31.027227142286605],[79.41190597070627,31.054382326611638],[79.41471346965068,31.061122617867547],[79.41612049602995,31.064308276213517],[79.42048542308305,31.06991698533214],[79.41877918339013,31.075365268360553],[79.4058893381452,31.08579892937292],[79.381786948835,31.099542719999754],[79.36371098506515,31.099176682988965],[79.35196738198505,31.09850986213235],[79.33836014002608,31.10328785433071],[79.33179009688321,31.101675355008965],[79.31995465512215,31.09573325170739],[79.31362039252438,31.09454484841266],[79.30490588386567,31.099421618589993],[79.2953219417899,31.10048611209982],[79.28729424261155,31.098417838196916],[79.26183662877366,31.097662826710856],[79.25445010099052,31.098980736975854],[79.23090803717855,31.107964398789143],[79.2242694149851,31.10887571962894],[79.21556994084706,31.104678645423363],[79.20328383691201,31.105887348033807],[79.17544517730403,31.10274617440312],[79.15139999940902,31.112127931654502],[79.14279982955709,31.112989853422764],[79.1348715708621,31.115767409811426],[79.12558430977842,31.11492707272185],[79.11088714774286,31.12282194374844],[79.10027203673646,31.125325912562456],[79.0680002239474,31.128753956036835],[79.06233804300338,31.123620001757597],[79.05337068873236,31.1204629779432],[79.03937511197397,31.121196488357995],[79.035391562558,31.12321250824995],[79.00110510272323,31.114827882139398],[78.99377008570303,31.13665310066142],[78.99029244656289,31.145495805669213],[78.97319092748073,31.168184148411925],[78.96971118071609,31.17118844334366],[78.9444375733575,31.192656200037348],[78.94209577404064,31.198607410753887],[78.93981817077041,31.218750734771906],[78.93569577786286,31.229576592646094],[78.9196746719284,31.2395353631132],[78.9088986342786,31.250229205215028],[78.88658896017007,31.26847648577376],[78.87946553030373,31.274259354210745],[78.86587944611736,31.299134769216582],[78.86086677556436,31.30243499939852],[78.84997481680314,31.302164115196536],[78.84185707797546,31.298728395338593],[78.83738206609195,31.288064187314706],[78.83209481039083,31.287778593640386],[78.81206822425001,31.293379244374957],[78.79533231946502,31.292503100068945],[78.7844650556313,31.29862706229169],[78.77807544647774,31.304481571391555],[78.77171277011372,31.310249382025987],[78.76794464978747,31.32022827887645],[78.76546517028756,31.343572395684475],[78.75871987527306,31.355276871864564],[78.7649621876893,31.379511495779997],[78.77586116206858,31.40499807807174],[78.78677870520968,31.421588977001647],[78.79134453059615,31.428566770329837],[78.79477650291899,31.43667425610966],[78.78921177801199,31.4505034297403],[78.78055180407922,31.461306255679805],[78.75306403299561,31.482339252343856],[78.7473925800108,31.48353996822104],[78.7392241526257,31.48055295165186],[78.73073986817884,31.47990228447478],[78.71816581187402,31.501388348741433],[78.71744814456488,31.506320729685925],[78.71762506217806,31.507473485059],[78.71918964483213,31.51691502346714],[78.72900135202875,31.528434886219365],[78.73900082142642,31.532582824515245],[78.75279671109473,31.54371588025233],[78.75919033597468,31.54369888004608],[78.77422797769619,31.550665262912798],[78.81234885056372,31.584032208791726],[78.82075780565637,31.590400660924434],[78.83509614815124,31.601271724279062],[78.84008930562887,31.610377914048225],[78.83515273809655,31.622589875712663],[78.82368631604984,31.629420473527116],[78.80826008446823,31.63451200877119],[78.80239749953071,31.641046528473986],[78.7992025141038,31.647171506017365],[78.79710320454613,31.66864620557998],[78.79414183642706,31.67676978227582],[78.78763605616841,31.677784380047456],[78.77676780171305,31.674559099582538],[78.77223029161328,31.67324367983473],[78.76267165031545,31.673466100811133],[78.75047428045669,31.683182031682147],[78.73822109574014,31.710394085793705],[78.73497126736613,31.711225185746354],[78.7231667118298,31.719362046351904],[78.72096237810031,31.722748385481847],[78.72077493105763,31.741326892011692],[78.71115928997307,31.756634863794403],[78.69986843057838,31.76757516059998],[78.69533440940343,31.772002656269002],[78.69479970709907,31.777716787009556],[78.70243599237993,31.81364970228644],[78.70605400146599,31.81679361187534],[78.72084700115543,31.82193764280305],[78.72551363323853,31.831711887396654],[78.72836729109864,31.85079697786675],[78.73502007407195,31.861949876078533],[78.73762269623496,31.871621221842684],[78.73771755855842,31.87914510298992],[78.73787927415901,31.89427882948905],[78.74414398215941,31.90663742651112],[78.73722821211648,31.91904386463409],[78.72367138305029,31.937899032818418],[78.72010314050016,31.945790226510134],[78.71348933366549,31.960302604494984],[78.69182546031588,31.978508912972018],[78.6803216288836,31.993385304155968],[78.66417116163203,31.999418762231624],[78.66442038349962,32.00475519206839],[78.64534244460577,32.02039881528728],[78.63631312224648,32.04019255839257],[78.61535252888824,32.07235362995412],[78.60301530645748,32.08055208086969],[78.60288388238773,32.08061461918619],[78.56424247947601,32.095938521016016],[78.53684856288938,32.11513107397586],[78.49250766801886,32.16109299957818],[78.49231920796025,32.1613276458395],[78.46431868072399,32.18491105019327],[78.45673167340429,32.19576716743139],[78.45378200544081,32.20435399151516],[78.463397708644,32.22972585385542],[78.4711943435121,32.237075385633815],[78.47754884942718,32.243073903444895],[78.49338083887883,32.248652803038134],[78.49526760158285,32.256403675567825],[78.49026344642962,32.3072215939741],[78.48063916722997,32.32354041119389],[78.47154148659202,32.32951265950255],[78.47975896988771,32.34436490324864],[78.48191201548629,32.34828558996672],[78.47999118775468,32.35812660806765],[78.46009035514635,32.37653507210051],[78.45745164108837,32.38315481828875],[78.46002679162136,32.39050701866702],[78.46875838489653,32.3957504745535],[78.47332112457133,32.4065212484617],[78.48327235652768,32.41750669700193],[78.48350656961932,32.42117233507389],[78.47386015692022,32.436838124801895],[78.46819170773763,32.45091414048011],[78.46706709236747,32.451953190414656],[78.45905124131271,32.45965658666949],[78.44942617649967,32.46615741152534],[78.44451542699743,32.474571808443265],[78.43394785224669,32.4775215758047],[78.42860617714413,32.48454022555708],[78.42771522088717,32.49897009401499],[78.42399419131243,32.50580454132064],[78.4030152454381,32.5246122364018],[78.40209470165117,32.538109291670395],[78.4091760375841,32.55371871471858],[78.40993361178025,32.555466890104825],[78.43561336300796,32.567184689313855],[78.45046546927722,32.57891864973845],[78.45934400828784,32.579745757792516],[78.47027107027301,32.57742909337578],[78.47738316775732,32.5724803059355],[78.48335649502272,32.5726416746231],[78.50658149930611,32.59414941018401],[78.52421464644809,32.6059493916558],[78.52887515486572,32.607382393600375],[78.54272532766244,32.611742715602226],[78.55701066500231,32.61175664488237],[78.58474756534604,32.607887037165455],[78.60104925440643,32.60381891526542],[78.62348674216238,32.606511211024795],[78.63011939428797,32.61042397712035],[78.64944453177615,32.64387026106046],[78.65221733472065,32.64866359535784],[78.66211129266823,32.6559038481501],[78.71486898991894,32.68015332698771],[78.73431823488937,32.69537350022851],[78.74377898507274,32.69547462121534],[78.75809253070823,32.68353334242325],[78.76173750535573,32.67788002395384],[78.76308639688492,32.673096208745456],[78.76594370211643,32.662361875843104],[78.7683564856722,32.63496690180662],[78.77821954140808,32.597781181716506],[78.77432385283703,32.587557058349425],[78.76303801227668,32.57436737434206],[78.76157189235983,32.567281670875275],[78.76344475359735,32.557156957015295],[78.76580125231555,32.552693136161864],[78.77051347817672,32.54376527726061],[78.77347935293129,32.519083053542936],[78.77332004577102,32.489992426529106],[78.7745037359082,32.48332017202571],[78.77899445984868,32.47471232594103],[78.7957711173876,32.462589854038065],[78.8141802282391,32.44000902608715],[78.81578926367499,32.438151876633604],[78.83388881449604,32.42465981462725],[78.8547535543175,32.41835906350384],[78.86527520715654,32.41851208274453],[78.87241631028158,32.414016332255315],[78.88588827281494,32.39179679344643],[78.89793285944953,32.38350223498175],[78.91257221630723,32.366540245281264],[78.92192928720793,32.36272700338963],[78.96890871679439,32.343696005724155],[78.97505878279185,32.342211031493065],[78.98040411756915,32.34526232014365],[78.99165390670608,32.363698510563324],[79.02288690388764,32.36645308059821],[79.04451916904091,32.38101228588557],[79.04716244142054,32.382806598876705],[79.05758438594029,32.38495560295833],[79.06543454496631,32.38440114893267],[79.08980583074285,32.36849368219506],[79.09360397544832,32.36740130151011],[79.10240387767007,32.37112559254133],[79.10700480946912,32.38269453771015],[79.1097165650278,32.39874110863094],[79.11918640023332,32.41555633547732],[79.11976726468775,32.42271243761129],[79.11768254671448,32.43777903626634],[79.11603302460267,32.44942949043669],[79.12441411440359,32.4637799484578],[79.1468225496376,32.48328877170128],[79.20088166957271,32.510291043711526],[79.2210454129795,32.51541685856117],[79.24614277795352,32.52181778308702],[79.25640078772493,32.52279862675631],[79.2593897243646,32.53565860085214],[79.25771855686467,32.54120207834225],[79.25924222819587,32.569352621124004],[79.25935950524286,32.57141139545807],[79.26207225095219,32.58929067870033],[79.28998870140298,32.65284021360554],[79.29160701011622,32.66687026101661],[79.2886168083409,32.671660042724625],[79.28256580565073,32.67383340902904],[79.27427356153859,32.66876704484755],[79.26938169526666,32.667685392893866],[79.26646745332546,32.667040907157464],[79.26255243358985,32.67365834711085],[79.26782894495425,32.701247075916456],[79.27144487382901,32.707681559903655],[79.28517218804919,32.75200582208004],[79.28910433124261,32.75850836268658],[79.28891911761987,32.78229875483223],[79.2881898664395,32.78629442027044],[79.2869186712601,32.79266443726099],[79.27469325153787,32.80807115273229],[79.25663952495057,32.81590939447185],[79.24953271428033,32.822006925169774],[79.24777691567792,32.83159544196747],[79.25320167782296,32.84766493617281],[79.26806698427708,32.86600073911924],[79.27676788238503,32.88232766614375],[79.27856955996442,32.89094472940279],[79.28156856544939,32.90555150492459],[79.2802809457003,32.93482132403407],[79.27817127784284,32.94377668683231],[79.26800931318698,32.96795141306313],[79.25796895352245,32.98411800320958],[79.24672931116946,32.992908749385876],[79.22937146966115,32.999149309800174],[79.22810314636676,32.999608499344845],[79.21207645127346,33.00207669859068],[79.19513187439384,33.001846384509555],[79.16011623476275,33.014154334619924],[79.15258299455091,33.02320421688352],[79.1491445559453,33.03343657221255],[79.14668837635625,33.052015043875976],[79.14686103223018,33.074222673587286],[79.14770819139228,33.07644207904449],[79.15337112867455,33.08970144738492],[79.18638708416375,33.12885343069357],[79.19163392113737,33.14238567640395],[79.19358714056077,33.15639192000631],[79.19055044457599,33.175393471941256],[79.1834591534497,33.19063868539119],[79.17841967430815,33.19405332790244],[79.13935601598178,33.1995681950956],[79.12571358742088,33.20422235945779],[79.11124147607676,33.21072404756908],[79.07291037393178,33.2280210397884],[79.06516136889124,33.24930787229997],[79.06408104374046,33.263940998175926],[79.07109164591921,33.28304179318105],[79.0686953885738,33.29036339366126],[79.06458461829415,33.295366171065474],[79.04561186178049,33.3055798802241],[79.03169976652653,33.31303195992852],[79.01751573166884,33.3302148216577],[79.00208513980508,33.3357580943126],[78.9865274859336,33.34681471568371],[78.97063070102864,33.36675642788039],[78.95273486200337,33.373596583517944],[78.93905386024025,33.38950085234361],[78.92024802572126,33.3977064890475],[78.91920993369774,33.39812271236546],[78.87352202339378,33.436201848547505],[78.86828156863034,33.439102139742225],[78.82108398418768,33.482933823161716],[78.81653836949354,33.48848272465394],[78.80173430594441,33.50625520429259],[78.78899610047498,33.52457985911339],[78.78178324868252,33.53202905855416],[78.76106707806466,33.56243701482533],[78.74012596315129,33.59686037611913],[78.72776107868083,33.617022511405466],[78.70878024885907,33.65428517901611],[78.70469349855438,33.66890046634411],[78.7071785464011,33.679067182319656],[78.72956603488512,33.703467848530764],[78.73518395642436,33.70832390846596],[78.76027667449321,33.73008277465655],[78.77306562730067,33.74567914256876],[78.78188219753106,33.76981455644635],[78.7784380089139,33.78863720876334],[78.77296620208459,33.800634018657696],[78.75919651772107,33.816792506856366],[78.73968158227811,33.83961934650643],[78.72357868024731,33.87050388232855],[78.71516739237678,33.889885532565636],[78.70944591074648,33.921877769044755],[78.71279337333198,33.932878615396476],[78.7145298139478,33.938531424997684],[78.71509520030467,33.948358937270555],[78.71405857324343,33.94840571645339],[78.71213761128902,33.95888170591764],[78.71362502561624,33.963924552506356],[78.72624997907968,33.97670797400333],[78.73733091033216,34.014786733463424],[78.7243773980974,34.027121977042064],[78.7065478321219,34.0354163435771],[78.69609139630222,34.04492387946452],[78.69393245286938,34.0575421399511],[78.70420259812286,34.07159543728797],[78.7111900633025,34.080907042464055],[78.72709285078213,34.09515129204722],[78.7518554833697,34.10313216975292],[78.75950439309106,34.108205038191464],[78.79160322128793,34.127133224645654],[78.86905863594288,34.15663715096453],[78.88677470066554,34.16589389288025],[78.89230653455746,34.169419720816975],[78.90824062531432,34.17994189120927],[78.94007229573921,34.20420011333519],[78.95414901417651,34.21725947525659],[78.97291025266829,34.24223528122402],[78.98291407494963,34.267226261376514],[78.99131038385785,34.288170779271155],[78.99219541434353,34.30193251922287],[78.98800448081204,34.31726031336442],[78.98694976933844,34.31906015416425],[79.03048309842714,34.328206123459225],[79.03660809736172,34.33341944856674],[79.04342819388052,34.340998762525864],[79.04937153924493,34.350877709529485],[79.05199494062698,34.36012427174433],[79.05318075462327,34.369241680688056],[79.05644228450713,34.37622769024663],[79.062601795857,34.38375274870392],[79.06994749360791,34.39079741316705],[79.0746304870181,34.40002961099514],[79.0764742564555,34.41094993707173],[79.08483832449897,34.41466674750868],[79.10072221914693,34.419387417035665],[79.11895204866818,34.42567176850563],[79.1289901285423,34.42996158557261],[79.13374856209406,34.43289362394365],[79.13925430439579,34.43514352517905],[79.14440502781127,34.43605036653693],[79.15123214215689,34.43780873378365],[79.15950890329214,34.43794391052844],[79.16371010783895,34.43627223348993],[79.17214420169334,34.430075843560914],[79.18735910374738,34.42121821440906],[79.19567580430244,34.41732632333407],[79.2057581593997,34.413605220542685],[79.22009640200632,34.41463710677091],[79.23738244708035,34.415425909456204],[79.24183871176557,34.415507981037756],[79.24630174705061,34.416709142812785],[79.25379592567899,34.41851366484865],[79.25930226011879,34.42097082120377],[79.26410428067341,34.42664344123527],[79.27148540403452,34.43709079039961],[79.2755634362961,34.43889347460038],[79.28388304347553,34.43958269397167],[79.30116069385508,34.43971384878928],[79.30596204776421,34.43862838277733],[79.31357235926698,34.43870154434367],[79.33768804332301,34.440209063596456],[79.3495592802162,34.43806260930834],[79.36689237184454,34.430728589444016],[79.3724453588726,34.43081663348085],[79.38205858259596,34.43380558382248],[79.3992827010642,34.43686157803735],[79.41915671126446,34.44573800032747],[79.43432773994127,34.44880845148696],[79.44611243716494,34.45004481931033],[79.46952304269251,34.45091302619203],[79.47921022168937,34.449853485194076],[79.48612919201723,34.448200819688985],[79.49516484650867,34.44773799386277],[79.51376016144177,34.44904206519274],[79.52061247572594,34.4514282500412],[79.5288520792988,34.457243565312965],[79.5323126334257,34.461300248434576],[79.53631489140368,34.46823695893582],[79.5404271315238,34.4716951323526],[79.54384577886867,34.47343851395486],[79.54870662725193,34.47355442437175],[79.5549331020134,34.468432701065424],[79.55849828657233,34.459241517677434],[79.56346655240952,34.45587841597608],[79.57038353858813,34.455971552905744],[79.58342603793322,34.4606871080242],[79.59376271796822,34.46252110807237],[79.60615720115128,34.462581066838325],[79.60970000442343,34.46149268623554],[79.63264545385573,34.44905510958834],[79.6367928536671,34.448555390805666],[79.6526826560719,34.44870957136569],[79.67329530476437,34.45290469837612],[79.68024341274177,34.456406571438556],[79.68699838064273,34.46226190394948],[79.69382972337796,34.47034352959794],[79.7000085520421,34.475522745222996],[79.70686862671549,34.47789840322462],[79.71166662932094,34.476796996866],[79.7145566300672,34.47455420846441],[79.72767295405674,34.46885973606677],[79.73389607859022,34.46898054449281],[79.7380746853485,34.47014174623156],[79.74568816217003,34.470187920416386],[79.75945302645407,34.473745473662724],[79.78149670263468,34.47564384676916],[79.80355015575223,34.48103930823174],[79.80909745879376,34.48396002997795],[79.81655941027425,34.489770632862935],[79.82476900784312,34.4978560254198],[79.83574926423385,34.511128285251324],[79.8501275086067,34.524469876704586],[79.8611119853828,34.531386186476794],[79.86172548679102,34.53372493692288],[79.8568717128246,34.537122435874835],[79.85131641712498,34.53880693501011],[79.84650848867219,34.54276624165612],[79.84013537132583,34.55652358316891],[79.84006683996498,34.55991576181804],[79.84553014797946,34.56806344924188],[79.85511490712493,34.57615728388686],[79.85717284705132,34.58073323769088],[79.8569993620456,34.595058795016676],[79.86508754798179,34.60780728668708],[79.87468500699963,34.617649703084325],[79.88235260070023,34.62110182129201],[79.8864598594139,34.624634120861344],[79.8884140359899,34.62918695395973],[79.88842653317353,34.63268762858352],[79.88557587727807,34.63834871201295],[79.87995330264012,34.64517671023801],[79.87297742198224,34.65089184492817],[79.86458818735996,34.656033629694925],[79.86320179546149,34.6599769929923],[79.86386314260292,34.662877691696984],[79.86589025148798,34.66578912962729],[79.86937110951932,34.6680852953948],[79.87903728599008,34.67278475230744],[79.88938890646224,34.6739449988854],[79.89353984624823,34.67628880907316],[79.89693432389869,34.67921012769311],[79.90447463559235,34.687326932492624],[79.91336434217261,34.69940746513312],[79.91326524432353,34.70573767976211],[79.91184584885156,34.70801743784053],[79.89655427718911,34.721104039889035],[79.88525138133173,34.7341978190735],[79.86427947942467,34.75069345196496],[79.86295155719064,34.754096857320675],[79.86355926224005,34.75928724149149],[79.8689785595674,34.76797240651991],[79.87438467312809,34.78236122989326],[79.87564305776718,34.791553644979444],[79.87485524304454,34.80814092520623],[79.87737322987348,34.82652535550759],[79.88274395458716,34.84210122120929],[79.88897647573339,34.8507696145121],[79.89373430063371,34.85480290939222],[79.89789481228732,34.857146279361864],[79.90340526783848,34.85885153188701],[79.9179679242928,34.86014871153017],[79.9422895601659,34.86026191575972],[79.94786536211564,34.85857364807605],[79.96663498083613,34.8581667559325],[79.98888320951423,34.853697497535656],[79.9937170722302,34.85608540865031],[79.99780984557049,34.86006687227867],[80.00260007239099,34.869346050296045],[80.0032064096808,34.87563709230755],[80.00185199915146,34.88197973381002],[79.99895262117194,34.8870804544129],[79.99825718037363,34.89457249523337],[80.00098854346983,34.90314624252842],[80.00983237508338,34.91299219866677],[80.01119778222507,34.91870476475009],[80.00841144236358,34.92842958678249],[80.00823021454738,34.93823651733853],[80.01366189521897,34.95371926301928],[80.02463686228677,34.97154952339393],[80.02947409010639,34.98249067067647],[80.03688573809248,35.00785725401459],[80.0360812840313,35.023881254941884],[80.03736358094939,35.030219045173205],[80.04560113774777,35.04342757569632],[80.05941040800154,35.059629849513676],[80.06494854661524,35.06307744157418],[80.0795410796546,35.06830833511047],[80.09200311108407,35.071256552204986],[80.10310432574065,35.07594523107893],[80.11352439609516,35.081687415933295],[80.12045078225458,35.086890217528655],[80.14473831155264,35.09908105280666],[80.16753137895587,35.117026466781866],[80.17235950751635,35.122711752265076],[80.18487598510957,35.133751037104105],[80.19806179047072,35.14235149718808],[80.20491798456702,35.15102664491748],[80.20697485064619,35.15678279350412],[80.21038972304214,35.17513875040491],[80.2124341566054,35.179145036560165],[80.2155688296223,35.18512232125043],[80.21656762391426,35.188453710357464],[80.21957049392311,35.19412780289497],[80.25681089157597,35.226597721033215],[80.27396755154135,35.2454675495266],[80.27221484718048,35.307340978341585],[80.30258182070973,35.34499038632415],[80.34776384295897,35.377376806262085],[80.42642796786734,35.41921080289294],[80.48808134949914,35.454317814230855],[80.50596154972088,35.453804046663876],[80.52571692591731,35.436489867824825],[80.53645391186345,35.42111686216951],[80.53895563665374,35.40958979872795],[80.5471065048351,35.39001970591304],[80.55721116923235,35.382785431966084],[80.57092001953238,35.38013653498916],[80.5962121401833,35.38955974486458],[80.60703113482576,35.38623188748322],[80.62133067732573,35.37405391749528],[80.64946055040545,35.34822347497185],[80.67165662895836,35.33754083839588],[80.70307031160544,35.33440149370186],[80.82608154471835,35.34740092598262],[80.87528847916866,35.339421856332585],[80.89261641138089,35.327275772546166],[80.96159034142184,35.31650711692134],[80.9939574071198,35.301651108591734],[81.0166105496143,35.30367020597548],[81.03734899805823,35.31594761647595],[81.05170876127264,35.33328720607602],[81.03288505490373,35.36331951742706],[81.0324677035555,35.37910807885715],[81.04152860211931,35.39209434070336],[81.05275827663057,35.39697691871075],[81.0812759558856,35.39830370292462],[81.11551294763122,35.3673655497136],[81.17637742000649,35.3664307214817],[81.2111328521313,35.33652592760674],[81.24182527558328,35.32326954760476],[81.29875502309532,35.356347694077776],[81.31555359468686,35.355785569587475],[81.33411426197182,35.34554770827735],[81.34663964584927,35.335420026905375],[81.36957422687395,35.33235561836596],[81.41258511111747,35.34512567991163],[81.42578020239935,35.33642302588149],[81.43341488406902,35.32489537508271],[81.48477052969324,35.29877854304478],[81.49946218068408,35.26809345023133],[81.52085520645446,35.249248225212135],[81.58941972775348,35.2287337312624],[81.61152955080075,35.23090608646214],[81.71813510501929,35.25871443762492],[81.7464829815176,35.26032055634868],[81.76786900384569,35.2549967770697],[81.86273246373923,35.265534007374335],[81.88844631384562,35.27044801076204],[81.92839984131767,35.288183252263146],[81.94601325416913,35.3139658583579],[81.98215978251466,35.32093321180173],[81.99855055111382,35.33548786420861],[82.05407112378452,35.431261886139765],[82.13727709679483,35.486296858349526],[82.23391509307608,35.52452933581442],[82.32855339906102,35.56982272991362],[82.34586809758424,35.60307030100733],[82.34817286315146,35.636690930370136],[82.35707415556747,35.645479367990006],[82.38952414849676,35.66559164775204],[82.43187400844987,35.68213367398173],[82.48774519422655,35.68543608228522],[82.6010882574971,35.68056055029205],[82.640462963319,35.66467742098326],[82.68436982110511,35.63700714009713],[82.7360845973798,35.63743014186276],[82.76260331767661,35.644102878395515],[82.81014422611045,35.68300621344939],[82.87790944325486,35.69633108785769],[82.89949347638735,35.68344453217001],[82.95164540026741,35.6747205915932],[82.9662835557132,35.662394526285624],[82.95528334763807,35.63182606973577],[82.97327598739996,35.59079926118975],[82.96759059204766,35.54923040913529],[82.97883249004396,35.52259585785042],[83.02714975204643,35.475734314636824],[83.0626820566472,35.43586708418774],[83.08749639022219,35.42126571884721],[83.15571268101998,35.398135655883024],[83.19956631465392,35.39652277435321],[83.25628487991501,35.42028521500071],[83.27843009720091,35.42196465249824],[83.33976643649527,35.40599765585215],[83.43141157557412,35.39338215034415],[83.46465047615683,35.40028117168334],[83.48658505722352,35.397325909700974],[83.50855699371412,35.38598307682487],[83.5643394072039,35.34677529759143],[83.60149203504669,35.33609267384354],[83.76924373839194,35.356685463647736],[83.81292636046102,35.34489682271038],[83.87039818848966,35.34141761394441],[83.90899975471041,35.39441414920558],[83.95065545103567,35.40646121585023],[83.9857934590389,35.404702622163455],[84.03962068878997,35.395771872700415],[84.06458844435024,35.3822188794088],[84.07141335064738,35.36872842967927],[84.11395731192944,35.34990397147255],[84.13973971278902,35.35187214414509],[84.21695829567763,35.37657056305716],[84.26814156190524,35.404608443462315],[84.30816387077546,35.41433446816678],[84.37284190379235,35.447524336360225],[84.45606310217937,35.49180784450905],[84.46468232202535,35.49844821131689],[84.44563626436296,35.51352971937814],[84.44671173528255,35.54219670518758],[84.46959070379778,35.55533370994308],[84.49183322653977,35.55407139863731],[84.55172992898655,35.54629539157404],[84.57822878182603,35.553101363527695],[84.66478287323055,35.59366844410696],[84.70299781297005,35.607670054783696],[84.75752633568099,35.622180522260614],[84.8482034648879,35.66936518222244],[84.96892321815778,35.70629984719151],[85.13836311529384,35.74956192948257],[85.22252010478545,35.77872588875587],[85.25241277475995,35.776646672221624],[85.32047464536628,35.753814804918065],[85.37059325331083,35.729074042650524],[85.4063061421244,35.72280897758578],[85.42695425387933,35.72284391789253],[85.48096233406665,35.70913154848468],[85.51014151409049,35.70606452755678],[85.52519115955104,35.70836986824109],[85.53664192267775,35.70229254383607],[85.53587295783625,35.69626853918754],[85.51893927057819,35.67831918460721],[85.52102257473035,35.66366913586698],[85.53441770743372,35.65345352930604],[85.60134315408163,35.647020154961965],[85.62818228401555,35.66825056896496],[85.64083851692132,35.71391758108656],[85.66047656012057,35.72709766197534],[85.79126012891557,35.771005802787855],[85.83506668234149,35.771967963515884],[85.90947086027886,35.78394526012789],[86.04224092805062,35.83021882062085],[86.1130174662748,35.87695765272081],[86.1541989624471,35.93152720354598],[86.1562597420591,35.94417514239284],[86.15177864926896,35.95881181250272],[86.15316231848593,35.97752163089896],[86.16930621540959,36.01028014521915],[86.15528271685258,36.07341540605152],[86.1957508191264,36.129560775724634],[86.22343800583646,36.142397389201534],[86.32978733358316,36.167260880562225],[86.3996379942855,36.204918930107155],[86.43912937918996,36.2098724421738],[86.49552586700605,36.195966667073726],[86.54767885086444,36.20831123237615],[86.6768487593727,36.25002710965219],[86.71723794961869,36.250310290700185],[86.74773677633395,36.25944248071097],[86.8413415994688,36.296514697939365],[86.90729228342015,36.28953259621794],[86.94045660377863,36.2741974100727],[87.01178252387884,36.286234538909895],[87.04650733241488,36.2975309660898],[87.08496518340205,36.298225405949346],[87.10172642646398,36.28970357139378],[87.12383964516677,36.291185339178405],[87.14407416656967,36.30325096755466],[87.16161087053966,36.32551054650787],[87.19515452984314,36.336589489859],[87.25290768159309,36.343625000294125],[87.29456286558238,36.3543903018464],[87.33439099918712,36.391655712761626],[87.36457259343096,36.400573380767604],[87.39044577840627,36.40127204349844],[87.42325567234931,36.39768195976042],[87.44279642210402,36.39011569728802],[87.45637548795298,36.378806928670116],[87.46119291449764,36.36555289069037],[87.47573525070833,36.348983038004405],[87.49890579162414,36.3423152300537],[87.55232498727891,36.34470651232334],[87.61257420939612,36.35743780080753],[87.67177181495154,36.358598862653295],[87.72256673424121,36.374740123159135],[87.75225765870948,36.37517436715027],[87.78030592948699,36.36398409577694],[87.8168976359642,36.36066338871285],[87.89073014343414,36.38507801487698],[87.94764169172707,36.417776967470296],[88.02154815821963,36.43181144245634],[88.08620356986061,36.42646895665488],[88.13341265336973,36.41492702116157],[88.18730410818125,36.4204438676688],[88.2120004410578,36.430114009639084],[88.31220257293279,36.44292093734306],[88.37269590069135,36.46197318887898],[88.44930370649824,36.480795667884756],[88.47418411057505,36.47698036487554],[88.49037440671452,36.46505312034341],[88.4923188808048,36.4533054210368],[88.50502414201351,36.44371173978626],[88.53413398972171,36.44306671348655],[88.56345268946723,36.460224570815996],[88.57975653315536,36.45949541770031],[88.60025025363424,36.43530956710792],[88.61041004457022,36.39883507555429],[88.62187160558877,36.38527732963604],[88.67487495821645,36.36943734948424],[88.74548027153558,36.30030156005579],[88.76771447334234,36.29834574280641],[88.85012570648789,36.36316441686579],[88.88069705737477,36.36732482655194],[88.90593963632766,36.360862117972005],[88.93030841664007,36.34868855280061],[88.94657449265416,36.33257496105908],[88.96683330272666,36.30985074711047],[88.99830789679334,36.30679504163109],[89.04805342738517,36.31258005868928],[89.08098174663334,36.29634316327136],[89.11743368220426,36.25899745416953],[89.13615437051328,36.25174839335568],[89.1682710308572,36.24648157200515],[89.19143736203463,36.25259829038204],[89.23046945735197,36.29562643885147],[89.25587320894962,36.29308736247147],[89.29355433197976,36.28010976622588],[89.35981745402336,36.24026522946323],[89.41851732918954,36.21043871073875],[89.45377669452093,36.17962963770378],[89.54900524854018,36.13694375515436],[89.60693684179361,36.12389226468867],[89.63773327298235,36.10177024019895],[89.67278199012559,36.09314549660108],[89.69548395144116,36.098030834992514],[89.7632796285785,36.10217081733811],[89.90685136058345,36.08699195334548],[89.93912998250562,36.10407852810367],[89.96053236480546,36.15558867630492],[89.98866864565753,36.18719381810378],[90.00410104461518,36.25156351116635],[90.00066766439984,36.27339181658361],[90.01332827871963,36.28158738521133],[90.0491573411803,36.27609863690758],[90.09263391268759,36.25927435001723],[90.16457448302245,36.21388618651103],[90.23871418962504,36.179171222109325],[90.29415128676264,36.16470344665691],[90.36944669541526,36.15517235729392],[90.40032564409032,36.14522725612239],[90.42905648681213,36.14303255365351],[90.44335673401405,36.14318510087801],[90.46417865611936,36.13645238766054],[90.47719212681146,36.13618008654036],[90.5056360487211,36.14581337117193],[90.54277936342265,36.14907668130306],[90.57022815841181,36.14517036907498],[90.62398102234768,36.13549812980754],[90.73027667930614,36.109472030539],[90.8352928448533,36.03770310724871],[90.88620228514415,36.01986897120667],[90.91332120650317,36.02799823588077],[90.92156623559534,36.04323726966898],[90.94962519186176,36.06630316205174],[90.9508826745016,36.08946864261233],[90.96643991346208,36.10391381386615],[90.9956159726522,36.10649862281175],[91.05647628845188,36.09835200238653],[91.08125068750421,36.08747305002554],[91.0948131512842,36.08971678268738],[91.12197818376534,36.10796020409718],[91.1218793383981,36.13582090497993],[91.10130201758574,36.18790931650156],[91.04713278286481,36.257082137865346],[91.04689659068504,36.38788044661502],[91.02517778836224,36.4777819592234],[91.03358982831897,36.53096578832878],[90.97881305285985,36.550254716873575],[90.91578547919408,36.55635978087534],[90.84956129397251,36.556135272832165],[90.82038682265652,36.565047635379166],[90.79507360730729,36.562881823030416],[90.73620164756036,36.58151673327428],[90.70247999757528,36.61480070750985],[90.68655704757734,36.64634600671526],[90.68794178172696,36.66845423893754],[90.722767288871,36.711485958987474],[90.72802811045285,36.73313622046425],[90.71853166321716,36.74851061975801],[90.71463660803002,36.80095602866322],[90.73112138201428,36.826407114113856],[90.80395677514029,36.88713848852481],[90.87480625486772,36.92429880800983],[90.93344640850214,36.93630085830932],[90.97177618385878,36.93511879009673],[91.02241997141005,36.95013633365705],[91.07663591753257,36.98036254564175],[91.14283411964823,37.01251592545163],[91.1800754847022,37.01941607256088],[91.20699469857841,37.01474200506978],[91.26208818761019,36.99895420700731],[91.30268654344339,37.0076237201437],[91.3241548090598,37.028931541186026],[91.30367289102954,37.11854514648764],[91.27890232826287,37.15089042740738],[91.21245136430804,37.212549945289865],[91.16526477248368,37.289432143416285],[91.09632458069396,37.464325784287645],[91.0692187419546,37.479852410393775],[91.01891995998706,37.49316373413742],[90.93746891272161,37.50721201218307],[90.8985332678007,37.53011050285774],[90.88685181128511,37.544451338038485],[90.85552207008139,37.59786973568299],[90.81014144917344,37.628211612824664],[90.74803155998526,37.648648988507496],[90.67917594634504,37.664066984904935],[90.63520712500508,37.68507275316508],[90.47382664901451,37.735633048630476],[90.44308935819969,37.753064194716394],[90.42689473258241,37.77270678105782],[90.45257642606693,37.880505983523754],[90.465767032172,37.88814040354631],[90.48572630635262,37.923006238063294],[90.48798314956284,37.95314163254582],[90.48277988492856,37.98089311376611],[90.45435384139509,38.02398285093943],[90.41596936731693,38.06835653838886],[90.35347554004304,38.127318215926564],[90.24016403612563,38.28615762418999],[90.1391771124534,38.38723387117364],[90.13506511239991,38.427638306648866],[90.1548244105793,38.44867202694391],[90.21074575938468,38.46534596010392],[90.23038047029004,38.464469980111566],[90.26186779717561,38.47549585436808],[90.30602533099517,38.479329874621854],[90.44137735649656,38.50204825738763],[90.49872787504654,38.523878979598884],[90.58307427504735,38.5733006566497],[90.5998093123422,38.59435753751083],[90.61764707057137,38.63974458512199],[90.63921588592879,38.655308088385645],[90.6993693307228,38.656468956008716],[90.79131210739561,38.65222916953577],[90.89489647531543,38.6602744296939],[91.05656454654034,38.68689817796148],[91.1104913676428,38.703913163155],[91.24353370291728,38.729695209357246],[91.33359528446042,38.76280150855855],[91.47635052931398,38.80131566221789],[91.5148569710576,38.818584455926604],[91.66087872039415,38.853533228809994],[91.84099818530953,38.86304948068191],[91.8658213870926,38.87170123863615],[91.92789003709044,38.90417943848121],[92.051824685693,38.94664370006189],[92.25261466020882,38.98646736382435],[92.38562204267689,38.99904005135466],[92.45599356753877,39.03357419686711],[92.4628842134199,39.05570460235407],[92.49417404440516,39.08343821947497],[92.52667273087259,39.09628579695157],[92.78200484738183,39.131607766601924],[92.82652745243851,39.13178071809309],[92.88697445308333,39.143486780717595],[92.94726784440734,39.165737769296854],[92.98048373174618,39.176913261224584],[92.99950639616635,39.15463561509247],[93.01350360821263,39.14525924308606],[93.0502113121239,39.13457870002605],[93.09315892699188,39.15048427290576],[93.11980688364865,39.17115452446748],[93.14159789219516,39.17719651268839],[93.18493105006014,39.17525050268668],[93.24957922925046,39.15989333947857],[93.29011977719833,39.15685168302159],[93.34474419368289,39.15865857318519],[93.3583984840156,39.16706680788751],[93.39462471141223,39.20620644543356],[93.41053767411424,39.228264911068386],[93.43343500272172,39.241080510805396],[93.4480171752084,39.242116428624776],[93.47272631388049,39.2401982930176],[93.4943782241379,39.232084166341785],[93.51438062498184,39.22086074116931],[93.53139717435212,39.21753039961462],[93.55115964636673,39.231659375617745],[93.55714818569086,39.24644871475999],[93.5739244033192,39.26012955477001],[93.60665555091136,39.27288385888219],[93.62721960493693,39.27263268027129],[93.70971983411044,39.248125302586914],[93.74889858760712,39.24634268357686],[93.76261130590512,39.2492395068031],[93.78430837298836,39.26493141481017],[93.81349540852331,39.27319872918887],[93.83699591098116,39.269044583890086],[93.8898536681415,39.259345324482545],[93.94219549801797,39.25540809532066],[94.08846664708986,39.264433090758786],[94.10870447549533,39.267932198096645],[94.1787317828562,39.29639581394122],[94.2180583820163,39.304160942271174],[94.28487664151801,39.301200555480364],[94.30981104918393,39.29752903369759],[94.31698795176446,39.29928684278551],[94.3812376318147,39.30018685835325],[94.44061860413198,39.30047845031735],[94.48188258865754,39.294612577428886],[94.4828399196484,39.294511243152314],[94.50804791244741,39.29548326984301],[94.51801082689559,39.292528455134466],[94.61487837096075,39.291831489128185],[94.66387025872531,39.27676653361707],[94.6795614241256,39.262972379920505],[94.68429200284751,39.254303752222164],[94.71781363272171,39.23153828919667],[94.74553823576568,39.22514293297027],[94.7817616809735,39.223712758133274],[94.80835370906445,39.21605097910248],[94.84673259016411,39.21602670023102],[94.89519537072731,39.224122241205436],[94.92282467323909,39.22001103248846],[94.96361378145382,39.22130384822793],[95.08809952653434,39.21273364973251],[95.12056363305649,39.203043727105545],[95.14519303325068,39.190242749324874],[95.16222106526618,39.1886754708643],[95.20611924078372,39.191203749791896],[95.25788332508841,39.203797900423645],[95.27605537561969,39.20337589568721],[95.30674034246469,39.19171766992542],[95.34207035785235,39.14397432103099],[95.37039188028083,39.12756315274554],[95.41680521594641,39.08349661896166],[95.43846250313922,39.05825712707568],[95.45254565129757,39.049993597619],[95.53740143830886,39.01284876463519],[95.58631062937023,38.982071806320455],[95.65661885366286,38.9202700305441],[95.67460452976214,38.892410674253696],[95.68606033831071,38.883131374965316],[95.71219654511911,38.870617360952835],[95.82345024239282,38.83288936260454],[95.8742382722378,38.80484049838596],[95.92089180220796,38.769060536356214],[95.95757826358437,38.7584995468314],[96.01321543590986,38.752563157691505],[96.04315990925123,38.74249159389083],[96.0820865073982,38.71864171020567],[96.10722778363947,38.708491912128316],[96.12890499060157,38.7048935895814],[96.15597173717289,38.69415276523557],[96.17101251652385,38.6783792160338],[96.19151463033096,38.64277476218204],[96.2075268640647,38.63752468291521],[96.22311372933201,38.63590894683628],[96.25777335283763,38.63880925868273]]]}},{"type":"Feature","id":"hartwell-741-country-v5_0741_chin_chn_0741_p-337","properties":{"id":"hartwell-741-country-v5_0741_chin_chn_0741_p-337","name":"流求","level":"country","sourceId":"hartwell-chgis-v5","year":741,"approximate":true,"color":"#a49373","recordId":"337","sourceLayer":"v5_0741_chin_chn_0741_p","sourceRecordIndex":336,"sourceCode":"T007100000000","sourceName":"流求","sourceAdminType":"Independent state","sourceContainerLevel":"prefecture","sourceHierarchy":{"polity":"唐代","province":"流求","prefecture":"","dependentPrefecture":""},"labelCoordinates":[120.8266425307811,23.601465478624558]},"geometry":{"type":"MultiPolygon","coordinates":[[[[121.4907026594054,23.434878006065375],[121.4805019869609,23.414110029713477],[121.47738701359995,23.40054203179586],[121.47520066513589,23.397651040374562],[121.46883337348314,23.388947310441317],[121.4671845164311,23.35775006422316],[121.4628368225565,23.346596281945885],[121.4642562176986,23.33970832571224],[121.45713688778311,23.31631594687247],[121.45484169615949,23.31334886178728],[121.44865435171447,23.312757919606586],[121.44236473586291,23.307740813127147],[121.42726151511349,23.28792574948238],[121.42520678331884,23.285197500471792],[121.42162590701541,23.270587152090602],[121.4166260477218,23.263975650780033],[121.41161616435625,23.235799553925926],[121.41543651022397,23.22862186006078],[121.41495570987227,23.225365795677128],[121.41042063126946,23.219697946903857],[121.39717628960187,23.210226466814028],[121.39287982638352,23.203131518798585],[121.3927930611572,23.196017418448307],[121.39928163260035,23.174622627528056],[121.40290991613814,23.167474099360355],[121.39504423692122,23.1468717198149],[121.39650051365405,23.14293728943434],[121.39593978556296,23.138119020091438],[121.4017684668953,23.126824081687232],[121.40544910626724,23.125499196762124],[121.40714426998849,23.122915230217412],[121.39820036076168,23.114982469936],[121.39152142618012,23.11706057342928],[121.38366872628545,23.103119961536937],[121.37912603134761,23.097913829546634],[121.36627438755956,23.09828354899197],[121.35297181774521,23.087796601377008],[121.34949379312924,23.081402149853634],[121.35137874228127,23.07656633946152],[121.3439197223155,23.06978307077878],[121.34212508557549,23.065159061032507],[121.34181939922986,23.05622469598116],[121.33462544438413,23.032636170616914],[121.3313259076755,23.028342310671],[121.32908790087666,23.021194549935377],[121.32433090757887,23.01805714537948],[121.32299789973139,23.01326665626513],[121.3200170627882,23.01077430203672],[121.31652781249304,23.002064139796055],[121.31690627291214,22.993112603978847],[121.30704628660226,22.974849817376786],[121.29831513531443,22.9652070632676],[121.29078972653573,22.956855167823537],[121.28361320167554,22.955487575799175],[121.277547267954,22.94708954770017],[121.26365088675627,22.912969419033544],[121.24227495624623,22.882896583520733],[121.23208396897991,22.87764691520047],[121.2297940859016,22.870132628671186],[121.22707369336759,22.86741114842956],[121.22324310864356,22.867829245465956],[121.21914330720567,22.86838223355627],[121.20915881216156,22.86541418436958],[121.20047313707092,22.86205567118151],[121.18881885746943,22.853419011888434],[121.18602286091736,22.8491334166297],[121.18348929361208,22.837394375031668],[121.19235067835997,22.80820353059252],[121.19201296689754,22.798990185746792],[121.19026307067868,22.793983503563567],[121.18629393874747,22.79358858682935],[121.18051276032824,22.787825775820707],[121.17719171878618,22.77546691500309],[121.17493506869081,22.772022209600024],[121.1681856056662,22.75899690525727],[121.16616647696866,22.75579261247118],[121.16071566730668,22.75359095497486],[121.12779488324163,22.72280049736381],[121.1056642351384,22.710329029068188],[121.09971091863886,22.708573914292792],[121.08307080526203,22.70246702789066],[121.06889225013592,22.6919875335727],[121.06525041834057,22.68894232841645],[121.05921282848797,22.683861688958288],[121.03531774868223,22.670632618670812],[121.0248866331529,22.662064977964032],[121.0151321153499,22.644400121942045],[121.01078496901734,22.630432770656235],[121.00610474970571,22.596956943347255],[121.00031425426599,22.58645721382417],[120.9797185717291,22.568436788387277],[120.97113990614284,22.553548390003623],[120.96004021077471,22.521063934421626],[120.9499800348699,22.495183193011687],[120.94261943467005,22.461182742496508],[120.94107901550632,22.46012411842544],[120.9265076847514,22.4225113704662],[120.91928974365152,22.411483687919656],[120.89987758801519,22.360701755395834],[120.89466386860008,22.353997936305458],[120.88816790162508,22.334597978218117],[120.88716713337992,22.32584721647881],[120.88519926045909,22.30796857189897],[120.88837932059998,22.263863840290583],[120.89017941343978,22.253103295917356],[120.8935757062613,22.232802189185957],[120.88953662293648,22.221551316102662],[120.89050240961363,22.208964166396154],[120.8885720921068,22.20100405434938],[120.88667516047755,22.192667253763076],[120.88976869001733,22.174920631306968],[120.88549067114525,22.1650973420899],[120.88786714457517,22.156836715447966],[120.8873857658309,22.148278234677544],[120.89032697536261,22.147355882593704],[120.8912771888463,22.145536799601427],[120.88156427981308,22.136187894161903],[120.87987863688602,22.130230229822285],[120.88100397109271,22.124298870627165],[120.88616937818755,22.113652729851243],[120.89173754304056,22.10767826660385],[120.89316814910742,22.103555546792386],[120.88516967162018,22.087160536501315],[120.88443828027712,22.08569601070953],[120.88552020341866,22.060641048543946],[120.88890936730046,22.049804357560745],[120.89354107226912,22.041744988871894],[120.89353999245844,22.03830890056385],[120.88261339345107,22.02914755755307],[120.87886436974999,22.018401508785654],[120.87242676390917,22.01634042994122],[120.87088909698663,22.01295794940663],[120.87189915910336,22.008063672414295],[120.86714456722918,22.001653160034838],[120.85030806577778,21.99350228090094],[120.84269179540566,21.99245898833168],[120.83995667169314,21.99056270340513],[120.83964814409627,21.982994427173693],[120.8353691136217,21.963318445333822],[120.83578897276067,21.954335597167773],[120.84066334713322,21.941407379731835],[120.8482214759966,21.930661130929394],[120.85476826384107,21.921372040564425],[120.85399098474848,21.913317389438152],[120.85786385941314,21.90593084957205],[120.85687249145553,21.903483960604476],[120.85365146661617,21.902128142149966],[120.84750917626724,21.90234267409568],[120.84364435462577,21.90461754751104],[120.83810290302692,21.919881639345782],[120.8308912653302,21.920633160674427],[120.82039400982379,21.93285750920654],[120.81474599631082,21.937173133993394],[120.80544722657929,21.938154220821637],[120.79837476726195,21.944919410749286],[120.79609385660356,21.940536275957676],[120.79390473672616,21.9395757763467],[120.79100305585087,21.945878352902668],[120.78576881446553,21.948641436266094],[120.77521462162302,21.94962856609595],[120.75708786173865,21.96191166525843],[120.75411200848576,21.961443727996215],[120.7404704208259,21.948601889211783],[120.73825317241976,21.936498866697793],[120.7339561959144,21.92638910769417],[120.72951759145717,21.92178123564703],[120.72510800321442,21.920233958800658],[120.71972205930477,21.922088459187382],[120.70987263338945,21.933641779612714],[120.70520371880733,21.93343404907226],[120.70354672970275,21.94028423561784],[120.70537023127682,21.949476005471407],[120.70884034812592,21.966214355693126],[120.70816436532664,21.97662693862515],[120.70574999310001,21.984150055119617],[120.6986726124193,21.99499212412571],[120.68720377304344,22.005581226627033],[120.68105088386335,22.02082772504292],[120.67942865699197,22.02906212363239],[120.68117115806639,22.033714503844987],[120.69152851223022,22.04307471099373],[120.68959743938112,22.050613554335115],[120.6909300679452,22.05570000136489],[120.69727668672078,22.059549855040746],[120.70059726283533,22.065536671864017],[120.7001489738235,22.074424809203173],[120.69500213063584,22.084129091679873],[120.69822106514633,22.08892448076112],[120.70756854095312,22.092775571831677],[120.71037275541578,22.09624210118769],[120.70087957704968,22.127963288758423],[120.6947322518921,22.13401404974311],[120.69258602089435,22.145481177644903],[120.69338082055492,22.15139122601764],[120.68431662369005,22.178211638442484],[120.67838673660644,22.196010386032807],[120.67595540422083,22.214476434095182],[120.67185136614883,22.21946694608634],[120.66302690899819,22.23677773233138],[120.64663243464545,22.249958197111972],[120.64458812244112,22.25453832242428],[120.64462958187254,22.255366829338858],[120.64396312135727,22.267620350098447],[120.63763043369784,22.28714012915423],[120.63521472625494,22.290663094553086],[120.6352350994781,22.301233090437375],[120.6193247170981,22.32378896166644],[120.61225128696684,22.331360155554467],[120.6036515535971,22.334434149143437],[120.59504413415992,22.34270112731425],[120.59086777209481,22.35604054911459],[120.58697483673183,22.362938417925605],[120.58158740584733,22.36959983884276],[120.56882600083468,22.380905445416442],[120.55401536999877,22.388070129815482],[120.53848333456773,22.39849339107186],[120.51753347530486,22.40843674863092],[120.51211560656684,22.410277084489497],[120.50675850403185,22.41423972600502],[120.50275959775017,22.415864622243276],[120.49983152148405,22.417512671952924],[120.49373609189091,22.421122690096617],[120.48650445660384,22.42490400066209],[120.46183660220271,22.435302621253744],[120.45081587844165,22.444934784206037],[120.45601775141763,22.444706354245987],[120.47815764261411,22.433672420358253],[120.48165023478134,22.434256863582625],[120.48358939517993,22.437763604149115],[120.48242944373496,22.440719168580916],[120.47383649374358,22.44859694365489],[120.46512710738014,22.45343307854424],[120.45829019455387,22.45140647958586],[120.45375568504593,22.45273901301871],[120.44738263351486,22.448232427303306],[120.44345110028601,22.44910296696487],[120.43955392033767,22.45311880268568],[120.4350981382728,22.45786714953845],[120.43234124126758,22.462915360825054],[120.43689086820419,22.465195453294267],[120.4383304367984,22.469796988934455],[120.43414404640407,22.469130138453806],[120.43140681325048,22.473711819782096],[120.4280292053241,22.486172603015753],[120.42553828724012,22.481080831153267],[120.42203397055452,22.481607984804285],[120.42012689765241,22.49004814359025],[120.4159397356462,22.489380604565472],[120.41438393935158,22.490540975559558],[120.4122458499826,22.49283204803338],[120.41025928350398,22.494959449639236],[120.41171466869692,22.484364047756802],[120.40943868288834,22.479980903746128],[120.40644208711866,22.481820982766052],[120.39665236395732,22.49839283146976],[120.39519515923423,22.500742378430594],[120.38753518933467,22.503744700487957],[120.38682319532555,22.502369258710534],[120.38946511971174,22.488354226946264],[120.40308328495851,22.480287296456755],[120.40521875538096,22.476167741502017],[120.40303175651805,22.474087363198997],[120.38303727642317,22.484686387482274],[120.37249125962983,22.494327861751355],[120.35770556970543,22.503583485169102],[120.35102709909594,22.501340959055558],[120.34954265523787,22.50471272306144],[120.35001619443719,22.50936620412731],[120.34530228755125,22.515536740367924],[120.34255223984778,22.5177080189153],[120.32295466681771,22.53258528977696],[120.30047505329723,22.55835192675582],[120.29482507744754,22.562990803205643],[120.2727145297361,22.594061961133068],[120.26554246520851,22.601887345035994],[120.25742172907631,22.606889935019304],[120.26330217328149,22.60897924827108],[120.2606474213613,22.613540035665228],[120.25740222979613,22.61865124037464],[120.25726796203773,22.620800601233366],[120.25694641159048,22.624181321735236],[120.24903736257882,22.634057739972295],[120.24586084733583,22.641379630393306],[120.2432056913463,22.65427069345329],[120.24395555453248,22.660639359127025],[120.24644139211264,22.66573225742295],[120.25685710397059,22.676498633187165],[120.2571125253972,22.690530278308458],[120.2590952479573,22.688384922466454],[120.26035011332922,22.680608579331775],[120.26326965383909,22.679434785675685],[120.2655114496826,22.682434365411808],[120.26329115295756,22.68609619649713],[120.26630747082474,22.689073330684547],[120.26485274522702,22.692066093075873],[120.2665844236263,22.695511512432525],[120.26136864375077,22.70285713145202],[120.26069924752343,22.70767680212066],[120.25870135185426,22.70973168304295],[120.25619766704041,22.70751145641566],[120.25869360977126,22.698996312000325],[120.25566611679632,22.694169530178225],[120.24876881589226,22.71620209514051],[120.24192823037872,22.729605905489922],[120.22858108428635,22.755745575005847],[120.20921357522076,22.802187430521343],[120.19741342276079,22.826501546523154],[120.19068785640343,22.846733770866784],[120.18822623512733,22.850148945892684],[120.17872618587447,22.885029980625912],[120.16886090783262,22.907566854221198],[120.17011180577072,22.912839076750508],[120.16684593138875,22.91969987515232],[120.16868018443465,22.929139842388928],[120.16155592299106,22.95237833653906],[120.15407871713117,22.970488301224517],[120.1446890932845,22.98406923244752],[120.12866449625771,22.99945203239711],[120.11723277099367,23.00473041695344],[120.11403401811693,23.013240363997713],[120.1112845043415,23.01253323068784],[120.10813207998729,23.012347111742844],[120.09595828839635,23.020873658032798],[120.08162750809471,23.034149337067575],[120.06430776634335,23.042866781122456],[120.05442947868971,23.04513735211749],[120.05113661003922,23.045893997304027],[120.04719797531365,23.048685222177653],[120.05390762612963,23.056950022679946],[120.0662883910138,23.061061459036587],[120.08387864119376,23.067184281658374],[120.09083414710393,23.072731018118485],[120.09180244973095,23.07268214828531],[120.09280167569395,23.0776190484253],[120.07699844447305,23.069296447401868],[120.05857926205076,23.065880731838064],[120.05964228001044,23.081435400470326],[120.06009704614068,23.084233770191656],[120.0586513754542,23.091559310641866],[120.06190161273732,23.102543973066467],[120.06389760954424,23.107612572242196],[120.0639196709109,23.113153208842537],[120.06833793526269,23.1174994228541],[120.0738204339013,23.118179418540883],[120.08001496172723,23.11903258465951],[120.08698665702332,23.11626097568035],[120.08745148358764,23.125710156961713],[120.08048655530945,23.129127378555648],[120.07777108868167,23.13164798548559],[120.07659057839449,23.140597079477658],[120.07357380910392,23.144269948771253],[120.07016008072839,23.144304945337236],[120.06997668448332,23.146179384860734],[120.0684508218719,23.1668182043311],[120.06941304733513,23.17092767467633],[120.08337319530864,23.172036576469704],[120.08559133461901,23.173653531208227],[120.08506323699294,23.17640946521525],[120.08256837184474,23.18628766385343],[120.07844888629492,23.191598431822626],[120.08283514941105,23.19751850031645],[120.08491040253313,23.213843057939904],[120.08763059191504,23.220928820657996],[120.08937959041722,23.22205969947969],[120.11764748585112,23.22569946056494],[120.11119094733252,23.229873787946705],[120.09016769169669,23.228687602269034],[120.08587735197834,23.232360042345817],[120.08592930645662,23.23447680138043],[120.09167280604925,23.248695530771],[120.09490684049364,23.249333065656987],[120.10131806189118,23.255049306614087],[120.0984244910085,23.26128906575535],[120.10062459907904,23.26697175505161],[120.10558810470836,23.270404861302648],[120.10832568422882,23.27637844031707],[120.11598133194848,23.28071183173131],[120.11674726861689,23.283001340833806],[120.11354532069669,23.289747623440093],[120.1143484902569,23.292862783567536],[120.11701141285427,23.294783495347094],[120.11235212165334,23.299802488579093],[120.11016365563088,23.305569469703048],[120.1118509418216,23.311695355050677],[120.11636033556756,23.313531825133172],[120.1195568611387,23.321099784495356],[120.12184525571138,23.322520845453152],[120.1282425217401,23.319741795704722],[120.13050841724998,23.320427241747925],[120.14044851829247,23.315376269231155],[120.14391285482527,23.315609554305485],[120.13643009301562,23.321318285747708],[120.1260602489207,23.333910587078005],[120.12445022251858,23.335437868899653],[120.12011976012153,23.33948504123472],[120.11936464645147,23.343842312665796],[120.1256479455753,23.35529949054514],[120.1298657505451,23.367887928797277],[120.13217059058108,23.389709637877143],[120.13461570986674,23.391476813439716],[120.13686670450254,23.389671754526987],[120.13305802808675,23.365853278669604],[120.14150711552247,23.367206966843586],[120.14451468415218,23.36464487817051],[120.14676013478284,23.365794671934925],[120.14673485025374,23.370414775367635],[120.14871845556573,23.374741833599845],[120.14823439480041,23.376566628453922],[120.1537615758271,23.391732521469606],[120.15304972245198,23.39395974564686],[120.14959248378348,23.404526689612975],[120.14385780852287,23.404808713763693],[120.14115770668299,23.406863867413964],[120.14012382799206,23.411907172132942],[120.14159886970224,23.414923237899497],[120.14060832910255,23.419036973632977],[120.1453715122999,23.426558664977716],[120.14063803282835,23.428171349001907],[120.13691671565435,23.434159443980427],[120.14320828441451,23.4456120757993],[120.14786387524563,23.446503060943428],[120.14989821135201,23.44814504118139],[120.15260846006936,23.447934707576874],[120.15464645471711,23.453175908583297],[120.14743834190834,23.456441418077066],[120.14592702515041,23.45500014009912],[120.13827333781491,23.454360946258436],[120.135219217962,23.457851396871394],[120.1372643307835,23.46373769528175],[120.13555328747604,23.470632026134094],[120.1402278543873,23.475212470445424],[120.14351011084243,23.488024792292737],[120.15546296358454,23.489145233778775],[120.15697498368633,23.49058620844211],[120.1485405375686,23.493568172475374],[120.14052923387821,23.500917541359836],[120.13731457268429,23.50821429918425],[120.13714949183498,23.513775262533485],[120.14060840732326,23.516317407620164],[120.15872616887808,23.516725415480394],[120.15381387923871,23.520855233706094],[120.14081785137002,23.519978171478243],[120.13958216930979,23.523203145911825],[120.14356817103386,23.529544197064407],[120.13889063554006,23.533915620364915],[120.138628795579,23.538290620987517],[120.14561752424615,23.537827777715947],[120.14813737134347,23.54419721938039],[120.14212725199732,23.54285691827435],[120.13772071601217,23.54589677403941],[120.13217680272169,23.54679491095273],[120.13018938396793,23.55142040212822],[120.13223195777707,23.561457582765406],[120.13195150453143,23.57109386040788],[120.128574783606,23.593542060093874],[120.12633548454839,23.60918118617399],[120.12259905919886,23.60437290380765],[120.12057881980108,23.606418830690046],[120.12563935500127,23.616293184344773],[120.12874416569423,23.624421578830184],[120.1481098793059,23.67520143199955],[120.15410837917842,23.68595147096331],[120.16755635020448,23.7001375644404],[120.17155974165924,23.700570063524115],[120.17279809654792,23.698545403793993],[120.17278143170164,23.69070817479161],[120.17879119712092,23.69555240146791],[120.18297044361317,23.689318071618388],[120.18940772585194,23.68782760047303],[120.19449603499432,23.68293593111951],[120.19295890533677,23.687310482725792],[120.17852707778385,23.70287704456599],[120.17835073188733,23.709543145089164],[120.18234536729857,23.72002923295502],[120.18232793391553,23.729438554137197],[120.18591631438507,23.744594013300965],[120.18968150812408,23.753083578306153],[120.19366255352486,23.756930741511948],[120.19313434356647,23.759681820498077],[120.18710957873019,23.75834505405947],[120.1851752175913,23.759732916412787],[120.1874273307778,23.76383162458303],[120.2069478079826,23.789023280959768],[120.21190038763986,23.79337365861462],[120.21815184517006,23.796059322660483],[120.21494011296055,23.798647822568917],[120.21616535324078,23.80188099084941],[120.2329374054702,23.819906606790557],[120.23592536602278,23.820116474107984],[120.23810970723044,23.822231230119687],[120.24660206197366,23.83045354571872],[120.26139639244951,23.84894734686242],[120.25988087201712,23.852856406562207],[120.26237737267547,23.861342724830493],[120.26714325276333,23.868667822393217],[120.2776222668483,23.87598799006403],[120.28071067630651,23.880330754332643],[120.28388877112656,23.891113508798075],[120.29346688102557,23.903633968674704],[120.30324987355023,23.92561816059783],[120.3069457369613,23.931806812873873],[120.31252400567986,23.93569201851407],[120.32452693086432,23.96204923910036],[120.33331194156742,23.975049792563226],[120.34082645837574,23.993396798614764],[120.34157307394706,24.0001997819537],[120.3461075969909,24.000180808925077],[120.34783061662866,24.00868388734353],[120.35130432961051,24.015271415937626],[120.35773363144268,24.021241347958956],[120.36425500085723,24.032450388720388],[120.3692822052191,24.03300353372706],[120.37301553924122,24.04111877011099],[120.38263354220686,24.04431560273687],[120.39343496307067,24.052775058110797],[120.39818091635478,24.051064376624737],[120.40289410046529,24.062628665392786],[120.40965225916871,24.073431251291776],[120.4174323545086,24.08150285134619],[120.42634078771064,24.08572194173897],[120.42885555997876,24.08774794117697],[120.42966499629716,24.095461526805778],[120.43220010180983,24.098774505039472],[120.43157068796323,24.10089432427104],[120.42682378935008,24.099104544725208],[120.42664472368028,24.104475311026125],[120.43355367677664,24.125481240308776],[120.43149290281387,24.129654108134996],[120.4433126706163,24.14579009569025],[120.44275925977377,24.148359139230827],[120.44729561449951,24.154141061432323],[120.47993660164946,24.18517292808306],[120.48490323651195,24.189968472153502],[120.49381328395461,24.19003638790801],[120.50232900488116,24.18371256914431],[120.50761354356462,24.183393024869854],[120.50979542004063,24.181688805940063],[120.51487047546749,24.172001923589928],[120.51760117794775,24.17178267500853],[120.51128180357163,24.188102866600087],[120.50568484522219,24.192983079488],[120.49388307263563,24.19859398624723],[120.48459730489306,24.200976588244174],[120.48374003831766,24.203498175878103],[120.49634718376285,24.22356441465691],[120.50119926738053,24.227086260654442],[120.51026616606863,24.244908949814143],[120.51537062132135,24.251064237713095],[120.52170047766315,24.264407329588],[120.51952064955603,24.271361034426928],[120.51932289174843,24.27194287569133],[120.52477185289524,24.28707307530551],[120.53046693369042,24.284482206309274],[120.53516421843429,24.2917095706323],[120.54037695937647,24.294992127866905],[120.54033180880292,24.30632751688871],[120.54235464200079,24.316436037767467],[120.54680077887403,24.329133338743908],[120.55473295687696,24.338460056175133],[120.55551999658233,24.346540041491927],[120.55906746942411,24.353383043960545],[120.56591828798314,24.3575273050914],[120.57625355241213,24.37275891784041],[120.57656861591548,24.383854718759164],[120.58173142219017,24.39027350798401],[120.58483684276258,24.398561857163383],[120.58828411606278,24.4001696035102],[120.59894612331516,24.401077365180743],[120.59651815995832,24.40714595207393],[120.59617744234035,24.413826125133838],[120.59788385769312,24.417993246442226],[120.60021816460971,24.42004164655172],[120.60547680325035,24.42064404520896],[120.61215461109762,24.42950704912062],[120.6132304068994,24.436345393636007],[120.61644401416068,24.437158265027584],[120.6208203594665,24.441849985447405],[120.62469569314003,24.44247247477498],[120.63330255253867,24.454454760441603],[120.64763767430631,24.4651257874786],[120.65425694661921,24.478782264320085],[120.66683411203384,24.493026158462122],[120.66835961930079,24.498415519295857],[120.67166291777899,24.510077119304782],[120.6810856965665,24.5295745099448],[120.68484760832673,24.550188063636856],[120.70040195059417,24.57981685554425],[120.70215681041594,24.587655868351167],[120.70944707927748,24.59991784159539],[120.71826152713845,24.611216026453906],[120.72121926742466,24.612800729620805],[120.72965518708614,24.612741376267817],[120.73977103976333,24.614916176910825],[120.74729422193644,24.616464139939865],[120.75983642574303,24.614869759786977],[120.76491037648607,24.616045557700478],[120.7563537057204,24.62284480919201],[120.75436461105315,24.62912411189479],[120.75165531549575,24.628975839646163],[120.75032267856383,24.633316257206246],[120.75748190172334,24.64761900906549],[120.76415161204726,24.649385359751033],[120.76847399760099,24.65251397296821],[120.77552516440878,24.663886379056933],[120.7932763176889,24.669886816584476],[120.82359908769415,24.670414007322353],[120.83794803802004,24.6637549425647],[120.84044901111731,24.66384035929824],[120.85753694404299,24.664315407739295],[120.86014778252313,24.668433870233873],[120.8530684339901,24.670600411411403],[120.84911366320378,24.670733257656558],[120.8394126596573,24.67099084472936],[120.83654864838397,24.6756537884169],[120.83143909841314,24.674302241222904],[120.8286272825814,24.67812869791743],[120.82557862514692,24.67775679399159],[120.83746859345088,24.691714445292785],[120.85118349655775,24.70300433142621],[120.85404920948935,24.708004693739394],[120.85780527221779,24.72603169336523],[120.86104158850725,24.731436253288475],[120.87190288576916,24.74002228912314],[120.87796567727358,24.742241505239935],[120.88157713610154,24.740135014498904],[120.88801570580551,24.74505810766451],[120.89282580275537,24.74580815574605],[120.89539571908374,24.749103208473652],[120.90126652625163,24.766074057401703],[120.90451396264832,24.769819160304554],[120.91079225452415,24.79813772880417],[120.91336429474806,24.80143181654125],[120.91718912895077,24.802789252506],[120.9136354608384,24.817677268800757],[120.91400699799155,24.825442217752165],[120.91081507745795,24.827117811338585],[120.90974909626073,24.830682156666057],[120.91357650392088,24.83939979219425],[120.92011404817823,24.84596194868105],[120.923961174936,24.846303864938164],[120.92872706030084,24.84337936919368],[120.93470980802854,24.843399792059905],[120.93569907648038,24.846747220238363],[120.93438783540783,24.851176627984398],[120.9403667762973,24.852301438603416],[120.94335927612747,24.85626742517194],[120.93938424453823,24.863673560566664],[120.94299215200333,24.87168690872372],[120.94290954086361,24.876299267630568],[120.94553124056512,24.884368659101888],[120.95197421739587,24.89600271550428],[120.95432871237867,24.898040286337142],[120.96197362250174,24.904617141683534],[120.96995269034392,24.90405967967832],[120.97247034786753,24.905888331371926],[120.97005181907647,24.90800048120002],[120.96130501815084,24.910421289360986],[120.9650236814779,24.92016444185705],[120.9673552431617,24.924320900117387],[120.97595323145617,24.932317016543458],[120.9831579966172,24.936382989439846],[120.98118535133797,24.940451623339385],[120.98285381002312,24.94479954261019],[120.99538646989203,24.953581093946806],[120.99920448111321,24.959352360878622],[121.00540514714017,24.964488188108533],[121.01547508830748,24.98578031632795],[121.01418850443183,24.98808990770282],[121.015159517372,24.99355400545405],[121.01391370360157,24.998340690852423],[121.01442654940199,25.000102822839565],[121.01611020720576,25.005643194567174],[121.0278871659864,25.021892723179885],[121.03977652644743,25.03426116748665],[121.04299600507,25.036074180181114],[121.05021199500075,25.040134355207485],[121.067549547239,25.047170205115787],[121.08874592647194,25.06180450490229],[121.10142775714844,25.066229412593067],[121.11250272445005,25.07227613582779],[121.127250531116,25.0742696769212],[121.15082485816677,25.082002125739574],[121.16080338503558,25.087475191233235],[121.16445014703677,25.08830022485311],[121.16647896661291,25.086796005336932],[121.17998627906476,25.097984819373305],[121.20173956184864,25.104972582040983],[121.21050799706968,25.109798138871806],[121.23993579095803,25.11993114918485],[121.2568513984555,25.12166903611282],[121.27402845524591,25.11821342683703],[121.28387313942258,25.1184537062233],[121.29186861010325,25.125047343161434],[121.29900538636286,25.126345118023377],[121.31681493583433,25.12582117281608],[121.33335987712506,25.127144304310235],[121.35174302006149,25.13636931749165],[121.37251283812752,25.14329231643234],[121.3876259639013,25.152647236628354],[121.40729464849574,25.169392658927947],[121.41050188360552,25.17763671772521],[121.40082138101434,25.184924388823493],[121.41242042705902,25.193070053739],[121.41925811855113,25.208019939042778],[121.43001958326752,25.217580738598254],[121.43720168229972,25.231648192451235],[121.43688438562138,25.236479850546825],[121.44464084432607,25.252573087127576],[121.45553465510106,25.24969471541043],[121.46658182827844,25.25966773344391],[121.46818302872157,25.26457057959411],[121.46981723669735,25.26965219376079],[121.50208346747739,25.2848923433828],[121.50496795427858,25.288584203230847],[121.51384788482385,25.28509285321086],[121.52119808136545,25.287448273343696],[121.52824263268097,25.290862357387283],[121.5275674562113,25.29372627623261],[121.52905436420845,25.29689859235962],[121.53181777987925,25.297205661704556],[121.54592579791375,25.29216459844084],[121.5498632415663,25.29394443570087],[121.55699414593217,25.292928527330833],[121.56702036860707,25.298360310530985],[121.57273912017104,25.29783889313484],[121.57859110385327,25.29315733121539],[121.58294513632374,25.292847652280578],[121.59138845545203,25.290797253970922],[121.59987541071834,25.28248427351497],[121.60859122532507,25.27974586170977],[121.62334436448644,25.26631324302528],[121.62802520397503,25.25803874023725],[121.6314663047738,25.24416125786929],[121.63357812406544,25.235550975704452],[121.63768882250511,25.231780349773867],[121.64597639502709,25.233244862525954],[121.64824067005824,25.230866561058193],[121.64621362017078,25.223178770262315],[121.65502581612829,25.20965426795458],[121.66678920043111,25.20394760247869],[121.67366950555613,25.20323768507435],[121.67723012691523,25.208384887654276],[121.68275022682441,25.208439748547725],[121.6904929270949,25.21559938108999],[121.69449397267964,25.217180235921713],[121.69560501495243,25.21507350166558],[121.68677692802116,25.204771617004937],[121.68830104898953,25.200575586753004],[121.68165661150606,25.19177109487151],[121.6831356183542,25.1884102862297],[121.69216242833964,25.18147244374062],[121.70419510450981,25.17562595903435],[121.70537535086629,25.16743360067113],[121.70759153024943,25.16588895843887],[121.71750005033601,25.168013152009554],[121.72652220024652,25.161071995600622],[121.73043555622866,25.161652836728376],[121.73428300885497,25.15865428201546],[121.74250460384825,25.157636069562063],[121.74122145957354,25.150750681090525],[121.74544897644375,25.1460347911105],[121.74446540742878,25.143980578489128],[121.74023887071255,25.142253024825436],[121.73570876553,25.14480727874001],[121.73449960418381,25.13293936942018],[121.74150371908206,25.138832122843198],[121.75334972050364,25.142764815570434],[121.75653461396638,25.150179040505982],[121.7605285321377,25.153875704318352],[121.7561706993063,25.155206966130034],[121.75601509624352,25.156520143002666],[121.76186607296219,25.16158087281634],[121.76786690453302,25.1610028550334],[121.7693479670792,25.158744219188474],[121.7678854341184,25.155200915937986],[121.77514159517868,25.152767497986655],[121.78482675659981,25.143506249974923],[121.78798312488699,25.1421792811905],[121.7903399661186,25.143003732452936],[121.79107523526487,25.146938015715474],[121.79653846904291,25.146166939738915],[121.79936934442881,25.138815276913608],[121.8027440397486,25.13598033573855],[121.81391986948775,25.135777883456825],[121.81686072965991,25.125277663654],[121.8239618269137,25.124706008417206],[121.8275278894457,25.129849438713535],[121.83221470984607,25.132421541191185],[121.83606049212638,25.132640932550913],[121.83727759844821,25.13272430209922],[121.85117879063387,25.129968467318896],[121.85885283344035,25.124976336055504],[121.86624238877472,25.126473740418074],[121.87768824647698,25.125577049624553],[121.88582368897458,25.121982569614783],[121.90820688961193,25.124408030240794],[121.9119478442954,25.128324556545234],[121.91512241468698,25.12763507130192],[121.91456883651824,25.122566682704107],[121.90978488802358,25.117895394452166],[121.91182438384823,25.11490035931118],[121.91735575242542,25.115032581919028],[121.91689729392854,25.107278374658275],[121.91381676402656,25.102612107638894],[121.91457175237956,25.099176736864234],[121.91143928257549,25.08678308763116],[121.9112710953864,25.08588896303759],[121.91268750681753,25.079585306461205],[121.91919303599767,25.068418369074458],[121.92486469361819,25.063461984954593],[121.92311540565487,25.058951675686693],[121.92582853157177,25.05050621519099],[121.9267271129129,25.03986295865104],[121.93081188661384,25.030737372139473],[121.93690653677334,25.026448702894502],[121.93263270228012,25.022341048841447],[121.93743340739536,25.02074572596129],[121.94730962125486,25.02432693973612],[121.95281867929894,25.02436794493147],[121.96690911376523,25.028010951961],[121.97312363424213,25.0270169595591],[121.98053305236543,25.0233441218585],[121.98468754922241,25.015677843131886],[121.98746080257794,25.01606287325929],[121.9914708750345,25.01928979027564],[121.99933891219295,25.014344256701005],[122.0001827385174,25.010339732754012],[121.9984266344413,25.007396747310832],[121.99427758651711,25.00502143095791],[121.98822526913068,25.003687862984858],[121.9846507272276,25.000114670484106],[121.97626200317154,24.99169235957642],[121.97113087915807,24.989934096882497],[121.96111530731793,24.982415963067027],[121.95603552857261,24.980925226951886],[121.94470789572401,24.97757701340379],[121.92474807210543,24.96924939270361],[121.91886680444489,24.96401571362691],[121.91230500298879,24.951427965476338],[121.90564739534057,24.948436416998963],[121.8975990207522,24.940691289342563],[121.88655284385177,24.93720064748102],[121.88274414744608,24.93393808455975],[121.87810314300717,24.921963458566488],[121.87819219835777,24.91817185446278],[121.86592624902922,24.902804251554507],[121.86129365487967,24.899395710175106],[121.84702343355073,24.88876756518342],[121.84045346639492,24.877650470957548],[121.83058219308106,24.865952018946423],[121.82719706074586,24.859579584420192],[121.8201343140412,24.8350861457522],[121.8142245943952,24.810868513664406],[121.81211372067435,24.792035733782548],[121.81193561404959,24.786258056575267],[121.81122545719172,24.766371776651745],[121.8151904385477,24.744818957102463],[121.8235461970036,24.723302685717492],[121.8238777274892,24.719193986617373],[121.81608470086555,24.717484835413387],[121.81785090904772,24.715728828542368],[121.82072144660324,24.715087492363704],[121.82512396931376,24.71410992663016],[121.82708030756713,24.711770332575394],[121.8262937888168,24.707009874746134],[121.8295554255384,24.701512277322564],[121.83467702052982,24.66105310520676],[121.83808053780609,24.6499071864142],[121.84542507689075,24.634258926825048],[121.85258059122074,24.622419935951616],[121.86038140741422,24.613519759459123],[121.8662483814455,24.6102764713855],[121.87404214638069,24.608292306273107],[121.87708556003321,24.607528760094294],[121.87799514432456,24.605999904867062],[121.87723762523842,24.603538898942613],[121.85721018320345,24.606649172577065],[121.85365950574052,24.6009456833536],[121.85468215570229,24.59146798303815],[121.85672838154035,24.588558705561265],[121.86054754551864,24.585550339385385],[121.86378750989248,24.58798346496305],[121.86742692492712,24.587216966909835],[121.86891921034947,24.58347367452969],[121.86520928651478,24.58065470746612],[121.86413542103594,24.576491774300155],[121.86629021682624,24.536763173556185],[121.86407435658235,24.532874762324752],[121.85105361687111,24.530253552068793],[121.83538615952172,24.524087520944896],[121.83229940484811,24.519784270904644],[121.83138166328763,24.511629266648725],[121.83251513909947,24.504345479696482],[121.83942520373945,24.498720995655024],[121.84441683698483,24.48759094317206],[121.85141495696551,24.486194599106227],[121.8523337030285,24.483649010979374],[121.84996995960226,24.48162869118395],[121.8419103367569,24.480519488654476],[121.83315890441932,24.476752753009258],[121.81480166103586,24.46298839832198],[121.8118331677635,24.45340681892537],[121.80593248772193,24.4462305902657],[121.79612118337329,24.436172415596417],[121.79440525523857,24.434416589638673],[121.78766351054259,24.419992760042152],[121.78403830624507,24.40414834008531],[121.78244476817179,24.385856815170335],[121.7764647038854,24.365311519546452],[121.76559725076821,24.341392058100478],[121.76597784590399,24.324628115592105],[121.76375973359485,24.31529192239134],[121.76454975381307,24.312581791443094],[121.76258564172934,24.305696603960307],[121.76133812073462,24.303772972938976],[121.7595068585352,24.300834962109093],[121.7450113638078,24.28838009988055],[121.74266076667286,24.284232478433722],[121.73821572142461,24.262236171140707],[121.7283464584817,24.25116409950726],[121.72260740465059,24.24690964102183],[121.71209359135607,24.245261234049696],[121.70806381023527,24.242210735989744],[121.70046656844828,24.22782084853707],[121.67641566838434,24.21447730206974],[121.67366341001133,24.21297631722254],[121.662745925788,24.2015112254545],[121.6493670706052,24.175481719782955],[121.65701650707369,24.157188743067323],[121.65865260925047,24.14880471671635],[121.6514706679786,24.125757242093865],[121.64818072812157,24.121294313787114],[121.63068962419914,24.106806605660907],[121.61915538000082,24.09728045199731],[121.60875315673084,24.080371768340722],[121.60725749602746,24.074330260799996],[121.60823568919102,24.060139972196897],[121.61017232888025,24.054477056657166],[121.62390402188721,24.029949666977107],[121.6369722247261,24.018637680516054],[121.6400429074642,24.012700357604814],[121.64055983990659,24.005229410574263],[121.63933929268757,24.00015896499273],[121.6346929989051,24.000158972594487],[121.63109575932674,23.99343435307962],[121.62238094537086,23.989000740962116],[121.61482647505507,23.98170364307073],[121.60850742438573,23.974671653720673],[121.60210940522278,23.96284877192135],[121.60096366884926,23.9456652434129],[121.60483684318729,23.940339060453788],[121.60361386825329,23.93850108948062],[121.60549783165732,23.9369085663949],[121.60523870811316,23.936025977560302],[121.60111884932523,23.924763822197924],[121.59752544709379,23.888104153452666],[121.59168646559348,23.85863474555441],[121.58067138536728,23.834882533030733],[121.5757750872476,23.81819585897568],[121.57306215980758,23.814653261203414],[121.56893708855834,23.809301855083625],[121.56613373873972,23.801984634283805],[121.56527313719799,23.775413687352653],[121.56810474947787,23.759991730271896],[121.566279099342,23.753165173649588],[121.5576839106032,23.736692343180234],[121.54655238545293,23.72034383873131],[121.54421920808238,23.71396670251404],[121.54418964884523,23.70888752125378],[121.54777302098431,23.699259676805397],[121.54669578044836,23.696565176179508],[121.54264527063862,23.686670291385152],[121.53755230431507,23.656232517495592],[121.53256772131735,23.648241314936442],[121.53047312263978,23.640438098157404],[121.52621064868542,23.620589646279633],[121.5257891782627,23.598558053441465],[121.5191424099515,23.574184822956703],[121.51719605808157,23.567188580034504],[121.50659994726543,23.54982115902766],[121.50343937509628,23.533861502602832],[121.49807827080424,23.52426198295739],[121.49746570155767,23.513723337485168],[121.50009453223976,23.498784970325534],[121.50350925837274,23.49371039043465],[121.50745615161533,23.491603373529387],[121.50763846049117,23.48768954369922],[121.51059454918412,23.484444784287803],[121.50377620575225,23.47766595319158],[121.4941505626775,23.461249881208417],[121.4907026594054,23.434878006065375]]],[[[119.53475755998357,23.546291573364552],[119.53477549374816,23.54702656134366],[119.53830889580014,23.553263113150898],[119.54232766079016,23.553255401656006],[119.54349069641019,23.545718144488777],[119.55054908818765,23.533300916572717],[119.55322314702146,23.5309912838769],[119.557452056809,23.534180275096983],[119.56123151393835,23.533283229313096],[119.56839576010485,23.525274530554857],[119.56994839542295,23.525794918482607],[119.57193059287324,23.531510403952684],[119.57663802544636,23.532142470149598],[119.58455353187918,23.52826846177809],[119.58835491500162,23.5287502715379],[119.58735909290284,23.53174790364088],[119.58830381111292,23.535856680535066],[119.5930444223775,23.541646412370866],[119.59574078692496,23.54938181744758],[119.59497971067742,23.552623009538667],[119.59202437107878,23.553774498385753],[119.58808115681558,23.55054681573048],[119.58377446770555,23.55492958268513],[119.58079659355157,23.554701022066173],[119.57717006257947,23.551613049839887],[119.57211123992326,23.54752681596741],[119.56518252691568,23.547112854211477],[119.56314870801701,23.5509925561601],[119.55549781561264,23.549111673098302],[119.55071379852005,23.554204881703804],[119.55395196725227,23.55670257838156],[119.55850372241201,23.55634326086361],[119.56711319238916,23.555600900561178],[119.56959619849361,23.56013967341958],[119.57384362544246,23.561573820029682],[119.57554761832252,23.564285463902966],[119.56864126360948,23.567740219220454],[119.56361046373848,23.56383417718189],[119.55340975689565,23.56009697633648],[119.54844267992986,23.562173331248662],[119.55448649440697,23.568150927325824],[119.55812184495537,23.57501769775361],[119.55764711945879,23.57821813180137],[119.55289023177701,23.5834913170269],[119.55536831553711,23.584896686350273],[119.56406606536162,23.584695765557882],[119.57330627086752,23.587921095644187],[119.57429540744033,23.594788329707576],[119.5785312367133,23.587467030228666],[119.57730711099676,23.580355954676183],[119.58078610779579,23.57940841921958],[119.58400599719224,23.57434873777023],[119.58525547561678,23.572330184713298],[119.58828293293166,23.571629886359062],[119.5892035988149,23.57620246051039],[119.59224557478535,23.579924900591443],[119.59198231308275,23.583833455986937],[119.59569830520667,23.585617748097132],[119.59721145366169,23.58835569630925],[119.59297311230179,23.5993654250392],[119.5936756871367,23.601940237365408],[119.60363342376398,23.605339195866513],[119.6111457551113,23.60198221938919],[119.61435974305212,23.608629551424755],[119.61732083163226,23.608122296726048],[119.61906425381868,23.606126459782285],[119.61805883283829,23.59732588963687],[119.6150783178946,23.592765925149834],[119.61706534677037,23.579950100772294],[119.6205611183381,23.581580091399424],[119.62408863221607,23.58587894173511],[119.62500286652586,23.595337933742336],[119.62757832677464,23.596728078893562],[119.62975253467144,23.59559332488894],[119.63132028216641,23.590026542636153],[119.63174832463446,23.588399287451313],[119.63451236150408,23.587273757918712],[119.64217046252753,23.593481103159213],[119.6402071615512,23.595324018847926],[119.63547734745842,23.593960084768224],[119.63427168237943,23.596249605914625],[119.64394652021068,23.610193555360834],[119.64767620369841,23.607733823456325],[119.64838558703303,23.59924536851807],[119.65313785021927,23.593968136814585],[119.6581708444942,23.593537095535314],[119.66136376627698,23.600647506762503],[119.66680145071498,23.59536537248249],[119.67254231427634,23.58275684008057],[119.67229956927974,23.573848040488706],[119.67610955761931,23.565751234970786],[119.68504052608628,23.562095670601202],[119.68433602950132,23.55583293874913],[119.6695802498881,23.55247170950203],[119.6638419858835,23.56139323367225],[119.65866197498441,23.562122120972607],[119.63900397794701,23.55999940302615],[119.62562740514457,23.54740306313695],[119.61790397559254,23.545075763997193],[119.60812295532438,23.538426581422527],[119.60122280721042,23.533862110635013],[119.59752457953095,23.525990267299566],[119.59903221750028,23.523750501242112],[119.60380256259138,23.52354269120742],[119.60448986633145,23.521694446456408],[119.60024146330726,23.517772172306667],[119.60008143418132,23.509957150240815],[119.59807392723695,23.50903993584838],[119.59006676822453,23.511084272342885],[119.56722450005432,23.508565784752133],[119.56299908048992,23.510355454851684],[119.55972698078915,23.52252228705544],[119.55752898374047,23.5241202952701],[119.5452884409083,23.524816338462603],[119.54259042471475,23.53007933048273],[119.53986968431943,23.531473267905692],[119.53785682845447,23.53673250607029],[119.53438269281445,23.53832355929311],[119.53475755998357,23.546291573364552]]],[[[121.50204056079892,22.084885358222188],[121.50803408144506,22.083728034386088],[121.52957286826405,22.085067725913486],[121.5527848076691,22.083807048594256],[121.55965938373095,22.089289473072128],[121.56644551481948,22.08548984543281],[121.56559365283938,22.07847031171147],[121.56710616040596,22.069485449972227],[121.57099357459825,22.062437896374476],[121.56702007113432,22.06131823463619],[121.56296720100553,22.054261227809025],[121.56367738755755,22.0445694015725],[121.57118885915338,22.037767911592706],[121.57823879180336,22.034388057267503],[121.59070765991414,22.028264439925753],[121.59347503091792,22.025302519527497],[121.58680732984004,22.00453747723328],[121.58280247094606,22.00267973108039],[121.57602292111446,22.006481587176165],[121.56724842477486,22.0039126409928],[121.56367585879414,22.005052429914382],[121.56289594776236,22.012153462371515],[121.54262361056618,22.02726054932145],[121.5302743470657,22.025827484020244],[121.52743864166038,22.027310875031098],[121.52076502699438,22.037784841797144],[121.51543712042388,22.040509021663812],[121.50282122649543,22.046924910964734],[121.50249729709083,22.049487460762744],[121.50568004781965,22.055478799508563],[121.5025398442636,22.061844440311354],[121.50429884853675,22.069646661507782],[121.49477718684045,22.079369614590313],[121.49440760392461,22.082775738780317],[121.49521193264053,22.0845974214082],[121.50204056079892,22.084885358222188]]],[[[119.53419206700124,23.639003278226927],[119.52252197585969,23.62910882706528],[119.51150491576077,23.627693061061613],[119.51004347612056,23.624025719497652],[119.51284921493091,23.61506439981348],[119.51178259438004,23.61078902194939],[119.51315502839566,23.605805483567764],[119.513855411276,23.603403862532083],[119.51211700780757,23.596733328788826],[119.50439630044944,23.590065615568022],[119.5073826332066,23.584119885724444],[119.50317810013492,23.580465083285418],[119.50936309371133,23.569926067585964],[119.50967948778035,23.567577621927818],[119.5078849243026,23.565523044555025],[119.49027244814995,23.565761164813633],[119.48253003088256,23.56204433984401],[119.47439144854842,23.563912413513364],[119.46811744817337,23.560174993046427],[119.46220444476764,23.559981853080064],[119.46040186439862,23.56161456657394],[119.46269565257445,23.564983109132637],[119.47357044569091,23.57241400637726],[119.47953527074283,23.56918908217926],[119.48301068663216,23.57008877144393],[119.48766538981104,23.573497416996084],[119.49021318795536,23.575355362018346],[119.49398262899572,23.58248143389676],[119.49344832079144,23.587809334941696],[119.48544399891296,23.59740101181885],[119.48671951656839,23.599896540560593],[119.493954516537,23.59787725715333],[119.49537229818694,23.60127457365289],[119.49611775864967,23.6072537050299],[119.49913551116869,23.612087380250767],[119.4985840651013,23.61419158426832],[119.49241078826566,23.61735360430985],[119.49115128299509,23.62056982559324],[119.49390957090151,23.625623820658635],[119.493875641788,23.634751865680165],[119.50027636555954,23.64049741341843],[119.50381101062726,23.646733182261304],[119.50830331131613,23.647214421438253],[119.51496172360376,23.642141413291363],[119.53036208808122,23.64147209731704],[119.53419206700124,23.639003278226927]]],[[[121.46212394266598,22.676919311048604],[121.4752698414442,22.67907770450776],[121.48509463748108,22.678985123001073],[121.49178711514828,22.676612078826384],[121.49774568492285,22.678344867679794],[121.50265620403187,22.677463132351424],[121.50365663898876,22.658379750077046],[121.50114496286771,22.650805959237985],[121.49605292552535,22.647357249436013],[121.49577533976279,22.643041947548888],[121.50261888868998,22.63164466396023],[121.50100183162814,22.628564962470573],[121.48344115161409,22.63389167990662],[121.47351644880071,22.645503437521903],[121.47163919227279,22.64645400271482],[121.46679583318014,22.64880794138005],[121.46743604478031,22.653528641037575],[121.45884318221633,22.670488989641584],[121.45862948003906,22.674789703504768],[121.46212394266598,22.676919311048604]]],[[[119.59120716508288,23.62164226373829],[119.58571880627481,23.62416121913256],[119.58122942979348,23.621839558975015],[119.58022835631134,23.624191574122065],[119.58540182953594,23.63268501166576],[119.58563655636725,23.63726049458268],[119.57399409126981,23.65050008543787],[119.56943739959904,23.662011044266308],[119.55898544470332,23.661718871174415],[119.55499759142224,23.653889087380218],[119.55234368991067,23.653245545799347],[119.54652238935168,23.658019908616595],[119.54381679494027,23.662636058359073],[119.54434064291522,23.665327593055256],[119.54656494530622,23.66759779973296],[119.54899573174715,23.669931323337337],[119.55575685900844,23.672951048313262],[119.56517418848757,23.67228227986291],[119.57264255025561,23.67851974682583],[119.5854041615877,23.672313788907697],[119.59205417518825,23.672766532676214],[119.59380523240598,23.665241295565586],[119.59832711063503,23.66156755242882],[119.60403668863898,23.65053859224401],[119.60184001495557,23.648449794973622],[119.59833230108002,23.65170557388368],[119.59461772887052,23.650566329694826],[119.59041484261832,23.639541557516324],[119.59119519017614,23.63703609628225],[119.59909502887862,23.637958433276896],[119.6013725410556,23.635611965226254],[119.59514772240077,23.63040005496025],[119.59120716508288,23.62164226373829]]],[[[119.42282217209097,23.190552409221006],[119.41987079920698,23.19354681853623],[119.41591520065673,23.19197445510791],[119.41586493162855,23.19604175393867],[119.41269670355013,23.199527386219035],[119.41558439743311,23.203647543759757],[119.41487042007905,23.20596142757128],[119.40642689956601,23.212578934900616],[119.40736039675228,23.216693770680532],[119.41088670655772,23.219894709924677],[119.4175934159892,23.219054902554213],[119.42375795782561,23.222257767513312],[119.43765038950204,23.223646712304316],[119.44017245225871,23.222280600574365],[119.44114953165698,23.21789991039176],[119.43622973646194,23.203266818309103],[119.4320178221767,23.20256122238602],[119.42654567897003,23.19815507843057],[119.42554350338658,23.191096607612387],[119.42282217209097,23.190552409221006]]],[[[119.48479396872901,23.35380334723431],[119.48157716938869,23.356373202808932],[119.48325307540114,23.360198077062787],[119.49021550640698,23.367159824711017],[119.48893436722616,23.370843370967318],[119.48973147063052,23.374052668619086],[119.48644594535135,23.37930672289836],[119.48839088906672,23.38733638174491],[119.48588519500926,23.39257365275141],[119.48618931642025,23.39575921241077],[119.49364302991843,23.391492400896578],[119.50105633210612,23.39257988556673],[119.50184456983229,23.386382731849356],[119.50453723753276,23.38047309574107],[119.50112951954911,23.37559900152553],[119.50240300648805,23.373115438607147],[119.50532884827719,23.37243042692017],[119.50910211858768,23.37402517460144],[119.51157758958048,23.3710969327372],[119.50930099393926,23.367817521034354],[119.50387192027014,23.366269409820482],[119.50162059475687,23.362525111531657],[119.50516353406549,23.35704966594018],[119.50285540823947,23.355434784755406],[119.49667499765779,23.35657394513133],[119.48479396872901,23.35380334723431]]],[[[120.35040937119916,22.322681358026028],[120.34673387455115,22.329813997829664],[120.34621055073312,22.33489782746651],[120.35236899924621,22.337588997713773],[120.35607801148188,22.341296244396773],[120.35789207006816,22.34880989404778],[120.36379218005996,22.352280698942373],[120.37368047646532,22.35524492583137],[120.3822868262332,22.349224650648992],[120.38127608427719,22.3430735011159],[120.37261043054369,22.337516342217626],[120.36226345939536,22.32702003404052],[120.35460906513923,22.322885411995497],[120.35040937119916,22.322681358026028]]],[[[120.01140842442975,23.433160041029097],[120.01071836707362,23.455408066849643],[120.0132304465165,23.48226740257141],[120.02395495287806,23.507754757170066],[120.02922177122385,23.515390607339675],[120.03894745282933,23.52930182029014],[120.0413653099881,23.529690614589637],[120.04464667679277,23.525156840733825],[120.0438805190347,23.52286867411462],[120.03395408437538,23.514338119027062],[120.02465806064563,23.50064085654917],[120.02070758235871,23.485432762258093],[120.02169759440245,23.47947652052354],[120.0169217707695,23.467616366412123],[120.01588991664497,23.43961907336818],[120.01443450390471,23.434291982434452],[120.01140842442975,23.433160041029097]]],[[[119.59453005185293,23.729183006716386],[119.59362034107144,23.73520691636415],[119.58822752577366,23.74084335125996],[119.59672568744773,23.747948344230732],[119.60311259687204,23.7578353114127],[119.60867919788598,23.751437074700124],[119.61310274133835,23.74897575994941],[119.61284620108933,23.745510490416425],[119.59649171108629,23.737201270784436],[119.59453005185293,23.729183006716386]]],[[[121.95351773754955,24.836379845153523],[121.9474336666328,24.83799960315943],[121.93871731943452,24.837828390335744],[121.93229288414915,24.844017688520317],[121.93251892768224,24.84628557444741],[121.93964794407697,24.845974195409582],[121.94207629928033,24.850930915809528],[121.94639898465105,24.851621309836716],[121.95318806183012,24.848967257320158],[121.9565023932682,24.842169009269014],[121.96100247178109,24.84061833400182],[121.95722477721368,24.836984034607042],[121.95351773754955,24.836379845153523]]],[[[119.66670580950448,23.244852188422705],[119.66123652454108,23.248578882228298],[119.66225776116956,23.25378770650499],[119.65673891396948,23.260289738967096],[119.65745046236805,23.262311936220353],[119.66895170150742,23.266408644820192],[119.67266772521471,23.260253307311924],[119.66871105557168,23.25379838215768],[119.66844551705259,23.24534457525052],[119.66670580950448,23.244852188422705]]],[[[119.5091325756065,23.482563035178174],[119.50310713504668,23.483494916595305],[119.50067063175375,23.489181957862368],[119.50936316302658,23.487140983219536],[119.51429520620111,23.491708902047137],[119.51897180951183,23.492163200261057],[119.52153582079316,23.49475601034734],[119.53119177818792,23.498203175073755],[119.5346434149365,23.497721370161283],[119.53446162241809,23.494704092201516],[119.52997612186878,23.49173433094707],[119.5091325756065,23.482563035178174]]],[[[122.0715998201277,25.64225511907577],[122.07411180207329,25.642222183354416],[122.07720824178871,25.639980686510462],[122.07913710248464,25.634798531317042],[122.07919860539428,25.632489496142494],[122.0773519394628,25.630209143264384],[122.07667612616133,25.62562655809872],[122.0729975399573,25.622718830411706],[122.069784946557,25.622771656695438],[122.06789108494554,25.62445338175341],[122.06723055461673,25.627317828346655],[122.06851883236757,25.632998242453777],[122.06842651504182,25.639358641475166],[122.0715998201277,25.64225511907577]]],[[[120.0276483270593,23.081005837785373],[120.02370345113901,23.09340588087464],[120.02315625676468,23.10327924580508],[120.02565551457907,23.1108621848898],[120.03087201647658,23.114724291693683],[120.03335985786498,23.115009696645014],[120.02985434295168,23.10785027044922],[120.02866110854926,23.09989285087375],[120.02910073797858,23.081534055083342],[120.0276483270593,23.081005837785373]]],[[[120.08221515693691,23.25487410284871],[120.08119402666534,23.25760852266826],[120.08376799439225,23.263791218850525],[120.08474245799685,23.281749935134982],[120.08724492716932,23.292282738894944],[120.08953965616142,23.294349953070277],[120.09098712184465,23.290630361119543],[120.08545713209341,23.257357872154532],[120.08221515693691,23.25487410284871]]],[[[120.04707288472949,23.136299306273393],[120.04359333154893,23.136527815221378],[120.04258729105959,23.138152169989617],[120.0475850067793,23.14666440668207],[120.04863206683719,23.164526521729947],[120.05231014220966,23.170920356699135],[120.05505658866389,23.17098308157773],[120.05176801400913,23.160375646484887],[120.0532665889667,23.153968296952456],[120.04707288472949,23.136299306273393]]],[[[119.51755980204211,23.361221946498],[119.51456703128092,23.362101217467018],[119.51234011678385,23.365363913366057],[119.51276208818447,23.367426482836482],[119.5182552967557,23.370625495769588],[119.52443304793218,23.3713303683847],[119.52766414145148,23.373830412426283],[119.53063609232399,23.374060620292315],[119.53561763777746,23.369028711886784],[119.53445761348463,23.367253884458883],[119.52222672470037,23.36601207150858],[119.51755980204211,23.361221946498]]],[[[119.31452518282791,23.39629586485977],[119.30755168080296,23.39928399624093],[119.30747409817064,23.400677676086936],[119.31072621609226,23.402719605255893],[119.31094683333063,23.40729921141742],[119.31665944632852,23.41195271182941],[119.31892755338134,23.406385135673037],[119.32336302250833,23.405958758840672],[119.32461589480849,23.40394217595023],[119.31866234677098,23.40088960345715],[119.31671906055874,23.397192471356636],[119.31452518282791,23.39629586485977]]],[[[119.60651768256386,23.62042071627802],[119.6028441707897,23.61273167772798],[119.59662717289756,23.610652536184595],[119.59392741207465,23.613426957295513],[119.59171144876534,23.61244663380393],[119.58915241832736,23.61363425536494],[119.58889506498787,23.61634326877157],[119.59267148218453,23.616644436060376],[119.5966218030402,23.6205158611778],[119.60239405590201,23.62164340491644],[119.60651768256386,23.62042071627802]]],[[[119.60961218568245,23.244141122522986],[119.60561094525862,23.24479686339638],[119.60393518386354,23.24780147314945],[119.6031549128331,23.254002306768673],[119.60562498726651,23.255408049531823],[119.613331443491,23.25469200460477],[119.61601899044615,23.247576277431907],[119.60961218568245,23.244141122522986]]],[[[120.07498010182132,23.234499434796835],[120.07718414727161,23.231223366332223],[120.07297172627493,23.21317855467179],[120.06994454728674,23.20900045841887],[120.06954085714412,23.2143240360241],[120.07498010182132,23.234499434796835]]],[[[122.09468800623584,25.489913356367023],[122.09781535753679,25.4899646700948],[122.10220860760609,25.487696873079145],[122.10539168037405,25.484886639606284],[122.10473033407133,25.481956158950624],[122.10099094720435,25.480806956273753],[122.09788588051259,25.48139630376432],[122.09599062776991,25.482527926798642],[122.0940708573479,25.488263972826328],[122.09468800623584,25.489913356367023]]],[[[120.02782598679647,23.057416664854415],[120.02633382242894,23.065672945398944],[120.02691028723736,23.07344362717998],[120.03136380326715,23.071410471504056],[120.03187072925738,23.069119068005143],[120.0310751238444,23.057591326653544],[120.02782598679647,23.057416664854415]]],[[[120.10918590434159,23.321132614873836],[120.11045032384664,23.33424488702188],[120.11270487578985,23.34084166962909],[120.11444871803451,23.34132646749085],[120.1128505817218,23.32438491817939],[120.11118668186758,23.321395364993773],[120.10918590434159,23.321132614873836]]],[[[120.05880101480122,23.186789154944954],[120.05725854242976,23.188121812128077],[120.05833073080441,23.191106613484525],[120.06599200149442,23.203940746292446],[120.06749052198056,23.202337336051865],[120.06629302942864,23.19918616188354],[120.06147445078189,23.18880221275619],[120.05880101480122,23.186789154944954]]],[[[120.17043202708363,23.740758756712278],[120.17016573022026,23.74688369315023],[120.17568388625902,23.75170691410062],[120.17863973093158,23.751738353523642],[120.1769131798812,23.747839646035224],[120.17844017012058,23.74577335515577],[120.17043202708363,23.740758756712278]]],[[[120.10793239217517,23.314666719850308],[120.10669380613116,23.30829086277692],[120.10112370188622,23.30116020427436],[120.09971976500444,23.302749647806813],[120.10267149408567,23.309430365213636],[120.10793239217517,23.314666719850308]]]]}}]}
